ERR2784728_R1.fq.gz	ERR2784728_R1.fq.gz	0	0	1000000/1000000
ERR2784729_R1.fq.gz	ERR2784728_R1.fq.gz	0.023543	0	438782/1000000
ERR2784730_R1.fq.gz	ERR2784728_R1.fq.gz	0.0238539	0	434685/1000000
ERR2784731_R1.fq.gz	ERR2784728_R1.fq.gz	0.0241388	0	430974/1000000
ERR2784741_R1.fq.gz	ERR2784728_R1.fq.gz	0.0657438	0	143787/1000000
ERR2784742_R1.fq.gz	ERR2784728_R1.fq.gz	0.0670678	0	139295/1000000
ERR2784743_R1.fq.gz	ERR2784728_R1.fq.gz	0.0679351	0	136438/1000000
ERR2784752_R1.fq.gz	ERR2784728_R1.fq.gz	0.0727775	0	121641/1000000
ERR2784753_R1.fq.gz	ERR2784728_R1.fq.gz	0.0732208	0	120378/1000000
ERR2784754_R1.fq.gz	ERR2784728_R1.fq.gz	0.0740726	0	117992/1000000
ERR2784755_R1.fq.gz	ERR2784728_R1.fq.gz	0.0747173	0	116221/1000000
ERR2784756_R1.fq.gz	ERR2784728_R1.fq.gz	0.0691898	0	132420/1000000
ERR2784757_R1.fq.gz	ERR2784728_R1.fq.gz	0.069275	0	132152/1000000
ERR2784759_R1.fq.gz	ERR2784728_R1.fq.gz	0.0697036	0	130813/1000000
ERR2784760_R1.fq.gz	ERR2784728_R1.fq.gz	0.067223	0	138779/1000000
ERR2784761_R1.fq.gz	ERR2784728_R1.fq.gz	0.067267	0	138633/1000000
ERR2784762_R1.fq.gz	ERR2784728_R1.fq.gz	0.0677271	0	137117/1000000
ERR2784763_R1.fq.gz	ERR2784728_R1.fq.gz	0.0680178	0	136169/1000000
ERR2784780_R1.fq.gz	ERR2784728_R1.fq.gz	0.0884308	0	84677/1000000
ERR2784781_R1.fq.gz	ERR2784728_R1.fq.gz	0.0889027	0	83772/1000000
ERR2784782_R1.fq.gz	ERR2784728_R1.fq.gz	0.0900748	0	81569/1000000
ERR2784783_R1.fq.gz	ERR2784728_R1.fq.gz	0.090668	0	80478/1000000
ERR2784796_R1.fq.gz	ERR2784728_R1.fq.gz	0.0919885	0	78105/1000000
ERR2784797_R1.fq.gz	ERR2784728_R1.fq.gz	0.0925035	0	77200/1000000
ERR2784798_R1.fq.gz	ERR2784728_R1.fq.gz	0.0938846	0	74828/1000000
ERR2784799_R1.fq.gz	ERR2784728_R1.fq.gz	0.094892	0	73147/1000000
ERR2784800_R1.fq.gz	ERR2784728_R1.fq.gz	0.0916736	0	78664/1000000
ERR2784801_R1.fq.gz	ERR2784728_R1.fq.gz	0.0934634	0	75543/1000000
ERR2784802_R1.fq.gz	ERR2784728_R1.fq.gz	0.0958642	0	71563/1000000
ERR2784803_R1.fq.gz	ERR2784728_R1.fq.gz	0.0968819	0	69944/1000000
ERR2784804_R1.fq.gz	ERR2784728_R1.fq.gz	0.119651	0	42237/1000000
ERR2784805_R1.fq.gz	ERR2784728_R1.fq.gz	0.122507	0	39681/1000000
ERR2784806_R1.fq.gz	ERR2784728_R1.fq.gz	0.157575	0	18615/1000000
ERR2784807_R1.fq.gz	ERR2784728_R1.fq.gz	0.162987	0	16582/1000000
ERR2784808_R1.fq.gz	ERR2784728_R1.fq.gz	0.0800581	0	102625/1000000
ERR2784809_R1.fq.gz	ERR2784728_R1.fq.gz	0.0801403	0	102430/1000000
ERR2784810_R1.fq.gz	ERR2784728_R1.fq.gz	0.0805208	0	101532/1000000
ERR2784811_R1.fq.gz	ERR2784728_R1.fq.gz	0.0807715	0	100945/1000000
ERR2784816_R1.fq.gz	ERR2784728_R1.fq.gz	0.0901818	0	81371/1000000
ERR2784817_R1.fq.gz	ERR2784728_R1.fq.gz	0.0904833	0	80816/1000000
ERR2784818_R1.fq.gz	ERR2784728_R1.fq.gz	0.0918874	0	78284/1000000
ERR2784824_R1.fq.gz	ERR2784728_R1.fq.gz	0.0727123	0	121828/1000000
ERR2784826_R1.fq.gz	ERR2784728_R1.fq.gz	0.0732441	0	120312/1000000
ERR2784827_R1.fq.gz	ERR2784728_R1.fq.gz	0.0736023	0	119303/1000000
SRR11047625_R1.fq.gz	ERR2784728_R1.fq.gz	0.0874053	0	86680/1000000
SRR11047626_R1.fq.gz	ERR2784728_R1.fq.gz	0.0723782	0	122791/1000000
SRR11047627_R1.fq.gz	ERR2784728_R1.fq.gz	0.12082	0	41171/1000000
SRR11047628_R1.fq.gz	ERR2784728_R1.fq.gz	0.0738559	0	118594/1000000
SRR11047629_R1.fq.gz	ERR2784728_R1.fq.gz	0.0813751	0	99547/1000000
SRR11047631_R1.fq.gz	ERR2784728_R1.fq.gz	0.103939	0	59735/1000000
SRR11047632_R1.fq.gz	ERR2784728_R1.fq.gz	0.0851911	0	91182/1000000
SRR11047633_R1.fq.gz	ERR2784728_R1.fq.gz	0.0656923	0	143965/1000000
SRR11047634_R1.fq.gz	ERR2784728_R1.fq.gz	0.100421	0	64610/1000000
SRR11047635_R1.fq.gz	ERR2784728_R1.fq.gz	0.0693336	0	131968/1000000
SRR11047636_R1.fq.gz	ERR2784728_R1.fq.gz	0.0973792	0	69167/1000000
SRR11047637_R1.fq.gz	ERR2784728_R1.fq.gz	0.0810812	0	100225/1000000
SRR11047639_R1.fq.gz	ERR2784728_R1.fq.gz	0.0723416	0	122897/1000000
SRR11047640_R1.fq.gz	ERR2784728_R1.fq.gz	0.108187	0	54359/1000000
SRR11047641_R1.fq.gz	ERR2784728_R1.fq.gz	0.0772522	0	109536/1000000
SRR11047642_R1.fq.gz	ERR2784728_R1.fq.gz	0.0737595	0	118863/1000000
SRR11047643_R1.fq.gz	ERR2784728_R1.fq.gz	0.0971641	0	69502/1000000
SRR11047644_R1.fq.gz	ERR2784728_R1.fq.gz	0.13049	0	33352/1000000
SRR11047645_R1.fq.gz	ERR2784728_R1.fq.gz	0.0863766	0	88741/1000000
SRR11047647_R1.fq.gz	ERR2784728_R1.fq.gz	0.0775942	0	108667/1000000
SRR11047648_R1.fq.gz	ERR2784728_R1.fq.gz	0.0908997	0	80056/1000000
SRR11047649_R1.fq.gz	ERR2784728_R1.fq.gz	0.0780762	0	107455/1000000
SRR11047650_R1.fq.gz	ERR2784728_R1.fq.gz	0.0721193	0	123543/1000000
SRR11047651_R1.fq.gz	ERR2784728_R1.fq.gz	0.0767481	0	110831/1000000
SRR11047653_R1.fq.gz	ERR2784728_R1.fq.gz	0.107716	0	54929/1000000
SRR11047654_R1.fq.gz	ERR2784728_R1.fq.gz	0.0814343	0	99411/1000000
SRR11047655_R1.fq.gz	ERR2784728_R1.fq.gz	0.0802002	0	102288/1000000
SRR11047656_R1.fq.gz	ERR2784728_R1.fq.gz	0.0861451	0	89212/1000000
SRR11047657_R1.fq.gz	ERR2784728_R1.fq.gz	0.0662898	0	141915/1000000
SRR11047658_R1.fq.gz	ERR2784728_R1.fq.gz	0.0785484	0	106282/1000000
SRR11047659_R1.fq.gz	ERR2784728_R1.fq.gz	0.0845063	0	92625/1000000
SRR11047660_R1.fq.gz	ERR2784728_R1.fq.gz	0.088106	0	85306/1000000
SRR11047661_R1.fq.gz	ERR2784728_R1.fq.gz	0.0739782	0	118254/1000000
SRR11047662_R1.fq.gz	ERR2784728_R1.fq.gz	0.0777312	0	108321/1000000
SRR11047663_R1.fq.gz	ERR2784728_R1.fq.gz	0.0984336	0	67550/1000000
SRR11047664_R1.fq.gz	ERR2784728_R1.fq.gz	0.0886152	0	84322/1000000
SRR11047665_R1.fq.gz	ERR2784728_R1.fq.gz	0.0873119	0	86865/1000000
SRR11047666_R1.fq.gz	ERR2784728_R1.fq.gz	0.0817343	0	98725/1000000
SRR11047667_R1.fq.gz	ERR2784728_R1.fq.gz	0.0894019	0	82826/1000000
SRR11047668_R1.fq.gz	ERR2784728_R1.fq.gz	0.0901992	0	81339/1000000
SRR11047669_R1.fq.gz	ERR2784728_R1.fq.gz	0.0764817	0	111522/1000000
SRR11047670_R1.fq.gz	ERR2784728_R1.fq.gz	0.086879	0	87728/1000000
SRR11047671_R1.fq.gz	ERR2784728_R1.fq.gz	0.0725992	0	122153/1000000
SRR11047672_R1.fq.gz	ERR2784728_R1.fq.gz	0.0770502	0	110053/1000000
SRR11047673_R1.fq.gz	ERR2784728_R1.fq.gz	0.0683197	0	135192/1000000
ERR2784728_R1.fq.gz	ERR2784729_R1.fq.gz	0.023543	0	438782/1000000
ERR2784729_R1.fq.gz	ERR2784729_R1.fq.gz	0	0	1000000/1000000
ERR2784730_R1.fq.gz	ERR2784729_R1.fq.gz	0.0235908	0	438149/1000000
ERR2784731_R1.fq.gz	ERR2784729_R1.fq.gz	0.0237478	0	436078/1000000
ERR2784741_R1.fq.gz	ERR2784729_R1.fq.gz	0.0662138	0	142174/1000000
ERR2784742_R1.fq.gz	ERR2784729_R1.fq.gz	0.0674012	0	138189/1000000
ERR2784743_R1.fq.gz	ERR2784729_R1.fq.gz	0.0681788	0	135647/1000000
ERR2784752_R1.fq.gz	ERR2784729_R1.fq.gz	0.0736733	0	119104/1000000
ERR2784753_R1.fq.gz	ERR2784729_R1.fq.gz	0.07398	0	118249/1000000
ERR2784754_R1.fq.gz	ERR2784729_R1.fq.gz	0.0746487	0	116408/1000000
ERR2784755_R1.fq.gz	ERR2784729_R1.fq.gz	0.0752443	0	114795/1000000
ERR2784756_R1.fq.gz	ERR2784729_R1.fq.gz	0.0695414	0	131318/1000000
ERR2784757_R1.fq.gz	ERR2784729_R1.fq.gz	0.069494	0	131466/1000000
ERR2784759_R1.fq.gz	ERR2784729_R1.fq.gz	0.0697945	0	130531/1000000
ERR2784760_R1.fq.gz	ERR2784729_R1.fq.gz	0.0669118	0	139816/1000000
ERR2784761_R1.fq.gz	ERR2784729_R1.fq.gz	0.066901	0	139852/1000000
ERR2784762_R1.fq.gz	ERR2784729_R1.fq.gz	0.0671062	0	139167/1000000
ERR2784763_R1.fq.gz	ERR2784729_R1.fq.gz	0.0674157	0	138141/1000000
ERR2784780_R1.fq.gz	ERR2784729_R1.fq.gz	0.0895104	0	82622/1000000
ERR2784781_R1.fq.gz	ERR2784729_R1.fq.gz	0.0900462	0	81622/1000000
ERR2784782_R1.fq.gz	ERR2784729_R1.fq.gz	0.0909869	0	79898/1000000
ERR2784783_R1.fq.gz	ERR2784729_R1.fq.gz	0.091443	0	79076/1000000
ERR2784796_R1.fq.gz	ERR2784729_R1.fq.gz	0.0928052	0	76675/1000000
ERR2784797_R1.fq.gz	ERR2784729_R1.fq.gz	0.0931964	0	76000/1000000
ERR2784798_R1.fq.gz	ERR2784729_R1.fq.gz	0.0943778	0	74000/1000000
ERR2784799_R1.fq.gz	ERR2784729_R1.fq.gz	0.0952178	0	72612/1000000
ERR2784800_R1.fq.gz	ERR2784729_R1.fq.gz	0.0914101	0	79135/1000000
ERR2784801_R1.fq.gz	ERR2784729_R1.fq.gz	0.0932448	0	75917/1000000
ERR2784802_R1.fq.gz	ERR2784729_R1.fq.gz	0.0953685	0	72366/1000000
ERR2784803_R1.fq.gz	ERR2784729_R1.fq.gz	0.0963621	0	70766/1000000
ERR2784804_R1.fq.gz	ERR2784729_R1.fq.gz	0.118752	0	43077/1000000
ERR2784805_R1.fq.gz	ERR2784729_R1.fq.gz	0.121315	0	40728/1000000
ERR2784806_R1.fq.gz	ERR2784729_R1.fq.gz	0.15504	0	19653/1000000
ERR2784807_R1.fq.gz	ERR2784729_R1.fq.gz	0.161013	0	17296/1000000
ERR2784808_R1.fq.gz	ERR2784729_R1.fq.gz	0.080166	0	102369/1000000
ERR2784809_R1.fq.gz	ERR2784729_R1.fq.gz	0.0801436	0	102422/1000000
ERR2784810_R1.fq.gz	ERR2784729_R1.fq.gz	0.0802298	0	102218/1000000
ERR2784811_R1.fq.gz	ERR2784729_R1.fq.gz	0.0805067	0	101565/1000000
ERR2784816_R1.fq.gz	ERR2784729_R1.fq.gz	0.0910194	0	79839/1000000
ERR2784817_R1.fq.gz	ERR2784729_R1.fq.gz	0.0911755	0	79557/1000000
ERR2784818_R1.fq.gz	ERR2784729_R1.fq.gz	0.0923389	0	77488/1000000
ERR2784824_R1.fq.gz	ERR2784729_R1.fq.gz	0.0735741	0	119382/1000000
ERR2784826_R1.fq.gz	ERR2784729_R1.fq.gz	0.0738728	0	118547/1000000
ERR2784827_R1.fq.gz	ERR2784729_R1.fq.gz	0.0742394	0	117531/1000000
SRR11047625_R1.fq.gz	ERR2784729_R1.fq.gz	0.0887509	0	84062/1000000
SRR11047626_R1.fq.gz	ERR2784729_R1.fq.gz	0.0734084	0	119848/1000000
SRR11047627_R1.fq.gz	ERR2784729_R1.fq.gz	0.124152	0	38282/1000000
SRR11047628_R1.fq.gz	ERR2784729_R1.fq.gz	0.07573	0	113498/1000000
SRR11047629_R1.fq.gz	ERR2784729_R1.fq.gz	0.0832205	0	95402/1000000
SRR11047631_R1.fq.gz	ERR2784729_R1.fq.gz	0.105709	0	57430/1000000
SRR11047632_R1.fq.gz	ERR2784729_R1.fq.gz	0.0873962	0	86698/1000000
SRR11047633_R1.fq.gz	ERR2784729_R1.fq.gz	0.0670066	0	139499/1000000
SRR11047634_R1.fq.gz	ERR2784729_R1.fq.gz	0.102163	0	62145/1000000
SRR11047635_R1.fq.gz	ERR2784729_R1.fq.gz	0.0705714	0	128148/1000000
SRR11047636_R1.fq.gz	ERR2784729_R1.fq.gz	0.0985931	0	67309/1000000
SRR11047637_R1.fq.gz	ERR2784729_R1.fq.gz	0.082632	0	96703/1000000
SRR11047639_R1.fq.gz	ERR2784729_R1.fq.gz	0.0743102	0	117336/1000000
SRR11047640_R1.fq.gz	ERR2784729_R1.fq.gz	0.110252	0	51933/1000000
SRR11047641_R1.fq.gz	ERR2784729_R1.fq.gz	0.0792764	0	104501/1000000
SRR11047642_R1.fq.gz	ERR2784729_R1.fq.gz	0.0754738	0	114180/1000000
SRR11047643_R1.fq.gz	ERR2784729_R1.fq.gz	0.0993853	0	66125/1000000
SRR11047644_R1.fq.gz	ERR2784729_R1.fq.gz	0.132957	0	31615/1000000
SRR11047645_R1.fq.gz	ERR2784729_R1.fq.gz	0.0886387	0	84277/1000000
SRR11047647_R1.fq.gz	ERR2784729_R1.fq.gz	0.0791064	0	104914/1000000
SRR11047648_R1.fq.gz	ERR2784729_R1.fq.gz	0.0924371	0	77316/1000000
SRR11047649_R1.fq.gz	ERR2784729_R1.fq.gz	0.0795422	0	103859/1000000
SRR11047650_R1.fq.gz	ERR2784729_R1.fq.gz	0.0736283	0	119230/1000000
SRR11047651_R1.fq.gz	ERR2784729_R1.fq.gz	0.077954	0	107761/1000000
SRR11047653_R1.fq.gz	ERR2784729_R1.fq.gz	0.110263	0	51920/1000000
SRR11047654_R1.fq.gz	ERR2784729_R1.fq.gz	0.083069	0	95735/1000000
SRR11047655_R1.fq.gz	ERR2784729_R1.fq.gz	0.0824394	0	97133/1000000
SRR11047656_R1.fq.gz	ERR2784729_R1.fq.gz	0.087821	0	85862/1000000
SRR11047657_R1.fq.gz	ERR2784729_R1.fq.gz	0.0677491	0	137045/1000000
SRR11047658_R1.fq.gz	ERR2784729_R1.fq.gz	0.0803351	0	101969/1000000
SRR11047659_R1.fq.gz	ERR2784729_R1.fq.gz	0.0866347	0	88219/1000000
SRR11047660_R1.fq.gz	ERR2784729_R1.fq.gz	0.0898735	0	81943/1000000
SRR11047661_R1.fq.gz	ERR2784729_R1.fq.gz	0.0747654	0	116090/1000000
SRR11047662_R1.fq.gz	ERR2784729_R1.fq.gz	0.0798788	0	103052/1000000
SRR11047663_R1.fq.gz	ERR2784729_R1.fq.gz	0.100191	0	64943/1000000
SRR11047664_R1.fq.gz	ERR2784729_R1.fq.gz	0.0905548	0	80685/1000000
SRR11047665_R1.fq.gz	ERR2784729_R1.fq.gz	0.0885211	0	84503/1000000
SRR11047666_R1.fq.gz	ERR2784729_R1.fq.gz	0.0832875	0	95255/1000000
SRR11047667_R1.fq.gz	ERR2784729_R1.fq.gz	0.090875	0	80101/1000000
SRR11047668_R1.fq.gz	ERR2784729_R1.fq.gz	0.0921483	0	77823/1000000
SRR11047669_R1.fq.gz	ERR2784729_R1.fq.gz	0.0781407	0	107294/1000000
SRR11047670_R1.fq.gz	ERR2784729_R1.fq.gz	0.0888817	0	83812/1000000
SRR11047671_R1.fq.gz	ERR2784729_R1.fq.gz	0.0734606	0	119701/1000000
SRR11047672_R1.fq.gz	ERR2784729_R1.fq.gz	0.0788546	0	105529/1000000
SRR11047673_R1.fq.gz	ERR2784729_R1.fq.gz	0.0691787	0	132455/1000000
ERR2784728_R1.fq.gz	ERR2784730_R1.fq.gz	0.0238539	0	434685/1000000
ERR2784729_R1.fq.gz	ERR2784730_R1.fq.gz	0.0235908	0	438149/1000000
ERR2784730_R1.fq.gz	ERR2784730_R1.fq.gz	0	0	1000000/1000000
ERR2784731_R1.fq.gz	ERR2784730_R1.fq.gz	0.0236427	0	437463/1000000
ERR2784741_R1.fq.gz	ERR2784730_R1.fq.gz	0.0674345	0	138079/1000000
ERR2784742_R1.fq.gz	ERR2784730_R1.fq.gz	0.0686397	0	134165/1000000
ERR2784743_R1.fq.gz	ERR2784730_R1.fq.gz	0.06934	0	131948/1000000
ERR2784752_R1.fq.gz	ERR2784730_R1.fq.gz	0.0752164	0	114870/1000000
ERR2784753_R1.fq.gz	ERR2784730_R1.fq.gz	0.0754768	0	114172/1000000
ERR2784754_R1.fq.gz	ERR2784730_R1.fq.gz	0.0759662	0	112873/1000000
ERR2784755_R1.fq.gz	ERR2784730_R1.fq.gz	0.0762542	0	112116/1000000
ERR2784756_R1.fq.gz	ERR2784730_R1.fq.gz	0.0705368	0	128253/1000000
ERR2784757_R1.fq.gz	ERR2784730_R1.fq.gz	0.0704084	0	128644/1000000
ERR2784759_R1.fq.gz	ERR2784730_R1.fq.gz	0.0705089	0	128338/1000000
ERR2784760_R1.fq.gz	ERR2784730_R1.fq.gz	0.0670339	0	139408/1000000
ERR2784761_R1.fq.gz	ERR2784730_R1.fq.gz	0.0668115	0	140152/1000000
ERR2784762_R1.fq.gz	ERR2784730_R1.fq.gz	0.0669917	0	139549/1000000
ERR2784763_R1.fq.gz	ERR2784730_R1.fq.gz	0.0671474	0	139030/1000000
ERR2784780_R1.fq.gz	ERR2784730_R1.fq.gz	0.0916736	0	78664/1000000
ERR2784781_R1.fq.gz	ERR2784730_R1.fq.gz	0.0916657	0	78678/1000000
ERR2784782_R1.fq.gz	ERR2784730_R1.fq.gz	0.0924594	0	77277/1000000
ERR2784783_R1.fq.gz	ERR2784730_R1.fq.gz	0.0928999	0	76511/1000000
ERR2784796_R1.fq.gz	ERR2784730_R1.fq.gz	0.0943077	0	74117/1000000
ERR2784797_R1.fq.gz	ERR2784730_R1.fq.gz	0.0946965	0	73470/1000000
ERR2784798_R1.fq.gz	ERR2784730_R1.fq.gz	0.0954379	0	72253/1000000
ERR2784799_R1.fq.gz	ERR2784730_R1.fq.gz	0.0963081	0	70852/1000000
ERR2784800_R1.fq.gz	ERR2784730_R1.fq.gz	0.0920123	0	78063/1000000
ERR2784801_R1.fq.gz	ERR2784730_R1.fq.gz	0.0933791	0	75687/1000000
ERR2784802_R1.fq.gz	ERR2784730_R1.fq.gz	0.0954471	0	72238/1000000
ERR2784803_R1.fq.gz	ERR2784730_R1.fq.gz	0.0962604	0	70928/1000000
ERR2784804_R1.fq.gz	ERR2784730_R1.fq.gz	0.117807	0	43978/1000000
ERR2784805_R1.fq.gz	ERR2784730_R1.fq.gz	0.120292	0	41649/1000000
ERR2784806_R1.fq.gz	ERR2784730_R1.fq.gz	0.152909	0	20571/1000000
ERR2784807_R1.fq.gz	ERR2784730_R1.fq.gz	0.158807	0	18131/1000000
ERR2784808_R1.fq.gz	ERR2784730_R1.fq.gz	0.0808882	0	100673/1000000
ERR2784809_R1.fq.gz	ERR2784730_R1.fq.gz	0.080697	0	101119/1000000
ERR2784810_R1.fq.gz	ERR2784730_R1.fq.gz	0.0805655	0	101427/1000000
ERR2784811_R1.fq.gz	ERR2784730_R1.fq.gz	0.0807891	0	100904/1000000
ERR2784816_R1.fq.gz	ERR2784730_R1.fq.gz	0.0926394	0	76963/1000000
ERR2784817_R1.fq.gz	ERR2784730_R1.fq.gz	0.0925579	0	77105/1000000
ERR2784818_R1.fq.gz	ERR2784730_R1.fq.gz	0.0936608	0	75207/1000000
ERR2784824_R1.fq.gz	ERR2784730_R1.fq.gz	0.0752038	0	114904/1000000
ERR2784826_R1.fq.gz	ERR2784730_R1.fq.gz	0.0753684	0	114462/1000000
ERR2784827_R1.fq.gz	ERR2784730_R1.fq.gz	0.0754353	0	114283/1000000
SRR11047625_R1.fq.gz	ERR2784730_R1.fq.gz	0.090412	0	80947/1000000
SRR11047626_R1.fq.gz	ERR2784730_R1.fq.gz	0.0750921	0	115205/1000000
SRR11047627_R1.fq.gz	ERR2784730_R1.fq.gz	0.128161	0	35083/1000000
SRR11047628_R1.fq.gz	ERR2784730_R1.fq.gz	0.0783452	0	106785/1000000
SRR11047629_R1.fq.gz	ERR2784730_R1.fq.gz	0.0856144	0	90302/1000000
SRR11047631_R1.fq.gz	ERR2784730_R1.fq.gz	0.108569	0	53902/1000000
SRR11047632_R1.fq.gz	ERR2784730_R1.fq.gz	0.0901645	0	81403/1000000
SRR11047633_R1.fq.gz	ERR2784730_R1.fq.gz	0.0690773	0	132775/1000000
SRR11047634_R1.fq.gz	ERR2784730_R1.fq.gz	0.105351	0	57888/1000000
SRR11047635_R1.fq.gz	ERR2784730_R1.fq.gz	0.0724587	0	122558/1000000
SRR11047636_R1.fq.gz	ERR2784730_R1.fq.gz	0.100673	0	64248/1000000
SRR11047637_R1.fq.gz	ERR2784730_R1.fq.gz	0.0848228	0	91955/1000000
SRR11047639_R1.fq.gz	ERR2784730_R1.fq.gz	0.0772287	0	109596/1000000
SRR11047640_R1.fq.gz	ERR2784730_R1.fq.gz	0.11269	0	49213/1000000
SRR11047641_R1.fq.gz	ERR2784730_R1.fq.gz	0.0816952	0	98814/1000000
SRR11047642_R1.fq.gz	ERR2784730_R1.fq.gz	0.0776983	0	108404/1000000
SRR11047643_R1.fq.gz	ERR2784730_R1.fq.gz	0.102334	0	61909/1000000
SRR11047644_R1.fq.gz	ERR2784730_R1.fq.gz	0.136347	0	29379/1000000
SRR11047645_R1.fq.gz	ERR2784730_R1.fq.gz	0.0917348	0	78555/1000000
SRR11047647_R1.fq.gz	ERR2784730_R1.fq.gz	0.0814269	0	99428/1000000
SRR11047648_R1.fq.gz	ERR2784730_R1.fq.gz	0.0945639	0	73690/1000000
SRR11047649_R1.fq.gz	ERR2784730_R1.fq.gz	0.08147	0	99329/1000000
SRR11047650_R1.fq.gz	ERR2784730_R1.fq.gz	0.0760527	0	112645/1000000
SRR11047651_R1.fq.gz	ERR2784730_R1.fq.gz	0.0799476	0	102888/1000000
SRR11047653_R1.fq.gz	ERR2784730_R1.fq.gz	0.114095	0	47714/1000000
SRR11047654_R1.fq.gz	ERR2784730_R1.fq.gz	0.0854542	0	90634/1000000
SRR11047655_R1.fq.gz	ERR2784730_R1.fq.gz	0.0852667	0	91024/1000000
SRR11047656_R1.fq.gz	ERR2784730_R1.fq.gz	0.0902636	0	81220/1000000
SRR11047657_R1.fq.gz	ERR2784730_R1.fq.gz	0.0699429	0	130072/1000000
SRR11047658_R1.fq.gz	ERR2784730_R1.fq.gz	0.0829362	0	96028/1000000
SRR11047659_R1.fq.gz	ERR2784730_R1.fq.gz	0.0894264	0	82780/1000000
SRR11047660_R1.fq.gz	ERR2784730_R1.fq.gz	0.0927395	0	76789/1000000
SRR11047661_R1.fq.gz	ERR2784730_R1.fq.gz	0.0763387	0	111895/1000000
SRR11047662_R1.fq.gz	ERR2784730_R1.fq.gz	0.0826801	0	96596/1000000
SRR11047663_R1.fq.gz	ERR2784730_R1.fq.gz	0.103132	0	60818/1000000
SRR11047664_R1.fq.gz	ERR2784730_R1.fq.gz	0.0935285	0	75432/1000000
SRR11047665_R1.fq.gz	ERR2784730_R1.fq.gz	0.090557	0	80681/1000000
SRR11047666_R1.fq.gz	ERR2784730_R1.fq.gz	0.085406	0	90734/1000000
SRR11047667_R1.fq.gz	ERR2784730_R1.fq.gz	0.0930575	0	76239/1000000
SRR11047668_R1.fq.gz	ERR2784730_R1.fq.gz	0.095325	0	72437/1000000
SRR11047669_R1.fq.gz	ERR2784730_R1.fq.gz	0.0804586	0	101678/1000000
SRR11047670_R1.fq.gz	ERR2784730_R1.fq.gz	0.0916439	0	78717/1000000
SRR11047671_R1.fq.gz	ERR2784730_R1.fq.gz	0.0750809	0	115235/1000000
SRR11047672_R1.fq.gz	ERR2784730_R1.fq.gz	0.0814604	0	99351/1000000
SRR11047673_R1.fq.gz	ERR2784730_R1.fq.gz	0.070413	0	128630/1000000
ERR2784728_R1.fq.gz	ERR2784731_R1.fq.gz	0.0241388	0	430974/1000000
ERR2784729_R1.fq.gz	ERR2784731_R1.fq.gz	0.0237478	0	436078/1000000
ERR2784730_R1.fq.gz	ERR2784731_R1.fq.gz	0.0236427	0	437463/1000000
ERR2784731_R1.fq.gz	ERR2784731_R1.fq.gz	0	0	1000000/1000000
ERR2784741_R1.fq.gz	ERR2784731_R1.fq.gz	0.0679692	0	136327/1000000
ERR2784742_R1.fq.gz	ERR2784731_R1.fq.gz	0.0690674	0	132806/1000000
ERR2784743_R1.fq.gz	ERR2784731_R1.fq.gz	0.0697046	0	130810/1000000
ERR2784752_R1.fq.gz	ERR2784731_R1.fq.gz	0.0759904	0	112809/1000000
ERR2784753_R1.fq.gz	ERR2784731_R1.fq.gz	0.0761486	0	112393/1000000
ERR2784754_R1.fq.gz	ERR2784731_R1.fq.gz	0.0765679	0	111298/1000000
ERR2784755_R1.fq.gz	ERR2784731_R1.fq.gz	0.0770681	0	110007/1000000
ERR2784756_R1.fq.gz	ERR2784731_R1.fq.gz	0.0709634	0	126964/1000000
ERR2784757_R1.fq.gz	ERR2784731_R1.fq.gz	0.0707285	0	127672/1000000
ERR2784759_R1.fq.gz	ERR2784731_R1.fq.gz	0.0707146	0	127714/1000000
ERR2784760_R1.fq.gz	ERR2784731_R1.fq.gz	0.06706	0	139321/1000000
ERR2784761_R1.fq.gz	ERR2784731_R1.fq.gz	0.0667975	0	140199/1000000
ERR2784762_R1.fq.gz	ERR2784731_R1.fq.gz	0.0669803	0	139587/1000000
ERR2784763_R1.fq.gz	ERR2784731_R1.fq.gz	0.0671444	0	139040/1000000
ERR2784780_R1.fq.gz	ERR2784731_R1.fq.gz	0.0924257	0	77336/1000000
ERR2784781_R1.fq.gz	ERR2784731_R1.fq.gz	0.0924818	0	77238/1000000
ERR2784782_R1.fq.gz	ERR2784731_R1.fq.gz	0.0931557	0	76070/1000000
ERR2784783_R1.fq.gz	ERR2784731_R1.fq.gz	0.0936314	0	75257/1000000
ERR2784796_R1.fq.gz	ERR2784731_R1.fq.gz	0.0949272	0	73089/1000000
ERR2784797_R1.fq.gz	ERR2784731_R1.fq.gz	0.0951952	0	72649/1000000
ERR2784798_R1.fq.gz	ERR2784731_R1.fq.gz	0.0959326	0	71453/1000000
ERR2784799_R1.fq.gz	ERR2784731_R1.fq.gz	0.0968583	0	69981/1000000
ERR2784800_R1.fq.gz	ERR2784731_R1.fq.gz	0.0923743	0	77426/1000000
ERR2784801_R1.fq.gz	ERR2784731_R1.fq.gz	0.0937545	0	75048/1000000
ERR2784802_R1.fq.gz	ERR2784731_R1.fq.gz	0.0955074	0	72140/1000000
ERR2784803_R1.fq.gz	ERR2784731_R1.fq.gz	0.0962447	0	70953/1000000
ERR2784804_R1.fq.gz	ERR2784731_R1.fq.gz	0.117455	0	44319/1000000
ERR2784805_R1.fq.gz	ERR2784731_R1.fq.gz	0.119854	0	42050/1000000
ERR2784806_R1.fq.gz	ERR2784731_R1.fq.gz	0.151997	0	20977/1000000
ERR2784807_R1.fq.gz	ERR2784731_R1.fq.gz	0.157794	0	18528/1000000
ERR2784808_R1.fq.gz	ERR2784731_R1.fq.gz	0.0811002	0	100181/1000000
ERR2784809_R1.fq.gz	ERR2784731_R1.fq.gz	0.0809368	0	100560/1000000
ERR2784810_R1.fq.gz	ERR2784731_R1.fq.gz	0.0808938	0	100660/1000000
ERR2784811_R1.fq.gz	ERR2784731_R1.fq.gz	0.0810587	0	100277/1000000
ERR2784816_R1.fq.gz	ERR2784731_R1.fq.gz	0.0931289	0	76116/1000000
ERR2784817_R1.fq.gz	ERR2784731_R1.fq.gz	0.0932839	0	75850/1000000
ERR2784818_R1.fq.gz	ERR2784731_R1.fq.gz	0.0939646	0	74693/1000000
ERR2784824_R1.fq.gz	ERR2784731_R1.fq.gz	0.0759817	0	112832/1000000
ERR2784826_R1.fq.gz	ERR2784731_R1.fq.gz	0.0759529	0	112908/1000000
ERR2784827_R1.fq.gz	ERR2784731_R1.fq.gz	0.0761493	0	112391/1000000
SRR11047625_R1.fq.gz	ERR2784731_R1.fq.gz	0.0912293	0	79460/1000000
SRR11047626_R1.fq.gz	ERR2784731_R1.fq.gz	0.075799	0	113315/1000000
SRR11047627_R1.fq.gz	ERR2784731_R1.fq.gz	0.129941	0	33752/1000000
SRR11047628_R1.fq.gz	ERR2784731_R1.fq.gz	0.079558	0	103821/1000000
SRR11047629_R1.fq.gz	ERR2784731_R1.fq.gz	0.086738	0	88011/1000000
SRR11047631_R1.fq.gz	ERR2784731_R1.fq.gz	0.109592	0	52695/1000000
SRR11047632_R1.fq.gz	ERR2784731_R1.fq.gz	0.0914391	0	79083/1000000
SRR11047633_R1.fq.gz	ERR2784731_R1.fq.gz	0.0700152	0	129849/1000000
SRR11047634_R1.fq.gz	ERR2784731_R1.fq.gz	0.106649	0	56244/1000000
SRR11047635_R1.fq.gz	ERR2784731_R1.fq.gz	0.0734365	0	119769/1000000
SRR11047636_R1.fq.gz	ERR2784731_R1.fq.gz	0.101381	0	63240/1000000
SRR11047637_R1.fq.gz	ERR2784731_R1.fq.gz	0.0858653	0	89785/1000000
SRR11047639_R1.fq.gz	ERR2784731_R1.fq.gz	0.0785849	0	106192/1000000
SRR11047640_R1.fq.gz	ERR2784731_R1.fq.gz	0.113815	0	48009/1000000
SRR11047641_R1.fq.gz	ERR2784731_R1.fq.gz	0.0828314	0	96260/1000000
SRR11047642_R1.fq.gz	ERR2784731_R1.fq.gz	0.078813	0	105631/1000000
SRR11047643_R1.fq.gz	ERR2784731_R1.fq.gz	0.104034	0	59608/1000000
SRR11047644_R1.fq.gz	ERR2784731_R1.fq.gz	0.137655	0	28560/1000000
SRR11047645_R1.fq.gz	ERR2784731_R1.fq.gz	0.0930912	0	76181/1000000
SRR11047647_R1.fq.gz	ERR2784731_R1.fq.gz	0.0823898	0	97244/1000000
SRR11047648_R1.fq.gz	ERR2784731_R1.fq.gz	0.0956691	0	71878/1000000
SRR11047649_R1.fq.gz	ERR2784731_R1.fq.gz	0.0824533	0	97102/1000000
SRR11047650_R1.fq.gz	ERR2784731_R1.fq.gz	0.0769762	0	110243/1000000
SRR11047651_R1.fq.gz	ERR2784731_R1.fq.gz	0.0809842	0	100450/1000000
SRR11047653_R1.fq.gz	ERR2784731_R1.fq.gz	0.115545	0	46217/1000000
SRR11047654_R1.fq.gz	ERR2784731_R1.fq.gz	0.0864614	0	88569/1000000
SRR11047655_R1.fq.gz	ERR2784731_R1.fq.gz	0.0868455	0	87795/1000000
SRR11047656_R1.fq.gz	ERR2784731_R1.fq.gz	0.0912999	0	79333/1000000
SRR11047657_R1.fq.gz	ERR2784731_R1.fq.gz	0.0709448	0	127020/1000000
SRR11047658_R1.fq.gz	ERR2784731_R1.fq.gz	0.0840352	0	93632/1000000
SRR11047659_R1.fq.gz	ERR2784731_R1.fq.gz	0.0908337	0	80176/1000000
SRR11047660_R1.fq.gz	ERR2784731_R1.fq.gz	0.0941376	0	74402/1000000
SRR11047661_R1.fq.gz	ERR2784731_R1.fq.gz	0.0770993	0	109927/1000000
SRR11047662_R1.fq.gz	ERR2784731_R1.fq.gz	0.0837988	0	94142/1000000
SRR11047663_R1.fq.gz	ERR2784731_R1.fq.gz	0.104197	0	59393/1000000
SRR11047664_R1.fq.gz	ERR2784731_R1.fq.gz	0.0948157	0	73273/1000000
SRR11047665_R1.fq.gz	ERR2784731_R1.fq.gz	0.0913538	0	79236/1000000
SRR11047666_R1.fq.gz	ERR2784731_R1.fq.gz	0.0864698	0	88552/1000000
SRR11047667_R1.fq.gz	ERR2784731_R1.fq.gz	0.0938858	0	74826/1000000
SRR11047668_R1.fq.gz	ERR2784731_R1.fq.gz	0.0964873	0	70567/1000000
SRR11047669_R1.fq.gz	ERR2784731_R1.fq.gz	0.0813394	0	99629/1000000
SRR11047670_R1.fq.gz	ERR2784731_R1.fq.gz	0.0930825	0	76196/1000000
SRR11047671_R1.fq.gz	ERR2784731_R1.fq.gz	0.0757926	0	113332/1000000
SRR11047672_R1.fq.gz	ERR2784731_R1.fq.gz	0.0828016	0	96326/1000000
SRR11047673_R1.fq.gz	ERR2784731_R1.fq.gz	0.0712115	0	126221/1000000
ERR2784728_R1.fq.gz	ERR2784741_R1.fq.gz	0.0657438	0	143787/1000000
ERR2784729_R1.fq.gz	ERR2784741_R1.fq.gz	0.0662138	0	142174/1000000
ERR2784730_R1.fq.gz	ERR2784741_R1.fq.gz	0.0674345	0	138079/1000000
ERR2784731_R1.fq.gz	ERR2784741_R1.fq.gz	0.0679692	0	136327/1000000
ERR2784741_R1.fq.gz	ERR2784741_R1.fq.gz	0	0	1000000/1000000
ERR2784742_R1.fq.gz	ERR2784741_R1.fq.gz	0.0190447	0	504168/1000000
ERR2784743_R1.fq.gz	ERR2784741_R1.fq.gz	0.0194708	0	497443/1000000
ERR2784752_R1.fq.gz	ERR2784741_R1.fq.gz	0.06323	0	152772/1000000
ERR2784753_R1.fq.gz	ERR2784741_R1.fq.gz	0.0630052	0	153606/1000000
ERR2784754_R1.fq.gz	ERR2784741_R1.fq.gz	0.0629285	0	153892/1000000
ERR2784755_R1.fq.gz	ERR2784741_R1.fq.gz	0.0631709	0	152991/1000000
ERR2784756_R1.fq.gz	ERR2784741_R1.fq.gz	0.0625321	0	155378/1000000
ERR2784757_R1.fq.gz	ERR2784741_R1.fq.gz	0.0623467	0	156079/1000000
ERR2784759_R1.fq.gz	ERR2784741_R1.fq.gz	0.0623084	0	156224/1000000
ERR2784760_R1.fq.gz	ERR2784741_R1.fq.gz	0.0547962	0	187937/1000000
ERR2784761_R1.fq.gz	ERR2784741_R1.fq.gz	0.0544834	0	189410/1000000
ERR2784762_R1.fq.gz	ERR2784741_R1.fq.gz	0.0547261	0	188266/1000000
ERR2784763_R1.fq.gz	ERR2784741_R1.fq.gz	0.0549237	0	187340/1000000
ERR2784780_R1.fq.gz	ERR2784741_R1.fq.gz	0.0733443	0	120029/1000000
ERR2784781_R1.fq.gz	ERR2784741_R1.fq.gz	0.0728918	0	121314/1000000
ERR2784782_R1.fq.gz	ERR2784741_R1.fq.gz	0.0730619	0	120829/1000000
ERR2784783_R1.fq.gz	ERR2784741_R1.fq.gz	0.073329	0	120072/1000000
ERR2784796_R1.fq.gz	ERR2784741_R1.fq.gz	0.0832976	0	95233/1000000
ERR2784797_R1.fq.gz	ERR2784741_R1.fq.gz	0.0835279	0	94730/1000000
ERR2784798_R1.fq.gz	ERR2784741_R1.fq.gz	0.0850816	0	91411/1000000
ERR2784799_R1.fq.gz	ERR2784741_R1.fq.gz	0.0859876	0	89534/1000000
ERR2784800_R1.fq.gz	ERR2784741_R1.fq.gz	0.0978559	0	68431/1000000
ERR2784801_R1.fq.gz	ERR2784741_R1.fq.gz	0.101775	0	62685/1000000
ERR2784802_R1.fq.gz	ERR2784741_R1.fq.gz	0.106598	0	56307/1000000
ERR2784803_R1.fq.gz	ERR2784741_R1.fq.gz	0.109028	0	53357/1000000
ERR2784804_R1.fq.gz	ERR2784741_R1.fq.gz	0.160326	0	17552/1000000
ERR2784805_R1.fq.gz	ERR2784741_R1.fq.gz	0.165281	0	15790/1000000
ERR2784806_R1.fq.gz	ERR2784741_R1.fq.gz	0.210865	0	6004/1000000
ERR2784807_R1.fq.gz	ERR2784741_R1.fq.gz	0.216264	0	5357/1000000
ERR2784808_R1.fq.gz	ERR2784741_R1.fq.gz	0.0745097	0	116788/1000000
ERR2784809_R1.fq.gz	ERR2784741_R1.fq.gz	0.0745254	0	116745/1000000
ERR2784810_R1.fq.gz	ERR2784741_R1.fq.gz	0.0746902	0	116295/1000000
ERR2784811_R1.fq.gz	ERR2784741_R1.fq.gz	0.0749618	0	115557/1000000
ERR2784816_R1.fq.gz	ERR2784741_R1.fq.gz	0.0755192	0	114059/1000000
ERR2784817_R1.fq.gz	ERR2784741_R1.fq.gz	0.0750483	0	115323/1000000
ERR2784818_R1.fq.gz	ERR2784741_R1.fq.gz	0.0751618	0	115017/1000000
ERR2784824_R1.fq.gz	ERR2784741_R1.fq.gz	0.0589065	0	169757/1000000
ERR2784826_R1.fq.gz	ERR2784741_R1.fq.gz	0.0594748	0	167406/1000000
ERR2784827_R1.fq.gz	ERR2784741_R1.fq.gz	0.0597863	0	166133/1000000
SRR11047625_R1.fq.gz	ERR2784741_R1.fq.gz	0.0735132	0	119553/1000000
SRR11047626_R1.fq.gz	ERR2784741_R1.fq.gz	0.0582583	0	172485/1000000
SRR11047627_R1.fq.gz	ERR2784741_R1.fq.gz	0.109099	0	53273/1000000
SRR11047628_R1.fq.gz	ERR2784741_R1.fq.gz	0.0663846	0	141593/1000000
SRR11047629_R1.fq.gz	ERR2784741_R1.fq.gz	0.0677938	0	136899/1000000
SRR11047631_R1.fq.gz	ERR2784741_R1.fq.gz	0.0932821	0	75853/1000000
SRR11047632_R1.fq.gz	ERR2784741_R1.fq.gz	0.0819434	0	98250/1000000
SRR11047633_R1.fq.gz	ERR2784741_R1.fq.gz	0.0550694	0	186661/1000000
SRR11047634_R1.fq.gz	ERR2784741_R1.fq.gz	0.0899821	0	81741/1000000
SRR11047635_R1.fq.gz	ERR2784741_R1.fq.gz	0.0661854	0	142271/1000000
SRR11047636_R1.fq.gz	ERR2784741_R1.fq.gz	0.0904533	0	80871/1000000
SRR11047637_R1.fq.gz	ERR2784741_R1.fq.gz	0.0690902	0	132734/1000000
SRR11047639_R1.fq.gz	ERR2784741_R1.fq.gz	0.0713441	0	125826/1000000
SRR11047640_R1.fq.gz	ERR2784741_R1.fq.gz	0.103457	0	60379/1000000
SRR11047641_R1.fq.gz	ERR2784741_R1.fq.gz	0.0754032	0	114369/1000000
SRR11047642_R1.fq.gz	ERR2784741_R1.fq.gz	0.0712554	0	126090/1000000
SRR11047643_R1.fq.gz	ERR2784741_R1.fq.gz	0.088424	0	84690/1000000
SRR11047644_R1.fq.gz	ERR2784741_R1.fq.gz	0.129985	0	33720/1000000
SRR11047645_R1.fq.gz	ERR2784741_R1.fq.gz	0.0702863	0	129017/1000000
SRR11047647_R1.fq.gz	ERR2784741_R1.fq.gz	0.0709754	0	126928/1000000
SRR11047648_R1.fq.gz	ERR2784741_R1.fq.gz	0.0853387	0	90874/1000000
SRR11047649_R1.fq.gz	ERR2784741_R1.fq.gz	0.0688204	0	133589/1000000
SRR11047650_R1.fq.gz	ERR2784741_R1.fq.gz	0.0691029	0	132694/1000000
SRR11047651_R1.fq.gz	ERR2784741_R1.fq.gz	0.0672637	0	138644/1000000
SRR11047653_R1.fq.gz	ERR2784741_R1.fq.gz	0.110936	0	51154/1000000
SRR11047654_R1.fq.gz	ERR2784741_R1.fq.gz	0.0733354	0	120054/1000000
SRR11047655_R1.fq.gz	ERR2784741_R1.fq.gz	0.0739728	0	118269/1000000
SRR11047656_R1.fq.gz	ERR2784741_R1.fq.gz	0.0832328	0	95375/1000000
SRR11047657_R1.fq.gz	ERR2784741_R1.fq.gz	0.0565932	0	179726/1000000
SRR11047658_R1.fq.gz	ERR2784741_R1.fq.gz	0.0782491	0	107024/1000000
SRR11047659_R1.fq.gz	ERR2784741_R1.fq.gz	0.0777689	0	108226/1000000
SRR11047660_R1.fq.gz	ERR2784741_R1.fq.gz	0.0802564	0	102155/1000000
SRR11047661_R1.fq.gz	ERR2784741_R1.fq.gz	0.0624156	0	155818/1000000
SRR11047662_R1.fq.gz	ERR2784741_R1.fq.gz	0.076486	0	111511/1000000
SRR11047663_R1.fq.gz	ERR2784741_R1.fq.gz	0.100545	0	64431/1000000
SRR11047664_R1.fq.gz	ERR2784741_R1.fq.gz	0.0704704	0	128455/1000000
SRR11047665_R1.fq.gz	ERR2784741_R1.fq.gz	0.0742742	0	117435/1000000
SRR11047666_R1.fq.gz	ERR2784741_R1.fq.gz	0.0765402	0	111370/1000000
SRR11047667_R1.fq.gz	ERR2784741_R1.fq.gz	0.0769089	0	110416/1000000
SRR11047668_R1.fq.gz	ERR2784741_R1.fq.gz	0.0725947	0	122166/1000000
SRR11047669_R1.fq.gz	ERR2784741_R1.fq.gz	0.0699351	0	130096/1000000
SRR11047670_R1.fq.gz	ERR2784741_R1.fq.gz	0.0747294	0	116188/1000000
SRR11047671_R1.fq.gz	ERR2784741_R1.fq.gz	0.0676384	0	137408/1000000
SRR11047672_R1.fq.gz	ERR2784741_R1.fq.gz	0.0694041	0	131747/1000000
SRR11047673_R1.fq.gz	ERR2784741_R1.fq.gz	0.0738068	0	118731/1000000
ERR2784728_R1.fq.gz	ERR2784742_R1.fq.gz	0.0670678	0	139295/1000000
ERR2784729_R1.fq.gz	ERR2784742_R1.fq.gz	0.0674012	0	138189/1000000
ERR2784730_R1.fq.gz	ERR2784742_R1.fq.gz	0.0686397	0	134165/1000000
ERR2784731_R1.fq.gz	ERR2784742_R1.fq.gz	0.0690674	0	132806/1000000
ERR2784741_R1.fq.gz	ERR2784742_R1.fq.gz	0.0190447	0	504168/1000000
ERR2784742_R1.fq.gz	ERR2784742_R1.fq.gz	0	0	1000000/1000000
ERR2784743_R1.fq.gz	ERR2784742_R1.fq.gz	0.0194797	0	497303/1000000
ERR2784752_R1.fq.gz	ERR2784742_R1.fq.gz	0.0644767	0	148239/1000000
ERR2784753_R1.fq.gz	ERR2784742_R1.fq.gz	0.0640338	0	149832/1000000
ERR2784754_R1.fq.gz	ERR2784742_R1.fq.gz	0.0637798	0	150754/1000000
ERR2784755_R1.fq.gz	ERR2784742_R1.fq.gz	0.0639692	0	150066/1000000
ERR2784756_R1.fq.gz	ERR2784742_R1.fq.gz	0.0633367	0	152378/1000000
ERR2784757_R1.fq.gz	ERR2784742_R1.fq.gz	0.0628278	0	154268/1000000
ERR2784759_R1.fq.gz	ERR2784742_R1.fq.gz	0.0625146	0	155444/1000000
ERR2784760_R1.fq.gz	ERR2784742_R1.fq.gz	0.0543061	0	190251/1000000
ERR2784761_R1.fq.gz	ERR2784742_R1.fq.gz	0.0539209	0	192093/1000000
ERR2784762_R1.fq.gz	ERR2784742_R1.fq.gz	0.0540096	0	191667/1000000
ERR2784763_R1.fq.gz	ERR2784742_R1.fq.gz	0.0540964	0	191251/1000000
ERR2784780_R1.fq.gz	ERR2784742_R1.fq.gz	0.0746278	0	116465/1000000
ERR2784781_R1.fq.gz	ERR2784742_R1.fq.gz	0.0741735	0	117713/1000000
ERR2784782_R1.fq.gz	ERR2784742_R1.fq.gz	0.074205	0	117626/1000000
ERR2784783_R1.fq.gz	ERR2784742_R1.fq.gz	0.0742967	0	117373/1000000
ERR2784796_R1.fq.gz	ERR2784742_R1.fq.gz	0.0839372	0	93843/1000000
ERR2784797_R1.fq.gz	ERR2784742_R1.fq.gz	0.0840818	0	93532/1000000
ERR2784798_R1.fq.gz	ERR2784742_R1.fq.gz	0.0855048	0	90529/1000000
ERR2784799_R1.fq.gz	ERR2784742_R1.fq.gz	0.0862693	0	88959/1000000
ERR2784800_R1.fq.gz	ERR2784742_R1.fq.gz	0.0985626	0	67355/1000000
ERR2784801_R1.fq.gz	ERR2784742_R1.fq.gz	0.102435	0	61770/1000000
ERR2784802_R1.fq.gz	ERR2784742_R1.fq.gz	0.107055	0	55740/1000000
ERR2784803_R1.fq.gz	ERR2784742_R1.fq.gz	0.109502	0	52801/1000000
ERR2784804_R1.fq.gz	ERR2784742_R1.fq.gz	0.160962	0	17315/1000000
ERR2784805_R1.fq.gz	ERR2784742_R1.fq.gz	0.16574	0	15636/1000000
ERR2784806_R1.fq.gz	ERR2784742_R1.fq.gz	0.210441	0	6058/1000000
ERR2784807_R1.fq.gz	ERR2784742_R1.fq.gz	0.216229	0	5361/1000000
ERR2784808_R1.fq.gz	ERR2784742_R1.fq.gz	0.0750272	0	115380/1000000
ERR2784809_R1.fq.gz	ERR2784742_R1.fq.gz	0.0748305	0	115913/1000000
ERR2784810_R1.fq.gz	ERR2784742_R1.fq.gz	0.0748349	0	115901/1000000
ERR2784811_R1.fq.gz	ERR2784742_R1.fq.gz	0.0750039	0	115443/1000000
ERR2784816_R1.fq.gz	ERR2784742_R1.fq.gz	0.0764199	0	111683/1000000
ERR2784817_R1.fq.gz	ERR2784742_R1.fq.gz	0.0758001	0	113312/1000000
ERR2784818_R1.fq.gz	ERR2784742_R1.fq.gz	0.0756464	0	113720/1000000
ERR2784824_R1.fq.gz	ERR2784742_R1.fq.gz	0.0599376	0	165519/1000000
ERR2784826_R1.fq.gz	ERR2784742_R1.fq.gz	0.0602405	0	164297/1000000
ERR2784827_R1.fq.gz	ERR2784742_R1.fq.gz	0.0604036	0	163643/1000000
SRR11047625_R1.fq.gz	ERR2784742_R1.fq.gz	0.0755807	0	113895/1000000
SRR11047626_R1.fq.gz	ERR2784742_R1.fq.gz	0.0593862	0	167770/1000000
SRR11047627_R1.fq.gz	ERR2784742_R1.fq.gz	0.112132	0	49822/1000000
SRR11047628_R1.fq.gz	ERR2784742_R1.fq.gz	0.0686366	0	134175/1000000
SRR11047629_R1.fq.gz	ERR2784742_R1.fq.gz	0.0700604	0	129710/1000000
SRR11047631_R1.fq.gz	ERR2784742_R1.fq.gz	0.094638	0	73567/1000000
SRR11047632_R1.fq.gz	ERR2784742_R1.fq.gz	0.084417	0	92815/1000000
SRR11047633_R1.fq.gz	ERR2784742_R1.fq.gz	0.0569204	0	178276/1000000
SRR11047634_R1.fq.gz	ERR2784742_R1.fq.gz	0.0925471	0	77124/1000000
SRR11047635_R1.fq.gz	ERR2784742_R1.fq.gz	0.0675422	0	137724/1000000
SRR11047636_R1.fq.gz	ERR2784742_R1.fq.gz	0.0922085	0	77717/1000000
SRR11047637_R1.fq.gz	ERR2784742_R1.fq.gz	0.0713199	0	125898/1000000
SRR11047639_R1.fq.gz	ERR2784742_R1.fq.gz	0.0733935	0	119890/1000000
SRR11047640_R1.fq.gz	ERR2784742_R1.fq.gz	0.105398	0	57828/1000000
SRR11047641_R1.fq.gz	ERR2784742_R1.fq.gz	0.0782189	0	107099/1000000
SRR11047642_R1.fq.gz	ERR2784742_R1.fq.gz	0.0736148	0	119268/1000000
SRR11047643_R1.fq.gz	ERR2784742_R1.fq.gz	0.0908315	0	80180/1000000
SRR11047644_R1.fq.gz	ERR2784742_R1.fq.gz	0.133448	0	31281/1000000
SRR11047645_R1.fq.gz	ERR2784742_R1.fq.gz	0.0725773	0	122216/1000000
SRR11047647_R1.fq.gz	ERR2784742_R1.fq.gz	0.073857	0	118591/1000000
SRR11047648_R1.fq.gz	ERR2784742_R1.fq.gz	0.0866734	0	88141/1000000
SRR11047649_R1.fq.gz	ERR2784742_R1.fq.gz	0.0702395	0	129160/1000000
SRR11047650_R1.fq.gz	ERR2784742_R1.fq.gz	0.0711379	0	126441/1000000
SRR11047651_R1.fq.gz	ERR2784742_R1.fq.gz	0.0686519	0	134126/1000000
SRR11047653_R1.fq.gz	ERR2784742_R1.fq.gz	0.114808	0	46972/1000000
SRR11047654_R1.fq.gz	ERR2784742_R1.fq.gz	0.0753651	0	114471/1000000
SRR11047655_R1.fq.gz	ERR2784742_R1.fq.gz	0.0761314	0	112438/1000000
SRR11047656_R1.fq.gz	ERR2784742_R1.fq.gz	0.0847887	0	92027/1000000
SRR11047657_R1.fq.gz	ERR2784742_R1.fq.gz	0.0584353	0	171735/1000000
SRR11047658_R1.fq.gz	ERR2784742_R1.fq.gz	0.0810018	0	100409/1000000
SRR11047659_R1.fq.gz	ERR2784742_R1.fq.gz	0.0794368	0	104113/1000000
SRR11047660_R1.fq.gz	ERR2784742_R1.fq.gz	0.0825293	0	96932/1000000
SRR11047661_R1.fq.gz	ERR2784742_R1.fq.gz	0.0637749	0	150772/1000000
SRR11047662_R1.fq.gz	ERR2784742_R1.fq.gz	0.079575	0	103780/1000000
SRR11047663_R1.fq.gz	ERR2784742_R1.fq.gz	0.102994	0	61004/1000000
SRR11047664_R1.fq.gz	ERR2784742_R1.fq.gz	0.0723996	0	122729/1000000
SRR11047665_R1.fq.gz	ERR2784742_R1.fq.gz	0.0754211	0	114321/1000000
SRR11047666_R1.fq.gz	ERR2784742_R1.fq.gz	0.0787918	0	105683/1000000
SRR11047667_R1.fq.gz	ERR2784742_R1.fq.gz	0.0785363	0	106312/1000000
SRR11047668_R1.fq.gz	ERR2784742_R1.fq.gz	0.0740679	0	118005/1000000
SRR11047669_R1.fq.gz	ERR2784742_R1.fq.gz	0.0724349	0	122627/1000000
SRR11047670_R1.fq.gz	ERR2784742_R1.fq.gz	0.0764326	0	111650/1000000
SRR11047671_R1.fq.gz	ERR2784742_R1.fq.gz	0.0690336	0	132913/1000000
SRR11047672_R1.fq.gz	ERR2784742_R1.fq.gz	0.071662	0	124884/1000000
SRR11047673_R1.fq.gz	ERR2784742_R1.fq.gz	0.0751228	0	115122/1000000
ERR2784728_R1.fq.gz	ERR2784743_R1.fq.gz	0.0679351	0	136438/1000000
ERR2784729_R1.fq.gz	ERR2784743_R1.fq.gz	0.0681788	0	135647/1000000
ERR2784730_R1.fq.gz	ERR2784743_R1.fq.gz	0.06934	0	131948/1000000
ERR2784731_R1.fq.gz	ERR2784743_R1.fq.gz	0.0697046	0	130810/1000000
ERR2784741_R1.fq.gz	ERR2784743_R1.fq.gz	0.0194708	0	497443/1000000
ERR2784742_R1.fq.gz	ERR2784743_R1.fq.gz	0.0194797	0	497303/1000000
ERR2784743_R1.fq.gz	ERR2784743_R1.fq.gz	0	0	1000000/1000000
ERR2784752_R1.fq.gz	ERR2784743_R1.fq.gz	0.0651185	0	145965/1000000
ERR2784753_R1.fq.gz	ERR2784743_R1.fq.gz	0.0646411	0	147653/1000000
ERR2784754_R1.fq.gz	ERR2784743_R1.fq.gz	0.0642856	0	148924/1000000
ERR2784755_R1.fq.gz	ERR2784743_R1.fq.gz	0.0643625	0	148648/1000000
ERR2784756_R1.fq.gz	ERR2784743_R1.fq.gz	0.0636409	0	151261/1000000
ERR2784757_R1.fq.gz	ERR2784743_R1.fq.gz	0.0631736	0	152981/1000000
ERR2784759_R1.fq.gz	ERR2784743_R1.fq.gz	0.0626682	0	154866/1000000
ERR2784760_R1.fq.gz	ERR2784743_R1.fq.gz	0.0542129	0	190695/1000000
ERR2784761_R1.fq.gz	ERR2784743_R1.fq.gz	0.0538411	0	192477/1000000
ERR2784762_R1.fq.gz	ERR2784743_R1.fq.gz	0.0537607	0	192865/1000000
ERR2784763_R1.fq.gz	ERR2784743_R1.fq.gz	0.0538615	0	192379/1000000
ERR2784780_R1.fq.gz	ERR2784743_R1.fq.gz	0.0753423	0	114532/1000000
ERR2784781_R1.fq.gz	ERR2784743_R1.fq.gz	0.0748221	0	115936/1000000
ERR2784782_R1.fq.gz	ERR2784743_R1.fq.gz	0.0747518	0	116127/1000000
ERR2784783_R1.fq.gz	ERR2784743_R1.fq.gz	0.074804	0	115985/1000000
ERR2784796_R1.fq.gz	ERR2784743_R1.fq.gz	0.0843424	0	92974/1000000
ERR2784797_R1.fq.gz	ERR2784743_R1.fq.gz	0.0842979	0	93069/1000000
ERR2784798_R1.fq.gz	ERR2784743_R1.fq.gz	0.0854985	0	90542/1000000
ERR2784799_R1.fq.gz	ERR2784743_R1.fq.gz	0.0862535	0	88991/1000000
ERR2784800_R1.fq.gz	ERR2784743_R1.fq.gz	0.0989532	0	66768/1000000
ERR2784801_R1.fq.gz	ERR2784743_R1.fq.gz	0.102562	0	61595/1000000
ERR2784802_R1.fq.gz	ERR2784743_R1.fq.gz	0.107283	0	55459/1000000
ERR2784803_R1.fq.gz	ERR2784743_R1.fq.gz	0.109644	0	52635/1000000
ERR2784804_R1.fq.gz	ERR2784743_R1.fq.gz	0.1615	0	17117/1000000
ERR2784805_R1.fq.gz	ERR2784743_R1.fq.gz	0.165704	0	15648/1000000
ERR2784806_R1.fq.gz	ERR2784743_R1.fq.gz	0.20999	0	6116/1000000
ERR2784807_R1.fq.gz	ERR2784743_R1.fq.gz	0.216406	0	5341/1000000
ERR2784808_R1.fq.gz	ERR2784743_R1.fq.gz	0.0753826	0	114424/1000000
ERR2784809_R1.fq.gz	ERR2784743_R1.fq.gz	0.0751369	0	115084/1000000
ERR2784810_R1.fq.gz	ERR2784743_R1.fq.gz	0.0749504	0	115588/1000000
ERR2784811_R1.fq.gz	ERR2784743_R1.fq.gz	0.0750043	0	115442/1000000
ERR2784816_R1.fq.gz	ERR2784743_R1.fq.gz	0.0769323	0	110356/1000000
ERR2784817_R1.fq.gz	ERR2784743_R1.fq.gz	0.0762012	0	112255/1000000
ERR2784818_R1.fq.gz	ERR2784743_R1.fq.gz	0.076025	0	112718/1000000
ERR2784824_R1.fq.gz	ERR2784743_R1.fq.gz	0.0605161	0	163194/1000000
ERR2784826_R1.fq.gz	ERR2784743_R1.fq.gz	0.0606684	0	162588/1000000
ERR2784827_R1.fq.gz	ERR2784743_R1.fq.gz	0.0608546	0	161851/1000000
SRR11047625_R1.fq.gz	ERR2784743_R1.fq.gz	0.0765533	0	111336/1000000
SRR11047626_R1.fq.gz	ERR2784743_R1.fq.gz	0.0600845	0	164925/1000000
SRR11047627_R1.fq.gz	ERR2784743_R1.fq.gz	0.113925	0	47893/1000000
SRR11047628_R1.fq.gz	ERR2784743_R1.fq.gz	0.0698003	0	130513/1000000
SRR11047629_R1.fq.gz	ERR2784743_R1.fq.gz	0.0711583	0	126380/1000000
SRR11047631_R1.fq.gz	ERR2784743_R1.fq.gz	0.095398	0	72318/1000000
SRR11047632_R1.fq.gz	ERR2784743_R1.fq.gz	0.0856987	0	90128/1000000
SRR11047633_R1.fq.gz	ERR2784743_R1.fq.gz	0.0579175	0	173939/1000000
SRR11047634_R1.fq.gz	ERR2784743_R1.fq.gz	0.0937912	0	74986/1000000
SRR11047635_R1.fq.gz	ERR2784743_R1.fq.gz	0.068302	0	135249/1000000
SRR11047636_R1.fq.gz	ERR2784743_R1.fq.gz	0.0934417	0	75580/1000000
SRR11047637_R1.fq.gz	ERR2784743_R1.fq.gz	0.0724359	0	122624/1000000
SRR11047639_R1.fq.gz	ERR2784743_R1.fq.gz	0.0745035	0	116805/1000000
SRR11047640_R1.fq.gz	ERR2784743_R1.fq.gz	0.106374	0	56588/1000000
SRR11047641_R1.fq.gz	ERR2784743_R1.fq.gz	0.0794215	0	104150/1000000
SRR11047642_R1.fq.gz	ERR2784743_R1.fq.gz	0.0749677	0	115541/1000000
SRR11047643_R1.fq.gz	ERR2784743_R1.fq.gz	0.0924063	0	77370/1000000
SRR11047644_R1.fq.gz	ERR2784743_R1.fq.gz	0.135525	0	29906/1000000
SRR11047645_R1.fq.gz	ERR2784743_R1.fq.gz	0.0738391	0	118641/1000000
SRR11047647_R1.fq.gz	ERR2784743_R1.fq.gz	0.0753319	0	114560/1000000
SRR11047648_R1.fq.gz	ERR2784743_R1.fq.gz	0.0874321	0	86627/1000000
SRR11047649_R1.fq.gz	ERR2784743_R1.fq.gz	0.0708936	0	127174/1000000
SRR11047650_R1.fq.gz	ERR2784743_R1.fq.gz	0.0722823	0	123069/1000000
SRR11047651_R1.fq.gz	ERR2784743_R1.fq.gz	0.0693422	0	131941/1000000
SRR11047653_R1.fq.gz	ERR2784743_R1.fq.gz	0.116769	0	44991/1000000
SRR11047654_R1.fq.gz	ERR2784743_R1.fq.gz	0.0762695	0	112076/1000000
SRR11047655_R1.fq.gz	ERR2784743_R1.fq.gz	0.0773252	0	109350/1000000
SRR11047656_R1.fq.gz	ERR2784743_R1.fq.gz	0.0855526	0	90430/1000000
SRR11047657_R1.fq.gz	ERR2784743_R1.fq.gz	0.0594575	0	167477/1000000
SRR11047658_R1.fq.gz	ERR2784743_R1.fq.gz	0.0825714	0	96838/1000000
SRR11047659_R1.fq.gz	ERR2784743_R1.fq.gz	0.0803869	0	101847/1000000
SRR11047660_R1.fq.gz	ERR2784743_R1.fq.gz	0.0836894	0	94379/1000000
SRR11047661_R1.fq.gz	ERR2784743_R1.fq.gz	0.0646858	0	147494/1000000
SRR11047662_R1.fq.gz	ERR2784743_R1.fq.gz	0.0811876	0	99979/1000000
SRR11047663_R1.fq.gz	ERR2784743_R1.fq.gz	0.104382	0	59148/1000000
SRR11047664_R1.fq.gz	ERR2784743_R1.fq.gz	0.0735086	0	119566/1000000
SRR11047665_R1.fq.gz	ERR2784743_R1.fq.gz	0.0761322	0	112436/1000000
SRR11047666_R1.fq.gz	ERR2784743_R1.fq.gz	0.0796858	0	103514/1000000
SRR11047667_R1.fq.gz	ERR2784743_R1.fq.gz	0.0791668	0	104767/1000000
SRR11047668_R1.fq.gz	ERR2784743_R1.fq.gz	0.0751871	0	114949/1000000
SRR11047669_R1.fq.gz	ERR2784743_R1.fq.gz	0.0737076	0	119008/1000000
SRR11047670_R1.fq.gz	ERR2784743_R1.fq.gz	0.0773103	0	109388/1000000
SRR11047671_R1.fq.gz	ERR2784743_R1.fq.gz	0.0699734	0	129978/1000000
SRR11047672_R1.fq.gz	ERR2784743_R1.fq.gz	0.0729163	0	121244/1000000
SRR11047673_R1.fq.gz	ERR2784743_R1.fq.gz	0.0758791	0	113103/1000000
ERR2784728_R1.fq.gz	ERR2784752_R1.fq.gz	0.0727775	0	121641/1000000
ERR2784729_R1.fq.gz	ERR2784752_R1.fq.gz	0.0736733	0	119104/1000000
ERR2784730_R1.fq.gz	ERR2784752_R1.fq.gz	0.0752164	0	114870/1000000
ERR2784731_R1.fq.gz	ERR2784752_R1.fq.gz	0.0759904	0	112809/1000000
ERR2784741_R1.fq.gz	ERR2784752_R1.fq.gz	0.06323	0	152772/1000000
ERR2784742_R1.fq.gz	ERR2784752_R1.fq.gz	0.0644767	0	148239/1000000
ERR2784743_R1.fq.gz	ERR2784752_R1.fq.gz	0.0651185	0	145965/1000000
ERR2784752_R1.fq.gz	ERR2784752_R1.fq.gz	0	0	1000000/1000000
ERR2784753_R1.fq.gz	ERR2784752_R1.fq.gz	0.0197113	0	493700/1000000
ERR2784754_R1.fq.gz	ERR2784752_R1.fq.gz	0.0202383	0	485627/1000000
ERR2784755_R1.fq.gz	ERR2784752_R1.fq.gz	0.0206944	0	478782/1000000
ERR2784756_R1.fq.gz	ERR2784752_R1.fq.gz	0.059178	0	168629/1000000
ERR2784757_R1.fq.gz	ERR2784752_R1.fq.gz	0.059485	0	167364/1000000
ERR2784759_R1.fq.gz	ERR2784752_R1.fq.gz	0.0607954	0	162085/1000000
ERR2784760_R1.fq.gz	ERR2784752_R1.fq.gz	0.0612679	0	160228/1000000
ERR2784761_R1.fq.gz	ERR2784752_R1.fq.gz	0.0616718	0	158660/1000000
ERR2784762_R1.fq.gz	ERR2784752_R1.fq.gz	0.0625305	0	155384/1000000
ERR2784763_R1.fq.gz	ERR2784752_R1.fq.gz	0.0629663	0	153751/1000000
ERR2784780_R1.fq.gz	ERR2784752_R1.fq.gz	0.0712427	0	126128/1000000
ERR2784781_R1.fq.gz	ERR2784752_R1.fq.gz	0.0716065	0	125048/1000000
ERR2784782_R1.fq.gz	ERR2784752_R1.fq.gz	0.072744	0	121737/1000000
ERR2784783_R1.fq.gz	ERR2784752_R1.fq.gz	0.0733825	0	119921/1000000
ERR2784796_R1.fq.gz	ERR2784752_R1.fq.gz	0.0815451	0	99157/1000000
ERR2784797_R1.fq.gz	ERR2784752_R1.fq.gz	0.0826096	0	96753/1000000
ERR2784798_R1.fq.gz	ERR2784752_R1.fq.gz	0.0846227	0	92378/1000000
ERR2784799_R1.fq.gz	ERR2784752_R1.fq.gz	0.0859383	0	89635/1000000
ERR2784800_R1.fq.gz	ERR2784752_R1.fq.gz	0.110074	0	52137/1000000
ERR2784801_R1.fq.gz	ERR2784752_R1.fq.gz	0.115098	0	46673/1000000
ERR2784802_R1.fq.gz	ERR2784752_R1.fq.gz	0.119694	0	42198/1000000
ERR2784803_R1.fq.gz	ERR2784752_R1.fq.gz	0.122717	0	39500/1000000
ERR2784804_R1.fq.gz	ERR2784752_R1.fq.gz	0.160601	0	17449/1000000
ERR2784805_R1.fq.gz	ERR2784752_R1.fq.gz	0.166023	0	15542/1000000
ERR2784806_R1.fq.gz	ERR2784752_R1.fq.gz	0.215737	0	5417/1000000
ERR2784807_R1.fq.gz	ERR2784752_R1.fq.gz	0.223247	0	4623/1000000
ERR2784808_R1.fq.gz	ERR2784752_R1.fq.gz	0.0764345	0	111645/1000000
ERR2784809_R1.fq.gz	ERR2784752_R1.fq.gz	0.0770993	0	109927/1000000
ERR2784810_R1.fq.gz	ERR2784752_R1.fq.gz	0.0781114	0	107367/1000000
ERR2784811_R1.fq.gz	ERR2784752_R1.fq.gz	0.078499	0	106404/1000000
ERR2784816_R1.fq.gz	ERR2784752_R1.fq.gz	0.0801854	0	102323/1000000
ERR2784817_R1.fq.gz	ERR2784752_R1.fq.gz	0.0806675	0	101188/1000000
ERR2784818_R1.fq.gz	ERR2784752_R1.fq.gz	0.0819487	0	98238/1000000
ERR2784824_R1.fq.gz	ERR2784752_R1.fq.gz	0.0630085	0	153594/1000000
ERR2784826_R1.fq.gz	ERR2784752_R1.fq.gz	0.0642892	0	148911/1000000
ERR2784827_R1.fq.gz	ERR2784752_R1.fq.gz	0.0647849	0	147142/1000000
SRR11047625_R1.fq.gz	ERR2784752_R1.fq.gz	0.076687	0	110989/1000000
SRR11047626_R1.fq.gz	ERR2784752_R1.fq.gz	0.0620913	0	157050/1000000
SRR11047627_R1.fq.gz	ERR2784752_R1.fq.gz	0.0914576	0	79050/1000000
SRR11047628_R1.fq.gz	ERR2784752_R1.fq.gz	0.0661511	0	142388/1000000
SRR11047629_R1.fq.gz	ERR2784752_R1.fq.gz	0.0619851	0	157456/1000000
SRR11047631_R1.fq.gz	ERR2784752_R1.fq.gz	0.0829765	0	95939/1000000
SRR11047632_R1.fq.gz	ERR2784752_R1.fq.gz	0.0678881	0	136591/1000000
SRR11047633_R1.fq.gz	ERR2784752_R1.fq.gz	0.0561983	0	181494/1000000
SRR11047634_R1.fq.gz	ERR2784752_R1.fq.gz	0.0759078	0	113027/1000000
SRR11047635_R1.fq.gz	ERR2784752_R1.fq.gz	0.0659569	0	143053/1000000
SRR11047636_R1.fq.gz	ERR2784752_R1.fq.gz	0.0805847	0	101382/1000000
SRR11047637_R1.fq.gz	ERR2784752_R1.fq.gz	0.0611621	0	160642/1000000
SRR11047639_R1.fq.gz	ERR2784752_R1.fq.gz	0.0637118	0	151002/1000000
SRR11047640_R1.fq.gz	ERR2784752_R1.fq.gz	0.0924835	0	77235/1000000
SRR11047641_R1.fq.gz	ERR2784752_R1.fq.gz	0.0671375	0	139063/1000000
SRR11047642_R1.fq.gz	ERR2784752_R1.fq.gz	0.0733092	0	120128/1000000
SRR11047643_R1.fq.gz	ERR2784752_R1.fq.gz	0.074644	0	116421/1000000
SRR11047644_R1.fq.gz	ERR2784752_R1.fq.gz	0.104224	0	59357/1000000
SRR11047645_R1.fq.gz	ERR2784752_R1.fq.gz	0.0595868	0	166947/1000000
SRR11047647_R1.fq.gz	ERR2784752_R1.fq.gz	0.0643575	0	148666/1000000
SRR11047648_R1.fq.gz	ERR2784752_R1.fq.gz	0.0893531	0	82918/1000000
SRR11047649_R1.fq.gz	ERR2784752_R1.fq.gz	0.0650201	0	146311/1000000
SRR11047650_R1.fq.gz	ERR2784752_R1.fq.gz	0.0673252	0	138440/1000000
SRR11047651_R1.fq.gz	ERR2784752_R1.fq.gz	0.0637499	0	150863/1000000
SRR11047653_R1.fq.gz	ERR2784752_R1.fq.gz	0.0872147	0	87058/1000000
SRR11047654_R1.fq.gz	ERR2784752_R1.fq.gz	0.0711011	0	126551/1000000
SRR11047655_R1.fq.gz	ERR2784752_R1.fq.gz	0.067692	0	137232/1000000
SRR11047656_R1.fq.gz	ERR2784752_R1.fq.gz	0.0701391	0	129468/1000000
SRR11047657_R1.fq.gz	ERR2784752_R1.fq.gz	0.0600107	0	165223/1000000
SRR11047658_R1.fq.gz	ERR2784752_R1.fq.gz	0.0688113	0	133618/1000000
SRR11047659_R1.fq.gz	ERR2784752_R1.fq.gz	0.0724065	0	122709/1000000
SRR11047660_R1.fq.gz	ERR2784752_R1.fq.gz	0.0734418	0	119754/1000000
SRR11047661_R1.fq.gz	ERR2784752_R1.fq.gz	0.0666385	0	140734/1000000
SRR11047662_R1.fq.gz	ERR2784752_R1.fq.gz	0.0623868	0	155927/1000000
SRR11047663_R1.fq.gz	ERR2784752_R1.fq.gz	0.0841013	0	93490/1000000
SRR11047664_R1.fq.gz	ERR2784752_R1.fq.gz	0.0725214	0	122377/1000000
SRR11047665_R1.fq.gz	ERR2784752_R1.fq.gz	0.0780918	0	107416/1000000
SRR11047666_R1.fq.gz	ERR2784752_R1.fq.gz	0.0649127	0	146690/1000000
SRR11047667_R1.fq.gz	ERR2784752_R1.fq.gz	0.0696216	0	131068/1000000
SRR11047668_R1.fq.gz	ERR2784752_R1.fq.gz	0.0719489	0	124041/1000000
SRR11047669_R1.fq.gz	ERR2784752_R1.fq.gz	0.069254	0	132218/1000000
SRR11047670_R1.fq.gz	ERR2784752_R1.fq.gz	0.0678504	0	136714/1000000
SRR11047671_R1.fq.gz	ERR2784752_R1.fq.gz	0.0642689	0	148984/1000000
SRR11047672_R1.fq.gz	ERR2784752_R1.fq.gz	0.0658784	0	143323/1000000
SRR11047673_R1.fq.gz	ERR2784752_R1.fq.gz	0.0679861	0	136272/1000000
ERR2784728_R1.fq.gz	ERR2784753_R1.fq.gz	0.0732208	0	120378/1000000
ERR2784729_R1.fq.gz	ERR2784753_R1.fq.gz	0.07398	0	118249/1000000
ERR2784730_R1.fq.gz	ERR2784753_R1.fq.gz	0.0754768	0	114172/1000000
ERR2784731_R1.fq.gz	ERR2784753_R1.fq.gz	0.0761486	0	112393/1000000
ERR2784741_R1.fq.gz	ERR2784753_R1.fq.gz	0.0630052	0	153606/1000000
ERR2784742_R1.fq.gz	ERR2784753_R1.fq.gz	0.0640338	0	149832/1000000
ERR2784743_R1.fq.gz	ERR2784753_R1.fq.gz	0.0646411	0	147653/1000000
ERR2784752_R1.fq.gz	ERR2784753_R1.fq.gz	0.0197113	0	493700/1000000
ERR2784753_R1.fq.gz	ERR2784753_R1.fq.gz	0	0	1000000/1000000
ERR2784754_R1.fq.gz	ERR2784753_R1.fq.gz	0.0201774	0	486550/1000000
ERR2784755_R1.fq.gz	ERR2784753_R1.fq.gz	0.0205558	0	480848/1000000
ERR2784756_R1.fq.gz	ERR2784753_R1.fq.gz	0.0592581	0	168298/1000000
ERR2784757_R1.fq.gz	ERR2784753_R1.fq.gz	0.0593706	0	167834/1000000
ERR2784759_R1.fq.gz	ERR2784753_R1.fq.gz	0.0605241	0	163162/1000000
ERR2784760_R1.fq.gz	ERR2784753_R1.fq.gz	0.0609677	0	161405/1000000
ERR2784761_R1.fq.gz	ERR2784753_R1.fq.gz	0.061359	0	159873/1000000
ERR2784762_R1.fq.gz	ERR2784753_R1.fq.gz	0.0620395	0	157248/1000000
ERR2784763_R1.fq.gz	ERR2784753_R1.fq.gz	0.0624844	0	155558/1000000
ERR2784780_R1.fq.gz	ERR2784753_R1.fq.gz	0.0717577	0	124602/1000000
ERR2784781_R1.fq.gz	ERR2784753_R1.fq.gz	0.0719618	0	124003/1000000
ERR2784782_R1.fq.gz	ERR2784753_R1.fq.gz	0.0730401	0	120891/1000000
ERR2784783_R1.fq.gz	ERR2784753_R1.fq.gz	0.0734059	0	119855/1000000
ERR2784796_R1.fq.gz	ERR2784753_R1.fq.gz	0.0816825	0	98843/1000000
ERR2784797_R1.fq.gz	ERR2784753_R1.fq.gz	0.0825656	0	96851/1000000
ERR2784798_R1.fq.gz	ERR2784753_R1.fq.gz	0.0845364	0	92561/1000000
ERR2784799_R1.fq.gz	ERR2784753_R1.fq.gz	0.085674	0	90179/1000000
ERR2784800_R1.fq.gz	ERR2784753_R1.fq.gz	0.109963	0	52265/1000000
ERR2784801_R1.fq.gz	ERR2784753_R1.fq.gz	0.114574	0	47214/1000000
ERR2784802_R1.fq.gz	ERR2784753_R1.fq.gz	0.119449	0	42425/1000000
ERR2784803_R1.fq.gz	ERR2784753_R1.fq.gz	0.122121	0	40017/1000000
ERR2784804_R1.fq.gz	ERR2784753_R1.fq.gz	0.159759	0	17766/1000000
ERR2784805_R1.fq.gz	ERR2784753_R1.fq.gz	0.165433	0	15739/1000000
ERR2784806_R1.fq.gz	ERR2784753_R1.fq.gz	0.214062	0	5612/1000000
ERR2784807_R1.fq.gz	ERR2784753_R1.fq.gz	0.222333	0	4713/1000000
ERR2784808_R1.fq.gz	ERR2784753_R1.fq.gz	0.0760371	0	112686/1000000
ERR2784809_R1.fq.gz	ERR2784753_R1.fq.gz	0.0766554	0	111071/1000000
ERR2784810_R1.fq.gz	ERR2784753_R1.fq.gz	0.0775575	0	108760/1000000
ERR2784811_R1.fq.gz	ERR2784753_R1.fq.gz	0.0778715	0	107968/1000000
ERR2784816_R1.fq.gz	ERR2784753_R1.fq.gz	0.0807543	0	100985/1000000
ERR2784817_R1.fq.gz	ERR2784753_R1.fq.gz	0.0811421	0	100084/1000000
ERR2784818_R1.fq.gz	ERR2784753_R1.fq.gz	0.082146	0	97792/1000000
ERR2784824_R1.fq.gz	ERR2784753_R1.fq.gz	0.0633715	0	152250/1000000
ERR2784826_R1.fq.gz	ERR2784753_R1.fq.gz	0.0645392	0	148016/1000000
ERR2784827_R1.fq.gz	ERR2784753_R1.fq.gz	0.0648301	0	146982/1000000
SRR11047625_R1.fq.gz	ERR2784753_R1.fq.gz	0.0778926	0	107915/1000000
SRR11047626_R1.fq.gz	ERR2784753_R1.fq.gz	0.0626086	0	155090/1000000
SRR11047627_R1.fq.gz	ERR2784753_R1.fq.gz	0.0928572	0	76585/1000000
SRR11047628_R1.fq.gz	ERR2784753_R1.fq.gz	0.06761	0	137501/1000000
SRR11047629_R1.fq.gz	ERR2784753_R1.fq.gz	0.0630768	0	153340/1000000
SRR11047631_R1.fq.gz	ERR2784753_R1.fq.gz	0.0835724	0	94633/1000000
SRR11047632_R1.fq.gz	ERR2784753_R1.fq.gz	0.0695398	0	131323/1000000
SRR11047633_R1.fq.gz	ERR2784753_R1.fq.gz	0.0568911	0	178405/1000000
SRR11047634_R1.fq.gz	ERR2784753_R1.fq.gz	0.0772789	0	109468/1000000
SRR11047635_R1.fq.gz	ERR2784753_R1.fq.gz	0.0670432	0	139377/1000000
SRR11047636_R1.fq.gz	ERR2784753_R1.fq.gz	0.0819041	0	98339/1000000
SRR11047637_R1.fq.gz	ERR2784753_R1.fq.gz	0.0622702	0	156369/1000000
SRR11047639_R1.fq.gz	ERR2784753_R1.fq.gz	0.0649971	0	146392/1000000
SRR11047640_R1.fq.gz	ERR2784753_R1.fq.gz	0.0944263	0	73919/1000000
SRR11047641_R1.fq.gz	ERR2784753_R1.fq.gz	0.068366	0	135043/1000000
SRR11047642_R1.fq.gz	ERR2784753_R1.fq.gz	0.0746736	0	116340/1000000
SRR11047643_R1.fq.gz	ERR2784753_R1.fq.gz	0.0761817	0	112306/1000000
SRR11047644_R1.fq.gz	ERR2784753_R1.fq.gz	0.106284	0	56701/1000000
SRR11047645_R1.fq.gz	ERR2784753_R1.fq.gz	0.0609053	0	161651/1000000
SRR11047647_R1.fq.gz	ERR2784753_R1.fq.gz	0.0655915	0	144314/1000000
SRR11047648_R1.fq.gz	ERR2784753_R1.fq.gz	0.0898557	0	81976/1000000
SRR11047649_R1.fq.gz	ERR2784753_R1.fq.gz	0.0662035	0	142209/1000000
SRR11047650_R1.fq.gz	ERR2784753_R1.fq.gz	0.0687121	0	133934/1000000
SRR11047651_R1.fq.gz	ERR2784753_R1.fq.gz	0.0644231	0	148431/1000000
SRR11047653_R1.fq.gz	ERR2784753_R1.fq.gz	0.0892514	0	83110/1000000
SRR11047654_R1.fq.gz	ERR2784753_R1.fq.gz	0.07222	0	123250/1000000
SRR11047655_R1.fq.gz	ERR2784753_R1.fq.gz	0.0692124	0	132349/1000000
SRR11047656_R1.fq.gz	ERR2784753_R1.fq.gz	0.071411	0	125627/1000000
SRR11047657_R1.fq.gz	ERR2784753_R1.fq.gz	0.0610702	0	161002/1000000
SRR11047658_R1.fq.gz	ERR2784753_R1.fq.gz	0.0701925	0	129304/1000000
SRR11047659_R1.fq.gz	ERR2784753_R1.fq.gz	0.0734965	0	119600/1000000
SRR11047660_R1.fq.gz	ERR2784753_R1.fq.gz	0.074648	0	116410/1000000
SRR11047661_R1.fq.gz	ERR2784753_R1.fq.gz	0.067009	0	139491/1000000
SRR11047662_R1.fq.gz	ERR2784753_R1.fq.gz	0.0639242	0	150229/1000000
SRR11047663_R1.fq.gz	ERR2784753_R1.fq.gz	0.0849563	0	91674/1000000
SRR11047664_R1.fq.gz	ERR2784753_R1.fq.gz	0.0739274	0	118395/1000000
SRR11047665_R1.fq.gz	ERR2784753_R1.fq.gz	0.0792022	0	104681/1000000
SRR11047666_R1.fq.gz	ERR2784753_R1.fq.gz	0.0657496	0	143767/1000000
SRR11047667_R1.fq.gz	ERR2784753_R1.fq.gz	0.070336	0	128865/1000000
SRR11047668_R1.fq.gz	ERR2784753_R1.fq.gz	0.0729023	0	121284/1000000
SRR11047669_R1.fq.gz	ERR2784753_R1.fq.gz	0.0702457	0	129141/1000000
SRR11047670_R1.fq.gz	ERR2784753_R1.fq.gz	0.0690285	0	132929/1000000
SRR11047671_R1.fq.gz	ERR2784753_R1.fq.gz	0.0649345	0	146613/1000000
SRR11047672_R1.fq.gz	ERR2784753_R1.fq.gz	0.0671441	0	139041/1000000
SRR11047673_R1.fq.gz	ERR2784753_R1.fq.gz	0.0686642	0	134087/1000000
ERR2784728_R1.fq.gz	ERR2784754_R1.fq.gz	0.0740726	0	117992/1000000
ERR2784729_R1.fq.gz	ERR2784754_R1.fq.gz	0.0746487	0	116408/1000000
ERR2784730_R1.fq.gz	ERR2784754_R1.fq.gz	0.0759662	0	112873/1000000
ERR2784731_R1.fq.gz	ERR2784754_R1.fq.gz	0.0765679	0	111298/1000000
ERR2784741_R1.fq.gz	ERR2784754_R1.fq.gz	0.0629285	0	153892/1000000
ERR2784742_R1.fq.gz	ERR2784754_R1.fq.gz	0.0637798	0	150754/1000000
ERR2784743_R1.fq.gz	ERR2784754_R1.fq.gz	0.0642856	0	148924/1000000
ERR2784752_R1.fq.gz	ERR2784754_R1.fq.gz	0.0202383	0	485627/1000000
ERR2784753_R1.fq.gz	ERR2784754_R1.fq.gz	0.0201774	0	486550/1000000
ERR2784754_R1.fq.gz	ERR2784754_R1.fq.gz	0	0	1000000/1000000
ERR2784755_R1.fq.gz	ERR2784754_R1.fq.gz	0.0204879	0	481865/1000000
ERR2784756_R1.fq.gz	ERR2784754_R1.fq.gz	0.0595196	0	167222/1000000
ERR2784757_R1.fq.gz	ERR2784754_R1.fq.gz	0.0595983	0	166900/1000000
ERR2784759_R1.fq.gz	ERR2784754_R1.fq.gz	0.0602245	0	164361/1000000
ERR2784760_R1.fq.gz	ERR2784754_R1.fq.gz	0.0605118	0	163211/1000000
ERR2784761_R1.fq.gz	ERR2784754_R1.fq.gz	0.0607749	0	162166/1000000
ERR2784762_R1.fq.gz	ERR2784754_R1.fq.gz	0.0613562	0	159884/1000000
ERR2784763_R1.fq.gz	ERR2784754_R1.fq.gz	0.0616602	0	158705/1000000
ERR2784780_R1.fq.gz	ERR2784754_R1.fq.gz	0.0726733	0	121940/1000000
ERR2784781_R1.fq.gz	ERR2784754_R1.fq.gz	0.0727555	0	121704/1000000
ERR2784782_R1.fq.gz	ERR2784754_R1.fq.gz	0.0735072	0	119570/1000000
ERR2784783_R1.fq.gz	ERR2784754_R1.fq.gz	0.073871	0	118552/1000000
ERR2784796_R1.fq.gz	ERR2784754_R1.fq.gz	0.0820556	0	97996/1000000
ERR2784797_R1.fq.gz	ERR2784754_R1.fq.gz	0.0828116	0	96304/1000000
ERR2784798_R1.fq.gz	ERR2784754_R1.fq.gz	0.0843794	0	92895/1000000
ERR2784799_R1.fq.gz	ERR2784754_R1.fq.gz	0.0855666	0	90401/1000000
ERR2784800_R1.fq.gz	ERR2784754_R1.fq.gz	0.109982	0	52243/1000000
ERR2784801_R1.fq.gz	ERR2784754_R1.fq.gz	0.114433	0	47361/1000000
ERR2784802_R1.fq.gz	ERR2784754_R1.fq.gz	0.11929	0	42573/1000000
ERR2784803_R1.fq.gz	ERR2784754_R1.fq.gz	0.121869	0	40238/1000000
ERR2784804_R1.fq.gz	ERR2784754_R1.fq.gz	0.159248	0	17961/1000000
ERR2784805_R1.fq.gz	ERR2784754_R1.fq.gz	0.164638	0	16008/1000000
ERR2784806_R1.fq.gz	ERR2784754_R1.fq.gz	0.212461	0	5805/1000000
ERR2784807_R1.fq.gz	ERR2784754_R1.fq.gz	0.219788	0	4973/1000000
ERR2784808_R1.fq.gz	ERR2784754_R1.fq.gz	0.0757835	0	113356/1000000
ERR2784809_R1.fq.gz	ERR2784754_R1.fq.gz	0.0762054	0	112244/1000000
ERR2784810_R1.fq.gz	ERR2784754_R1.fq.gz	0.077028	0	110110/1000000
ERR2784811_R1.fq.gz	ERR2784754_R1.fq.gz	0.0771919	0	109690/1000000
ERR2784816_R1.fq.gz	ERR2784754_R1.fq.gz	0.0812877	0	99748/1000000
ERR2784817_R1.fq.gz	ERR2784754_R1.fq.gz	0.0815718	0	99096/1000000
ERR2784818_R1.fq.gz	ERR2784754_R1.fq.gz	0.0823381	0	97360/1000000
ERR2784824_R1.fq.gz	ERR2784754_R1.fq.gz	0.0641731	0	149329/1000000
ERR2784826_R1.fq.gz	ERR2784754_R1.fq.gz	0.0649563	0	146536/1000000
ERR2784827_R1.fq.gz	ERR2784754_R1.fq.gz	0.0652431	0	145528/1000000
SRR11047625_R1.fq.gz	ERR2784754_R1.fq.gz	0.0799522	0	102877/1000000
SRR11047626_R1.fq.gz	ERR2784754_R1.fq.gz	0.0632449	0	152717/1000000
SRR11047627_R1.fq.gz	ERR2784754_R1.fq.gz	0.094783	0	73327/1000000
SRR11047628_R1.fq.gz	ERR2784754_R1.fq.gz	0.0695876	0	131174/1000000
SRR11047629_R1.fq.gz	ERR2784754_R1.fq.gz	0.0647973	0	147098/1000000
SRR11047631_R1.fq.gz	ERR2784754_R1.fq.gz	0.0850001	0	91582/1000000
SRR11047632_R1.fq.gz	ERR2784754_R1.fq.gz	0.072045	0	123760/1000000
SRR11047633_R1.fq.gz	ERR2784754_R1.fq.gz	0.0583533	0	172082/1000000
SRR11047634_R1.fq.gz	ERR2784754_R1.fq.gz	0.0793235	0	104387/1000000
SRR11047635_R1.fq.gz	ERR2784754_R1.fq.gz	0.0684693	0	134711/1000000
SRR11047636_R1.fq.gz	ERR2784754_R1.fq.gz	0.0839981	0	93712/1000000
SRR11047637_R1.fq.gz	ERR2784754_R1.fq.gz	0.0639479	0	150143/1000000
SRR11047639_R1.fq.gz	ERR2784754_R1.fq.gz	0.0667859	0	140238/1000000
SRR11047640_R1.fq.gz	ERR2784754_R1.fq.gz	0.0971827	0	69473/1000000
SRR11047641_R1.fq.gz	ERR2784754_R1.fq.gz	0.0704547	0	128503/1000000
SRR11047642_R1.fq.gz	ERR2784754_R1.fq.gz	0.0770919	0	109946/1000000
SRR11047643_R1.fq.gz	ERR2784754_R1.fq.gz	0.0783573	0	106755/1000000
SRR11047644_R1.fq.gz	ERR2784754_R1.fq.gz	0.10898	0	53413/1000000
SRR11047645_R1.fq.gz	ERR2784754_R1.fq.gz	0.0627247	0	154654/1000000
SRR11047647_R1.fq.gz	ERR2784754_R1.fq.gz	0.0674921	0	137889/1000000
SRR11047648_R1.fq.gz	ERR2784754_R1.fq.gz	0.0910979	0	79697/1000000
SRR11047649_R1.fq.gz	ERR2784754_R1.fq.gz	0.0676838	0	137259/1000000
SRR11047650_R1.fq.gz	ERR2784754_R1.fq.gz	0.0706176	0	128008/1000000
SRR11047651_R1.fq.gz	ERR2784754_R1.fq.gz	0.0659246	0	143164/1000000
SRR11047653_R1.fq.gz	ERR2784754_R1.fq.gz	0.0923481	0	77472/1000000
SRR11047654_R1.fq.gz	ERR2784754_R1.fq.gz	0.0737255	0	118958/1000000
SRR11047655_R1.fq.gz	ERR2784754_R1.fq.gz	0.0713007	0	125955/1000000
SRR11047656_R1.fq.gz	ERR2784754_R1.fq.gz	0.0736855	0	119070/1000000
SRR11047657_R1.fq.gz	ERR2784754_R1.fq.gz	0.0627119	0	154702/1000000
SRR11047658_R1.fq.gz	ERR2784754_R1.fq.gz	0.0726315	0	122060/1000000
SRR11047659_R1.fq.gz	ERR2784754_R1.fq.gz	0.0750402	0	115345/1000000
SRR11047660_R1.fq.gz	ERR2784754_R1.fq.gz	0.0766778	0	111013/1000000
SRR11047661_R1.fq.gz	ERR2784754_R1.fq.gz	0.0677415	0	137070/1000000
SRR11047662_R1.fq.gz	ERR2784754_R1.fq.gz	0.0664677	0	141311/1000000
SRR11047663_R1.fq.gz	ERR2784754_R1.fq.gz	0.0863381	0	88819/1000000
SRR11047664_R1.fq.gz	ERR2784754_R1.fq.gz	0.0760109	0	112755/1000000
SRR11047665_R1.fq.gz	ERR2784754_R1.fq.gz	0.0807141	0	101079/1000000
SRR11047666_R1.fq.gz	ERR2784754_R1.fq.gz	0.0669758	0	139602/1000000
SRR11047667_R1.fq.gz	ERR2784754_R1.fq.gz	0.0717299	0	124684/1000000
SRR11047668_R1.fq.gz	ERR2784754_R1.fq.gz	0.0745411	0	116702/1000000
SRR11047669_R1.fq.gz	ERR2784754_R1.fq.gz	0.0718878	0	124220/1000000
SRR11047670_R1.fq.gz	ERR2784754_R1.fq.gz	0.0709757	0	126927/1000000
SRR11047671_R1.fq.gz	ERR2784754_R1.fq.gz	0.065811	0	143555/1000000
SRR11047672_R1.fq.gz	ERR2784754_R1.fq.gz	0.0693828	0	131814/1000000
SRR11047673_R1.fq.gz	ERR2784754_R1.fq.gz	0.0696219	0	131067/1000000
ERR2784728_R1.fq.gz	ERR2784755_R1.fq.gz	0.0747173	0	116221/1000000
ERR2784729_R1.fq.gz	ERR2784755_R1.fq.gz	0.0752443	0	114795/1000000
ERR2784730_R1.fq.gz	ERR2784755_R1.fq.gz	0.0762542	0	112116/1000000
ERR2784731_R1.fq.gz	ERR2784755_R1.fq.gz	0.0770681	0	110007/1000000
ERR2784741_R1.fq.gz	ERR2784755_R1.fq.gz	0.0631709	0	152991/1000000
ERR2784742_R1.fq.gz	ERR2784755_R1.fq.gz	0.0639692	0	150066/1000000
ERR2784743_R1.fq.gz	ERR2784755_R1.fq.gz	0.0643625	0	148648/1000000
ERR2784752_R1.fq.gz	ERR2784755_R1.fq.gz	0.0206944	0	478782/1000000
ERR2784753_R1.fq.gz	ERR2784755_R1.fq.gz	0.0205558	0	480848/1000000
ERR2784754_R1.fq.gz	ERR2784755_R1.fq.gz	0.0204879	0	481865/1000000
ERR2784755_R1.fq.gz	ERR2784755_R1.fq.gz	0	0	1000000/1000000
ERR2784756_R1.fq.gz	ERR2784755_R1.fq.gz	0.0599129	0	165619/1000000
ERR2784757_R1.fq.gz	ERR2784755_R1.fq.gz	0.0599496	0	165470/1000000
ERR2784759_R1.fq.gz	ERR2784755_R1.fq.gz	0.0605384	0	163105/1000000
ERR2784760_R1.fq.gz	ERR2784755_R1.fq.gz	0.060602	0	162852/1000000
ERR2784761_R1.fq.gz	ERR2784755_R1.fq.gz	0.060808	0	162035/1000000
ERR2784762_R1.fq.gz	ERR2784755_R1.fq.gz	0.0614016	0	159707/1000000
ERR2784763_R1.fq.gz	ERR2784755_R1.fq.gz	0.0617234	0	158461/1000000
ERR2784780_R1.fq.gz	ERR2784755_R1.fq.gz	0.0732014	0	120433/1000000
ERR2784781_R1.fq.gz	ERR2784755_R1.fq.gz	0.0731327	0	120628/1000000
ERR2784782_R1.fq.gz	ERR2784755_R1.fq.gz	0.073728	0	118951/1000000
ERR2784783_R1.fq.gz	ERR2784755_R1.fq.gz	0.0741442	0	117794/1000000
ERR2784796_R1.fq.gz	ERR2784755_R1.fq.gz	0.0825436	0	96900/1000000
ERR2784797_R1.fq.gz	ERR2784755_R1.fq.gz	0.083099	0	95669/1000000
ERR2784798_R1.fq.gz	ERR2784755_R1.fq.gz	0.0847815	0	92042/1000000
ERR2784799_R1.fq.gz	ERR2784755_R1.fq.gz	0.08572	0	90084/1000000
ERR2784800_R1.fq.gz	ERR2784755_R1.fq.gz	0.110129	0	52074/1000000
ERR2784801_R1.fq.gz	ERR2784755_R1.fq.gz	0.114636	0	47150/1000000
ERR2784802_R1.fq.gz	ERR2784755_R1.fq.gz	0.119303	0	42560/1000000
ERR2784803_R1.fq.gz	ERR2784755_R1.fq.gz	0.121717	0	40372/1000000
ERR2784804_R1.fq.gz	ERR2784755_R1.fq.gz	0.158999	0	18057/1000000
ERR2784805_R1.fq.gz	ERR2784755_R1.fq.gz	0.164131	0	16182/1000000
ERR2784806_R1.fq.gz	ERR2784755_R1.fq.gz	0.211797	0	5887/1000000
ERR2784807_R1.fq.gz	ERR2784755_R1.fq.gz	0.219163	0	5039/1000000
ERR2784808_R1.fq.gz	ERR2784755_R1.fq.gz	0.0758991	0	113050/1000000
ERR2784809_R1.fq.gz	ERR2784755_R1.fq.gz	0.0762913	0	112019/1000000
ERR2784810_R1.fq.gz	ERR2784755_R1.fq.gz	0.0769583	0	110289/1000000
ERR2784811_R1.fq.gz	ERR2784755_R1.fq.gz	0.0771372	0	109830/1000000
ERR2784816_R1.fq.gz	ERR2784755_R1.fq.gz	0.0816768	0	98856/1000000
ERR2784817_R1.fq.gz	ERR2784755_R1.fq.gz	0.0818548	0	98451/1000000
ERR2784818_R1.fq.gz	ERR2784755_R1.fq.gz	0.082451	0	97107/1000000
ERR2784824_R1.fq.gz	ERR2784755_R1.fq.gz	0.0648326	0	146973/1000000
ERR2784826_R1.fq.gz	ERR2784755_R1.fq.gz	0.0653132	0	145283/1000000
ERR2784827_R1.fq.gz	ERR2784755_R1.fq.gz	0.0656718	0	144036/1000000
SRR11047625_R1.fq.gz	ERR2784755_R1.fq.gz	0.0808663	0	100724/1000000
SRR11047626_R1.fq.gz	ERR2784755_R1.fq.gz	0.0636335	0	151288/1000000
SRR11047627_R1.fq.gz	ERR2784755_R1.fq.gz	0.0958648	0	71562/1000000
SRR11047628_R1.fq.gz	ERR2784755_R1.fq.gz	0.0706077	0	128038/1000000
SRR11047629_R1.fq.gz	ERR2784755_R1.fq.gz	0.0656926	0	143964/1000000
SRR11047631_R1.fq.gz	ERR2784755_R1.fq.gz	0.0856686	0	90190/1000000
SRR11047632_R1.fq.gz	ERR2784755_R1.fq.gz	0.073253	0	120287/1000000
SRR11047633_R1.fq.gz	ERR2784755_R1.fq.gz	0.059151	0	168741/1000000
SRR11047634_R1.fq.gz	ERR2784755_R1.fq.gz	0.080364	0	101901/1000000
SRR11047635_R1.fq.gz	ERR2784755_R1.fq.gz	0.0694642	0	131559/1000000
SRR11047636_R1.fq.gz	ERR2784755_R1.fq.gz	0.0850463	0	91485/1000000
SRR11047637_R1.fq.gz	ERR2784755_R1.fq.gz	0.0648524	0	146903/1000000
SRR11047639_R1.fq.gz	ERR2784755_R1.fq.gz	0.0677543	0	137028/1000000
SRR11047640_R1.fq.gz	ERR2784755_R1.fq.gz	0.0983294	0	67708/1000000
SRR11047641_R1.fq.gz	ERR2784755_R1.fq.gz	0.0713989	0	125663/1000000
SRR11047642_R1.fq.gz	ERR2784755_R1.fq.gz	0.0782153	0	107108/1000000
SRR11047643_R1.fq.gz	ERR2784755_R1.fq.gz	0.0795709	0	103790/1000000
SRR11047644_R1.fq.gz	ERR2784755_R1.fq.gz	0.11017	0	52027/1000000
SRR11047645_R1.fq.gz	ERR2784755_R1.fq.gz	0.0637587	0	150831/1000000
SRR11047647_R1.fq.gz	ERR2784755_R1.fq.gz	0.0684173	0	134878/1000000
SRR11047648_R1.fq.gz	ERR2784755_R1.fq.gz	0.0916601	0	78688/1000000
SRR11047649_R1.fq.gz	ERR2784755_R1.fq.gz	0.0685185	0	134553/1000000
SRR11047650_R1.fq.gz	ERR2784755_R1.fq.gz	0.0717119	0	124737/1000000
SRR11047651_R1.fq.gz	ERR2784755_R1.fq.gz	0.0667413	0	140388/1000000
SRR11047653_R1.fq.gz	ERR2784755_R1.fq.gz	0.0937427	0	75068/1000000
SRR11047654_R1.fq.gz	ERR2784755_R1.fq.gz	0.0748707	0	115804/1000000
SRR11047655_R1.fq.gz	ERR2784755_R1.fq.gz	0.0723917	0	122752/1000000
SRR11047656_R1.fq.gz	ERR2784755_R1.fq.gz	0.0746048	0	116528/1000000
SRR11047657_R1.fq.gz	ERR2784755_R1.fq.gz	0.0636453	0	151245/1000000
SRR11047658_R1.fq.gz	ERR2784755_R1.fq.gz	0.0737391	0	118920/1000000
SRR11047659_R1.fq.gz	ERR2784755_R1.fq.gz	0.0758129	0	113278/1000000
SRR11047660_R1.fq.gz	ERR2784755_R1.fq.gz	0.0775879	0	108683/1000000
SRR11047661_R1.fq.gz	ERR2784755_R1.fq.gz	0.0683523	0	135087/1000000
SRR11047662_R1.fq.gz	ERR2784755_R1.fq.gz	0.0677161	0	137153/1000000
SRR11047663_R1.fq.gz	ERR2784755_R1.fq.gz	0.0871026	0	87281/1000000
SRR11047664_R1.fq.gz	ERR2784755_R1.fq.gz	0.0770241	0	110120/1000000
SRR11047665_R1.fq.gz	ERR2784755_R1.fq.gz	0.081419	0	99446/1000000
SRR11047666_R1.fq.gz	ERR2784755_R1.fq.gz	0.0678173	0	136822/1000000
SRR11047667_R1.fq.gz	ERR2784755_R1.fq.gz	0.072491	0	122465/1000000
SRR11047668_R1.fq.gz	ERR2784755_R1.fq.gz	0.0752153	0	114873/1000000
SRR11047669_R1.fq.gz	ERR2784755_R1.fq.gz	0.0728592	0	121407/1000000
SRR11047670_R1.fq.gz	ERR2784755_R1.fq.gz	0.071755	0	124610/1000000
SRR11047671_R1.fq.gz	ERR2784755_R1.fq.gz	0.0664796	0	141271/1000000
SRR11047672_R1.fq.gz	ERR2784755_R1.fq.gz	0.0704133	0	128629/1000000
SRR11047673_R1.fq.gz	ERR2784755_R1.fq.gz	0.0702683	0	129072/1000000
ERR2784728_R1.fq.gz	ERR2784756_R1.fq.gz	0.0691898	0	132420/1000000
ERR2784729_R1.fq.gz	ERR2784756_R1.fq.gz	0.0695414	0	131318/1000000
ERR2784730_R1.fq.gz	ERR2784756_R1.fq.gz	0.0705368	0	128253/1000000
ERR2784731_R1.fq.gz	ERR2784756_R1.fq.gz	0.0709634	0	126964/1000000
ERR2784741_R1.fq.gz	ERR2784756_R1.fq.gz	0.0625321	0	155378/1000000
ERR2784742_R1.fq.gz	ERR2784756_R1.fq.gz	0.0633367	0	152378/1000000
ERR2784743_R1.fq.gz	ERR2784756_R1.fq.gz	0.0636409	0	151261/1000000
ERR2784752_R1.fq.gz	ERR2784756_R1.fq.gz	0.059178	0	168629/1000000
ERR2784753_R1.fq.gz	ERR2784756_R1.fq.gz	0.0592581	0	168298/1000000
ERR2784754_R1.fq.gz	ERR2784756_R1.fq.gz	0.0595196	0	167222/1000000
ERR2784755_R1.fq.gz	ERR2784756_R1.fq.gz	0.0599129	0	165619/1000000
ERR2784756_R1.fq.gz	ERR2784756_R1.fq.gz	0	0	1000000/1000000
ERR2784757_R1.fq.gz	ERR2784756_R1.fq.gz	0.0193982	0	498580/1000000
ERR2784759_R1.fq.gz	ERR2784756_R1.fq.gz	0.0200157	0	489015/1000000
ERR2784760_R1.fq.gz	ERR2784756_R1.fq.gz	0.0573363	0	176452/1000000
ERR2784761_R1.fq.gz	ERR2784756_R1.fq.gz	0.057602	0	175298/1000000
ERR2784762_R1.fq.gz	ERR2784756_R1.fq.gz	0.0583316	0	172174/1000000
ERR2784763_R1.fq.gz	ERR2784756_R1.fq.gz	0.0585989	0	171045/1000000
ERR2784780_R1.fq.gz	ERR2784756_R1.fq.gz	0.0820751	0	97952/1000000
ERR2784781_R1.fq.gz	ERR2784756_R1.fq.gz	0.0827057	0	96539/1000000
ERR2784782_R1.fq.gz	ERR2784756_R1.fq.gz	0.0838886	0	93948/1000000
ERR2784783_R1.fq.gz	ERR2784756_R1.fq.gz	0.0844217	0	92805/1000000
ERR2784796_R1.fq.gz	ERR2784756_R1.fq.gz	0.0849801	0	91624/1000000
ERR2784797_R1.fq.gz	ERR2784756_R1.fq.gz	0.085689	0	90148/1000000
ERR2784798_R1.fq.gz	ERR2784756_R1.fq.gz	0.0875756	0	86344/1000000
ERR2784799_R1.fq.gz	ERR2784756_R1.fq.gz	0.0886804	0	84197/1000000
ERR2784800_R1.fq.gz	ERR2784756_R1.fq.gz	0.103532	0	60278/1000000
ERR2784801_R1.fq.gz	ERR2784756_R1.fq.gz	0.107318	0	55416/1000000
ERR2784802_R1.fq.gz	ERR2784756_R1.fq.gz	0.112016	0	49950/1000000
ERR2784803_R1.fq.gz	ERR2784756_R1.fq.gz	0.11458	0	47208/1000000
ERR2784804_R1.fq.gz	ERR2784756_R1.fq.gz	0.169918	0	14304/1000000
ERR2784805_R1.fq.gz	ERR2784756_R1.fq.gz	0.17498	0	12843/1000000
ERR2784806_R1.fq.gz	ERR2784756_R1.fq.gz	0.221753	0	4771/1000000
ERR2784807_R1.fq.gz	ERR2784756_R1.fq.gz	0.228639	0	4126/1000000
ERR2784808_R1.fq.gz	ERR2784756_R1.fq.gz	0.073838	0	118644/1000000
ERR2784809_R1.fq.gz	ERR2784756_R1.fq.gz	0.0738732	0	118546/1000000
ERR2784810_R1.fq.gz	ERR2784756_R1.fq.gz	0.07409	0	117944/1000000
ERR2784811_R1.fq.gz	ERR2784756_R1.fq.gz	0.0744397	0	116980/1000000
ERR2784816_R1.fq.gz	ERR2784756_R1.fq.gz	0.0805604	0	101439/1000000
ERR2784817_R1.fq.gz	ERR2784756_R1.fq.gz	0.0809699	0	100483/1000000
ERR2784818_R1.fq.gz	ERR2784756_R1.fq.gz	0.0824068	0	97206/1000000
ERR2784824_R1.fq.gz	ERR2784756_R1.fq.gz	0.0679698	0	136325/1000000
ERR2784826_R1.fq.gz	ERR2784756_R1.fq.gz	0.0692999	0	132074/1000000
ERR2784827_R1.fq.gz	ERR2784756_R1.fq.gz	0.0698711	0	130294/1000000
SRR11047625_R1.fq.gz	ERR2784756_R1.fq.gz	0.0768062	0	110681/1000000
SRR11047626_R1.fq.gz	ERR2784756_R1.fq.gz	0.0598779	0	165761/1000000
SRR11047627_R1.fq.gz	ERR2784756_R1.fq.gz	0.101208	0	63484/1000000
SRR11047628_R1.fq.gz	ERR2784756_R1.fq.gz	0.0679753	0	136307/1000000
SRR11047629_R1.fq.gz	ERR2784756_R1.fq.gz	0.0708338	0	127354/1000000
SRR11047631_R1.fq.gz	ERR2784756_R1.fq.gz	0.0909152	0	80028/1000000
SRR11047632_R1.fq.gz	ERR2784756_R1.fq.gz	0.0788783	0	105471/1000000
SRR11047633_R1.fq.gz	ERR2784756_R1.fq.gz	0.0656926	0	143964/1000000
SRR11047634_R1.fq.gz	ERR2784756_R1.fq.gz	0.0940828	0	74494/1000000
SRR11047635_R1.fq.gz	ERR2784756_R1.fq.gz	0.0671673	0	138964/1000000
SRR11047636_R1.fq.gz	ERR2784756_R1.fq.gz	0.0844894	0	92661/1000000
SRR11047637_R1.fq.gz	ERR2784756_R1.fq.gz	0.0685756	0	134370/1000000
SRR11047639_R1.fq.gz	ERR2784756_R1.fq.gz	0.0645838	0	147857/1000000
SRR11047640_R1.fq.gz	ERR2784756_R1.fq.gz	0.108932	0	53470/1000000
SRR11047641_R1.fq.gz	ERR2784756_R1.fq.gz	0.0723364	0	122912/1000000
SRR11047642_R1.fq.gz	ERR2784756_R1.fq.gz	0.071169	0	126348/1000000
SRR11047643_R1.fq.gz	ERR2784756_R1.fq.gz	0.0863746	0	88745/1000000
SRR11047644_R1.fq.gz	ERR2784756_R1.fq.gz	0.106629	0	56269/1000000
SRR11047645_R1.fq.gz	ERR2784756_R1.fq.gz	0.0644027	0	148504/1000000
SRR11047647_R1.fq.gz	ERR2784756_R1.fq.gz	0.065927	0	143156/1000000
SRR11047648_R1.fq.gz	ERR2784756_R1.fq.gz	0.0902832	0	81184/1000000
SRR11047649_R1.fq.gz	ERR2784756_R1.fq.gz	0.0624961	0	155514/1000000
SRR11047650_R1.fq.gz	ERR2784756_R1.fq.gz	0.0766064	0	111198/1000000
SRR11047651_R1.fq.gz	ERR2784756_R1.fq.gz	0.0621821	0	156704/1000000
SRR11047653_R1.fq.gz	ERR2784756_R1.fq.gz	0.101841	0	62594/1000000
SRR11047654_R1.fq.gz	ERR2784756_R1.fq.gz	0.0766357	0	111122/1000000
SRR11047655_R1.fq.gz	ERR2784756_R1.fq.gz	0.0784247	0	106588/1000000
SRR11047656_R1.fq.gz	ERR2784756_R1.fq.gz	0.0768581	0	110547/1000000
SRR11047657_R1.fq.gz	ERR2784756_R1.fq.gz	0.0594108	0	167669/1000000
SRR11047658_R1.fq.gz	ERR2784756_R1.fq.gz	0.0717312	0	124680/1000000
SRR11047659_R1.fq.gz	ERR2784756_R1.fq.gz	0.0800055	0	102750/1000000
SRR11047660_R1.fq.gz	ERR2784756_R1.fq.gz	0.0821735	0	97730/1000000
SRR11047661_R1.fq.gz	ERR2784756_R1.fq.gz	0.0751121	0	115151/1000000
SRR11047662_R1.fq.gz	ERR2784756_R1.fq.gz	0.0744426	0	116972/1000000
SRR11047663_R1.fq.gz	ERR2784756_R1.fq.gz	0.0800973	0	102532/1000000
SRR11047664_R1.fq.gz	ERR2784756_R1.fq.gz	0.0831549	0	95546/1000000
SRR11047665_R1.fq.gz	ERR2784756_R1.fq.gz	0.0832752	0	95282/1000000
SRR11047666_R1.fq.gz	ERR2784756_R1.fq.gz	0.0722571	0	123142/1000000
SRR11047667_R1.fq.gz	ERR2784756_R1.fq.gz	0.0784142	0	106614/1000000
SRR11047668_R1.fq.gz	ERR2784756_R1.fq.gz	0.0762302	0	112179/1000000
SRR11047669_R1.fq.gz	ERR2784756_R1.fq.gz	0.0738804	0	118526/1000000
SRR11047670_R1.fq.gz	ERR2784756_R1.fq.gz	0.0766326	0	111130/1000000
SRR11047671_R1.fq.gz	ERR2784756_R1.fq.gz	0.070371	0	128758/1000000
SRR11047672_R1.fq.gz	ERR2784756_R1.fq.gz	0.0732173	0	120388/1000000
SRR11047673_R1.fq.gz	ERR2784756_R1.fq.gz	0.0639733	0	150051/1000000
ERR2784728_R1.fq.gz	ERR2784757_R1.fq.gz	0.069275	0	132152/1000000
ERR2784729_R1.fq.gz	ERR2784757_R1.fq.gz	0.069494	0	131466/1000000
ERR2784730_R1.fq.gz	ERR2784757_R1.fq.gz	0.0704084	0	128644/1000000
ERR2784731_R1.fq.gz	ERR2784757_R1.fq.gz	0.0707285	0	127672/1000000
ERR2784741_R1.fq.gz	ERR2784757_R1.fq.gz	0.0623467	0	156079/1000000
ERR2784742_R1.fq.gz	ERR2784757_R1.fq.gz	0.0628278	0	154268/1000000
ERR2784743_R1.fq.gz	ERR2784757_R1.fq.gz	0.0631736	0	152981/1000000
ERR2784752_R1.fq.gz	ERR2784757_R1.fq.gz	0.059485	0	167364/1000000
ERR2784753_R1.fq.gz	ERR2784757_R1.fq.gz	0.0593706	0	167834/1000000
ERR2784754_R1.fq.gz	ERR2784757_R1.fq.gz	0.0595983	0	166900/1000000
ERR2784755_R1.fq.gz	ERR2784757_R1.fq.gz	0.0599496	0	165470/1000000
ERR2784756_R1.fq.gz	ERR2784757_R1.fq.gz	0.0193982	0	498580/1000000
ERR2784757_R1.fq.gz	ERR2784757_R1.fq.gz	0	0	1000000/1000000
ERR2784759_R1.fq.gz	ERR2784757_R1.fq.gz	0.0197033	0	493823/1000000
ERR2784760_R1.fq.gz	ERR2784757_R1.fq.gz	0.0566246	0	179586/1000000
ERR2784761_R1.fq.gz	ERR2784757_R1.fq.gz	0.0568461	0	178604/1000000
ERR2784762_R1.fq.gz	ERR2784757_R1.fq.gz	0.0574344	0	176025/1000000
ERR2784763_R1.fq.gz	ERR2784757_R1.fq.gz	0.0576946	0	174898/1000000
ERR2784780_R1.fq.gz	ERR2784757_R1.fq.gz	0.0826185	0	96733/1000000
ERR2784781_R1.fq.gz	ERR2784757_R1.fq.gz	0.0830958	0	95676/1000000
ERR2784782_R1.fq.gz	ERR2784757_R1.fq.gz	0.0840762	0	93544/1000000
ERR2784783_R1.fq.gz	ERR2784757_R1.fq.gz	0.0845783	0	92472/1000000
ERR2784796_R1.fq.gz	ERR2784757_R1.fq.gz	0.0853652	0	90819/1000000
ERR2784797_R1.fq.gz	ERR2784757_R1.fq.gz	0.0857773	0	89966/1000000
ERR2784798_R1.fq.gz	ERR2784757_R1.fq.gz	0.0874504	0	86591/1000000
ERR2784799_R1.fq.gz	ERR2784757_R1.fq.gz	0.0885611	0	84426/1000000
ERR2784800_R1.fq.gz	ERR2784757_R1.fq.gz	0.103522	0	60292/1000000
ERR2784801_R1.fq.gz	ERR2784757_R1.fq.gz	0.107276	0	55468/1000000
ERR2784802_R1.fq.gz	ERR2784757_R1.fq.gz	0.111965	0	50006/1000000
ERR2784803_R1.fq.gz	ERR2784757_R1.fq.gz	0.113965	0	47851/1000000
ERR2784804_R1.fq.gz	ERR2784757_R1.fq.gz	0.169993	0	14281/1000000
ERR2784805_R1.fq.gz	ERR2784757_R1.fq.gz	0.174626	0	12940/1000000
ERR2784806_R1.fq.gz	ERR2784757_R1.fq.gz	0.221525	0	4794/1000000
ERR2784807_R1.fq.gz	ERR2784757_R1.fq.gz	0.227302	0	4244/1000000
ERR2784808_R1.fq.gz	ERR2784757_R1.fq.gz	0.0735438	0	119467/1000000
ERR2784809_R1.fq.gz	ERR2784757_R1.fq.gz	0.073374	0	119945/1000000
ERR2784810_R1.fq.gz	ERR2784757_R1.fq.gz	0.0735987	0	119313/1000000
ERR2784811_R1.fq.gz	ERR2784757_R1.fq.gz	0.0738545	0	118598/1000000
ERR2784816_R1.fq.gz	ERR2784757_R1.fq.gz	0.0810083	0	100394/1000000
ERR2784817_R1.fq.gz	ERR2784757_R1.fq.gz	0.0812929	0	99736/1000000
ERR2784818_R1.fq.gz	ERR2784757_R1.fq.gz	0.0826019	0	96770/1000000
ERR2784824_R1.fq.gz	ERR2784757_R1.fq.gz	0.068374	0	135017/1000000
ERR2784826_R1.fq.gz	ERR2784757_R1.fq.gz	0.0694905	0	131477/1000000
ERR2784827_R1.fq.gz	ERR2784757_R1.fq.gz	0.0699714	0	129984/1000000
SRR11047625_R1.fq.gz	ERR2784757_R1.fq.gz	0.077938	0	107801/1000000
SRR11047626_R1.fq.gz	ERR2784757_R1.fq.gz	0.0602616	0	164212/1000000
SRR11047627_R1.fq.gz	ERR2784757_R1.fq.gz	0.103135	0	60813/1000000
SRR11047628_R1.fq.gz	ERR2784757_R1.fq.gz	0.069173	0	132473/1000000
SRR11047629_R1.fq.gz	ERR2784757_R1.fq.gz	0.0721828	0	123358/1000000
SRR11047631_R1.fq.gz	ERR2784757_R1.fq.gz	0.0921784	0	77770/1000000
SRR11047632_R1.fq.gz	ERR2784757_R1.fq.gz	0.0810035	0	100405/1000000
SRR11047633_R1.fq.gz	ERR2784757_R1.fq.gz	0.0664669	0	141314/1000000
SRR11047634_R1.fq.gz	ERR2784757_R1.fq.gz	0.0962241	0	70986/1000000
SRR11047635_R1.fq.gz	ERR2784757_R1.fq.gz	0.0677345	0	137093/1000000
SRR11047636_R1.fq.gz	ERR2784757_R1.fq.gz	0.0858862	0	89742/1000000
SRR11047637_R1.fq.gz	ERR2784757_R1.fq.gz	0.0698491	0	130362/1000000
SRR11047639_R1.fq.gz	ERR2784757_R1.fq.gz	0.0659482	0	143083/1000000
SRR11047640_R1.fq.gz	ERR2784757_R1.fq.gz	0.111651	0	50353/1000000
SRR11047641_R1.fq.gz	ERR2784757_R1.fq.gz	0.0744098	0	117062/1000000
SRR11047642_R1.fq.gz	ERR2784757_R1.fq.gz	0.0728131	0	121539/1000000
SRR11047643_R1.fq.gz	ERR2784757_R1.fq.gz	0.0885356	0	84475/1000000
SRR11047644_R1.fq.gz	ERR2784757_R1.fq.gz	0.108844	0	53574/1000000
SRR11047645_R1.fq.gz	ERR2784757_R1.fq.gz	0.06604	0	142768/1000000
SRR11047647_R1.fq.gz	ERR2784757_R1.fq.gz	0.0671778	0	138929/1000000
SRR11047648_R1.fq.gz	ERR2784757_R1.fq.gz	0.0911151	0	79666/1000000
SRR11047649_R1.fq.gz	ERR2784757_R1.fq.gz	0.063478	0	151858/1000000
SRR11047650_R1.fq.gz	ERR2784757_R1.fq.gz	0.0779771	0	107703/1000000
SRR11047651_R1.fq.gz	ERR2784757_R1.fq.gz	0.0626642	0	154881/1000000
SRR11047653_R1.fq.gz	ERR2784757_R1.fq.gz	0.104175	0	59421/1000000
SRR11047654_R1.fq.gz	ERR2784757_R1.fq.gz	0.0777292	0	108326/1000000
SRR11047655_R1.fq.gz	ERR2784757_R1.fq.gz	0.0798529	0	103114/1000000
SRR11047656_R1.fq.gz	ERR2784757_R1.fq.gz	0.0781331	0	107313/1000000
SRR11047657_R1.fq.gz	ERR2784757_R1.fq.gz	0.0603889	0	163702/1000000
SRR11047658_R1.fq.gz	ERR2784757_R1.fq.gz	0.0736001	0	119309/1000000
SRR11047659_R1.fq.gz	ERR2784757_R1.fq.gz	0.0813412	0	99625/1000000
SRR11047660_R1.fq.gz	ERR2784757_R1.fq.gz	0.0836898	0	94378/1000000
SRR11047661_R1.fq.gz	ERR2784757_R1.fq.gz	0.0755863	0	113880/1000000
SRR11047662_R1.fq.gz	ERR2784757_R1.fq.gz	0.0766917	0	110977/1000000
SRR11047663_R1.fq.gz	ERR2784757_R1.fq.gz	0.0814779	0	99311/1000000
SRR11047664_R1.fq.gz	ERR2784757_R1.fq.gz	0.0847583	0	92091/1000000
SRR11047665_R1.fq.gz	ERR2784757_R1.fq.gz	0.0842656	0	93138/1000000
SRR11047666_R1.fq.gz	ERR2784757_R1.fq.gz	0.073045	0	120877/1000000
SRR11047667_R1.fq.gz	ERR2784757_R1.fq.gz	0.0793909	0	104224/1000000
SRR11047668_R1.fq.gz	ERR2784757_R1.fq.gz	0.0776848	0	108438/1000000
SRR11047669_R1.fq.gz	ERR2784757_R1.fq.gz	0.075349	0	114514/1000000
SRR11047670_R1.fq.gz	ERR2784757_R1.fq.gz	0.0777407	0	108297/1000000
SRR11047671_R1.fq.gz	ERR2784757_R1.fq.gz	0.0705767	0	128132/1000000
SRR11047672_R1.fq.gz	ERR2784757_R1.fq.gz	0.0750365	0	115355/1000000
SRR11047673_R1.fq.gz	ERR2784757_R1.fq.gz	0.0642392	0	149091/1000000
ERR2784728_R1.fq.gz	ERR2784759_R1.fq.gz	0.0697036	0	130813/1000000
ERR2784729_R1.fq.gz	ERR2784759_R1.fq.gz	0.0697945	0	130531/1000000
ERR2784730_R1.fq.gz	ERR2784759_R1.fq.gz	0.0705089	0	128338/1000000
ERR2784731_R1.fq.gz	ERR2784759_R1.fq.gz	0.0707146	0	127714/1000000
ERR2784741_R1.fq.gz	ERR2784759_R1.fq.gz	0.0623084	0	156224/1000000
ERR2784742_R1.fq.gz	ERR2784759_R1.fq.gz	0.0625146	0	155444/1000000
ERR2784743_R1.fq.gz	ERR2784759_R1.fq.gz	0.0626682	0	154866/1000000
ERR2784752_R1.fq.gz	ERR2784759_R1.fq.gz	0.0607954	0	162085/1000000
ERR2784753_R1.fq.gz	ERR2784759_R1.fq.gz	0.0605241	0	163162/1000000
ERR2784754_R1.fq.gz	ERR2784759_R1.fq.gz	0.0602245	0	164361/1000000
ERR2784755_R1.fq.gz	ERR2784759_R1.fq.gz	0.0605384	0	163105/1000000
ERR2784756_R1.fq.gz	ERR2784759_R1.fq.gz	0.0200157	0	489015/1000000
ERR2784757_R1.fq.gz	ERR2784759_R1.fq.gz	0.0197033	0	493823/1000000
ERR2784759_R1.fq.gz	ERR2784759_R1.fq.gz	0	0	1000000/1000000
ERR2784760_R1.fq.gz	ERR2784759_R1.fq.gz	0.0557517	0	183518/1000000
ERR2784761_R1.fq.gz	ERR2784759_R1.fq.gz	0.0556768	0	183860/1000000
ERR2784762_R1.fq.gz	ERR2784759_R1.fq.gz	0.0560645	0	182098/1000000
ERR2784763_R1.fq.gz	ERR2784759_R1.fq.gz	0.0562188	0	181402/1000000
ERR2784780_R1.fq.gz	ERR2784759_R1.fq.gz	0.0839025	0	93918/1000000
ERR2784781_R1.fq.gz	ERR2784759_R1.fq.gz	0.084006	0	93695/1000000
ERR2784782_R1.fq.gz	ERR2784759_R1.fq.gz	0.0846477	0	92325/1000000
ERR2784783_R1.fq.gz	ERR2784759_R1.fq.gz	0.0849663	0	91653/1000000
ERR2784796_R1.fq.gz	ERR2784759_R1.fq.gz	0.0862314	0	89036/1000000
ERR2784797_R1.fq.gz	ERR2784759_R1.fq.gz	0.0866188	0	88251/1000000
ERR2784798_R1.fq.gz	ERR2784759_R1.fq.gz	0.0878644	0	85777/1000000
ERR2784799_R1.fq.gz	ERR2784759_R1.fq.gz	0.0887096	0	84141/1000000
ERR2784800_R1.fq.gz	ERR2784759_R1.fq.gz	0.103961	0	59705/1000000
ERR2784801_R1.fq.gz	ERR2784759_R1.fq.gz	0.107324	0	55409/1000000
ERR2784802_R1.fq.gz	ERR2784759_R1.fq.gz	0.111667	0	50335/1000000
ERR2784803_R1.fq.gz	ERR2784759_R1.fq.gz	0.113581	0	48257/1000000
ERR2784804_R1.fq.gz	ERR2784759_R1.fq.gz	0.170542	0	14115/1000000
ERR2784805_R1.fq.gz	ERR2784759_R1.fq.gz	0.174826	0	12885/1000000
ERR2784806_R1.fq.gz	ERR2784759_R1.fq.gz	0.220838	0	4864/1000000
ERR2784807_R1.fq.gz	ERR2784759_R1.fq.gz	0.22699	0	4272/1000000
ERR2784808_R1.fq.gz	ERR2784759_R1.fq.gz	0.0742072	0	117620/1000000
ERR2784809_R1.fq.gz	ERR2784759_R1.fq.gz	0.0738312	0	118663/1000000
ERR2784810_R1.fq.gz	ERR2784759_R1.fq.gz	0.0737216	0	118969/1000000
ERR2784811_R1.fq.gz	ERR2784759_R1.fq.gz	0.0739933	0	118212/1000000
ERR2784816_R1.fq.gz	ERR2784759_R1.fq.gz	0.0821948	0	97682/1000000
ERR2784817_R1.fq.gz	ERR2784759_R1.fq.gz	0.0823412	0	97353/1000000
ERR2784818_R1.fq.gz	ERR2784759_R1.fq.gz	0.08321	0	95425/1000000
ERR2784824_R1.fq.gz	ERR2784759_R1.fq.gz	0.0698701	0	130297/1000000
ERR2784826_R1.fq.gz	ERR2784759_R1.fq.gz	0.0704563	0	128498/1000000
ERR2784827_R1.fq.gz	ERR2784759_R1.fq.gz	0.070862	0	127269/1000000
SRR11047625_R1.fq.gz	ERR2784759_R1.fq.gz	0.0810152	0	100378/1000000
SRR11047626_R1.fq.gz	ERR2784759_R1.fq.gz	0.0613074	0	160074/1000000
SRR11047627_R1.fq.gz	ERR2784759_R1.fq.gz	0.106908	0	55922/1000000
SRR11047628_R1.fq.gz	ERR2784759_R1.fq.gz	0.0718683	0	124277/1000000
SRR11047629_R1.fq.gz	ERR2784759_R1.fq.gz	0.0751666	0	115004/1000000
SRR11047631_R1.fq.gz	ERR2784759_R1.fq.gz	0.0947485	0	73384/1000000
SRR11047632_R1.fq.gz	ERR2784759_R1.fq.gz	0.0847631	0	92081/1000000
SRR11047633_R1.fq.gz	ERR2784759_R1.fq.gz	0.0685357	0	134498/1000000
SRR11047634_R1.fq.gz	ERR2784759_R1.fq.gz	0.100682	0	64234/1000000
SRR11047635_R1.fq.gz	ERR2784759_R1.fq.gz	0.0693289	0	131983/1000000
SRR11047636_R1.fq.gz	ERR2784759_R1.fq.gz	0.0895674	0	82515/1000000
SRR11047637_R1.fq.gz	ERR2784759_R1.fq.gz	0.072611	0	122119/1000000
SRR11047639_R1.fq.gz	ERR2784759_R1.fq.gz	0.0689729	0	133105/1000000
SRR11047640_R1.fq.gz	ERR2784759_R1.fq.gz	0.116908	0	44854/1000000
SRR11047641_R1.fq.gz	ERR2784759_R1.fq.gz	0.0786555	0	106018/1000000
SRR11047642_R1.fq.gz	ERR2784759_R1.fq.gz	0.0763445	0	111880/1000000
SRR11047643_R1.fq.gz	ERR2784759_R1.fq.gz	0.0932221	0	75956/1000000
SRR11047644_R1.fq.gz	ERR2784759_R1.fq.gz	0.113574	0	48264/1000000
SRR11047645_R1.fq.gz	ERR2784759_R1.fq.gz	0.0694243	0	131684/1000000
SRR11047647_R1.fq.gz	ERR2784759_R1.fq.gz	0.0701065	0	129568/1000000
SRR11047648_R1.fq.gz	ERR2784759_R1.fq.gz	0.0932436	0	75919/1000000
SRR11047649_R1.fq.gz	ERR2784759_R1.fq.gz	0.0651997	0	145680/1000000
SRR11047650_R1.fq.gz	ERR2784759_R1.fq.gz	0.0808745	0	100705/1000000
SRR11047651_R1.fq.gz	ERR2784759_R1.fq.gz	0.0645414	0	148008/1000000
SRR11047653_R1.fq.gz	ERR2784759_R1.fq.gz	0.109296	0	53041/1000000
SRR11047654_R1.fq.gz	ERR2784759_R1.fq.gz	0.0801664	0	102368/1000000
SRR11047655_R1.fq.gz	ERR2784759_R1.fq.gz	0.083045	0	95788/1000000
SRR11047656_R1.fq.gz	ERR2784759_R1.fq.gz	0.0810411	0	100318/1000000
SRR11047657_R1.fq.gz	ERR2784759_R1.fq.gz	0.0628505	0	154183/1000000
SRR11047658_R1.fq.gz	ERR2784759_R1.fq.gz	0.0775034	0	108897/1000000
SRR11047659_R1.fq.gz	ERR2784759_R1.fq.gz	0.0848607	0	91875/1000000
SRR11047660_R1.fq.gz	ERR2784759_R1.fq.gz	0.0870355	0	87415/1000000
SRR11047661_R1.fq.gz	ERR2784759_R1.fq.gz	0.0772001	0	109669/1000000
SRR11047662_R1.fq.gz	ERR2784759_R1.fq.gz	0.0815071	0	99244/1000000
SRR11047663_R1.fq.gz	ERR2784759_R1.fq.gz	0.0850797	0	91415/1000000
SRR11047664_R1.fq.gz	ERR2784759_R1.fq.gz	0.0883624	0	84809/1000000
SRR11047665_R1.fq.gz	ERR2784759_R1.fq.gz	0.0866764	0	88135/1000000
SRR11047666_R1.fq.gz	ERR2784759_R1.fq.gz	0.0751395	0	115077/1000000
SRR11047667_R1.fq.gz	ERR2784759_R1.fq.gz	0.0816103	0	99008/1000000
SRR11047668_R1.fq.gz	ERR2784759_R1.fq.gz	0.0813394	0	99629/1000000
SRR11047669_R1.fq.gz	ERR2784759_R1.fq.gz	0.078514	0	106367/1000000
SRR11047670_R1.fq.gz	ERR2784759_R1.fq.gz	0.0800779	0	102578/1000000
SRR11047671_R1.fq.gz	ERR2784759_R1.fq.gz	0.071249	0	126109/1000000
SRR11047672_R1.fq.gz	ERR2784759_R1.fq.gz	0.0789011	0	105415/1000000
SRR11047673_R1.fq.gz	ERR2784759_R1.fq.gz	0.0651809	0	145746/1000000
ERR2784728_R1.fq.gz	ERR2784760_R1.fq.gz	0.067223	0	138779/1000000
ERR2784729_R1.fq.gz	ERR2784760_R1.fq.gz	0.0669118	0	139816/1000000
ERR2784730_R1.fq.gz	ERR2784760_R1.fq.gz	0.0670339	0	139408/1000000
ERR2784731_R1.fq.gz	ERR2784760_R1.fq.gz	0.06706	0	139321/1000000
ERR2784741_R1.fq.gz	ERR2784760_R1.fq.gz	0.0547962	0	187937/1000000
ERR2784742_R1.fq.gz	ERR2784760_R1.fq.gz	0.0543061	0	190251/1000000
ERR2784743_R1.fq.gz	ERR2784760_R1.fq.gz	0.0542129	0	190695/1000000
ERR2784752_R1.fq.gz	ERR2784760_R1.fq.gz	0.0612679	0	160228/1000000
ERR2784753_R1.fq.gz	ERR2784760_R1.fq.gz	0.0609677	0	161405/1000000
ERR2784754_R1.fq.gz	ERR2784760_R1.fq.gz	0.0605118	0	163211/1000000
ERR2784755_R1.fq.gz	ERR2784760_R1.fq.gz	0.060602	0	162852/1000000
ERR2784756_R1.fq.gz	ERR2784760_R1.fq.gz	0.0573363	0	176452/1000000
ERR2784757_R1.fq.gz	ERR2784760_R1.fq.gz	0.0566246	0	179586/1000000
ERR2784759_R1.fq.gz	ERR2784760_R1.fq.gz	0.0557517	0	183518/1000000
ERR2784760_R1.fq.gz	ERR2784760_R1.fq.gz	0	0	1000000/1000000
ERR2784761_R1.fq.gz	ERR2784760_R1.fq.gz	0.0177979	0	524558/1000000
ERR2784762_R1.fq.gz	ERR2784760_R1.fq.gz	0.0178196	0	524194/1000000
ERR2784763_R1.fq.gz	ERR2784760_R1.fq.gz	0.0178695	0	523358/1000000
ERR2784780_R1.fq.gz	ERR2784760_R1.fq.gz	0.0818746	0	98406/1000000
ERR2784781_R1.fq.gz	ERR2784760_R1.fq.gz	0.0811274	0	100118/1000000
ERR2784782_R1.fq.gz	ERR2784760_R1.fq.gz	0.0808955	0	100656/1000000
ERR2784783_R1.fq.gz	ERR2784760_R1.fq.gz	0.0808736	0	100707/1000000
ERR2784796_R1.fq.gz	ERR2784760_R1.fq.gz	0.0871609	0	87165/1000000
ERR2784797_R1.fq.gz	ERR2784760_R1.fq.gz	0.0870585	0	87369/1000000
ERR2784798_R1.fq.gz	ERR2784760_R1.fq.gz	0.0877735	0	85955/1000000
ERR2784799_R1.fq.gz	ERR2784760_R1.fq.gz	0.0883655	0	84803/1000000
ERR2784800_R1.fq.gz	ERR2784760_R1.fq.gz	0.108203	0	54340/1000000
ERR2784801_R1.fq.gz	ERR2784760_R1.fq.gz	0.11163	0	50377/1000000
ERR2784802_R1.fq.gz	ERR2784760_R1.fq.gz	0.115769	0	45990/1000000
ERR2784803_R1.fq.gz	ERR2784760_R1.fq.gz	0.117572	0	44206/1000000
ERR2784804_R1.fq.gz	ERR2784760_R1.fq.gz	0.163728	0	16322/1000000
ERR2784805_R1.fq.gz	ERR2784760_R1.fq.gz	0.167691	0	14999/1000000
ERR2784806_R1.fq.gz	ERR2784760_R1.fq.gz	0.205569	0	6715/1000000
ERR2784807_R1.fq.gz	ERR2784760_R1.fq.gz	0.211031	0	5983/1000000
ERR2784808_R1.fq.gz	ERR2784760_R1.fq.gz	0.0815215	0	99211/1000000
ERR2784809_R1.fq.gz	ERR2784760_R1.fq.gz	0.0814744	0	99319/1000000
ERR2784810_R1.fq.gz	ERR2784760_R1.fq.gz	0.0814979	0	99265/1000000
ERR2784811_R1.fq.gz	ERR2784760_R1.fq.gz	0.0816974	0	98809/1000000
ERR2784816_R1.fq.gz	ERR2784760_R1.fq.gz	0.0795484	0	103844/1000000
ERR2784817_R1.fq.gz	ERR2784760_R1.fq.gz	0.0789604	0	105270/1000000
ERR2784818_R1.fq.gz	ERR2784760_R1.fq.gz	0.0792768	0	104500/1000000
ERR2784824_R1.fq.gz	ERR2784760_R1.fq.gz	0.0698107	0	130481/1000000
ERR2784826_R1.fq.gz	ERR2784760_R1.fq.gz	0.0692089	0	132360/1000000
ERR2784827_R1.fq.gz	ERR2784760_R1.fq.gz	0.0691115	0	132667/1000000
SRR11047625_R1.fq.gz	ERR2784760_R1.fq.gz	0.081924	0	98294/1000000
SRR11047626_R1.fq.gz	ERR2784760_R1.fq.gz	0.0657507	0	143763/1000000
SRR11047627_R1.fq.gz	ERR2784760_R1.fq.gz	0.118317	0	43490/1000000
SRR11047628_R1.fq.gz	ERR2784760_R1.fq.gz	0.081729	0	98737/1000000
SRR11047629_R1.fq.gz	ERR2784760_R1.fq.gz	0.0808011	0	100876/1000000
SRR11047631_R1.fq.gz	ERR2784760_R1.fq.gz	0.0908205	0	80200/1000000
SRR11047632_R1.fq.gz	ERR2784760_R1.fq.gz	0.086854	0	87778/1000000
SRR11047633_R1.fq.gz	ERR2784760_R1.fq.gz	0.0635295	0	151669/1000000
SRR11047634_R1.fq.gz	ERR2784760_R1.fq.gz	0.0992336	0	66350/1000000
SRR11047635_R1.fq.gz	ERR2784760_R1.fq.gz	0.0676228	0	137459/1000000
SRR11047636_R1.fq.gz	ERR2784760_R1.fq.gz	0.0910758	0	79737/1000000
SRR11047637_R1.fq.gz	ERR2784760_R1.fq.gz	0.0779061	0	107881/1000000
SRR11047639_R1.fq.gz	ERR2784760_R1.fq.gz	0.070527	0	128283/1000000
SRR11047640_R1.fq.gz	ERR2784760_R1.fq.gz	0.115329	0	46437/1000000
SRR11047641_R1.fq.gz	ERR2784760_R1.fq.gz	0.0901548	0	81421/1000000
SRR11047642_R1.fq.gz	ERR2784760_R1.fq.gz	0.0805438	0	101478/1000000
SRR11047643_R1.fq.gz	ERR2784760_R1.fq.gz	0.0992457	0	66332/1000000
SRR11047644_R1.fq.gz	ERR2784760_R1.fq.gz	0.118122	0	43676/1000000
SRR11047645_R1.fq.gz	ERR2784760_R1.fq.gz	0.0790321	0	105095/1000000
SRR11047647_R1.fq.gz	ERR2784760_R1.fq.gz	0.0730212	0	120945/1000000
SRR11047648_R1.fq.gz	ERR2784760_R1.fq.gz	0.102889	0	61147/1000000
SRR11047649_R1.fq.gz	ERR2784760_R1.fq.gz	0.0686595	0	134102/1000000
SRR11047650_R1.fq.gz	ERR2784760_R1.fq.gz	0.0793537	0	104314/1000000
SRR11047651_R1.fq.gz	ERR2784760_R1.fq.gz	0.0706113	0	128027/1000000
SRR11047653_R1.fq.gz	ERR2784760_R1.fq.gz	0.1103	0	51877/1000000
SRR11047654_R1.fq.gz	ERR2784760_R1.fq.gz	0.0701332	0	129486/1000000
SRR11047655_R1.fq.gz	ERR2784760_R1.fq.gz	0.0782334	0	107063/1000000
SRR11047656_R1.fq.gz	ERR2784760_R1.fq.gz	0.0860677	0	89370/1000000
SRR11047657_R1.fq.gz	ERR2784760_R1.fq.gz	0.0702333	0	129179/1000000
SRR11047658_R1.fq.gz	ERR2784760_R1.fq.gz	0.0891906	0	83225/1000000
SRR11047659_R1.fq.gz	ERR2784760_R1.fq.gz	0.0835081	0	94773/1000000
SRR11047660_R1.fq.gz	ERR2784760_R1.fq.gz	0.09594	0	71441/1000000
SRR11047661_R1.fq.gz	ERR2784760_R1.fq.gz	0.0666246	0	140781/1000000
SRR11047662_R1.fq.gz	ERR2784760_R1.fq.gz	0.08537	0	90809/1000000
SRR11047663_R1.fq.gz	ERR2784760_R1.fq.gz	0.0979922	0	68222/1000000
SRR11047664_R1.fq.gz	ERR2784760_R1.fq.gz	0.0857127	0	90099/1000000
SRR11047665_R1.fq.gz	ERR2784760_R1.fq.gz	0.0961927	0	71036/1000000
SRR11047666_R1.fq.gz	ERR2784760_R1.fq.gz	0.0706512	0	127906/1000000
SRR11047667_R1.fq.gz	ERR2784760_R1.fq.gz	0.077786	0	108183/1000000
SRR11047668_R1.fq.gz	ERR2784760_R1.fq.gz	0.0830055	0	95875/1000000
SRR11047669_R1.fq.gz	ERR2784760_R1.fq.gz	0.0792397	0	104590/1000000
SRR11047670_R1.fq.gz	ERR2784760_R1.fq.gz	0.0868246	0	87837/1000000
SRR11047671_R1.fq.gz	ERR2784760_R1.fq.gz	0.067003	0	139511/1000000
SRR11047672_R1.fq.gz	ERR2784760_R1.fq.gz	0.0824233	0	97169/1000000
SRR11047673_R1.fq.gz	ERR2784760_R1.fq.gz	0.0638119	0	150637/1000000
ERR2784728_R1.fq.gz	ERR2784761_R1.fq.gz	0.067267	0	138633/1000000
ERR2784729_R1.fq.gz	ERR2784761_R1.fq.gz	0.066901	0	139852/1000000
ERR2784730_R1.fq.gz	ERR2784761_R1.fq.gz	0.0668115	0	140152/1000000
ERR2784731_R1.fq.gz	ERR2784761_R1.fq.gz	0.0667975	0	140199/1000000
ERR2784741_R1.fq.gz	ERR2784761_R1.fq.gz	0.0544834	0	189410/1000000
ERR2784742_R1.fq.gz	ERR2784761_R1.fq.gz	0.0539209	0	192093/1000000
ERR2784743_R1.fq.gz	ERR2784761_R1.fq.gz	0.0538411	0	192477/1000000
ERR2784752_R1.fq.gz	ERR2784761_R1.fq.gz	0.0616718	0	158660/1000000
ERR2784753_R1.fq.gz	ERR2784761_R1.fq.gz	0.061359	0	159873/1000000
ERR2784754_R1.fq.gz	ERR2784761_R1.fq.gz	0.0607749	0	162166/1000000
ERR2784755_R1.fq.gz	ERR2784761_R1.fq.gz	0.060808	0	162035/1000000
ERR2784756_R1.fq.gz	ERR2784761_R1.fq.gz	0.057602	0	175298/1000000
ERR2784757_R1.fq.gz	ERR2784761_R1.fq.gz	0.0568461	0	178604/1000000
ERR2784759_R1.fq.gz	ERR2784761_R1.fq.gz	0.0556768	0	183860/1000000
ERR2784760_R1.fq.gz	ERR2784761_R1.fq.gz	0.0177979	0	524558/1000000
ERR2784761_R1.fq.gz	ERR2784761_R1.fq.gz	0	0	1000000/1000000
ERR2784762_R1.fq.gz	ERR2784761_R1.fq.gz	0.0172061	0	534625/1000000
ERR2784763_R1.fq.gz	ERR2784761_R1.fq.gz	0.0172566	0	533757/1000000
ERR2784780_R1.fq.gz	ERR2784761_R1.fq.gz	0.0822566	0	97543/1000000
ERR2784781_R1.fq.gz	ERR2784761_R1.fq.gz	0.081491	0	99281/1000000
ERR2784782_R1.fq.gz	ERR2784761_R1.fq.gz	0.0810713	0	100248/1000000
ERR2784783_R1.fq.gz	ERR2784761_R1.fq.gz	0.0810644	0	100264/1000000
ERR2784796_R1.fq.gz	ERR2784761_R1.fq.gz	0.0877904	0	85922/1000000
ERR2784797_R1.fq.gz	ERR2784761_R1.fq.gz	0.0875192	0	86455/1000000
ERR2784798_R1.fq.gz	ERR2784761_R1.fq.gz	0.0879858	0	85540/1000000
ERR2784799_R1.fq.gz	ERR2784761_R1.fq.gz	0.0886449	0	84265/1000000
ERR2784800_R1.fq.gz	ERR2784761_R1.fq.gz	0.108906	0	53501/1000000
ERR2784801_R1.fq.gz	ERR2784761_R1.fq.gz	0.111927	0	50048/1000000
ERR2784802_R1.fq.gz	ERR2784761_R1.fq.gz	0.116113	0	45644/1000000
ERR2784803_R1.fq.gz	ERR2784761_R1.fq.gz	0.117921	0	43869/1000000
ERR2784804_R1.fq.gz	ERR2784761_R1.fq.gz	0.164329	0	16114/1000000
ERR2784805_R1.fq.gz	ERR2784761_R1.fq.gz	0.167622	0	15021/1000000
ERR2784806_R1.fq.gz	ERR2784761_R1.fq.gz	0.204912	0	6809/1000000
ERR2784807_R1.fq.gz	ERR2784761_R1.fq.gz	0.21115	0	5968/1000000
ERR2784808_R1.fq.gz	ERR2784761_R1.fq.gz	0.0819359	0	98267/1000000
ERR2784809_R1.fq.gz	ERR2784761_R1.fq.gz	0.0816646	0	98884/1000000
ERR2784810_R1.fq.gz	ERR2784761_R1.fq.gz	0.081711	0	98778/1000000
ERR2784811_R1.fq.gz	ERR2784761_R1.fq.gz	0.0818618	0	98435/1000000
ERR2784816_R1.fq.gz	ERR2784761_R1.fq.gz	0.0802403	0	102193/1000000
ERR2784817_R1.fq.gz	ERR2784761_R1.fq.gz	0.079647	0	103607/1000000
ERR2784818_R1.fq.gz	ERR2784761_R1.fq.gz	0.0796778	0	103533/1000000
ERR2784824_R1.fq.gz	ERR2784761_R1.fq.gz	0.0699112	0	130170/1000000
ERR2784826_R1.fq.gz	ERR2784761_R1.fq.gz	0.0689288	0	133245/1000000
ERR2784827_R1.fq.gz	ERR2784761_R1.fq.gz	0.068861	0	133460/1000000
SRR11047625_R1.fq.gz	ERR2784761_R1.fq.gz	0.0833876	0	95036/1000000
SRR11047626_R1.fq.gz	ERR2784761_R1.fq.gz	0.0670402	0	139387/1000000
SRR11047627_R1.fq.gz	ERR2784761_R1.fq.gz	0.120791	0	41197/1000000
SRR11047628_R1.fq.gz	ERR2784761_R1.fq.gz	0.0836797	0	94400/1000000
SRR11047629_R1.fq.gz	ERR2784761_R1.fq.gz	0.0822375	0	97586/1000000
SRR11047631_R1.fq.gz	ERR2784761_R1.fq.gz	0.0916899	0	78635/1000000
SRR11047632_R1.fq.gz	ERR2784761_R1.fq.gz	0.088647	0	84261/1000000
SRR11047633_R1.fq.gz	ERR2784761_R1.fq.gz	0.0644049	0	148496/1000000
SRR11047634_R1.fq.gz	ERR2784761_R1.fq.gz	0.100703	0	64205/1000000
SRR11047635_R1.fq.gz	ERR2784761_R1.fq.gz	0.0687124	0	133933/1000000
SRR11047636_R1.fq.gz	ERR2784761_R1.fq.gz	0.092515	0	77180/1000000
SRR11047637_R1.fq.gz	ERR2784761_R1.fq.gz	0.0788542	0	105530/1000000
SRR11047639_R1.fq.gz	ERR2784761_R1.fq.gz	0.0720439	0	123763/1000000
SRR11047640_R1.fq.gz	ERR2784761_R1.fq.gz	0.118517	0	43299/1000000
SRR11047641_R1.fq.gz	ERR2784761_R1.fq.gz	0.091967	0	78143/1000000
SRR11047642_R1.fq.gz	ERR2784761_R1.fq.gz	0.0817514	0	98686/1000000
SRR11047643_R1.fq.gz	ERR2784761_R1.fq.gz	0.101291	0	63366/1000000
SRR11047644_R1.fq.gz	ERR2784761_R1.fq.gz	0.121934	0	40181/1000000
SRR11047645_R1.fq.gz	ERR2784761_R1.fq.gz	0.0804531	0	101691/1000000
SRR11047647_R1.fq.gz	ERR2784761_R1.fq.gz	0.0741492	0	117780/1000000
SRR11047648_R1.fq.gz	ERR2784761_R1.fq.gz	0.104121	0	59493/1000000
SRR11047649_R1.fq.gz	ERR2784761_R1.fq.gz	0.0692617	0	132194/1000000
SRR11047650_R1.fq.gz	ERR2784761_R1.fq.gz	0.0802467	0	102178/1000000
SRR11047651_R1.fq.gz	ERR2784761_R1.fq.gz	0.0709395	0	127036/1000000
SRR11047653_R1.fq.gz	ERR2784761_R1.fq.gz	0.113724	0	48105/1000000
SRR11047654_R1.fq.gz	ERR2784761_R1.fq.gz	0.071415	0	125615/1000000
SRR11047655_R1.fq.gz	ERR2784761_R1.fq.gz	0.0797738	0	103303/1000000
SRR11047656_R1.fq.gz	ERR2784761_R1.fq.gz	0.0881399	0	85240/1000000
SRR11047657_R1.fq.gz	ERR2784761_R1.fq.gz	0.0711763	0	126326/1000000
SRR11047658_R1.fq.gz	ERR2784761_R1.fq.gz	0.0913015	0	79330/1000000
SRR11047659_R1.fq.gz	ERR2784761_R1.fq.gz	0.085052	0	91473/1000000
SRR11047660_R1.fq.gz	ERR2784761_R1.fq.gz	0.0973438	0	69222/1000000
SRR11047661_R1.fq.gz	ERR2784761_R1.fq.gz	0.067264	0	138643/1000000
SRR11047662_R1.fq.gz	ERR2784761_R1.fq.gz	0.0872545	0	86979/1000000
SRR11047663_R1.fq.gz	ERR2784761_R1.fq.gz	0.0998048	0	65507/1000000
SRR11047664_R1.fq.gz	ERR2784761_R1.fq.gz	0.0869424	0	87601/1000000
SRR11047665_R1.fq.gz	ERR2784761_R1.fq.gz	0.0986694	0	67194/1000000
SRR11047666_R1.fq.gz	ERR2784761_R1.fq.gz	0.0720837	0	123647/1000000
SRR11047667_R1.fq.gz	ERR2784761_R1.fq.gz	0.0787946	0	105676/1000000
SRR11047668_R1.fq.gz	ERR2784761_R1.fq.gz	0.0844461	0	92753/1000000
SRR11047669_R1.fq.gz	ERR2784761_R1.fq.gz	0.0801748	0	102348/1000000
SRR11047670_R1.fq.gz	ERR2784761_R1.fq.gz	0.0886882	0	84182/1000000
SRR11047671_R1.fq.gz	ERR2784761_R1.fq.gz	0.0680467	0	136075/1000000
SRR11047672_R1.fq.gz	ERR2784761_R1.fq.gz	0.0842661	0	93137/1000000
SRR11047673_R1.fq.gz	ERR2784761_R1.fq.gz	0.0642736	0	148967/1000000
ERR2784728_R1.fq.gz	ERR2784762_R1.fq.gz	0.0677271	0	137117/1000000
ERR2784729_R1.fq.gz	ERR2784762_R1.fq.gz	0.0671062	0	139167/1000000
ERR2784730_R1.fq.gz	ERR2784762_R1.fq.gz	0.0669917	0	139549/1000000
ERR2784731_R1.fq.gz	ERR2784762_R1.fq.gz	0.0669803	0	139587/1000000
ERR2784741_R1.fq.gz	ERR2784762_R1.fq.gz	0.0547261	0	188266/1000000
ERR2784742_R1.fq.gz	ERR2784762_R1.fq.gz	0.0540096	0	191667/1000000
ERR2784743_R1.fq.gz	ERR2784762_R1.fq.gz	0.0537607	0	192865/1000000
ERR2784752_R1.fq.gz	ERR2784762_R1.fq.gz	0.0625305	0	155384/1000000
ERR2784753_R1.fq.gz	ERR2784762_R1.fq.gz	0.0620395	0	157248/1000000
ERR2784754_R1.fq.gz	ERR2784762_R1.fq.gz	0.0613562	0	159884/1000000
ERR2784755_R1.fq.gz	ERR2784762_R1.fq.gz	0.0614016	0	159707/1000000
ERR2784756_R1.fq.gz	ERR2784762_R1.fq.gz	0.0583316	0	172174/1000000
ERR2784757_R1.fq.gz	ERR2784762_R1.fq.gz	0.0574344	0	176025/1000000
ERR2784759_R1.fq.gz	ERR2784762_R1.fq.gz	0.0560645	0	182098/1000000
ERR2784760_R1.fq.gz	ERR2784762_R1.fq.gz	0.0178196	0	524194/1000000
ERR2784761_R1.fq.gz	ERR2784762_R1.fq.gz	0.0172061	0	534625/1000000
ERR2784762_R1.fq.gz	ERR2784762_R1.fq.gz	0	0	1000000/1000000
ERR2784763_R1.fq.gz	ERR2784762_R1.fq.gz	0.016746	0	542633/1000000
ERR2784780_R1.fq.gz	ERR2784762_R1.fq.gz	0.0831408	0	95577/1000000
ERR2784781_R1.fq.gz	ERR2784762_R1.fq.gz	0.0821624	0	97755/1000000
ERR2784782_R1.fq.gz	ERR2784762_R1.fq.gz	0.081598	0	99036/1000000
ERR2784783_R1.fq.gz	ERR2784762_R1.fq.gz	0.0814988	0	99263/1000000
ERR2784796_R1.fq.gz	ERR2784762_R1.fq.gz	0.0884391	0	84661/1000000
ERR2784797_R1.fq.gz	ERR2784762_R1.fq.gz	0.0880541	0	85407/1000000
ERR2784798_R1.fq.gz	ERR2784762_R1.fq.gz	0.0884375	0	84664/1000000
ERR2784799_R1.fq.gz	ERR2784762_R1.fq.gz	0.088931	0	83718/1000000
ERR2784800_R1.fq.gz	ERR2784762_R1.fq.gz	0.109838	0	52410/1000000
ERR2784801_R1.fq.gz	ERR2784762_R1.fq.gz	0.11303	0	48846/1000000
ERR2784802_R1.fq.gz	ERR2784762_R1.fq.gz	0.117292	0	44478/1000000
ERR2784803_R1.fq.gz	ERR2784762_R1.fq.gz	0.118956	0	42885/1000000
ERR2784804_R1.fq.gz	ERR2784762_R1.fq.gz	0.166857	0	15268/1000000
ERR2784805_R1.fq.gz	ERR2784762_R1.fq.gz	0.169987	0	14283/1000000
ERR2784806_R1.fq.gz	ERR2784762_R1.fq.gz	0.206876	0	6532/1000000
ERR2784807_R1.fq.gz	ERR2784762_R1.fq.gz	0.212837	0	5759/1000000
ERR2784808_R1.fq.gz	ERR2784762_R1.fq.gz	0.0830967	0	95674/1000000
ERR2784809_R1.fq.gz	ERR2784762_R1.fq.gz	0.0828337	0	96255/1000000
ERR2784810_R1.fq.gz	ERR2784762_R1.fq.gz	0.0824832	0	97035/1000000
ERR2784811_R1.fq.gz	ERR2784762_R1.fq.gz	0.082567	0	96848/1000000
ERR2784816_R1.fq.gz	ERR2784762_R1.fq.gz	0.0812816	0	99762/1000000
ERR2784817_R1.fq.gz	ERR2784762_R1.fq.gz	0.0805757	0	101403/1000000
ERR2784818_R1.fq.gz	ERR2784762_R1.fq.gz	0.0804706	0	101650/1000000
ERR2784824_R1.fq.gz	ERR2784762_R1.fq.gz	0.0703874	0	128708/1000000
ERR2784826_R1.fq.gz	ERR2784762_R1.fq.gz	0.0691555	0	132528/1000000
ERR2784827_R1.fq.gz	ERR2784762_R1.fq.gz	0.0689792	0	133085/1000000
SRR11047625_R1.fq.gz	ERR2784762_R1.fq.gz	0.0857666	0	89988/1000000
SRR11047626_R1.fq.gz	ERR2784762_R1.fq.gz	0.0687005	0	133971/1000000
SRR11047627_R1.fq.gz	ERR2784762_R1.fq.gz	0.123732	0	38634/1000000
SRR11047628_R1.fq.gz	ERR2784762_R1.fq.gz	0.0859476	0	89616/1000000
SRR11047629_R1.fq.gz	ERR2784762_R1.fq.gz	0.0842717	0	93125/1000000
SRR11047631_R1.fq.gz	ERR2784762_R1.fq.gz	0.0927499	0	76771/1000000
SRR11047632_R1.fq.gz	ERR2784762_R1.fq.gz	0.0907826	0	80269/1000000
SRR11047633_R1.fq.gz	ERR2784762_R1.fq.gz	0.0659316	0	143140/1000000
SRR11047634_R1.fq.gz	ERR2784762_R1.fq.gz	0.102865	0	61180/1000000
SRR11047635_R1.fq.gz	ERR2784762_R1.fq.gz	0.0703252	0	128898/1000000
SRR11047636_R1.fq.gz	ERR2784762_R1.fq.gz	0.0946187	0	73599/1000000
SRR11047637_R1.fq.gz	ERR2784762_R1.fq.gz	0.0804497	0	101699/1000000
SRR11047639_R1.fq.gz	ERR2784762_R1.fq.gz	0.0739793	0	118251/1000000
SRR11047640_R1.fq.gz	ERR2784762_R1.fq.gz	0.12227	0	39887/1000000
SRR11047641_R1.fq.gz	ERR2784762_R1.fq.gz	0.0942862	0	74153/1000000
SRR11047642_R1.fq.gz	ERR2784762_R1.fq.gz	0.0836055	0	94561/1000000
SRR11047643_R1.fq.gz	ERR2784762_R1.fq.gz	0.104231	0	59347/1000000
SRR11047644_R1.fq.gz	ERR2784762_R1.fq.gz	0.126084	0	36704/1000000
SRR11047645_R1.fq.gz	ERR2784762_R1.fq.gz	0.0824917	0	97016/1000000
SRR11047647_R1.fq.gz	ERR2784762_R1.fq.gz	0.0759184	0	112999/1000000
SRR11047648_R1.fq.gz	ERR2784762_R1.fq.gz	0.106483	0	56451/1000000
SRR11047649_R1.fq.gz	ERR2784762_R1.fq.gz	0.070051	0	129739/1000000
SRR11047650_R1.fq.gz	ERR2784762_R1.fq.gz	0.0816111	0	99006/1000000
SRR11047651_R1.fq.gz	ERR2784762_R1.fq.gz	0.0719718	0	123974/1000000
SRR11047653_R1.fq.gz	ERR2784762_R1.fq.gz	0.118125	0	43673/1000000
SRR11047654_R1.fq.gz	ERR2784762_R1.fq.gz	0.0734166	0	119825/1000000
SRR11047655_R1.fq.gz	ERR2784762_R1.fq.gz	0.0814888	0	99286/1000000
SRR11047656_R1.fq.gz	ERR2784762_R1.fq.gz	0.0910233	0	79832/1000000
SRR11047657_R1.fq.gz	ERR2784762_R1.fq.gz	0.0728431	0	121453/1000000
SRR11047658_R1.fq.gz	ERR2784762_R1.fq.gz	0.0940745	0	74508/1000000
SRR11047659_R1.fq.gz	ERR2784762_R1.fq.gz	0.0872902	0	86908/1000000
SRR11047660_R1.fq.gz	ERR2784762_R1.fq.gz	0.0994678	0	66003/1000000
SRR11047661_R1.fq.gz	ERR2784762_R1.fq.gz	0.0684319	0	134831/1000000
SRR11047662_R1.fq.gz	ERR2784762_R1.fq.gz	0.0899191	0	81858/1000000
SRR11047663_R1.fq.gz	ERR2784762_R1.fq.gz	0.102498	0	61683/1000000
SRR11047664_R1.fq.gz	ERR2784762_R1.fq.gz	0.0890051	0	83577/1000000
SRR11047665_R1.fq.gz	ERR2784762_R1.fq.gz	0.102103	0	62229/1000000
SRR11047666_R1.fq.gz	ERR2784762_R1.fq.gz	0.074016	0	118149/1000000
SRR11047667_R1.fq.gz	ERR2784762_R1.fq.gz	0.0804506	0	101697/1000000
SRR11047668_R1.fq.gz	ERR2784762_R1.fq.gz	0.0865509	0	88388/1000000
SRR11047669_R1.fq.gz	ERR2784762_R1.fq.gz	0.081879	0	98396/1000000
SRR11047670_R1.fq.gz	ERR2784762_R1.fq.gz	0.0911312	0	79637/1000000
SRR11047671_R1.fq.gz	ERR2784762_R1.fq.gz	0.0694128	0	131720/1000000
SRR11047672_R1.fq.gz	ERR2784762_R1.fq.gz	0.08638	0	88734/1000000
SRR11047673_R1.fq.gz	ERR2784762_R1.fq.gz	0.0651108	0	145992/1000000
ERR2784728_R1.fq.gz	ERR2784763_R1.fq.gz	0.0680178	0	136169/1000000
ERR2784729_R1.fq.gz	ERR2784763_R1.fq.gz	0.0674157	0	138141/1000000
ERR2784730_R1.fq.gz	ERR2784763_R1.fq.gz	0.0671474	0	139030/1000000
ERR2784731_R1.fq.gz	ERR2784763_R1.fq.gz	0.0671444	0	139040/1000000
ERR2784741_R1.fq.gz	ERR2784763_R1.fq.gz	0.0549237	0	187340/1000000
ERR2784742_R1.fq.gz	ERR2784763_R1.fq.gz	0.0540964	0	191251/1000000
ERR2784743_R1.fq.gz	ERR2784763_R1.fq.gz	0.0538615	0	192379/1000000
ERR2784752_R1.fq.gz	ERR2784763_R1.fq.gz	0.0629663	0	153751/1000000
ERR2784753_R1.fq.gz	ERR2784763_R1.fq.gz	0.0624844	0	155558/1000000
ERR2784754_R1.fq.gz	ERR2784763_R1.fq.gz	0.0616602	0	158705/1000000
ERR2784755_R1.fq.gz	ERR2784763_R1.fq.gz	0.0617234	0	158461/1000000
ERR2784756_R1.fq.gz	ERR2784763_R1.fq.gz	0.0585989	0	171045/1000000
ERR2784757_R1.fq.gz	ERR2784763_R1.fq.gz	0.0576946	0	174898/1000000
ERR2784759_R1.fq.gz	ERR2784763_R1.fq.gz	0.0562188	0	181402/1000000
ERR2784760_R1.fq.gz	ERR2784763_R1.fq.gz	0.0178695	0	523358/1000000
ERR2784761_R1.fq.gz	ERR2784763_R1.fq.gz	0.0172566	0	533757/1000000
ERR2784762_R1.fq.gz	ERR2784763_R1.fq.gz	0.016746	0	542633/1000000
ERR2784763_R1.fq.gz	ERR2784763_R1.fq.gz	0	0	1000000/1000000
ERR2784780_R1.fq.gz	ERR2784763_R1.fq.gz	0.0835256	0	94735/1000000
ERR2784781_R1.fq.gz	ERR2784763_R1.fq.gz	0.0825168	0	96960/1000000
ERR2784782_R1.fq.gz	ERR2784763_R1.fq.gz	0.081905	0	98337/1000000
ERR2784783_R1.fq.gz	ERR2784763_R1.fq.gz	0.0817962	0	98584/1000000
ERR2784796_R1.fq.gz	ERR2784763_R1.fq.gz	0.088766	0	84033/1000000
ERR2784797_R1.fq.gz	ERR2784763_R1.fq.gz	0.0884038	0	84729/1000000
ERR2784798_R1.fq.gz	ERR2784763_R1.fq.gz	0.0887572	0	84050/1000000
ERR2784799_R1.fq.gz	ERR2784763_R1.fq.gz	0.0891394	0	83322/1000000
ERR2784800_R1.fq.gz	ERR2784763_R1.fq.gz	0.110234	0	51953/1000000
ERR2784801_R1.fq.gz	ERR2784763_R1.fq.gz	0.113242	0	48618/1000000
ERR2784802_R1.fq.gz	ERR2784763_R1.fq.gz	0.117585	0	44193/1000000
ERR2784803_R1.fq.gz	ERR2784763_R1.fq.gz	0.119269	0	42592/1000000
ERR2784804_R1.fq.gz	ERR2784763_R1.fq.gz	0.16706	0	15202/1000000
ERR2784805_R1.fq.gz	ERR2784763_R1.fq.gz	0.170346	0	14174/1000000
ERR2784806_R1.fq.gz	ERR2784763_R1.fq.gz	0.206559	0	6576/1000000
ERR2784807_R1.fq.gz	ERR2784763_R1.fq.gz	0.212144	0	5844/1000000
ERR2784808_R1.fq.gz	ERR2784763_R1.fq.gz	0.0836589	0	94445/1000000
ERR2784809_R1.fq.gz	ERR2784763_R1.fq.gz	0.0831495	0	95558/1000000
ERR2784810_R1.fq.gz	ERR2784763_R1.fq.gz	0.0828978	0	96113/1000000
ERR2784811_R1.fq.gz	ERR2784763_R1.fq.gz	0.082991	0	95907/1000000
ERR2784816_R1.fq.gz	ERR2784763_R1.fq.gz	0.0817536	0	98681/1000000
ERR2784817_R1.fq.gz	ERR2784763_R1.fq.gz	0.0808792	0	100694/1000000
ERR2784818_R1.fq.gz	ERR2784763_R1.fq.gz	0.0807839	0	100916/1000000
ERR2784824_R1.fq.gz	ERR2784763_R1.fq.gz	0.07055	0	128213/1000000
ERR2784826_R1.fq.gz	ERR2784763_R1.fq.gz	0.0692435	0	132251/1000000
ERR2784827_R1.fq.gz	ERR2784763_R1.fq.gz	0.0689682	0	133120/1000000
SRR11047625_R1.fq.gz	ERR2784763_R1.fq.gz	0.0869039	0	87678/1000000
SRR11047626_R1.fq.gz	ERR2784763_R1.fq.gz	0.0695014	0	131443/1000000
SRR11047627_R1.fq.gz	ERR2784763_R1.fq.gz	0.124987	0	37592/1000000
SRR11047628_R1.fq.gz	ERR2784763_R1.fq.gz	0.0868964	0	87693/1000000
SRR11047629_R1.fq.gz	ERR2784763_R1.fq.gz	0.0851198	0	91331/1000000
SRR11047631_R1.fq.gz	ERR2784763_R1.fq.gz	0.0933984	0	75654/1000000
SRR11047632_R1.fq.gz	ERR2784763_R1.fq.gz	0.0918232	0	78398/1000000
SRR11047633_R1.fq.gz	ERR2784763_R1.fq.gz	0.066581	0	140928/1000000
SRR11047634_R1.fq.gz	ERR2784763_R1.fq.gz	0.103845	0	59860/1000000
SRR11047635_R1.fq.gz	ERR2784763_R1.fq.gz	0.0710891	0	126587/1000000
SRR11047636_R1.fq.gz	ERR2784763_R1.fq.gz	0.0957904	0	71682/1000000
SRR11047637_R1.fq.gz	ERR2784763_R1.fq.gz	0.0811227	0	100129/1000000
SRR11047639_R1.fq.gz	ERR2784763_R1.fq.gz	0.0748357	0	115899/1000000
SRR11047640_R1.fq.gz	ERR2784763_R1.fq.gz	0.124102	0	38324/1000000
SRR11047641_R1.fq.gz	ERR2784763_R1.fq.gz	0.095374	0	72357/1000000
SRR11047642_R1.fq.gz	ERR2784763_R1.fq.gz	0.0844771	0	92687/1000000
SRR11047643_R1.fq.gz	ERR2784763_R1.fq.gz	0.105614	0	57551/1000000
SRR11047644_R1.fq.gz	ERR2784763_R1.fq.gz	0.128695	0	34678/1000000
SRR11047645_R1.fq.gz	ERR2784763_R1.fq.gz	0.0833606	0	95095/1000000
SRR11047647_R1.fq.gz	ERR2784763_R1.fq.gz	0.0767771	0	110756/1000000
SRR11047648_R1.fq.gz	ERR2784763_R1.fq.gz	0.107426	0	55283/1000000
SRR11047649_R1.fq.gz	ERR2784763_R1.fq.gz	0.0705217	0	128299/1000000
SRR11047650_R1.fq.gz	ERR2784763_R1.fq.gz	0.0821744	0	97728/1000000
SRR11047651_R1.fq.gz	ERR2784763_R1.fq.gz	0.0722788	0	123079/1000000
SRR11047653_R1.fq.gz	ERR2784763_R1.fq.gz	0.120263	0	41676/1000000
SRR11047654_R1.fq.gz	ERR2784763_R1.fq.gz	0.0744364	0	116989/1000000
SRR11047655_R1.fq.gz	ERR2784763_R1.fq.gz	0.0823376	0	97361/1000000
SRR11047656_R1.fq.gz	ERR2784763_R1.fq.gz	0.0922831	0	77586/1000000
SRR11047657_R1.fq.gz	ERR2784763_R1.fq.gz	0.0735182	0	119539/1000000
SRR11047658_R1.fq.gz	ERR2784763_R1.fq.gz	0.0953642	0	72373/1000000
SRR11047659_R1.fq.gz	ERR2784763_R1.fq.gz	0.0882544	0	85018/1000000
SRR11047660_R1.fq.gz	ERR2784763_R1.fq.gz	0.100342	0	64724/1000000
SRR11047661_R1.fq.gz	ERR2784763_R1.fq.gz	0.0690785	0	132771/1000000
SRR11047662_R1.fq.gz	ERR2784763_R1.fq.gz	0.0912254	0	79467/1000000
SRR11047663_R1.fq.gz	ERR2784763_R1.fq.gz	0.103919	0	59761/1000000
SRR11047664_R1.fq.gz	ERR2784763_R1.fq.gz	0.0899299	0	81838/1000000
SRR11047665_R1.fq.gz	ERR2784763_R1.fq.gz	0.103929	0	59748/1000000
SRR11047666_R1.fq.gz	ERR2784763_R1.fq.gz	0.0747658	0	116089/1000000
SRR11047667_R1.fq.gz	ERR2784763_R1.fq.gz	0.0811201	0	100135/1000000
SRR11047668_R1.fq.gz	ERR2784763_R1.fq.gz	0.0874549	0	86582/1000000
SRR11047669_R1.fq.gz	ERR2784763_R1.fq.gz	0.0826724	0	96613/1000000
SRR11047670_R1.fq.gz	ERR2784763_R1.fq.gz	0.0922848	0	77583/1000000
SRR11047671_R1.fq.gz	ERR2784763_R1.fq.gz	0.0701994	0	129283/1000000
SRR11047672_R1.fq.gz	ERR2784763_R1.fq.gz	0.0873892	0	86712/1000000
SRR11047673_R1.fq.gz	ERR2784763_R1.fq.gz	0.0655878	0	144327/1000000
ERR2784728_R1.fq.gz	ERR2784780_R1.fq.gz	0.0884308	0	84677/1000000
ERR2784729_R1.fq.gz	ERR2784780_R1.fq.gz	0.0895104	0	82622/1000000
ERR2784730_R1.fq.gz	ERR2784780_R1.fq.gz	0.0916736	0	78664/1000000
ERR2784731_R1.fq.gz	ERR2784780_R1.fq.gz	0.0924257	0	77336/1000000
ERR2784741_R1.fq.gz	ERR2784780_R1.fq.gz	0.0733443	0	120029/1000000
ERR2784742_R1.fq.gz	ERR2784780_R1.fq.gz	0.0746278	0	116465/1000000
ERR2784743_R1.fq.gz	ERR2784780_R1.fq.gz	0.0753423	0	114532/1000000
ERR2784752_R1.fq.gz	ERR2784780_R1.fq.gz	0.0712427	0	126128/1000000
ERR2784753_R1.fq.gz	ERR2784780_R1.fq.gz	0.0717577	0	124602/1000000
ERR2784754_R1.fq.gz	ERR2784780_R1.fq.gz	0.0726733	0	121940/1000000
ERR2784755_R1.fq.gz	ERR2784780_R1.fq.gz	0.0732014	0	120433/1000000
ERR2784756_R1.fq.gz	ERR2784780_R1.fq.gz	0.0820751	0	97952/1000000
ERR2784757_R1.fq.gz	ERR2784780_R1.fq.gz	0.0826185	0	96733/1000000
ERR2784759_R1.fq.gz	ERR2784780_R1.fq.gz	0.0839025	0	93918/1000000
ERR2784760_R1.fq.gz	ERR2784780_R1.fq.gz	0.0818746	0	98406/1000000
ERR2784761_R1.fq.gz	ERR2784780_R1.fq.gz	0.0822566	0	97543/1000000
ERR2784762_R1.fq.gz	ERR2784780_R1.fq.gz	0.0831408	0	95577/1000000
ERR2784763_R1.fq.gz	ERR2784780_R1.fq.gz	0.0835256	0	94735/1000000
ERR2784780_R1.fq.gz	ERR2784780_R1.fq.gz	0	0	1000000/1000000
ERR2784781_R1.fq.gz	ERR2784780_R1.fq.gz	0.0286142	0	377713/1000000
ERR2784782_R1.fq.gz	ERR2784780_R1.fq.gz	0.0292188	0	371179/1000000
ERR2784783_R1.fq.gz	ERR2784780_R1.fq.gz	0.0296464	0	366644/1000000
ERR2784796_R1.fq.gz	ERR2784780_R1.fq.gz	0.0890409	0	83509/1000000
ERR2784797_R1.fq.gz	ERR2784780_R1.fq.gz	0.090223	0	81295/1000000
ERR2784798_R1.fq.gz	ERR2784780_R1.fq.gz	0.0926808	0	76891/1000000
ERR2784799_R1.fq.gz	ERR2784780_R1.fq.gz	0.0940127	0	74612/1000000
ERR2784800_R1.fq.gz	ERR2784780_R1.fq.gz	0.102083	0	62256/1000000
ERR2784801_R1.fq.gz	ERR2784780_R1.fq.gz	0.105619	0	57545/1000000
ERR2784802_R1.fq.gz	ERR2784780_R1.fq.gz	0.109662	0	52614/1000000
ERR2784803_R1.fq.gz	ERR2784780_R1.fq.gz	0.112097	0	49860/1000000
ERR2784804_R1.fq.gz	ERR2784780_R1.fq.gz	0.157425	0	18675/1000000
ERR2784805_R1.fq.gz	ERR2784780_R1.fq.gz	0.163745	0	16316/1000000
ERR2784806_R1.fq.gz	ERR2784780_R1.fq.gz	0.214802	0	5525/1000000
ERR2784807_R1.fq.gz	ERR2784780_R1.fq.gz	0.222323	0	4714/1000000
ERR2784808_R1.fq.gz	ERR2784780_R1.fq.gz	0.0928832	0	76540/1000000
ERR2784809_R1.fq.gz	ERR2784780_R1.fq.gz	0.0936337	0	75253/1000000
ERR2784810_R1.fq.gz	ERR2784780_R1.fq.gz	0.0944683	0	73849/1000000
ERR2784811_R1.fq.gz	ERR2784780_R1.fq.gz	0.0949096	0	73118/1000000
ERR2784816_R1.fq.gz	ERR2784780_R1.fq.gz	0.0790272	0	105107/1000000
ERR2784817_R1.fq.gz	ERR2784780_R1.fq.gz	0.0796021	0	103715/1000000
ERR2784818_R1.fq.gz	ERR2784780_R1.fq.gz	0.0805813	0	101390/1000000
ERR2784824_R1.fq.gz	ERR2784780_R1.fq.gz	0.0655325	0	144519/1000000
ERR2784826_R1.fq.gz	ERR2784780_R1.fq.gz	0.0662021	0	142214/1000000
ERR2784827_R1.fq.gz	ERR2784780_R1.fq.gz	0.0665576	0	141007/1000000
SRR11047625_R1.fq.gz	ERR2784780_R1.fq.gz	0.0851107	0	91350/1000000
SRR11047626_R1.fq.gz	ERR2784780_R1.fq.gz	0.0721585	0	123429/1000000
SRR11047627_R1.fq.gz	ERR2784780_R1.fq.gz	0.0923235	0	77515/1000000
SRR11047628_R1.fq.gz	ERR2784780_R1.fq.gz	0.0741449	0	117792/1000000
SRR11047629_R1.fq.gz	ERR2784780_R1.fq.gz	0.0697336	0	130720/1000000
SRR11047631_R1.fq.gz	ERR2784780_R1.fq.gz	0.0817773	0	98627/1000000
SRR11047632_R1.fq.gz	ERR2784780_R1.fq.gz	0.070801	0	127453/1000000
SRR11047633_R1.fq.gz	ERR2784780_R1.fq.gz	0.0708564	0	127286/1000000
SRR11047634_R1.fq.gz	ERR2784780_R1.fq.gz	0.0766886	0	110985/1000000
SRR11047635_R1.fq.gz	ERR2784780_R1.fq.gz	0.0750695	0	115266/1000000
SRR11047636_R1.fq.gz	ERR2784780_R1.fq.gz	0.0878655	0	85775/1000000
SRR11047637_R1.fq.gz	ERR2784780_R1.fq.gz	0.0740643	0	118015/1000000
SRR11047639_R1.fq.gz	ERR2784780_R1.fq.gz	0.0712092	0	126228/1000000
SRR11047640_R1.fq.gz	ERR2784780_R1.fq.gz	0.0992538	0	66320/1000000
SRR11047641_R1.fq.gz	ERR2784780_R1.fq.gz	0.0695321	0	131347/1000000
SRR11047642_R1.fq.gz	ERR2784780_R1.fq.gz	0.0730458	0	120875/1000000
SRR11047643_R1.fq.gz	ERR2784780_R1.fq.gz	0.0801871	0	102319/1000000
SRR11047644_R1.fq.gz	ERR2784780_R1.fq.gz	0.111785	0	50205/1000000
SRR11047645_R1.fq.gz	ERR2784780_R1.fq.gz	0.0692178	0	132332/1000000
SRR11047647_R1.fq.gz	ERR2784780_R1.fq.gz	0.0710817	0	126609/1000000
SRR11047648_R1.fq.gz	ERR2784780_R1.fq.gz	0.0925493	0	77120/1000000
SRR11047649_R1.fq.gz	ERR2784780_R1.fq.gz	0.0796037	0	103711/1000000
SRR11047650_R1.fq.gz	ERR2784780_R1.fq.gz	0.0720665	0	123697/1000000
SRR11047651_R1.fq.gz	ERR2784780_R1.fq.gz	0.0793499	0	104323/1000000
SRR11047653_R1.fq.gz	ERR2784780_R1.fq.gz	0.0928624	0	76576/1000000
SRR11047654_R1.fq.gz	ERR2784780_R1.fq.gz	0.0929427	0	76437/1000000
SRR11047655_R1.fq.gz	ERR2784780_R1.fq.gz	0.0750339	0	115362/1000000
SRR11047656_R1.fq.gz	ERR2784780_R1.fq.gz	0.0728365	0	121472/1000000
SRR11047657_R1.fq.gz	ERR2784780_R1.fq.gz	0.0733549	0	119999/1000000
SRR11047658_R1.fq.gz	ERR2784780_R1.fq.gz	0.0731711	0	120519/1000000
SRR11047659_R1.fq.gz	ERR2784780_R1.fq.gz	0.0796453	0	103611/1000000
SRR11047660_R1.fq.gz	ERR2784780_R1.fq.gz	0.0805386	0	101490/1000000
SRR11047661_R1.fq.gz	ERR2784780_R1.fq.gz	0.0801791	0	102338/1000000
SRR11047662_R1.fq.gz	ERR2784780_R1.fq.gz	0.0722499	0	123163/1000000
SRR11047663_R1.fq.gz	ERR2784780_R1.fq.gz	0.0839832	0	93744/1000000
SRR11047664_R1.fq.gz	ERR2784780_R1.fq.gz	0.0792558	0	104551/1000000
SRR11047665_R1.fq.gz	ERR2784780_R1.fq.gz	0.0918863	0	78286/1000000
SRR11047666_R1.fq.gz	ERR2784780_R1.fq.gz	0.0729184	0	121238/1000000
SRR11047667_R1.fq.gz	ERR2784780_R1.fq.gz	0.0867385	0	88010/1000000
SRR11047668_R1.fq.gz	ERR2784780_R1.fq.gz	0.0823492	0	97335/1000000
SRR11047669_R1.fq.gz	ERR2784780_R1.fq.gz	0.068121	0	135834/1000000
SRR11047670_R1.fq.gz	ERR2784780_R1.fq.gz	0.0819262	0	98289/1000000
SRR11047671_R1.fq.gz	ERR2784780_R1.fq.gz	0.0855299	0	90477/1000000
SRR11047672_R1.fq.gz	ERR2784780_R1.fq.gz	0.0667779	0	140265/1000000
SRR11047673_R1.fq.gz	ERR2784780_R1.fq.gz	0.092766	0	76743/1000000
ERR2784728_R1.fq.gz	ERR2784781_R1.fq.gz	0.0889027	0	83772/1000000
ERR2784729_R1.fq.gz	ERR2784781_R1.fq.gz	0.0900462	0	81622/1000000
ERR2784730_R1.fq.gz	ERR2784781_R1.fq.gz	0.0916657	0	78678/1000000
ERR2784731_R1.fq.gz	ERR2784781_R1.fq.gz	0.0924818	0	77238/1000000
ERR2784741_R1.fq.gz	ERR2784781_R1.fq.gz	0.0728918	0	121314/1000000
ERR2784742_R1.fq.gz	ERR2784781_R1.fq.gz	0.0741735	0	117713/1000000
ERR2784743_R1.fq.gz	ERR2784781_R1.fq.gz	0.0748221	0	115936/1000000
ERR2784752_R1.fq.gz	ERR2784781_R1.fq.gz	0.0716065	0	125048/1000000
ERR2784753_R1.fq.gz	ERR2784781_R1.fq.gz	0.0719618	0	124003/1000000
ERR2784754_R1.fq.gz	ERR2784781_R1.fq.gz	0.0727555	0	121704/1000000
ERR2784755_R1.fq.gz	ERR2784781_R1.fq.gz	0.0731327	0	120628/1000000
ERR2784756_R1.fq.gz	ERR2784781_R1.fq.gz	0.0827057	0	96539/1000000
ERR2784757_R1.fq.gz	ERR2784781_R1.fq.gz	0.0830958	0	95676/1000000
ERR2784759_R1.fq.gz	ERR2784781_R1.fq.gz	0.084006	0	93695/1000000
ERR2784760_R1.fq.gz	ERR2784781_R1.fq.gz	0.0811274	0	100118/1000000
ERR2784761_R1.fq.gz	ERR2784781_R1.fq.gz	0.081491	0	99281/1000000
ERR2784762_R1.fq.gz	ERR2784781_R1.fq.gz	0.0821624	0	97755/1000000
ERR2784763_R1.fq.gz	ERR2784781_R1.fq.gz	0.0825168	0	96960/1000000
ERR2784780_R1.fq.gz	ERR2784781_R1.fq.gz	0.0286142	0	377713/1000000
ERR2784781_R1.fq.gz	ERR2784781_R1.fq.gz	0	0	1000000/1000000
ERR2784782_R1.fq.gz	ERR2784781_R1.fq.gz	0.0288895	0	374720/1000000
ERR2784783_R1.fq.gz	ERR2784781_R1.fq.gz	0.0292633	0	370704/1000000
ERR2784796_R1.fq.gz	ERR2784781_R1.fq.gz	0.0893165	0	82987/1000000
ERR2784797_R1.fq.gz	ERR2784781_R1.fq.gz	0.0903924	0	80983/1000000
ERR2784798_R1.fq.gz	ERR2784781_R1.fq.gz	0.0926923	0	76871/1000000
ERR2784799_R1.fq.gz	ERR2784781_R1.fq.gz	0.0938231	0	74932/1000000
ERR2784800_R1.fq.gz	ERR2784781_R1.fq.gz	0.101708	0	62779/1000000
ERR2784801_R1.fq.gz	ERR2784781_R1.fq.gz	0.105022	0	58313/1000000
ERR2784802_R1.fq.gz	ERR2784781_R1.fq.gz	0.109013	0	53375/1000000
ERR2784803_R1.fq.gz	ERR2784781_R1.fq.gz	0.111189	0	50869/1000000
ERR2784804_R1.fq.gz	ERR2784781_R1.fq.gz	0.156732	0	18954/1000000
ERR2784805_R1.fq.gz	ERR2784781_R1.fq.gz	0.162815	0	16643/1000000
ERR2784806_R1.fq.gz	ERR2784781_R1.fq.gz	0.213558	0	5672/1000000
ERR2784807_R1.fq.gz	ERR2784781_R1.fq.gz	0.219998	0	4951/1000000
ERR2784808_R1.fq.gz	ERR2784781_R1.fq.gz	0.092724	0	76816/1000000
ERR2784809_R1.fq.gz	ERR2784781_R1.fq.gz	0.0934734	0	75526/1000000
ERR2784810_R1.fq.gz	ERR2784781_R1.fq.gz	0.0941728	0	74343/1000000
ERR2784811_R1.fq.gz	ERR2784781_R1.fq.gz	0.0945116	0	73777/1000000
ERR2784816_R1.fq.gz	ERR2784781_R1.fq.gz	0.0793396	0	104348/1000000
ERR2784817_R1.fq.gz	ERR2784781_R1.fq.gz	0.0797475	0	103366/1000000
ERR2784818_R1.fq.gz	ERR2784781_R1.fq.gz	0.0804497	0	101699/1000000
ERR2784824_R1.fq.gz	ERR2784781_R1.fq.gz	0.0657751	0	143679/1000000
ERR2784826_R1.fq.gz	ERR2784781_R1.fq.gz	0.0661898	0	142256/1000000
ERR2784827_R1.fq.gz	ERR2784781_R1.fq.gz	0.0664521	0	141364/1000000
SRR11047625_R1.fq.gz	ERR2784781_R1.fq.gz	0.0860213	0	89465/1000000
SRR11047626_R1.fq.gz	ERR2784781_R1.fq.gz	0.0724331	0	122632/1000000
SRR11047627_R1.fq.gz	ERR2784781_R1.fq.gz	0.0947267	0	73420/1000000
SRR11047628_R1.fq.gz	ERR2784781_R1.fq.gz	0.0753804	0	114430/1000000
SRR11047629_R1.fq.gz	ERR2784781_R1.fq.gz	0.0708259	0	127378/1000000
SRR11047631_R1.fq.gz	ERR2784781_R1.fq.gz	0.0829168	0	96071/1000000
SRR11047632_R1.fq.gz	ERR2784781_R1.fq.gz	0.0725707	0	122235/1000000
SRR11047633_R1.fq.gz	ERR2784781_R1.fq.gz	0.071553	0	125206/1000000
SRR11047634_R1.fq.gz	ERR2784781_R1.fq.gz	0.0782595	0	106998/1000000
SRR11047635_R1.fq.gz	ERR2784781_R1.fq.gz	0.0757911	0	113336/1000000
SRR11047636_R1.fq.gz	ERR2784781_R1.fq.gz	0.0891779	0	83249/1000000
SRR11047637_R1.fq.gz	ERR2784781_R1.fq.gz	0.0754181	0	114329/1000000
SRR11047639_R1.fq.gz	ERR2784781_R1.fq.gz	0.0727879	0	121611/1000000
SRR11047640_R1.fq.gz	ERR2784781_R1.fq.gz	0.101226	0	63458/1000000
SRR11047641_R1.fq.gz	ERR2784781_R1.fq.gz	0.071045	0	126719/1000000
SRR11047642_R1.fq.gz	ERR2784781_R1.fq.gz	0.0748202	0	115941/1000000
SRR11047643_R1.fq.gz	ERR2784781_R1.fq.gz	0.0817444	0	98702/1000000
SRR11047644_R1.fq.gz	ERR2784781_R1.fq.gz	0.113429	0	48418/1000000
SRR11047645_R1.fq.gz	ERR2784781_R1.fq.gz	0.0709674	0	126952/1000000
SRR11047647_R1.fq.gz	ERR2784781_R1.fq.gz	0.0723582	0	122849/1000000
SRR11047648_R1.fq.gz	ERR2784781_R1.fq.gz	0.0933183	0	75791/1000000
SRR11047649_R1.fq.gz	ERR2784781_R1.fq.gz	0.080485	0	101616/1000000
SRR11047650_R1.fq.gz	ERR2784781_R1.fq.gz	0.0731193	0	120666/1000000
SRR11047651_R1.fq.gz	ERR2784781_R1.fq.gz	0.0800682	0	102601/1000000
SRR11047653_R1.fq.gz	ERR2784781_R1.fq.gz	0.0949236	0	73095/1000000
SRR11047654_R1.fq.gz	ERR2784781_R1.fq.gz	0.0938455	0	74894/1000000
SRR11047655_R1.fq.gz	ERR2784781_R1.fq.gz	0.0766727	0	111026/1000000
SRR11047656_R1.fq.gz	ERR2784781_R1.fq.gz	0.0738592	0	118585/1000000
SRR11047657_R1.fq.gz	ERR2784781_R1.fq.gz	0.0746366	0	116441/1000000
SRR11047658_R1.fq.gz	ERR2784781_R1.fq.gz	0.0745627	0	116643/1000000
SRR11047659_R1.fq.gz	ERR2784781_R1.fq.gz	0.0806436	0	101244/1000000
SRR11047660_R1.fq.gz	ERR2784781_R1.fq.gz	0.081976	0	98176/1000000
SRR11047661_R1.fq.gz	ERR2784781_R1.fq.gz	0.0802818	0	102095/1000000
SRR11047662_R1.fq.gz	ERR2784781_R1.fq.gz	0.0740838	0	117961/1000000
SRR11047663_R1.fq.gz	ERR2784781_R1.fq.gz	0.0851284	0	91313/1000000
SRR11047664_R1.fq.gz	ERR2784781_R1.fq.gz	0.0806825	0	101153/1000000
SRR11047665_R1.fq.gz	ERR2784781_R1.fq.gz	0.0927234	0	76817/1000000
SRR11047666_R1.fq.gz	ERR2784781_R1.fq.gz	0.0735766	0	119375/1000000
SRR11047667_R1.fq.gz	ERR2784781_R1.fq.gz	0.0870856	0	87315/1000000
SRR11047668_R1.fq.gz	ERR2784781_R1.fq.gz	0.0833629	0	95090/1000000
SRR11047669_R1.fq.gz	ERR2784781_R1.fq.gz	0.0691397	0	132578/1000000
SRR11047670_R1.fq.gz	ERR2784781_R1.fq.gz	0.0828273	0	96269/1000000
SRR11047671_R1.fq.gz	ERR2784781_R1.fq.gz	0.0858332	0	89851/1000000
SRR11047672_R1.fq.gz	ERR2784781_R1.fq.gz	0.0680415	0	136092/1000000
SRR11047673_R1.fq.gz	ERR2784781_R1.fq.gz	0.0935127	0	75459/1000000
ERR2784728_R1.fq.gz	ERR2784782_R1.fq.gz	0.0900748	0	81569/1000000
ERR2784729_R1.fq.gz	ERR2784782_R1.fq.gz	0.0909869	0	79898/1000000
ERR2784730_R1.fq.gz	ERR2784782_R1.fq.gz	0.0924594	0	77277/1000000
ERR2784731_R1.fq.gz	ERR2784782_R1.fq.gz	0.0931557	0	76070/1000000
ERR2784741_R1.fq.gz	ERR2784782_R1.fq.gz	0.0730619	0	120829/1000000
ERR2784742_R1.fq.gz	ERR2784782_R1.fq.gz	0.074205	0	117626/1000000
ERR2784743_R1.fq.gz	ERR2784782_R1.fq.gz	0.0747518	0	116127/1000000
ERR2784752_R1.fq.gz	ERR2784782_R1.fq.gz	0.072744	0	121737/1000000
ERR2784753_R1.fq.gz	ERR2784782_R1.fq.gz	0.0730401	0	120891/1000000
ERR2784754_R1.fq.gz	ERR2784782_R1.fq.gz	0.0735072	0	119570/1000000
ERR2784755_R1.fq.gz	ERR2784782_R1.fq.gz	0.073728	0	118951/1000000
ERR2784756_R1.fq.gz	ERR2784782_R1.fq.gz	0.0838886	0	93948/1000000
ERR2784757_R1.fq.gz	ERR2784782_R1.fq.gz	0.0840762	0	93544/1000000
ERR2784759_R1.fq.gz	ERR2784782_R1.fq.gz	0.0846477	0	92325/1000000
ERR2784760_R1.fq.gz	ERR2784782_R1.fq.gz	0.0808955	0	100656/1000000
ERR2784761_R1.fq.gz	ERR2784782_R1.fq.gz	0.0810713	0	100248/1000000
ERR2784762_R1.fq.gz	ERR2784782_R1.fq.gz	0.081598	0	99036/1000000
ERR2784763_R1.fq.gz	ERR2784782_R1.fq.gz	0.081905	0	98337/1000000
ERR2784780_R1.fq.gz	ERR2784782_R1.fq.gz	0.0292188	0	371179/1000000
ERR2784781_R1.fq.gz	ERR2784782_R1.fq.gz	0.0288895	0	374720/1000000
ERR2784782_R1.fq.gz	ERR2784782_R1.fq.gz	0	0	1000000/1000000
ERR2784783_R1.fq.gz	ERR2784782_R1.fq.gz	0.0291458	0	371960/1000000
ERR2784796_R1.fq.gz	ERR2784782_R1.fq.gz	0.0898692	0	81951/1000000
ERR2784797_R1.fq.gz	ERR2784782_R1.fq.gz	0.0908326	0	80178/1000000
ERR2784798_R1.fq.gz	ERR2784782_R1.fq.gz	0.0927349	0	76797/1000000
ERR2784799_R1.fq.gz	ERR2784782_R1.fq.gz	0.0939492	0	74719/1000000
ERR2784800_R1.fq.gz	ERR2784782_R1.fq.gz	0.101526	0	63035/1000000
ERR2784801_R1.fq.gz	ERR2784782_R1.fq.gz	0.104778	0	58630/1000000
ERR2784802_R1.fq.gz	ERR2784782_R1.fq.gz	0.108494	0	53991/1000000
ERR2784803_R1.fq.gz	ERR2784782_R1.fq.gz	0.110876	0	51222/1000000
ERR2784804_R1.fq.gz	ERR2784782_R1.fq.gz	0.156658	0	18984/1000000
ERR2784805_R1.fq.gz	ERR2784782_R1.fq.gz	0.162434	0	16779/1000000
ERR2784806_R1.fq.gz	ERR2784782_R1.fq.gz	0.211508	0	5923/1000000
ERR2784807_R1.fq.gz	ERR2784782_R1.fq.gz	0.217956	0	5169/1000000
ERR2784808_R1.fq.gz	ERR2784782_R1.fq.gz	0.093913	0	74780/1000000
ERR2784809_R1.fq.gz	ERR2784782_R1.fq.gz	0.0942904	0	74146/1000000
ERR2784810_R1.fq.gz	ERR2784782_R1.fq.gz	0.094852	0	73213/1000000
ERR2784811_R1.fq.gz	ERR2784782_R1.fq.gz	0.0951946	0	72650/1000000
ERR2784816_R1.fq.gz	ERR2784782_R1.fq.gz	0.0800152	0	102727/1000000
ERR2784817_R1.fq.gz	ERR2784782_R1.fq.gz	0.0802627	0	102140/1000000
ERR2784818_R1.fq.gz	ERR2784782_R1.fq.gz	0.0808354	0	100796/1000000
ERR2784824_R1.fq.gz	ERR2784782_R1.fq.gz	0.0666456	0	140710/1000000
ERR2784826_R1.fq.gz	ERR2784782_R1.fq.gz	0.0668023	0	140183/1000000
ERR2784827_R1.fq.gz	ERR2784782_R1.fq.gz	0.0669417	0	139716/1000000
SRR11047625_R1.fq.gz	ERR2784782_R1.fq.gz	0.0878338	0	85837/1000000
SRR11047626_R1.fq.gz	ERR2784782_R1.fq.gz	0.0735524	0	119443/1000000
SRR11047627_R1.fq.gz	ERR2784782_R1.fq.gz	0.0978702	0	68409/1000000
SRR11047628_R1.fq.gz	ERR2784782_R1.fq.gz	0.0775737	0	108719/1000000
SRR11047629_R1.fq.gz	ERR2784782_R1.fq.gz	0.0729331	0	121196/1000000
SRR11047631_R1.fq.gz	ERR2784782_R1.fq.gz	0.0847545	0	92099/1000000
SRR11047632_R1.fq.gz	ERR2784782_R1.fq.gz	0.0752786	0	114703/1000000
SRR11047633_R1.fq.gz	ERR2784782_R1.fq.gz	0.0730422	0	120885/1000000
SRR11047634_R1.fq.gz	ERR2784782_R1.fq.gz	0.0808049	0	100867/1000000
SRR11047635_R1.fq.gz	ERR2784782_R1.fq.gz	0.0774234	0	109100/1000000
SRR11047636_R1.fq.gz	ERR2784782_R1.fq.gz	0.0914313	0	79097/1000000
SRR11047637_R1.fq.gz	ERR2784782_R1.fq.gz	0.0775385	0	108808/1000000
SRR11047639_R1.fq.gz	ERR2784782_R1.fq.gz	0.0753987	0	114381/1000000
SRR11047640_R1.fq.gz	ERR2784782_R1.fq.gz	0.103788	0	59935/1000000
SRR11047641_R1.fq.gz	ERR2784782_R1.fq.gz	0.0732251	0	120366/1000000
SRR11047642_R1.fq.gz	ERR2784782_R1.fq.gz	0.0771411	0	109820/1000000
SRR11047643_R1.fq.gz	ERR2784782_R1.fq.gz	0.0846926	0	92230/1000000
SRR11047644_R1.fq.gz	ERR2784782_R1.fq.gz	0.116305	0	45452/1000000
SRR11047645_R1.fq.gz	ERR2784782_R1.fq.gz	0.0733995	0	119873/1000000
SRR11047647_R1.fq.gz	ERR2784782_R1.fq.gz	0.0746491	0	116407/1000000
SRR11047648_R1.fq.gz	ERR2784782_R1.fq.gz	0.0944659	0	73853/1000000
SRR11047649_R1.fq.gz	ERR2784782_R1.fq.gz	0.0818292	0	98509/1000000
SRR11047650_R1.fq.gz	ERR2784782_R1.fq.gz	0.0752149	0	114874/1000000
SRR11047651_R1.fq.gz	ERR2784782_R1.fq.gz	0.0815193	0	99216/1000000
SRR11047653_R1.fq.gz	ERR2784782_R1.fq.gz	0.0980537	0	68128/1000000
SRR11047654_R1.fq.gz	ERR2784782_R1.fq.gz	0.095804	0	71660/1000000
SRR11047655_R1.fq.gz	ERR2784782_R1.fq.gz	0.0792983	0	104448/1000000
SRR11047656_R1.fq.gz	ERR2784782_R1.fq.gz	0.0758009	0	113310/1000000
SRR11047657_R1.fq.gz	ERR2784782_R1.fq.gz	0.0766234	0	111154/1000000
SRR11047658_R1.fq.gz	ERR2784782_R1.fq.gz	0.0767063	0	110939/1000000
SRR11047659_R1.fq.gz	ERR2784782_R1.fq.gz	0.0827035	0	96544/1000000
SRR11047660_R1.fq.gz	ERR2784782_R1.fq.gz	0.0843893	0	92874/1000000
SRR11047661_R1.fq.gz	ERR2784782_R1.fq.gz	0.0809192	0	100601/1000000
SRR11047662_R1.fq.gz	ERR2784782_R1.fq.gz	0.0769622	0	110279/1000000
SRR11047663_R1.fq.gz	ERR2784782_R1.fq.gz	0.0871654	0	87156/1000000
SRR11047664_R1.fq.gz	ERR2784782_R1.fq.gz	0.0829901	0	95909/1000000
SRR11047665_R1.fq.gz	ERR2784782_R1.fq.gz	0.094632	0	73577/1000000
SRR11047666_R1.fq.gz	ERR2784782_R1.fq.gz	0.0750099	0	115427/1000000
SRR11047667_R1.fq.gz	ERR2784782_R1.fq.gz	0.088409	0	84719/1000000
SRR11047668_R1.fq.gz	ERR2784782_R1.fq.gz	0.0854566	0	90629/1000000
SRR11047669_R1.fq.gz	ERR2784782_R1.fq.gz	0.070999	0	126857/1000000
SRR11047670_R1.fq.gz	ERR2784782_R1.fq.gz	0.0847323	0	92146/1000000
SRR11047671_R1.fq.gz	ERR2784782_R1.fq.gz	0.0869224	0	87641/1000000
SRR11047672_R1.fq.gz	ERR2784782_R1.fq.gz	0.0699251	0	130127/1000000
SRR11047673_R1.fq.gz	ERR2784782_R1.fq.gz	0.0952533	0	72554/1000000
ERR2784728_R1.fq.gz	ERR2784783_R1.fq.gz	0.090668	0	80478/1000000
ERR2784729_R1.fq.gz	ERR2784783_R1.fq.gz	0.091443	0	79076/1000000
ERR2784730_R1.fq.gz	ERR2784783_R1.fq.gz	0.0928999	0	76511/1000000
ERR2784731_R1.fq.gz	ERR2784783_R1.fq.gz	0.0936314	0	75257/1000000
ERR2784741_R1.fq.gz	ERR2784783_R1.fq.gz	0.073329	0	120072/1000000
ERR2784742_R1.fq.gz	ERR2784783_R1.fq.gz	0.0742967	0	117373/1000000
ERR2784743_R1.fq.gz	ERR2784783_R1.fq.gz	0.074804	0	115985/1000000
ERR2784752_R1.fq.gz	ERR2784783_R1.fq.gz	0.0733825	0	119921/1000000
ERR2784753_R1.fq.gz	ERR2784783_R1.fq.gz	0.0734059	0	119855/1000000
ERR2784754_R1.fq.gz	ERR2784783_R1.fq.gz	0.073871	0	118552/1000000
ERR2784755_R1.fq.gz	ERR2784783_R1.fq.gz	0.0741442	0	117794/1000000
ERR2784756_R1.fq.gz	ERR2784783_R1.fq.gz	0.0844217	0	92805/1000000
ERR2784757_R1.fq.gz	ERR2784783_R1.fq.gz	0.0845783	0	92472/1000000
ERR2784759_R1.fq.gz	ERR2784783_R1.fq.gz	0.0849663	0	91653/1000000
ERR2784760_R1.fq.gz	ERR2784783_R1.fq.gz	0.0808736	0	100707/1000000
ERR2784761_R1.fq.gz	ERR2784783_R1.fq.gz	0.0810644	0	100264/1000000
ERR2784762_R1.fq.gz	ERR2784783_R1.fq.gz	0.0814988	0	99263/1000000
ERR2784763_R1.fq.gz	ERR2784783_R1.fq.gz	0.0817962	0	98584/1000000
ERR2784780_R1.fq.gz	ERR2784783_R1.fq.gz	0.0296464	0	366644/1000000
ERR2784781_R1.fq.gz	ERR2784783_R1.fq.gz	0.0292633	0	370704/1000000
ERR2784782_R1.fq.gz	ERR2784783_R1.fq.gz	0.0291458	0	371960/1000000
ERR2784783_R1.fq.gz	ERR2784783_R1.fq.gz	0	0	1000000/1000000
ERR2784796_R1.fq.gz	ERR2784783_R1.fq.gz	0.0901981	0	81341/1000000
ERR2784797_R1.fq.gz	ERR2784783_R1.fq.gz	0.0911046	0	79685/1000000
ERR2784798_R1.fq.gz	ERR2784783_R1.fq.gz	0.0929433	0	76436/1000000
ERR2784799_R1.fq.gz	ERR2784783_R1.fq.gz	0.0938615	0	74867/1000000
ERR2784800_R1.fq.gz	ERR2784783_R1.fq.gz	0.101622	0	62900/1000000
ERR2784801_R1.fq.gz	ERR2784783_R1.fq.gz	0.104783	0	58623/1000000
ERR2784802_R1.fq.gz	ERR2784783_R1.fq.gz	0.108549	0	53925/1000000
ERR2784803_R1.fq.gz	ERR2784783_R1.fq.gz	0.110683	0	51441/1000000
ERR2784804_R1.fq.gz	ERR2784783_R1.fq.gz	0.156037	0	19238/1000000
ERR2784805_R1.fq.gz	ERR2784783_R1.fq.gz	0.161761	0	17022/1000000
ERR2784806_R1.fq.gz	ERR2784783_R1.fq.gz	0.210661	0	6030/1000000
ERR2784807_R1.fq.gz	ERR2784783_R1.fq.gz	0.217328	0	5238/1000000
ERR2784808_R1.fq.gz	ERR2784783_R1.fq.gz	0.0941156	0	74439/1000000
ERR2784809_R1.fq.gz	ERR2784783_R1.fq.gz	0.0944761	0	73836/1000000
ERR2784810_R1.fq.gz	ERR2784783_R1.fq.gz	0.0949454	0	73059/1000000
ERR2784811_R1.fq.gz	ERR2784783_R1.fq.gz	0.0951305	0	72755/1000000
ERR2784816_R1.fq.gz	ERR2784783_R1.fq.gz	0.0805949	0	101358/1000000
ERR2784817_R1.fq.gz	ERR2784783_R1.fq.gz	0.0807064	0	101097/1000000
ERR2784818_R1.fq.gz	ERR2784783_R1.fq.gz	0.0810842	0	100218/1000000
ERR2784824_R1.fq.gz	ERR2784783_R1.fq.gz	0.0672751	0	138606/1000000
ERR2784826_R1.fq.gz	ERR2784783_R1.fq.gz	0.067198	0	138862/1000000
ERR2784827_R1.fq.gz	ERR2784783_R1.fq.gz	0.0673385	0	138396/1000000
SRR11047625_R1.fq.gz	ERR2784783_R1.fq.gz	0.0885944	0	84362/1000000
SRR11047626_R1.fq.gz	ERR2784783_R1.fq.gz	0.0740088	0	118169/1000000
SRR11047627_R1.fq.gz	ERR2784783_R1.fq.gz	0.0997176	0	65635/1000000
SRR11047628_R1.fq.gz	ERR2784783_R1.fq.gz	0.0786567	0	106015/1000000
SRR11047629_R1.fq.gz	ERR2784783_R1.fq.gz	0.0739156	0	118428/1000000
SRR11047631_R1.fq.gz	ERR2784783_R1.fq.gz	0.0857734	0	89974/1000000
SRR11047632_R1.fq.gz	ERR2784783_R1.fq.gz	0.0763475	0	111872/1000000
SRR11047633_R1.fq.gz	ERR2784783_R1.fq.gz	0.0740813	0	117968/1000000
SRR11047634_R1.fq.gz	ERR2784783_R1.fq.gz	0.0821771	0	97722/1000000
SRR11047635_R1.fq.gz	ERR2784783_R1.fq.gz	0.078309	0	106875/1000000
SRR11047636_R1.fq.gz	ERR2784783_R1.fq.gz	0.092659	0	76929/1000000
SRR11047637_R1.fq.gz	ERR2784783_R1.fq.gz	0.0788574	0	105522/1000000
SRR11047639_R1.fq.gz	ERR2784783_R1.fq.gz	0.0767585	0	110804/1000000
SRR11047640_R1.fq.gz	ERR2784783_R1.fq.gz	0.104908	0	58461/1000000
SRR11047641_R1.fq.gz	ERR2784783_R1.fq.gz	0.0743876	0	117123/1000000
SRR11047642_R1.fq.gz	ERR2784783_R1.fq.gz	0.0784615	0	106497/1000000
SRR11047643_R1.fq.gz	ERR2784783_R1.fq.gz	0.0860726	0	89360/1000000
SRR11047644_R1.fq.gz	ERR2784783_R1.fq.gz	0.11749	0	44285/1000000
SRR11047645_R1.fq.gz	ERR2784783_R1.fq.gz	0.0746132	0	116505/1000000
SRR11047647_R1.fq.gz	ERR2784783_R1.fq.gz	0.0758469	0	113188/1000000
SRR11047648_R1.fq.gz	ERR2784783_R1.fq.gz	0.0952643	0	72536/1000000
SRR11047649_R1.fq.gz	ERR2784783_R1.fq.gz	0.0826927	0	96568/1000000
SRR11047650_R1.fq.gz	ERR2784783_R1.fq.gz	0.0762691	0	112077/1000000
SRR11047651_R1.fq.gz	ERR2784783_R1.fq.gz	0.0822126	0	97642/1000000
SRR11047653_R1.fq.gz	ERR2784783_R1.fq.gz	0.0997919	0	65526/1000000
SRR11047654_R1.fq.gz	ERR2784783_R1.fq.gz	0.0965851	0	70412/1000000
SRR11047655_R1.fq.gz	ERR2784783_R1.fq.gz	0.0807278	0	101047/1000000
SRR11047656_R1.fq.gz	ERR2784783_R1.fq.gz	0.0766917	0	110977/1000000
SRR11047657_R1.fq.gz	ERR2784783_R1.fq.gz	0.0778504	0	108021/1000000
SRR11047658_R1.fq.gz	ERR2784783_R1.fq.gz	0.0778206	0	108096/1000000
SRR11047659_R1.fq.gz	ERR2784783_R1.fq.gz	0.0838103	0	94117/1000000
SRR11047660_R1.fq.gz	ERR2784783_R1.fq.gz	0.085721	0	90082/1000000
SRR11047661_R1.fq.gz	ERR2784783_R1.fq.gz	0.0813812	0	99533/1000000
SRR11047662_R1.fq.gz	ERR2784783_R1.fq.gz	0.078512	0	106372/1000000
SRR11047663_R1.fq.gz	ERR2784783_R1.fq.gz	0.088226	0	85073/1000000
SRR11047664_R1.fq.gz	ERR2784783_R1.fq.gz	0.084231	0	93212/1000000
SRR11047665_R1.fq.gz	ERR2784783_R1.fq.gz	0.0954908	0	72167/1000000
SRR11047666_R1.fq.gz	ERR2784783_R1.fq.gz	0.0758583	0	113158/1000000
SRR11047667_R1.fq.gz	ERR2784783_R1.fq.gz	0.0889815	0	83622/1000000
SRR11047668_R1.fq.gz	ERR2784783_R1.fq.gz	0.0863199	0	88856/1000000
SRR11047669_R1.fq.gz	ERR2784783_R1.fq.gz	0.0718973	0	124192/1000000
SRR11047670_R1.fq.gz	ERR2784783_R1.fq.gz	0.0856502	0	90228/1000000
SRR11047671_R1.fq.gz	ERR2784783_R1.fq.gz	0.0875167	0	86460/1000000
SRR11047672_R1.fq.gz	ERR2784783_R1.fq.gz	0.0709964	0	126865/1000000
SRR11047673_R1.fq.gz	ERR2784783_R1.fq.gz	0.0963891	0	70723/1000000
ERR2784728_R1.fq.gz	ERR2784796_R1.fq.gz	0.0919885	0	78105/1000000
ERR2784729_R1.fq.gz	ERR2784796_R1.fq.gz	0.0928052	0	76675/1000000
ERR2784730_R1.fq.gz	ERR2784796_R1.fq.gz	0.0943077	0	74117/1000000
ERR2784731_R1.fq.gz	ERR2784796_R1.fq.gz	0.0949272	0	73089/1000000
ERR2784741_R1.fq.gz	ERR2784796_R1.fq.gz	0.0832976	0	95233/1000000
ERR2784742_R1.fq.gz	ERR2784796_R1.fq.gz	0.0839372	0	93843/1000000
ERR2784743_R1.fq.gz	ERR2784796_R1.fq.gz	0.0843424	0	92974/1000000
ERR2784752_R1.fq.gz	ERR2784796_R1.fq.gz	0.0815451	0	99157/1000000
ERR2784753_R1.fq.gz	ERR2784796_R1.fq.gz	0.0816825	0	98843/1000000
ERR2784754_R1.fq.gz	ERR2784796_R1.fq.gz	0.0820556	0	97996/1000000
ERR2784755_R1.fq.gz	ERR2784796_R1.fq.gz	0.0825436	0	96900/1000000
ERR2784756_R1.fq.gz	ERR2784796_R1.fq.gz	0.0849801	0	91624/1000000
ERR2784757_R1.fq.gz	ERR2784796_R1.fq.gz	0.0853652	0	90819/1000000
ERR2784759_R1.fq.gz	ERR2784796_R1.fq.gz	0.0862314	0	89036/1000000
ERR2784760_R1.fq.gz	ERR2784796_R1.fq.gz	0.0871609	0	87165/1000000
ERR2784761_R1.fq.gz	ERR2784796_R1.fq.gz	0.0877904	0	85922/1000000
ERR2784762_R1.fq.gz	ERR2784796_R1.fq.gz	0.0884391	0	84661/1000000
ERR2784763_R1.fq.gz	ERR2784796_R1.fq.gz	0.088766	0	84033/1000000
ERR2784780_R1.fq.gz	ERR2784796_R1.fq.gz	0.0890409	0	83509/1000000
ERR2784781_R1.fq.gz	ERR2784796_R1.fq.gz	0.0893165	0	82987/1000000
ERR2784782_R1.fq.gz	ERR2784796_R1.fq.gz	0.0898692	0	81951/1000000
ERR2784783_R1.fq.gz	ERR2784796_R1.fq.gz	0.0901981	0	81341/1000000
ERR2784796_R1.fq.gz	ERR2784796_R1.fq.gz	0	0	1000000/1000000
ERR2784797_R1.fq.gz	ERR2784796_R1.fq.gz	0.0248859	0	421438/1000000
ERR2784798_R1.fq.gz	ERR2784796_R1.fq.gz	0.0256477	0	411994/1000000
ERR2784799_R1.fq.gz	ERR2784796_R1.fq.gz	0.0261299	0	406158/1000000
ERR2784800_R1.fq.gz	ERR2784796_R1.fq.gz	0.0894513	0	82733/1000000
ERR2784801_R1.fq.gz	ERR2784796_R1.fq.gz	0.0915246	0	78930/1000000
ERR2784802_R1.fq.gz	ERR2784796_R1.fq.gz	0.0939024	0	74798/1000000
ERR2784803_R1.fq.gz	ERR2784796_R1.fq.gz	0.0950525	0	72883/1000000
ERR2784804_R1.fq.gz	ERR2784796_R1.fq.gz	0.110449	0	51707/1000000
ERR2784805_R1.fq.gz	ERR2784796_R1.fq.gz	0.114122	0	47686/1000000
ERR2784806_R1.fq.gz	ERR2784796_R1.fq.gz	0.153314	0	20393/1000000
ERR2784807_R1.fq.gz	ERR2784796_R1.fq.gz	0.159438	0	17888/1000000
ERR2784808_R1.fq.gz	ERR2784796_R1.fq.gz	0.120372	0	41576/1000000
ERR2784809_R1.fq.gz	ERR2784796_R1.fq.gz	0.121873	0	40234/1000000
ERR2784810_R1.fq.gz	ERR2784796_R1.fq.gz	0.123257	0	39037/1000000
ERR2784811_R1.fq.gz	ERR2784796_R1.fq.gz	0.124011	0	38400/1000000
ERR2784816_R1.fq.gz	ERR2784796_R1.fq.gz	0.0889825	0	83620/1000000
ERR2784817_R1.fq.gz	ERR2784796_R1.fq.gz	0.0897898	0	82099/1000000
ERR2784818_R1.fq.gz	ERR2784796_R1.fq.gz	0.0909273	0	80006/1000000
ERR2784824_R1.fq.gz	ERR2784796_R1.fq.gz	0.0831308	0	95599/1000000
ERR2784826_R1.fq.gz	ERR2784796_R1.fq.gz	0.0847844	0	92036/1000000
ERR2784827_R1.fq.gz	ERR2784796_R1.fq.gz	0.0854272	0	90690/1000000
SRR11047625_R1.fq.gz	ERR2784796_R1.fq.gz	0.0968774	0	69951/1000000
SRR11047626_R1.fq.gz	ERR2784796_R1.fq.gz	0.084593	0	92441/1000000
SRR11047627_R1.fq.gz	ERR2784796_R1.fq.gz	0.0969774	0	69794/1000000
SRR11047628_R1.fq.gz	ERR2784796_R1.fq.gz	0.0917759	0	78482/1000000
SRR11047629_R1.fq.gz	ERR2784796_R1.fq.gz	0.085991	0	89527/1000000
SRR11047631_R1.fq.gz	ERR2784796_R1.fq.gz	0.0969016	0	69913/1000000
SRR11047632_R1.fq.gz	ERR2784796_R1.fq.gz	0.082282	0	97486/1000000
SRR11047633_R1.fq.gz	ERR2784796_R1.fq.gz	0.0841643	0	93355/1000000
SRR11047634_R1.fq.gz	ERR2784796_R1.fq.gz	0.0985249	0	67412/1000000
SRR11047635_R1.fq.gz	ERR2784796_R1.fq.gz	0.0936384	0	75245/1000000
SRR11047636_R1.fq.gz	ERR2784796_R1.fq.gz	0.0944731	0	73841/1000000
SRR11047637_R1.fq.gz	ERR2784796_R1.fq.gz	0.0788783	0	105471/1000000
SRR11047639_R1.fq.gz	ERR2784796_R1.fq.gz	0.0856488	0	90231/1000000
SRR11047640_R1.fq.gz	ERR2784796_R1.fq.gz	0.10995	0	52280/1000000
SRR11047641_R1.fq.gz	ERR2784796_R1.fq.gz	0.0767083	0	110934/1000000
SRR11047642_R1.fq.gz	ERR2784796_R1.fq.gz	0.08597	0	89570/1000000
SRR11047643_R1.fq.gz	ERR2784796_R1.fq.gz	0.0903603	0	81042/1000000
SRR11047644_R1.fq.gz	ERR2784796_R1.fq.gz	0.124447	0	38037/1000000
SRR11047645_R1.fq.gz	ERR2784796_R1.fq.gz	0.0808955	0	100656/1000000
SRR11047647_R1.fq.gz	ERR2784796_R1.fq.gz	0.0809149	0	100611/1000000
SRR11047648_R1.fq.gz	ERR2784796_R1.fq.gz	0.104376	0	59156/1000000
SRR11047649_R1.fq.gz	ERR2784796_R1.fq.gz	0.0883795	0	84776/1000000
SRR11047650_R1.fq.gz	ERR2784796_R1.fq.gz	0.0808882	0	100673/1000000
SRR11047651_R1.fq.gz	ERR2784796_R1.fq.gz	0.0852605	0	91037/1000000
SRR11047653_R1.fq.gz	ERR2784796_R1.fq.gz	0.109556	0	52738/1000000
SRR11047654_R1.fq.gz	ERR2784796_R1.fq.gz	0.0982748	0	67791/1000000
SRR11047655_R1.fq.gz	ERR2784796_R1.fq.gz	0.0902149	0	81310/1000000
SRR11047656_R1.fq.gz	ERR2784796_R1.fq.gz	0.0842497	0	93172/1000000
SRR11047657_R1.fq.gz	ERR2784796_R1.fq.gz	0.07784	0	108047/1000000
SRR11047658_R1.fq.gz	ERR2784796_R1.fq.gz	0.0881132	0	85292/1000000
SRR11047659_R1.fq.gz	ERR2784796_R1.fq.gz	0.0901207	0	81484/1000000
SRR11047660_R1.fq.gz	ERR2784796_R1.fq.gz	0.081007	0	100397/1000000
SRR11047661_R1.fq.gz	ERR2784796_R1.fq.gz	0.100174	0	64969/1000000
SRR11047662_R1.fq.gz	ERR2784796_R1.fq.gz	0.0805046	0	101570/1000000
SRR11047663_R1.fq.gz	ERR2784796_R1.fq.gz	0.0960359	0	71287/1000000
SRR11047664_R1.fq.gz	ERR2784796_R1.fq.gz	0.0903722	0	81020/1000000
SRR11047665_R1.fq.gz	ERR2784796_R1.fq.gz	0.102544	0	61620/1000000
SRR11047666_R1.fq.gz	ERR2784796_R1.fq.gz	0.0878409	0	85823/1000000
SRR11047667_R1.fq.gz	ERR2784796_R1.fq.gz	0.0918654	0	78323/1000000
SRR11047668_R1.fq.gz	ERR2784796_R1.fq.gz	0.0956054	0	71981/1000000
SRR11047669_R1.fq.gz	ERR2784796_R1.fq.gz	0.0861235	0	89256/1000000
SRR11047670_R1.fq.gz	ERR2784796_R1.fq.gz	0.101429	0	63172/1000000
SRR11047671_R1.fq.gz	ERR2784796_R1.fq.gz	0.0978064	0	68507/1000000
SRR11047672_R1.fq.gz	ERR2784796_R1.fq.gz	0.0830391	0	95801/1000000
SRR11047673_R1.fq.gz	ERR2784796_R1.fq.gz	0.100483	0	64521/1000000
ERR2784728_R1.fq.gz	ERR2784797_R1.fq.gz	0.0925035	0	77200/1000000
ERR2784729_R1.fq.gz	ERR2784797_R1.fq.gz	0.0931964	0	76000/1000000
ERR2784730_R1.fq.gz	ERR2784797_R1.fq.gz	0.0946965	0	73470/1000000
ERR2784731_R1.fq.gz	ERR2784797_R1.fq.gz	0.0951952	0	72649/1000000
ERR2784741_R1.fq.gz	ERR2784797_R1.fq.gz	0.0835279	0	94730/1000000
ERR2784742_R1.fq.gz	ERR2784797_R1.fq.gz	0.0840818	0	93532/1000000
ERR2784743_R1.fq.gz	ERR2784797_R1.fq.gz	0.0842979	0	93069/1000000
ERR2784752_R1.fq.gz	ERR2784797_R1.fq.gz	0.0826096	0	96753/1000000
ERR2784753_R1.fq.gz	ERR2784797_R1.fq.gz	0.0825656	0	96851/1000000
ERR2784754_R1.fq.gz	ERR2784797_R1.fq.gz	0.0828116	0	96304/1000000
ERR2784755_R1.fq.gz	ERR2784797_R1.fq.gz	0.083099	0	95669/1000000
ERR2784756_R1.fq.gz	ERR2784797_R1.fq.gz	0.085689	0	90148/1000000
ERR2784757_R1.fq.gz	ERR2784797_R1.fq.gz	0.0857773	0	89966/1000000
ERR2784759_R1.fq.gz	ERR2784797_R1.fq.gz	0.0866188	0	88251/1000000
ERR2784760_R1.fq.gz	ERR2784797_R1.fq.gz	0.0870585	0	87369/1000000
ERR2784761_R1.fq.gz	ERR2784797_R1.fq.gz	0.0875192	0	86455/1000000
ERR2784762_R1.fq.gz	ERR2784797_R1.fq.gz	0.0880541	0	85407/1000000
ERR2784763_R1.fq.gz	ERR2784797_R1.fq.gz	0.0884038	0	84729/1000000
ERR2784780_R1.fq.gz	ERR2784797_R1.fq.gz	0.090223	0	81295/1000000
ERR2784781_R1.fq.gz	ERR2784797_R1.fq.gz	0.0903924	0	80983/1000000
ERR2784782_R1.fq.gz	ERR2784797_R1.fq.gz	0.0908326	0	80178/1000000
ERR2784783_R1.fq.gz	ERR2784797_R1.fq.gz	0.0911046	0	79685/1000000
ERR2784796_R1.fq.gz	ERR2784797_R1.fq.gz	0.0248859	0	421438/1000000
ERR2784797_R1.fq.gz	ERR2784797_R1.fq.gz	0	0	1000000/1000000
ERR2784798_R1.fq.gz	ERR2784797_R1.fq.gz	0.0254581	0	414319/1000000
ERR2784799_R1.fq.gz	ERR2784797_R1.fq.gz	0.0258693	0	409298/1000000
ERR2784800_R1.fq.gz	ERR2784797_R1.fq.gz	0.0886804	0	84197/1000000
ERR2784801_R1.fq.gz	ERR2784797_R1.fq.gz	0.0906182	0	80569/1000000
ERR2784802_R1.fq.gz	ERR2784797_R1.fq.gz	0.0928549	0	76589/1000000
ERR2784803_R1.fq.gz	ERR2784797_R1.fq.gz	0.0939059	0	74792/1000000
ERR2784804_R1.fq.gz	ERR2784797_R1.fq.gz	0.108925	0	53479/1000000
ERR2784805_R1.fq.gz	ERR2784797_R1.fq.gz	0.112445	0	49479/1000000
ERR2784806_R1.fq.gz	ERR2784797_R1.fq.gz	0.150676	0	21580/1000000
ERR2784807_R1.fq.gz	ERR2784797_R1.fq.gz	0.156964	0	18860/1000000
ERR2784808_R1.fq.gz	ERR2784797_R1.fq.gz	0.121548	0	40521/1000000
ERR2784809_R1.fq.gz	ERR2784797_R1.fq.gz	0.122788	0	39438/1000000
ERR2784810_R1.fq.gz	ERR2784797_R1.fq.gz	0.124524	0	37973/1000000
ERR2784811_R1.fq.gz	ERR2784797_R1.fq.gz	0.124789	0	37754/1000000
ERR2784816_R1.fq.gz	ERR2784797_R1.fq.gz	0.0904141	0	80943/1000000
ERR2784817_R1.fq.gz	ERR2784797_R1.fq.gz	0.0909328	0	79996/1000000
ERR2784818_R1.fq.gz	ERR2784797_R1.fq.gz	0.0919993	0	78086/1000000
ERR2784824_R1.fq.gz	ERR2784797_R1.fq.gz	0.0844941	0	92651/1000000
ERR2784826_R1.fq.gz	ERR2784797_R1.fq.gz	0.08582	0	89878/1000000
ERR2784827_R1.fq.gz	ERR2784797_R1.fq.gz	0.0862968	0	88903/1000000
SRR11047625_R1.fq.gz	ERR2784797_R1.fq.gz	0.0985904	0	67313/1000000
SRR11047626_R1.fq.gz	ERR2784797_R1.fq.gz	0.0856227	0	90285/1000000
SRR11047627_R1.fq.gz	ERR2784797_R1.fq.gz	0.100572	0	64392/1000000
SRR11047628_R1.fq.gz	ERR2784797_R1.fq.gz	0.0936173	0	75281/1000000
SRR11047629_R1.fq.gz	ERR2784797_R1.fq.gz	0.0879228	0	85663/1000000
SRR11047631_R1.fq.gz	ERR2784797_R1.fq.gz	0.0985957	0	67305/1000000
SRR11047632_R1.fq.gz	ERR2784797_R1.fq.gz	0.0850015	0	91579/1000000
SRR11047633_R1.fq.gz	ERR2784797_R1.fq.gz	0.0860208	0	89466/1000000
SRR11047634_R1.fq.gz	ERR2784797_R1.fq.gz	0.101707	0	62781/1000000
SRR11047635_R1.fq.gz	ERR2784797_R1.fq.gz	0.0950726	0	72850/1000000
SRR11047636_R1.fq.gz	ERR2784797_R1.fq.gz	0.0969443	0	69846/1000000
SRR11047637_R1.fq.gz	ERR2784797_R1.fq.gz	0.0808131	0	100848/1000000
SRR11047639_R1.fq.gz	ERR2784797_R1.fq.gz	0.087867	0	85772/1000000
SRR11047640_R1.fq.gz	ERR2784797_R1.fq.gz	0.112274	0	49666/1000000
SRR11047641_R1.fq.gz	ERR2784797_R1.fq.gz	0.0791307	0	104855/1000000
SRR11047642_R1.fq.gz	ERR2784797_R1.fq.gz	0.0890093	0	83569/1000000
SRR11047643_R1.fq.gz	ERR2784797_R1.fq.gz	0.0933049	0	75814/1000000
SRR11047644_R1.fq.gz	ERR2784797_R1.fq.gz	0.126495	0	36377/1000000
SRR11047645_R1.fq.gz	ERR2784797_R1.fq.gz	0.0834783	0	94838/1000000
SRR11047647_R1.fq.gz	ERR2784797_R1.fq.gz	0.0830813	0	95708/1000000
SRR11047648_R1.fq.gz	ERR2784797_R1.fq.gz	0.105182	0	58106/1000000
SRR11047649_R1.fq.gz	ERR2784797_R1.fq.gz	0.089529	0	82587/1000000
SRR11047650_R1.fq.gz	ERR2784797_R1.fq.gz	0.0831226	0	95617/1000000
SRR11047651_R1.fq.gz	ERR2784797_R1.fq.gz	0.0862	0	89100/1000000
SRR11047653_R1.fq.gz	ERR2784797_R1.fq.gz	0.111982	0	49987/1000000
SRR11047654_R1.fq.gz	ERR2784797_R1.fq.gz	0.0992902	0	66266/1000000
SRR11047655_R1.fq.gz	ERR2784797_R1.fq.gz	0.092424	0	77339/1000000
SRR11047656_R1.fq.gz	ERR2784797_R1.fq.gz	0.0858984	0	89717/1000000
SRR11047657_R1.fq.gz	ERR2784797_R1.fq.gz	0.0797341	0	103398/1000000
SRR11047658_R1.fq.gz	ERR2784797_R1.fq.gz	0.0906444	0	80521/1000000
SRR11047659_R1.fq.gz	ERR2784797_R1.fq.gz	0.0915682	0	78852/1000000
SRR11047660_R1.fq.gz	ERR2784797_R1.fq.gz	0.0835582	0	94664/1000000
SRR11047661_R1.fq.gz	ERR2784797_R1.fq.gz	0.100712	0	64192/1000000
SRR11047662_R1.fq.gz	ERR2784797_R1.fq.gz	0.0834563	0	94886/1000000
SRR11047663_R1.fq.gz	ERR2784797_R1.fq.gz	0.0974469	0	69062/1000000
SRR11047664_R1.fq.gz	ERR2784797_R1.fq.gz	0.0924103	0	77363/1000000
SRR11047665_R1.fq.gz	ERR2784797_R1.fq.gz	0.10403	0	59613/1000000
SRR11047666_R1.fq.gz	ERR2784797_R1.fq.gz	0.0894721	0	82694/1000000
SRR11047667_R1.fq.gz	ERR2784797_R1.fq.gz	0.0929752	0	76381/1000000
SRR11047668_R1.fq.gz	ERR2784797_R1.fq.gz	0.0971314	0	69553/1000000
SRR11047669_R1.fq.gz	ERR2784797_R1.fq.gz	0.0880864	0	85344/1000000
SRR11047670_R1.fq.gz	ERR2784797_R1.fq.gz	0.102568	0	61586/1000000
SRR11047671_R1.fq.gz	ERR2784797_R1.fq.gz	0.0989479	0	66776/1000000
SRR11047672_R1.fq.gz	ERR2784797_R1.fq.gz	0.0851313	0	91307/1000000
SRR11047673_R1.fq.gz	ERR2784797_R1.fq.gz	0.102097	0	62237/1000000
ERR2784728_R1.fq.gz	ERR2784798_R1.fq.gz	0.0938846	0	74828/1000000
ERR2784729_R1.fq.gz	ERR2784798_R1.fq.gz	0.0943778	0	74000/1000000
ERR2784730_R1.fq.gz	ERR2784798_R1.fq.gz	0.0954379	0	72253/1000000
ERR2784731_R1.fq.gz	ERR2784798_R1.fq.gz	0.0959326	0	71453/1000000
ERR2784741_R1.fq.gz	ERR2784798_R1.fq.gz	0.0850816	0	91411/1000000
ERR2784742_R1.fq.gz	ERR2784798_R1.fq.gz	0.0855048	0	90529/1000000
ERR2784743_R1.fq.gz	ERR2784798_R1.fq.gz	0.0854985	0	90542/1000000
ERR2784752_R1.fq.gz	ERR2784798_R1.fq.gz	0.0846227	0	92378/1000000
ERR2784753_R1.fq.gz	ERR2784798_R1.fq.gz	0.0845364	0	92561/1000000
ERR2784754_R1.fq.gz	ERR2784798_R1.fq.gz	0.0843794	0	92895/1000000
ERR2784755_R1.fq.gz	ERR2784798_R1.fq.gz	0.0847815	0	92042/1000000
ERR2784756_R1.fq.gz	ERR2784798_R1.fq.gz	0.0875756	0	86344/1000000
ERR2784757_R1.fq.gz	ERR2784798_R1.fq.gz	0.0874504	0	86591/1000000
ERR2784759_R1.fq.gz	ERR2784798_R1.fq.gz	0.0878644	0	85777/1000000
ERR2784760_R1.fq.gz	ERR2784798_R1.fq.gz	0.0877735	0	85955/1000000
ERR2784761_R1.fq.gz	ERR2784798_R1.fq.gz	0.0879858	0	85540/1000000
ERR2784762_R1.fq.gz	ERR2784798_R1.fq.gz	0.0884375	0	84664/1000000
ERR2784763_R1.fq.gz	ERR2784798_R1.fq.gz	0.0887572	0	84050/1000000
ERR2784780_R1.fq.gz	ERR2784798_R1.fq.gz	0.0926808	0	76891/1000000
ERR2784781_R1.fq.gz	ERR2784798_R1.fq.gz	0.0926923	0	76871/1000000
ERR2784782_R1.fq.gz	ERR2784798_R1.fq.gz	0.0927349	0	76797/1000000
ERR2784783_R1.fq.gz	ERR2784798_R1.fq.gz	0.0929433	0	76436/1000000
ERR2784796_R1.fq.gz	ERR2784798_R1.fq.gz	0.0256477	0	411994/1000000
ERR2784797_R1.fq.gz	ERR2784798_R1.fq.gz	0.0254581	0	414319/1000000
ERR2784798_R1.fq.gz	ERR2784798_R1.fq.gz	0	0	1000000/1000000
ERR2784799_R1.fq.gz	ERR2784798_R1.fq.gz	0.0258985	0	408945/1000000
ERR2784800_R1.fq.gz	ERR2784798_R1.fq.gz	0.0883753	0	84784/1000000
ERR2784801_R1.fq.gz	ERR2784798_R1.fq.gz	0.0898209	0	82041/1000000
ERR2784802_R1.fq.gz	ERR2784798_R1.fq.gz	0.0918237	0	78397/1000000
ERR2784803_R1.fq.gz	ERR2784798_R1.fq.gz	0.0927827	0	76714/1000000
ERR2784804_R1.fq.gz	ERR2784798_R1.fq.gz	0.107133	0	55644/1000000
ERR2784805_R1.fq.gz	ERR2784798_R1.fq.gz	0.11014	0	52061/1000000
ERR2784806_R1.fq.gz	ERR2784798_R1.fq.gz	0.147558	0	23074/1000000
ERR2784807_R1.fq.gz	ERR2784798_R1.fq.gz	0.153404	0	20354/1000000
ERR2784808_R1.fq.gz	ERR2784798_R1.fq.gz	0.124188	0	38252/1000000
ERR2784809_R1.fq.gz	ERR2784798_R1.fq.gz	0.125287	0	37347/1000000
ERR2784810_R1.fq.gz	ERR2784798_R1.fq.gz	0.126513	0	36363/1000000
ERR2784811_R1.fq.gz	ERR2784798_R1.fq.gz	0.126898	0	36060/1000000
ERR2784816_R1.fq.gz	ERR2784798_R1.fq.gz	0.0927015	0	76855/1000000
ERR2784817_R1.fq.gz	ERR2784798_R1.fq.gz	0.0932413	0	75923/1000000
ERR2784818_R1.fq.gz	ERR2784798_R1.fq.gz	0.0941168	0	74437/1000000
ERR2784824_R1.fq.gz	ERR2784798_R1.fq.gz	0.0869844	0	87517/1000000
ERR2784826_R1.fq.gz	ERR2784798_R1.fq.gz	0.0880612	0	85393/1000000
ERR2784827_R1.fq.gz	ERR2784798_R1.fq.gz	0.0884277	0	84683/1000000
SRR11047625_R1.fq.gz	ERR2784798_R1.fq.gz	0.101788	0	62667/1000000
SRR11047626_R1.fq.gz	ERR2784798_R1.fq.gz	0.0880196	0	85474/1000000
SRR11047627_R1.fq.gz	ERR2784798_R1.fq.gz	0.104706	0	58724/1000000
SRR11047628_R1.fq.gz	ERR2784798_R1.fq.gz	0.0970617	0	69662/1000000
SRR11047629_R1.fq.gz	ERR2784798_R1.fq.gz	0.0912782	0	79372/1000000
SRR11047631_R1.fq.gz	ERR2784798_R1.fq.gz	0.101598	0	62934/1000000
SRR11047632_R1.fq.gz	ERR2784798_R1.fq.gz	0.0888864	0	83803/1000000
SRR11047633_R1.fq.gz	ERR2784798_R1.fq.gz	0.0893006	0	83017/1000000
SRR11047634_R1.fq.gz	ERR2784798_R1.fq.gz	0.105434	0	57782/1000000
SRR11047635_R1.fq.gz	ERR2784798_R1.fq.gz	0.0979929	0	68221/1000000
SRR11047636_R1.fq.gz	ERR2784798_R1.fq.gz	0.100427	0	64602/1000000
SRR11047637_R1.fq.gz	ERR2784798_R1.fq.gz	0.0841144	0	93462/1000000
SRR11047639_R1.fq.gz	ERR2784798_R1.fq.gz	0.0912432	0	79435/1000000
SRR11047640_R1.fq.gz	ERR2784798_R1.fq.gz	0.116141	0	45616/1000000
SRR11047641_R1.fq.gz	ERR2784798_R1.fq.gz	0.0829322	0	96037/1000000
SRR11047642_R1.fq.gz	ERR2784798_R1.fq.gz	0.0931162	0	76138/1000000
SRR11047643_R1.fq.gz	ERR2784798_R1.fq.gz	0.0977752	0	68555/1000000
SRR11047644_R1.fq.gz	ERR2784798_R1.fq.gz	0.129416	0	34139/1000000
SRR11047645_R1.fq.gz	ERR2784798_R1.fq.gz	0.0874914	0	86510/1000000
SRR11047647_R1.fq.gz	ERR2784798_R1.fq.gz	0.0866699	0	88148/1000000
SRR11047648_R1.fq.gz	ERR2784798_R1.fq.gz	0.10791	0	54694/1000000
SRR11047649_R1.fq.gz	ERR2784798_R1.fq.gz	0.092129	0	77857/1000000
SRR11047650_R1.fq.gz	ERR2784798_R1.fq.gz	0.0865886	0	88312/1000000
SRR11047651_R1.fq.gz	ERR2784798_R1.fq.gz	0.0888775	0	83820/1000000
SRR11047653_R1.fq.gz	ERR2784798_R1.fq.gz	0.115669	0	46091/1000000
SRR11047654_R1.fq.gz	ERR2784798_R1.fq.gz	0.101628	0	62891/1000000
SRR11047655_R1.fq.gz	ERR2784798_R1.fq.gz	0.0960784	0	71219/1000000
SRR11047656_R1.fq.gz	ERR2784798_R1.fq.gz	0.089121	0	83357/1000000
SRR11047657_R1.fq.gz	ERR2784798_R1.fq.gz	0.0833272	0	95168/1000000
SRR11047658_R1.fq.gz	ERR2784798_R1.fq.gz	0.094582	0	73660/1000000
SRR11047659_R1.fq.gz	ERR2784798_R1.fq.gz	0.0946422	0	73560/1000000
SRR11047660_R1.fq.gz	ERR2784798_R1.fq.gz	0.0872892	0	86910/1000000
SRR11047661_R1.fq.gz	ERR2784798_R1.fq.gz	0.102617	0	61520/1000000
SRR11047662_R1.fq.gz	ERR2784798_R1.fq.gz	0.0877032	0	86093/1000000
SRR11047663_R1.fq.gz	ERR2784798_R1.fq.gz	0.100026	0	65183/1000000
SRR11047664_R1.fq.gz	ERR2784798_R1.fq.gz	0.0960353	0	71288/1000000
SRR11047665_R1.fq.gz	ERR2784798_R1.fq.gz	0.107027	0	55775/1000000
SRR11047666_R1.fq.gz	ERR2784798_R1.fq.gz	0.0922956	0	77564/1000000
SRR11047667_R1.fq.gz	ERR2784798_R1.fq.gz	0.0956845	0	71853/1000000
SRR11047668_R1.fq.gz	ERR2784798_R1.fq.gz	0.100258	0	64847/1000000
SRR11047669_R1.fq.gz	ERR2784798_R1.fq.gz	0.091524	0	78931/1000000
SRR11047670_R1.fq.gz	ERR2784798_R1.fq.gz	0.105688	0	57457/1000000
SRR11047671_R1.fq.gz	ERR2784798_R1.fq.gz	0.100905	0	63916/1000000
SRR11047672_R1.fq.gz	ERR2784798_R1.fq.gz	0.0886684	0	84220/1000000
SRR11047673_R1.fq.gz	ERR2784798_R1.fq.gz	0.104837	0	58553/1000000
ERR2784728_R1.fq.gz	ERR2784799_R1.fq.gz	0.094892	0	73147/1000000
ERR2784729_R1.fq.gz	ERR2784799_R1.fq.gz	0.0952178	0	72612/1000000
ERR2784730_R1.fq.gz	ERR2784799_R1.fq.gz	0.0963081	0	70852/1000000
ERR2784731_R1.fq.gz	ERR2784799_R1.fq.gz	0.0968583	0	69981/1000000
ERR2784741_R1.fq.gz	ERR2784799_R1.fq.gz	0.0859876	0	89534/1000000
ERR2784742_R1.fq.gz	ERR2784799_R1.fq.gz	0.0862693	0	88959/1000000
ERR2784743_R1.fq.gz	ERR2784799_R1.fq.gz	0.0862535	0	88991/1000000
ERR2784752_R1.fq.gz	ERR2784799_R1.fq.gz	0.0859383	0	89635/1000000
ERR2784753_R1.fq.gz	ERR2784799_R1.fq.gz	0.085674	0	90179/1000000
ERR2784754_R1.fq.gz	ERR2784799_R1.fq.gz	0.0855666	0	90401/1000000
ERR2784755_R1.fq.gz	ERR2784799_R1.fq.gz	0.08572	0	90084/1000000
ERR2784756_R1.fq.gz	ERR2784799_R1.fq.gz	0.0886804	0	84197/1000000
ERR2784757_R1.fq.gz	ERR2784799_R1.fq.gz	0.0885611	0	84426/1000000
ERR2784759_R1.fq.gz	ERR2784799_R1.fq.gz	0.0887096	0	84141/1000000
ERR2784760_R1.fq.gz	ERR2784799_R1.fq.gz	0.0883655	0	84803/1000000
ERR2784761_R1.fq.gz	ERR2784799_R1.fq.gz	0.0886449	0	84265/1000000
ERR2784762_R1.fq.gz	ERR2784799_R1.fq.gz	0.088931	0	83718/1000000
ERR2784763_R1.fq.gz	ERR2784799_R1.fq.gz	0.0891394	0	83322/1000000
ERR2784780_R1.fq.gz	ERR2784799_R1.fq.gz	0.0940127	0	74612/1000000
ERR2784781_R1.fq.gz	ERR2784799_R1.fq.gz	0.0938231	0	74932/1000000
ERR2784782_R1.fq.gz	ERR2784799_R1.fq.gz	0.0939492	0	74719/1000000
ERR2784783_R1.fq.gz	ERR2784799_R1.fq.gz	0.0938615	0	74867/1000000
ERR2784796_R1.fq.gz	ERR2784799_R1.fq.gz	0.0261299	0	406158/1000000
ERR2784797_R1.fq.gz	ERR2784799_R1.fq.gz	0.0258693	0	409298/1000000
ERR2784798_R1.fq.gz	ERR2784799_R1.fq.gz	0.0258985	0	408945/1000000
ERR2784799_R1.fq.gz	ERR2784799_R1.fq.gz	0	0	1000000/1000000
ERR2784800_R1.fq.gz	ERR2784799_R1.fq.gz	0.0883614	0	84811/1000000
ERR2784801_R1.fq.gz	ERR2784799_R1.fq.gz	0.0897089	0	82250/1000000
ERR2784802_R1.fq.gz	ERR2784799_R1.fq.gz	0.0916321	0	78738/1000000
ERR2784803_R1.fq.gz	ERR2784799_R1.fq.gz	0.0924726	0	77254/1000000
ERR2784804_R1.fq.gz	ERR2784799_R1.fq.gz	0.106277	0	56710/1000000
ERR2784805_R1.fq.gz	ERR2784799_R1.fq.gz	0.109312	0	53023/1000000
ERR2784806_R1.fq.gz	ERR2784799_R1.fq.gz	0.14623	0	23742/1000000
ERR2784807_R1.fq.gz	ERR2784799_R1.fq.gz	0.151627	0	21144/1000000
ERR2784808_R1.fq.gz	ERR2784799_R1.fq.gz	0.125383	0	37269/1000000
ERR2784809_R1.fq.gz	ERR2784799_R1.fq.gz	0.126745	0	36180/1000000
ERR2784810_R1.fq.gz	ERR2784799_R1.fq.gz	0.128028	0	35184/1000000
ERR2784811_R1.fq.gz	ERR2784799_R1.fq.gz	0.128242	0	35021/1000000
ERR2784816_R1.fq.gz	ERR2784799_R1.fq.gz	0.0940549	0	74541/1000000
ERR2784817_R1.fq.gz	ERR2784799_R1.fq.gz	0.0944479	0	73883/1000000
ERR2784818_R1.fq.gz	ERR2784799_R1.fq.gz	0.0953115	0	72459/1000000
ERR2784824_R1.fq.gz	ERR2784799_R1.fq.gz	0.0881889	0	85145/1000000
ERR2784826_R1.fq.gz	ERR2784799_R1.fq.gz	0.0892593	0	83095/1000000
ERR2784827_R1.fq.gz	ERR2784799_R1.fq.gz	0.0895317	0	82582/1000000
SRR11047625_R1.fq.gz	ERR2784799_R1.fq.gz	0.103025	0	60962/1000000
SRR11047626_R1.fq.gz	ERR2784799_R1.fq.gz	0.0890346	0	83521/1000000
SRR11047627_R1.fq.gz	ERR2784799_R1.fq.gz	0.106421	0	56529/1000000
SRR11047628_R1.fq.gz	ERR2784799_R1.fq.gz	0.0986176	0	67272/1000000
SRR11047629_R1.fq.gz	ERR2784799_R1.fq.gz	0.092601	0	77030/1000000
SRR11047631_R1.fq.gz	ERR2784799_R1.fq.gz	0.102524	0	61647/1000000
SRR11047632_R1.fq.gz	ERR2784799_R1.fq.gz	0.0907299	0	80365/1000000
SRR11047633_R1.fq.gz	ERR2784799_R1.fq.gz	0.0909372	0	79988/1000000
SRR11047634_R1.fq.gz	ERR2784799_R1.fq.gz	0.107522	0	55166/1000000
SRR11047635_R1.fq.gz	ERR2784799_R1.fq.gz	0.0994827	0	65981/1000000
SRR11047636_R1.fq.gz	ERR2784799_R1.fq.gz	0.102086	0	62252/1000000
SRR11047637_R1.fq.gz	ERR2784799_R1.fq.gz	0.085991	0	89527/1000000
SRR11047639_R1.fq.gz	ERR2784799_R1.fq.gz	0.0930297	0	76287/1000000
SRR11047640_R1.fq.gz	ERR2784799_R1.fq.gz	0.117949	0	43842/1000000
SRR11047641_R1.fq.gz	ERR2784799_R1.fq.gz	0.0846576	0	92304/1000000
SRR11047642_R1.fq.gz	ERR2784799_R1.fq.gz	0.0952166	0	72614/1000000
SRR11047643_R1.fq.gz	ERR2784799_R1.fq.gz	0.100072	0	65116/1000000
SRR11047644_R1.fq.gz	ERR2784799_R1.fq.gz	0.130772	0	33149/1000000
SRR11047645_R1.fq.gz	ERR2784799_R1.fq.gz	0.0893277	0	82966/1000000
SRR11047647_R1.fq.gz	ERR2784799_R1.fq.gz	0.0883407	0	84851/1000000
SRR11047648_R1.fq.gz	ERR2784799_R1.fq.gz	0.109134	0	53232/1000000
SRR11047649_R1.fq.gz	ERR2784799_R1.fq.gz	0.0933049	0	75814/1000000
SRR11047650_R1.fq.gz	ERR2784799_R1.fq.gz	0.0882337	0	85058/1000000
SRR11047651_R1.fq.gz	ERR2784799_R1.fq.gz	0.09007	0	81578/1000000
SRR11047653_R1.fq.gz	ERR2784799_R1.fq.gz	0.117794	0	43991/1000000
SRR11047654_R1.fq.gz	ERR2784799_R1.fq.gz	0.102879	0	61161/1000000
SRR11047655_R1.fq.gz	ERR2784799_R1.fq.gz	0.0976214	0	68792/1000000
SRR11047656_R1.fq.gz	ERR2784799_R1.fq.gz	0.0903701	0	81024/1000000
SRR11047657_R1.fq.gz	ERR2784799_R1.fq.gz	0.0850601	0	91456/1000000
SRR11047658_R1.fq.gz	ERR2784799_R1.fq.gz	0.0964155	0	70681/1000000
SRR11047659_R1.fq.gz	ERR2784799_R1.fq.gz	0.0958971	0	71510/1000000
SRR11047660_R1.fq.gz	ERR2784799_R1.fq.gz	0.0891057	0	83386/1000000
SRR11047661_R1.fq.gz	ERR2784799_R1.fq.gz	0.10366	0	60107/1000000
SRR11047662_R1.fq.gz	ERR2784799_R1.fq.gz	0.0896832	0	82298/1000000
SRR11047663_R1.fq.gz	ERR2784799_R1.fq.gz	0.101217	0	63471/1000000
SRR11047664_R1.fq.gz	ERR2784799_R1.fq.gz	0.0977706	0	68562/1000000
SRR11047665_R1.fq.gz	ERR2784799_R1.fq.gz	0.108179	0	54369/1000000
SRR11047666_R1.fq.gz	ERR2784799_R1.fq.gz	0.0937746	0	75014/1000000
SRR11047667_R1.fq.gz	ERR2784799_R1.fq.gz	0.0968482	0	69997/1000000
SRR11047668_R1.fq.gz	ERR2784799_R1.fq.gz	0.101666	0	62838/1000000
SRR11047669_R1.fq.gz	ERR2784799_R1.fq.gz	0.0931935	0	76005/1000000
SRR11047670_R1.fq.gz	ERR2784799_R1.fq.gz	0.107108	0	55674/1000000
SRR11047671_R1.fq.gz	ERR2784799_R1.fq.gz	0.10202	0	62344/1000000
SRR11047672_R1.fq.gz	ERR2784799_R1.fq.gz	0.0902783	0	81193/1000000
SRR11047673_R1.fq.gz	ERR2784799_R1.fq.gz	0.106135	0	56889/1000000
ERR2784728_R1.fq.gz	ERR2784800_R1.fq.gz	0.0916736	0	78664/1000000
ERR2784729_R1.fq.gz	ERR2784800_R1.fq.gz	0.0914101	0	79135/1000000
ERR2784730_R1.fq.gz	ERR2784800_R1.fq.gz	0.0920123	0	78063/1000000
ERR2784731_R1.fq.gz	ERR2784800_R1.fq.gz	0.0923743	0	77426/1000000
ERR2784741_R1.fq.gz	ERR2784800_R1.fq.gz	0.0978559	0	68431/1000000
ERR2784742_R1.fq.gz	ERR2784800_R1.fq.gz	0.0985626	0	67355/1000000
ERR2784743_R1.fq.gz	ERR2784800_R1.fq.gz	0.0989532	0	66768/1000000
ERR2784752_R1.fq.gz	ERR2784800_R1.fq.gz	0.110074	0	52137/1000000
ERR2784753_R1.fq.gz	ERR2784800_R1.fq.gz	0.109963	0	52265/1000000
ERR2784754_R1.fq.gz	ERR2784800_R1.fq.gz	0.109982	0	52243/1000000
ERR2784755_R1.fq.gz	ERR2784800_R1.fq.gz	0.110129	0	52074/1000000
ERR2784756_R1.fq.gz	ERR2784800_R1.fq.gz	0.103532	0	60278/1000000
ERR2784757_R1.fq.gz	ERR2784800_R1.fq.gz	0.103522	0	60292/1000000
ERR2784759_R1.fq.gz	ERR2784800_R1.fq.gz	0.103961	0	59705/1000000
ERR2784760_R1.fq.gz	ERR2784800_R1.fq.gz	0.108203	0	54340/1000000
ERR2784761_R1.fq.gz	ERR2784800_R1.fq.gz	0.108906	0	53501/1000000
ERR2784762_R1.fq.gz	ERR2784800_R1.fq.gz	0.109838	0	52410/1000000
ERR2784763_R1.fq.gz	ERR2784800_R1.fq.gz	0.110234	0	51953/1000000
ERR2784780_R1.fq.gz	ERR2784800_R1.fq.gz	0.102083	0	62256/1000000
ERR2784781_R1.fq.gz	ERR2784800_R1.fq.gz	0.101708	0	62779/1000000
ERR2784782_R1.fq.gz	ERR2784800_R1.fq.gz	0.101526	0	63035/1000000
ERR2784783_R1.fq.gz	ERR2784800_R1.fq.gz	0.101622	0	62900/1000000
ERR2784796_R1.fq.gz	ERR2784800_R1.fq.gz	0.0894513	0	82733/1000000
ERR2784797_R1.fq.gz	ERR2784800_R1.fq.gz	0.0886804	0	84197/1000000
ERR2784798_R1.fq.gz	ERR2784800_R1.fq.gz	0.0883753	0	84784/1000000
ERR2784799_R1.fq.gz	ERR2784800_R1.fq.gz	0.0883614	0	84811/1000000
ERR2784800_R1.fq.gz	ERR2784800_R1.fq.gz	0	0	1000000/1000000
ERR2784801_R1.fq.gz	ERR2784800_R1.fq.gz	0.0254467	0	414459/1000000
ERR2784802_R1.fq.gz	ERR2784800_R1.fq.gz	0.0253574	0	415561/1000000
ERR2784803_R1.fq.gz	ERR2784800_R1.fq.gz	0.025416	0	414837/1000000
ERR2784804_R1.fq.gz	ERR2784800_R1.fq.gz	0.0836631	0	94436/1000000
ERR2784805_R1.fq.gz	ERR2784800_R1.fq.gz	0.0854104	0	90725/1000000
ERR2784806_R1.fq.gz	ERR2784800_R1.fq.gz	0.116972	0	44791/1000000
ERR2784807_R1.fq.gz	ERR2784800_R1.fq.gz	0.123127	0	39148/1000000
ERR2784808_R1.fq.gz	ERR2784800_R1.fq.gz	0.121236	0	40798/1000000
ERR2784809_R1.fq.gz	ERR2784800_R1.fq.gz	0.121462	0	40597/1000000
ERR2784810_R1.fq.gz	ERR2784800_R1.fq.gz	0.121814	0	40286/1000000
ERR2784811_R1.fq.gz	ERR2784800_R1.fq.gz	0.1222	0	39948/1000000
ERR2784816_R1.fq.gz	ERR2784800_R1.fq.gz	0.109574	0	52717/1000000
ERR2784817_R1.fq.gz	ERR2784800_R1.fq.gz	0.109078	0	53298/1000000
ERR2784818_R1.fq.gz	ERR2784800_R1.fq.gz	0.109012	0	53376/1000000
ERR2784824_R1.fq.gz	ERR2784800_R1.fq.gz	0.0924778	0	77245/1000000
ERR2784826_R1.fq.gz	ERR2784800_R1.fq.gz	0.0919269	0	78214/1000000
ERR2784827_R1.fq.gz	ERR2784800_R1.fq.gz	0.0919744	0	78130/1000000
SRR11047625_R1.fq.gz	ERR2784800_R1.fq.gz	0.124443	0	38040/1000000
SRR11047626_R1.fq.gz	ERR2784800_R1.fq.gz	0.103518	0	60297/1000000
SRR11047627_R1.fq.gz	ERR2784800_R1.fq.gz	0.129716	0	33917/1000000
SRR11047628_R1.fq.gz	ERR2784800_R1.fq.gz	0.116636	0	45123/1000000
SRR11047629_R1.fq.gz	ERR2784800_R1.fq.gz	0.115832	0	45926/1000000
SRR11047631_R1.fq.gz	ERR2784800_R1.fq.gz	0.137738	0	28509/1000000
SRR11047632_R1.fq.gz	ERR2784800_R1.fq.gz	0.109055	0	53325/1000000
SRR11047633_R1.fq.gz	ERR2784800_R1.fq.gz	0.10199	0	62385/1000000
SRR11047634_R1.fq.gz	ERR2784800_R1.fq.gz	0.133578	0	31193/1000000
SRR11047635_R1.fq.gz	ERR2784800_R1.fq.gz	0.109741	0	52522/1000000
SRR11047636_R1.fq.gz	ERR2784800_R1.fq.gz	0.130791	0	33135/1000000
SRR11047637_R1.fq.gz	ERR2784800_R1.fq.gz	0.11734	0	44431/1000000
SRR11047639_R1.fq.gz	ERR2784800_R1.fq.gz	0.111476	0	50548/1000000
SRR11047640_R1.fq.gz	ERR2784800_R1.fq.gz	0.132905	0	31651/1000000
SRR11047641_R1.fq.gz	ERR2784800_R1.fq.gz	0.100197	0	64935/1000000
SRR11047642_R1.fq.gz	ERR2784800_R1.fq.gz	0.106943	0	55879/1000000
SRR11047643_R1.fq.gz	ERR2784800_R1.fq.gz	0.117554	0	44223/1000000
SRR11047644_R1.fq.gz	ERR2784800_R1.fq.gz	0.152209	0	20882/1000000
SRR11047645_R1.fq.gz	ERR2784800_R1.fq.gz	0.113396	0	48454/1000000
SRR11047647_R1.fq.gz	ERR2784800_R1.fq.gz	0.109186	0	53171/1000000
SRR11047648_R1.fq.gz	ERR2784800_R1.fq.gz	0.128465	0	34852/1000000
SRR11047649_R1.fq.gz	ERR2784800_R1.fq.gz	0.116845	0	44916/1000000
SRR11047650_R1.fq.gz	ERR2784800_R1.fq.gz	0.10619	0	56820/1000000
SRR11047651_R1.fq.gz	ERR2784800_R1.fq.gz	0.107095	0	55690/1000000
SRR11047653_R1.fq.gz	ERR2784800_R1.fq.gz	0.137037	0	28944/1000000
SRR11047654_R1.fq.gz	ERR2784800_R1.fq.gz	0.12423	0	38217/1000000
SRR11047655_R1.fq.gz	ERR2784800_R1.fq.gz	0.111304	0	50740/1000000
SRR11047656_R1.fq.gz	ERR2784800_R1.fq.gz	0.118568	0	43251/1000000
SRR11047657_R1.fq.gz	ERR2784800_R1.fq.gz	0.103072	0	60899/1000000
SRR11047658_R1.fq.gz	ERR2784800_R1.fq.gz	0.118679	0	43146/1000000
SRR11047659_R1.fq.gz	ERR2784800_R1.fq.gz	0.122232	0	39920/1000000
SRR11047660_R1.fq.gz	ERR2784800_R1.fq.gz	0.117143	0	44624/1000000
SRR11047661_R1.fq.gz	ERR2784800_R1.fq.gz	0.116784	0	44976/1000000
SRR11047662_R1.fq.gz	ERR2784800_R1.fq.gz	0.112145	0	49808/1000000
SRR11047663_R1.fq.gz	ERR2784800_R1.fq.gz	0.127546	0	35555/1000000
SRR11047664_R1.fq.gz	ERR2784800_R1.fq.gz	0.114607	0	47180/1000000
SRR11047665_R1.fq.gz	ERR2784800_R1.fq.gz	0.126122	0	36674/1000000
SRR11047666_R1.fq.gz	ERR2784800_R1.fq.gz	0.113743	0	48085/1000000
SRR11047667_R1.fq.gz	ERR2784800_R1.fq.gz	0.120123	0	41803/1000000
SRR11047668_R1.fq.gz	ERR2784800_R1.fq.gz	0.122329	0	39836/1000000
SRR11047669_R1.fq.gz	ERR2784800_R1.fq.gz	0.114766	0	47015/1000000
SRR11047670_R1.fq.gz	ERR2784800_R1.fq.gz	0.119393	0	42477/1000000
SRR11047671_R1.fq.gz	ERR2784800_R1.fq.gz	0.122585	0	39614/1000000
SRR11047672_R1.fq.gz	ERR2784800_R1.fq.gz	0.104437	0	59076/1000000
SRR11047673_R1.fq.gz	ERR2784800_R1.fq.gz	0.120553	0	41412/1000000
ERR2784728_R1.fq.gz	ERR2784801_R1.fq.gz	0.0934634	0	75543/1000000
ERR2784729_R1.fq.gz	ERR2784801_R1.fq.gz	0.0932448	0	75917/1000000
ERR2784730_R1.fq.gz	ERR2784801_R1.fq.gz	0.0933791	0	75687/1000000
ERR2784731_R1.fq.gz	ERR2784801_R1.fq.gz	0.0937545	0	75048/1000000
ERR2784741_R1.fq.gz	ERR2784801_R1.fq.gz	0.101775	0	62685/1000000
ERR2784742_R1.fq.gz	ERR2784801_R1.fq.gz	0.102435	0	61770/1000000
ERR2784743_R1.fq.gz	ERR2784801_R1.fq.gz	0.102562	0	61595/1000000
ERR2784752_R1.fq.gz	ERR2784801_R1.fq.gz	0.115098	0	46673/1000000
ERR2784753_R1.fq.gz	ERR2784801_R1.fq.gz	0.114574	0	47214/1000000
ERR2784754_R1.fq.gz	ERR2784801_R1.fq.gz	0.114433	0	47361/1000000
ERR2784755_R1.fq.gz	ERR2784801_R1.fq.gz	0.114636	0	47150/1000000
ERR2784756_R1.fq.gz	ERR2784801_R1.fq.gz	0.107318	0	55416/1000000
ERR2784757_R1.fq.gz	ERR2784801_R1.fq.gz	0.107276	0	55468/1000000
ERR2784759_R1.fq.gz	ERR2784801_R1.fq.gz	0.107324	0	55409/1000000
ERR2784760_R1.fq.gz	ERR2784801_R1.fq.gz	0.11163	0	50377/1000000
ERR2784761_R1.fq.gz	ERR2784801_R1.fq.gz	0.111927	0	50048/1000000
ERR2784762_R1.fq.gz	ERR2784801_R1.fq.gz	0.11303	0	48846/1000000
ERR2784763_R1.fq.gz	ERR2784801_R1.fq.gz	0.113242	0	48618/1000000
ERR2784780_R1.fq.gz	ERR2784801_R1.fq.gz	0.105619	0	57545/1000000
ERR2784781_R1.fq.gz	ERR2784801_R1.fq.gz	0.105022	0	58313/1000000
ERR2784782_R1.fq.gz	ERR2784801_R1.fq.gz	0.104778	0	58630/1000000
ERR2784783_R1.fq.gz	ERR2784801_R1.fq.gz	0.104783	0	58623/1000000
ERR2784796_R1.fq.gz	ERR2784801_R1.fq.gz	0.0915246	0	78930/1000000
ERR2784797_R1.fq.gz	ERR2784801_R1.fq.gz	0.0906182	0	80569/1000000
ERR2784798_R1.fq.gz	ERR2784801_R1.fq.gz	0.0898209	0	82041/1000000
ERR2784799_R1.fq.gz	ERR2784801_R1.fq.gz	0.0897089	0	82250/1000000
ERR2784800_R1.fq.gz	ERR2784801_R1.fq.gz	0.0254467	0	414459/1000000
ERR2784801_R1.fq.gz	ERR2784801_R1.fq.gz	0	0	1000000/1000000
ERR2784802_R1.fq.gz	ERR2784801_R1.fq.gz	0.0244471	0	427006/1000000
ERR2784803_R1.fq.gz	ERR2784801_R1.fq.gz	0.0244611	0	426826/1000000
ERR2784804_R1.fq.gz	ERR2784801_R1.fq.gz	0.0823385	0	97359/1000000
ERR2784805_R1.fq.gz	ERR2784801_R1.fq.gz	0.0838589	0	94012/1000000
ERR2784806_R1.fq.gz	ERR2784801_R1.fq.gz	0.114163	0	47643/1000000
ERR2784807_R1.fq.gz	ERR2784801_R1.fq.gz	0.12032	0	41624/1000000
ERR2784808_R1.fq.gz	ERR2784801_R1.fq.gz	0.125055	0	37536/1000000
ERR2784809_R1.fq.gz	ERR2784801_R1.fq.gz	0.125148	0	37460/1000000
ERR2784810_R1.fq.gz	ERR2784801_R1.fq.gz	0.125314	0	37325/1000000
ERR2784811_R1.fq.gz	ERR2784801_R1.fq.gz	0.125847	0	36894/1000000
ERR2784816_R1.fq.gz	ERR2784801_R1.fq.gz	0.113454	0	48392/1000000
ERR2784817_R1.fq.gz	ERR2784801_R1.fq.gz	0.11275	0	49148/1000000
ERR2784818_R1.fq.gz	ERR2784801_R1.fq.gz	0.112587	0	49325/1000000
ERR2784824_R1.fq.gz	ERR2784801_R1.fq.gz	0.0958257	0	71625/1000000
ERR2784826_R1.fq.gz	ERR2784801_R1.fq.gz	0.0948878	0	73154/1000000
ERR2784827_R1.fq.gz	ERR2784801_R1.fq.gz	0.0947703	0	73348/1000000
SRR11047625_R1.fq.gz	ERR2784801_R1.fq.gz	0.129408	0	34145/1000000
SRR11047626_R1.fq.gz	ERR2784801_R1.fq.gz	0.108083	0	54485/1000000
SRR11047627_R1.fq.gz	ERR2784801_R1.fq.gz	0.135273	0	30069/1000000
SRR11047628_R1.fq.gz	ERR2784801_R1.fq.gz	0.122346	0	39821/1000000
SRR11047629_R1.fq.gz	ERR2784801_R1.fq.gz	0.121644	0	40436/1000000
SRR11047631_R1.fq.gz	ERR2784801_R1.fq.gz	0.143007	0	25447/1000000
SRR11047632_R1.fq.gz	ERR2784801_R1.fq.gz	0.114134	0	47673/1000000
SRR11047633_R1.fq.gz	ERR2784801_R1.fq.gz	0.106253	0	56740/1000000
SRR11047634_R1.fq.gz	ERR2784801_R1.fq.gz	0.139107	0	27679/1000000
SRR11047635_R1.fq.gz	ERR2784801_R1.fq.gz	0.114118	0	47690/1000000
SRR11047636_R1.fq.gz	ERR2784801_R1.fq.gz	0.136309	0	29403/1000000
SRR11047637_R1.fq.gz	ERR2784801_R1.fq.gz	0.123447	0	38875/1000000
SRR11047639_R1.fq.gz	ERR2784801_R1.fq.gz	0.116721	0	45039/1000000
SRR11047640_R1.fq.gz	ERR2784801_R1.fq.gz	0.137221	0	28829/1000000
SRR11047641_R1.fq.gz	ERR2784801_R1.fq.gz	0.104829	0	58563/1000000
SRR11047642_R1.fq.gz	ERR2784801_R1.fq.gz	0.112133	0	49821/1000000
SRR11047643_R1.fq.gz	ERR2784801_R1.fq.gz	0.123535	0	38801/1000000
SRR11047644_R1.fq.gz	ERR2784801_R1.fq.gz	0.156935	0	18872/1000000
SRR11047645_R1.fq.gz	ERR2784801_R1.fq.gz	0.119342	0	42524/1000000
SRR11047647_R1.fq.gz	ERR2784801_R1.fq.gz	0.114537	0	47252/1000000
SRR11047648_R1.fq.gz	ERR2784801_R1.fq.gz	0.132563	0	31886/1000000
SRR11047649_R1.fq.gz	ERR2784801_R1.fq.gz	0.121877	0	40231/1000000
SRR11047650_R1.fq.gz	ERR2784801_R1.fq.gz	0.110857	0	51243/1000000
SRR11047651_R1.fq.gz	ERR2784801_R1.fq.gz	0.111472	0	50553/1000000
SRR11047653_R1.fq.gz	ERR2784801_R1.fq.gz	0.142448	0	25755/1000000
SRR11047654_R1.fq.gz	ERR2784801_R1.fq.gz	0.128953	0	34484/1000000
SRR11047655_R1.fq.gz	ERR2784801_R1.fq.gz	0.116181	0	45576/1000000
SRR11047656_R1.fq.gz	ERR2784801_R1.fq.gz	0.123253	0	39040/1000000
SRR11047657_R1.fq.gz	ERR2784801_R1.fq.gz	0.108274	0	54255/1000000
SRR11047658_R1.fq.gz	ERR2784801_R1.fq.gz	0.124507	0	37987/1000000
SRR11047659_R1.fq.gz	ERR2784801_R1.fq.gz	0.127699	0	35437/1000000
SRR11047660_R1.fq.gz	ERR2784801_R1.fq.gz	0.122809	0	39420/1000000
SRR11047661_R1.fq.gz	ERR2784801_R1.fq.gz	0.120972	0	41034/1000000
SRR11047662_R1.fq.gz	ERR2784801_R1.fq.gz	0.118119	0	43679/1000000
SRR11047663_R1.fq.gz	ERR2784801_R1.fq.gz	0.13235	0	32034/1000000
SRR11047664_R1.fq.gz	ERR2784801_R1.fq.gz	0.120163	0	41767/1000000
SRR11047665_R1.fq.gz	ERR2784801_R1.fq.gz	0.130701	0	33200/1000000
SRR11047666_R1.fq.gz	ERR2784801_R1.fq.gz	0.118413	0	43398/1000000
SRR11047667_R1.fq.gz	ERR2784801_R1.fq.gz	0.124855	0	37700/1000000
SRR11047668_R1.fq.gz	ERR2784801_R1.fq.gz	0.127567	0	35539/1000000
SRR11047669_R1.fq.gz	ERR2784801_R1.fq.gz	0.119978	0	41936/1000000
SRR11047670_R1.fq.gz	ERR2784801_R1.fq.gz	0.124554	0	37948/1000000
SRR11047671_R1.fq.gz	ERR2784801_R1.fq.gz	0.126415	0	36441/1000000
SRR11047672_R1.fq.gz	ERR2784801_R1.fq.gz	0.109407	0	52911/1000000
SRR11047673_R1.fq.gz	ERR2784801_R1.fq.gz	0.124771	0	37769/1000000
ERR2784728_R1.fq.gz	ERR2784802_R1.fq.gz	0.0958642	0	71563/1000000
ERR2784729_R1.fq.gz	ERR2784802_R1.fq.gz	0.0953685	0	72366/1000000
ERR2784730_R1.fq.gz	ERR2784802_R1.fq.gz	0.0954471	0	72238/1000000
ERR2784731_R1.fq.gz	ERR2784802_R1.fq.gz	0.0955074	0	72140/1000000
ERR2784741_R1.fq.gz	ERR2784802_R1.fq.gz	0.106598	0	56307/1000000
ERR2784742_R1.fq.gz	ERR2784802_R1.fq.gz	0.107055	0	55740/1000000
ERR2784743_R1.fq.gz	ERR2784802_R1.fq.gz	0.107283	0	55459/1000000
ERR2784752_R1.fq.gz	ERR2784802_R1.fq.gz	0.119694	0	42198/1000000
ERR2784753_R1.fq.gz	ERR2784802_R1.fq.gz	0.119449	0	42425/1000000
ERR2784754_R1.fq.gz	ERR2784802_R1.fq.gz	0.11929	0	42573/1000000
ERR2784755_R1.fq.gz	ERR2784802_R1.fq.gz	0.119303	0	42560/1000000
ERR2784756_R1.fq.gz	ERR2784802_R1.fq.gz	0.112016	0	49950/1000000
ERR2784757_R1.fq.gz	ERR2784802_R1.fq.gz	0.111965	0	50006/1000000
ERR2784759_R1.fq.gz	ERR2784802_R1.fq.gz	0.111667	0	50335/1000000
ERR2784760_R1.fq.gz	ERR2784802_R1.fq.gz	0.115769	0	45990/1000000
ERR2784761_R1.fq.gz	ERR2784802_R1.fq.gz	0.116113	0	45644/1000000
ERR2784762_R1.fq.gz	ERR2784802_R1.fq.gz	0.117292	0	44478/1000000
ERR2784763_R1.fq.gz	ERR2784802_R1.fq.gz	0.117585	0	44193/1000000
ERR2784780_R1.fq.gz	ERR2784802_R1.fq.gz	0.109662	0	52614/1000000
ERR2784781_R1.fq.gz	ERR2784802_R1.fq.gz	0.109013	0	53375/1000000
ERR2784782_R1.fq.gz	ERR2784802_R1.fq.gz	0.108494	0	53991/1000000
ERR2784783_R1.fq.gz	ERR2784802_R1.fq.gz	0.108549	0	53925/1000000
ERR2784796_R1.fq.gz	ERR2784802_R1.fq.gz	0.0939024	0	74798/1000000
ERR2784797_R1.fq.gz	ERR2784802_R1.fq.gz	0.0928549	0	76589/1000000
ERR2784798_R1.fq.gz	ERR2784802_R1.fq.gz	0.0918237	0	78397/1000000
ERR2784799_R1.fq.gz	ERR2784802_R1.fq.gz	0.0916321	0	78738/1000000
ERR2784800_R1.fq.gz	ERR2784802_R1.fq.gz	0.0253574	0	415561/1000000
ERR2784801_R1.fq.gz	ERR2784802_R1.fq.gz	0.0244471	0	427006/1000000
ERR2784802_R1.fq.gz	ERR2784802_R1.fq.gz	0	0	1000000/1000000
ERR2784803_R1.fq.gz	ERR2784802_R1.fq.gz	0.0238534	0	434691/1000000
ERR2784804_R1.fq.gz	ERR2784802_R1.fq.gz	0.0813973	0	99496/1000000
ERR2784805_R1.fq.gz	ERR2784802_R1.fq.gz	0.082641	0	96683/1000000
ERR2784806_R1.fq.gz	ERR2784802_R1.fq.gz	0.111722	0	50274/1000000
ERR2784807_R1.fq.gz	ERR2784802_R1.fq.gz	0.117748	0	44035/1000000
ERR2784808_R1.fq.gz	ERR2784802_R1.fq.gz	0.129174	0	34319/1000000
ERR2784809_R1.fq.gz	ERR2784802_R1.fq.gz	0.129335	0	34199/1000000
ERR2784810_R1.fq.gz	ERR2784802_R1.fq.gz	0.129854	0	33816/1000000
ERR2784811_R1.fq.gz	ERR2784802_R1.fq.gz	0.130029	0	33688/1000000
ERR2784816_R1.fq.gz	ERR2784802_R1.fq.gz	0.117758	0	44026/1000000
ERR2784817_R1.fq.gz	ERR2784802_R1.fq.gz	0.117056	0	44709/1000000
ERR2784818_R1.fq.gz	ERR2784802_R1.fq.gz	0.116574	0	45184/1000000
ERR2784824_R1.fq.gz	ERR2784802_R1.fq.gz	0.0995925	0	65819/1000000
ERR2784826_R1.fq.gz	ERR2784802_R1.fq.gz	0.0984099	0	67586/1000000
ERR2784827_R1.fq.gz	ERR2784802_R1.fq.gz	0.0983808	0	67630/1000000
SRR11047625_R1.fq.gz	ERR2784802_R1.fq.gz	0.134743	0	30416/1000000
SRR11047626_R1.fq.gz	ERR2784802_R1.fq.gz	0.113239	0	48621/1000000
SRR11047627_R1.fq.gz	ERR2784802_R1.fq.gz	0.140371	0	26934/1000000
SRR11047628_R1.fq.gz	ERR2784802_R1.fq.gz	0.128155	0	35087/1000000
SRR11047629_R1.fq.gz	ERR2784802_R1.fq.gz	0.127405	0	35664/1000000
SRR11047631_R1.fq.gz	ERR2784802_R1.fq.gz	0.148793	0	22470/1000000
SRR11047632_R1.fq.gz	ERR2784802_R1.fq.gz	0.119468	0	42407/1000000
SRR11047633_R1.fq.gz	ERR2784802_R1.fq.gz	0.111158	0	50904/1000000
SRR11047634_R1.fq.gz	ERR2784802_R1.fq.gz	0.14543	0	24154/1000000
SRR11047635_R1.fq.gz	ERR2784802_R1.fq.gz	0.119432	0	42440/1000000
SRR11047636_R1.fq.gz	ERR2784802_R1.fq.gz	0.14195	0	26033/1000000
SRR11047637_R1.fq.gz	ERR2784802_R1.fq.gz	0.129906	0	33778/1000000
SRR11047639_R1.fq.gz	ERR2784802_R1.fq.gz	0.12253	0	39661/1000000
SRR11047640_R1.fq.gz	ERR2784802_R1.fq.gz	0.141191	0	26462/1000000
SRR11047641_R1.fq.gz	ERR2784802_R1.fq.gz	0.10934	0	52990/1000000
SRR11047642_R1.fq.gz	ERR2784802_R1.fq.gz	0.11768	0	44101/1000000
SRR11047643_R1.fq.gz	ERR2784802_R1.fq.gz	0.129218	0	34286/1000000
SRR11047644_R1.fq.gz	ERR2784802_R1.fq.gz	0.161863	0	16985/1000000
SRR11047645_R1.fq.gz	ERR2784802_R1.fq.gz	0.125578	0	37111/1000000
SRR11047647_R1.fq.gz	ERR2784802_R1.fq.gz	0.120167	0	41763/1000000
SRR11047648_R1.fq.gz	ERR2784802_R1.fq.gz	0.137652	0	28562/1000000
SRR11047649_R1.fq.gz	ERR2784802_R1.fq.gz	0.127034	0	35953/1000000
SRR11047650_R1.fq.gz	ERR2784802_R1.fq.gz	0.11619	0	45567/1000000
SRR11047651_R1.fq.gz	ERR2784802_R1.fq.gz	0.116413	0	45344/1000000
SRR11047653_R1.fq.gz	ERR2784802_R1.fq.gz	0.148605	0	22561/1000000
SRR11047654_R1.fq.gz	ERR2784802_R1.fq.gz	0.133996	0	30912/1000000
SRR11047655_R1.fq.gz	ERR2784802_R1.fq.gz	0.121282	0	40757/1000000
SRR11047656_R1.fq.gz	ERR2784802_R1.fq.gz	0.128664	0	34701/1000000
SRR11047657_R1.fq.gz	ERR2784802_R1.fq.gz	0.114353	0	47444/1000000
SRR11047658_R1.fq.gz	ERR2784802_R1.fq.gz	0.130626	0	33254/1000000
SRR11047659_R1.fq.gz	ERR2784802_R1.fq.gz	0.133414	0	31304/1000000
SRR11047660_R1.fq.gz	ERR2784802_R1.fq.gz	0.129199	0	34300/1000000
SRR11047661_R1.fq.gz	ERR2784802_R1.fq.gz	0.125636	0	37064/1000000
SRR11047662_R1.fq.gz	ERR2784802_R1.fq.gz	0.124211	0	38233/1000000
SRR11047663_R1.fq.gz	ERR2784802_R1.fq.gz	0.137704	0	28530/1000000
SRR11047664_R1.fq.gz	ERR2784802_R1.fq.gz	0.126057	0	36726/1000000
SRR11047665_R1.fq.gz	ERR2784802_R1.fq.gz	0.135539	0	29897/1000000
SRR11047666_R1.fq.gz	ERR2784802_R1.fq.gz	0.123254	0	39039/1000000
SRR11047667_R1.fq.gz	ERR2784802_R1.fq.gz	0.130315	0	33479/1000000
SRR11047668_R1.fq.gz	ERR2784802_R1.fq.gz	0.133046	0	31554/1000000
SRR11047669_R1.fq.gz	ERR2784802_R1.fq.gz	0.125029	0	37557/1000000
SRR11047670_R1.fq.gz	ERR2784802_R1.fq.gz	0.129847	0	33821/1000000
SRR11047671_R1.fq.gz	ERR2784802_R1.fq.gz	0.131327	0	32752/1000000
SRR11047672_R1.fq.gz	ERR2784802_R1.fq.gz	0.114605	0	47182/1000000
SRR11047673_R1.fq.gz	ERR2784802_R1.fq.gz	0.130026	0	33690/1000000
ERR2784728_R1.fq.gz	ERR2784803_R1.fq.gz	0.0968819	0	69944/1000000
ERR2784729_R1.fq.gz	ERR2784803_R1.fq.gz	0.0963621	0	70766/1000000
ERR2784730_R1.fq.gz	ERR2784803_R1.fq.gz	0.0962604	0	70928/1000000
ERR2784731_R1.fq.gz	ERR2784803_R1.fq.gz	0.0962447	0	70953/1000000
ERR2784741_R1.fq.gz	ERR2784803_R1.fq.gz	0.109028	0	53357/1000000
ERR2784742_R1.fq.gz	ERR2784803_R1.fq.gz	0.109502	0	52801/1000000
ERR2784743_R1.fq.gz	ERR2784803_R1.fq.gz	0.109644	0	52635/1000000
ERR2784752_R1.fq.gz	ERR2784803_R1.fq.gz	0.122717	0	39500/1000000
ERR2784753_R1.fq.gz	ERR2784803_R1.fq.gz	0.122121	0	40017/1000000
ERR2784754_R1.fq.gz	ERR2784803_R1.fq.gz	0.121869	0	40238/1000000
ERR2784755_R1.fq.gz	ERR2784803_R1.fq.gz	0.121717	0	40372/1000000
ERR2784756_R1.fq.gz	ERR2784803_R1.fq.gz	0.11458	0	47208/1000000
ERR2784757_R1.fq.gz	ERR2784803_R1.fq.gz	0.113965	0	47851/1000000
ERR2784759_R1.fq.gz	ERR2784803_R1.fq.gz	0.113581	0	48257/1000000
ERR2784760_R1.fq.gz	ERR2784803_R1.fq.gz	0.117572	0	44206/1000000
ERR2784761_R1.fq.gz	ERR2784803_R1.fq.gz	0.117921	0	43869/1000000
ERR2784762_R1.fq.gz	ERR2784803_R1.fq.gz	0.118956	0	42885/1000000
ERR2784763_R1.fq.gz	ERR2784803_R1.fq.gz	0.119269	0	42592/1000000
ERR2784780_R1.fq.gz	ERR2784803_R1.fq.gz	0.112097	0	49860/1000000
ERR2784781_R1.fq.gz	ERR2784803_R1.fq.gz	0.111189	0	50869/1000000
ERR2784782_R1.fq.gz	ERR2784803_R1.fq.gz	0.110876	0	51222/1000000
ERR2784783_R1.fq.gz	ERR2784803_R1.fq.gz	0.110683	0	51441/1000000
ERR2784796_R1.fq.gz	ERR2784803_R1.fq.gz	0.0950525	0	72883/1000000
ERR2784797_R1.fq.gz	ERR2784803_R1.fq.gz	0.0939059	0	74792/1000000
ERR2784798_R1.fq.gz	ERR2784803_R1.fq.gz	0.0927827	0	76714/1000000
ERR2784799_R1.fq.gz	ERR2784803_R1.fq.gz	0.0924726	0	77254/1000000
ERR2784800_R1.fq.gz	ERR2784803_R1.fq.gz	0.025416	0	414837/1000000
ERR2784801_R1.fq.gz	ERR2784803_R1.fq.gz	0.0244611	0	426826/1000000
ERR2784802_R1.fq.gz	ERR2784803_R1.fq.gz	0.0238534	0	434691/1000000
ERR2784803_R1.fq.gz	ERR2784803_R1.fq.gz	0	0	1000000/1000000
ERR2784804_R1.fq.gz	ERR2784803_R1.fq.gz	0.0809997	0	100414/1000000
ERR2784805_R1.fq.gz	ERR2784803_R1.fq.gz	0.0823198	0	97401/1000000
ERR2784806_R1.fq.gz	ERR2784803_R1.fq.gz	0.110683	0	51441/1000000
ERR2784807_R1.fq.gz	ERR2784803_R1.fq.gz	0.116604	0	45154/1000000
ERR2784808_R1.fq.gz	ERR2784803_R1.fq.gz	0.131757	0	32448/1000000
ERR2784809_R1.fq.gz	ERR2784803_R1.fq.gz	0.131874	0	32366/1000000
ERR2784810_R1.fq.gz	ERR2784803_R1.fq.gz	0.132171	0	32158/1000000
ERR2784811_R1.fq.gz	ERR2784803_R1.fq.gz	0.132399	0	32000/1000000
ERR2784816_R1.fq.gz	ERR2784803_R1.fq.gz	0.11972	0	42174/1000000
ERR2784817_R1.fq.gz	ERR2784803_R1.fq.gz	0.118998	0	42846/1000000
ERR2784818_R1.fq.gz	ERR2784803_R1.fq.gz	0.11846	0	43354/1000000
ERR2784824_R1.fq.gz	ERR2784803_R1.fq.gz	0.101598	0	62934/1000000
ERR2784826_R1.fq.gz	ERR2784803_R1.fq.gz	0.100203	0	64926/1000000
ERR2784827_R1.fq.gz	ERR2784803_R1.fq.gz	0.10006	0	65134/1000000
SRR11047625_R1.fq.gz	ERR2784803_R1.fq.gz	0.137156	0	28870/1000000
SRR11047626_R1.fq.gz	ERR2784803_R1.fq.gz	0.115887	0	45871/1000000
SRR11047627_R1.fq.gz	ERR2784803_R1.fq.gz	0.142609	0	25666/1000000
SRR11047628_R1.fq.gz	ERR2784803_R1.fq.gz	0.130694	0	33205/1000000
SRR11047629_R1.fq.gz	ERR2784803_R1.fq.gz	0.130172	0	33583/1000000
SRR11047631_R1.fq.gz	ERR2784803_R1.fq.gz	0.151226	0	21327/1000000
SRR11047632_R1.fq.gz	ERR2784803_R1.fq.gz	0.12206	0	40070/1000000
SRR11047633_R1.fq.gz	ERR2784803_R1.fq.gz	0.113734	0	48094/1000000
SRR11047634_R1.fq.gz	ERR2784803_R1.fq.gz	0.147947	0	22882/1000000
SRR11047635_R1.fq.gz	ERR2784803_R1.fq.gz	0.121859	0	40247/1000000
SRR11047636_R1.fq.gz	ERR2784803_R1.fq.gz	0.144413	0	24688/1000000
SRR11047637_R1.fq.gz	ERR2784803_R1.fq.gz	0.132572	0	31880/1000000
SRR11047639_R1.fq.gz	ERR2784803_R1.fq.gz	0.125099	0	37500/1000000
SRR11047640_R1.fq.gz	ERR2784803_R1.fq.gz	0.142803	0	25559/1000000
SRR11047641_R1.fq.gz	ERR2784803_R1.fq.gz	0.111475	0	50549/1000000
SRR11047642_R1.fq.gz	ERR2784803_R1.fq.gz	0.120175	0	41756/1000000
SRR11047643_R1.fq.gz	ERR2784803_R1.fq.gz	0.131777	0	32434/1000000
SRR11047644_R1.fq.gz	ERR2784803_R1.fq.gz	0.163579	0	16374/1000000
SRR11047645_R1.fq.gz	ERR2784803_R1.fq.gz	0.128453	0	34861/1000000
SRR11047647_R1.fq.gz	ERR2784803_R1.fq.gz	0.122543	0	39650/1000000
SRR11047648_R1.fq.gz	ERR2784803_R1.fq.gz	0.139909	0	27204/1000000
SRR11047649_R1.fq.gz	ERR2784803_R1.fq.gz	0.12954	0	34047/1000000
SRR11047650_R1.fq.gz	ERR2784803_R1.fq.gz	0.118465	0	43349/1000000
SRR11047651_R1.fq.gz	ERR2784803_R1.fq.gz	0.11887	0	42966/1000000
SRR11047653_R1.fq.gz	ERR2784803_R1.fq.gz	0.150966	0	21446/1000000
SRR11047654_R1.fq.gz	ERR2784803_R1.fq.gz	0.136538	0	29258/1000000
SRR11047655_R1.fq.gz	ERR2784803_R1.fq.gz	0.12355	0	38788/1000000
SRR11047656_R1.fq.gz	ERR2784803_R1.fq.gz	0.130932	0	33034/1000000
SRR11047657_R1.fq.gz	ERR2784803_R1.fq.gz	0.116973	0	44790/1000000
SRR11047658_R1.fq.gz	ERR2784803_R1.fq.gz	0.133174	0	31467/1000000
SRR11047659_R1.fq.gz	ERR2784803_R1.fq.gz	0.135726	0	29776/1000000
SRR11047660_R1.fq.gz	ERR2784803_R1.fq.gz	0.131907	0	32343/1000000
SRR11047661_R1.fq.gz	ERR2784803_R1.fq.gz	0.128019	0	35191/1000000
SRR11047662_R1.fq.gz	ERR2784803_R1.fq.gz	0.12708	0	35917/1000000
SRR11047663_R1.fq.gz	ERR2784803_R1.fq.gz	0.139695	0	27330/1000000
SRR11047664_R1.fq.gz	ERR2784803_R1.fq.gz	0.128533	0	34800/1000000
SRR11047665_R1.fq.gz	ERR2784803_R1.fq.gz	0.137811	0	28464/1000000
SRR11047666_R1.fq.gz	ERR2784803_R1.fq.gz	0.125863	0	36881/1000000
SRR11047667_R1.fq.gz	ERR2784803_R1.fq.gz	0.133038	0	31560/1000000
SRR11047668_R1.fq.gz	ERR2784803_R1.fq.gz	0.135936	0	29641/1000000
SRR11047669_R1.fq.gz	ERR2784803_R1.fq.gz	0.12807	0	35152/1000000
SRR11047670_R1.fq.gz	ERR2784803_R1.fq.gz	0.132409	0	31993/1000000
SRR11047671_R1.fq.gz	ERR2784803_R1.fq.gz	0.133905	0	30973/1000000
SRR11047672_R1.fq.gz	ERR2784803_R1.fq.gz	0.117012	0	44752/1000000
SRR11047673_R1.fq.gz	ERR2784803_R1.fq.gz	0.132373	0	32018/1000000
ERR2784728_R1.fq.gz	ERR2784804_R1.fq.gz	0.119651	0	42237/1000000
ERR2784729_R1.fq.gz	ERR2784804_R1.fq.gz	0.118752	0	43077/1000000
ERR2784730_R1.fq.gz	ERR2784804_R1.fq.gz	0.117807	0	43978/1000000
ERR2784731_R1.fq.gz	ERR2784804_R1.fq.gz	0.117455	0	44319/1000000
ERR2784741_R1.fq.gz	ERR2784804_R1.fq.gz	0.160326	0	17552/1000000
ERR2784742_R1.fq.gz	ERR2784804_R1.fq.gz	0.160962	0	17315/1000000
ERR2784743_R1.fq.gz	ERR2784804_R1.fq.gz	0.1615	0	17117/1000000
ERR2784752_R1.fq.gz	ERR2784804_R1.fq.gz	0.160601	0	17449/1000000
ERR2784753_R1.fq.gz	ERR2784804_R1.fq.gz	0.159759	0	17766/1000000
ERR2784754_R1.fq.gz	ERR2784804_R1.fq.gz	0.159248	0	17961/1000000
ERR2784755_R1.fq.gz	ERR2784804_R1.fq.gz	0.158999	0	18057/1000000
ERR2784756_R1.fq.gz	ERR2784804_R1.fq.gz	0.169918	0	14304/1000000
ERR2784757_R1.fq.gz	ERR2784804_R1.fq.gz	0.169993	0	14281/1000000
ERR2784759_R1.fq.gz	ERR2784804_R1.fq.gz	0.170542	0	14115/1000000
ERR2784760_R1.fq.gz	ERR2784804_R1.fq.gz	0.163728	0	16322/1000000
ERR2784761_R1.fq.gz	ERR2784804_R1.fq.gz	0.164329	0	16114/1000000
ERR2784762_R1.fq.gz	ERR2784804_R1.fq.gz	0.166857	0	15268/1000000
ERR2784763_R1.fq.gz	ERR2784804_R1.fq.gz	0.16706	0	15202/1000000
ERR2784780_R1.fq.gz	ERR2784804_R1.fq.gz	0.157425	0	18675/1000000
ERR2784781_R1.fq.gz	ERR2784804_R1.fq.gz	0.156732	0	18954/1000000
ERR2784782_R1.fq.gz	ERR2784804_R1.fq.gz	0.156658	0	18984/1000000
ERR2784783_R1.fq.gz	ERR2784804_R1.fq.gz	0.156037	0	19238/1000000
ERR2784796_R1.fq.gz	ERR2784804_R1.fq.gz	0.110449	0	51707/1000000
ERR2784797_R1.fq.gz	ERR2784804_R1.fq.gz	0.108925	0	53479/1000000
ERR2784798_R1.fq.gz	ERR2784804_R1.fq.gz	0.107133	0	55644/1000000
ERR2784799_R1.fq.gz	ERR2784804_R1.fq.gz	0.106277	0	56710/1000000
ERR2784800_R1.fq.gz	ERR2784804_R1.fq.gz	0.0836631	0	94436/1000000
ERR2784801_R1.fq.gz	ERR2784804_R1.fq.gz	0.0823385	0	97359/1000000
ERR2784802_R1.fq.gz	ERR2784804_R1.fq.gz	0.0813973	0	99496/1000000
ERR2784803_R1.fq.gz	ERR2784804_R1.fq.gz	0.0809997	0	100414/1000000
ERR2784804_R1.fq.gz	ERR2784804_R1.fq.gz	0	0	1000000/1000000
ERR2784805_R1.fq.gz	ERR2784804_R1.fq.gz	0.0366819	0	301122/1000000
ERR2784806_R1.fq.gz	ERR2784804_R1.fq.gz	0.0577305	0	174743/1000000
ERR2784807_R1.fq.gz	ERR2784804_R1.fq.gz	0.0623443	0	156088/1000000
ERR2784808_R1.fq.gz	ERR2784804_R1.fq.gz	0.175807	0	12619/1000000
ERR2784809_R1.fq.gz	ERR2784804_R1.fq.gz	0.175796	0	12622/1000000
ERR2784810_R1.fq.gz	ERR2784804_R1.fq.gz	0.177237	0	12241/1000000
ERR2784811_R1.fq.gz	ERR2784804_R1.fq.gz	0.176797	0	12356/1000000
ERR2784816_R1.fq.gz	ERR2784804_R1.fq.gz	0.145136	0	24307/1000000
ERR2784817_R1.fq.gz	ERR2784804_R1.fq.gz	0.144421	0	24684/1000000
ERR2784818_R1.fq.gz	ERR2784804_R1.fq.gz	0.144201	0	24801/1000000
ERR2784824_R1.fq.gz	ERR2784804_R1.fq.gz	0.132318	0	32056/1000000
ERR2784826_R1.fq.gz	ERR2784804_R1.fq.gz	0.130543	0	33314/1000000
ERR2784827_R1.fq.gz	ERR2784804_R1.fq.gz	0.130204	0	33560/1000000
SRR11047625_R1.fq.gz	ERR2784804_R1.fq.gz	0.173033	0	13386/1000000
SRR11047626_R1.fq.gz	ERR2784804_R1.fq.gz	0.169259	0	14506/1000000
SRR11047627_R1.fq.gz	ERR2784804_R1.fq.gz	0.161448	0	17136/1000000
SRR11047628_R1.fq.gz	ERR2784804_R1.fq.gz	0.176577	0	12414/1000000
SRR11047629_R1.fq.gz	ERR2784804_R1.fq.gz	0.175148	0	12797/1000000
SRR11047631_R1.fq.gz	ERR2784804_R1.fq.gz	0.175123	0	12804/1000000
SRR11047632_R1.fq.gz	ERR2784804_R1.fq.gz	0.155882	0	19302/1000000
SRR11047633_R1.fq.gz	ERR2784804_R1.fq.gz	0.161394	0	17156/1000000
SRR11047634_R1.fq.gz	ERR2784804_R1.fq.gz	0.176946	0	12317/1000000
SRR11047635_R1.fq.gz	ERR2784804_R1.fq.gz	0.162801	0	16648/1000000
SRR11047636_R1.fq.gz	ERR2784804_R1.fq.gz	0.17244	0	13556/1000000
SRR11047637_R1.fq.gz	ERR2784804_R1.fq.gz	0.163126	0	16533/1000000
SRR11047639_R1.fq.gz	ERR2784804_R1.fq.gz	0.160558	0	17465/1000000
SRR11047640_R1.fq.gz	ERR2784804_R1.fq.gz	0.162081	0	16906/1000000
SRR11047641_R1.fq.gz	ERR2784804_R1.fq.gz	0.136429	0	29327/1000000
SRR11047642_R1.fq.gz	ERR2784804_R1.fq.gz	0.148128	0	22793/1000000
SRR11047643_R1.fq.gz	ERR2784804_R1.fq.gz	0.155773	0	19347/1000000
SRR11047644_R1.fq.gz	ERR2784804_R1.fq.gz	0.175016	0	12833/1000000
SRR11047645_R1.fq.gz	ERR2784804_R1.fq.gz	0.164767	0	15964/1000000
SRR11047647_R1.fq.gz	ERR2784804_R1.fq.gz	0.172174	0	13633/1000000
SRR11047648_R1.fq.gz	ERR2784804_R1.fq.gz	0.176185	0	12518/1000000
SRR11047649_R1.fq.gz	ERR2784804_R1.fq.gz	0.179777	0	11598/1000000
SRR11047650_R1.fq.gz	ERR2784804_R1.fq.gz	0.149977	0	21906/1000000
SRR11047651_R1.fq.gz	ERR2784804_R1.fq.gz	0.167073	0	15198/1000000
SRR11047653_R1.fq.gz	ERR2784804_R1.fq.gz	0.173216	0	13334/1000000
SRR11047654_R1.fq.gz	ERR2784804_R1.fq.gz	0.180484	0	11425/1000000
SRR11047655_R1.fq.gz	ERR2784804_R1.fq.gz	0.148427	0	22647/1000000
SRR11047656_R1.fq.gz	ERR2784804_R1.fq.gz	0.168757	0	14662/1000000
SRR11047657_R1.fq.gz	ERR2784804_R1.fq.gz	0.166851	0	15270/1000000
SRR11047658_R1.fq.gz	ERR2784804_R1.fq.gz	0.164317	0	16118/1000000
SRR11047659_R1.fq.gz	ERR2784804_R1.fq.gz	0.166664	0	15331/1000000
SRR11047660_R1.fq.gz	ERR2784804_R1.fq.gz	0.151526	0	21190/1000000
SRR11047661_R1.fq.gz	ERR2784804_R1.fq.gz	0.173051	0	13381/1000000
SRR11047662_R1.fq.gz	ERR2784804_R1.fq.gz	0.156381	0	19097/1000000
SRR11047663_R1.fq.gz	ERR2784804_R1.fq.gz	0.156982	0	18853/1000000
SRR11047664_R1.fq.gz	ERR2784804_R1.fq.gz	0.160465	0	17500/1000000
SRR11047665_R1.fq.gz	ERR2784804_R1.fq.gz	0.167438	0	15080/1000000
SRR11047666_R1.fq.gz	ERR2784804_R1.fq.gz	0.164512	0	16051/1000000
SRR11047667_R1.fq.gz	ERR2784804_R1.fq.gz	0.174369	0	13011/1000000
SRR11047668_R1.fq.gz	ERR2784804_R1.fq.gz	0.175369	0	12737/1000000
SRR11047669_R1.fq.gz	ERR2784804_R1.fq.gz	0.164785	0	15958/1000000
SRR11047670_R1.fq.gz	ERR2784804_R1.fq.gz	0.176657	0	12393/1000000
SRR11047671_R1.fq.gz	ERR2784804_R1.fq.gz	0.188957	0	9545/1000000
SRR11047672_R1.fq.gz	ERR2784804_R1.fq.gz	0.148965	0	22387/1000000
SRR11047673_R1.fq.gz	ERR2784804_R1.fq.gz	0.177172	0	12258/1000000
ERR2784728_R1.fq.gz	ERR2784805_R1.fq.gz	0.122507	0	39681/1000000
ERR2784729_R1.fq.gz	ERR2784805_R1.fq.gz	0.121315	0	40728/1000000
ERR2784730_R1.fq.gz	ERR2784805_R1.fq.gz	0.120292	0	41649/1000000
ERR2784731_R1.fq.gz	ERR2784805_R1.fq.gz	0.119854	0	42050/1000000
ERR2784741_R1.fq.gz	ERR2784805_R1.fq.gz	0.165281	0	15790/1000000
ERR2784742_R1.fq.gz	ERR2784805_R1.fq.gz	0.16574	0	15636/1000000
ERR2784743_R1.fq.gz	ERR2784805_R1.fq.gz	0.165704	0	15648/1000000
ERR2784752_R1.fq.gz	ERR2784805_R1.fq.gz	0.166023	0	15542/1000000
ERR2784753_R1.fq.gz	ERR2784805_R1.fq.gz	0.165433	0	15739/1000000
ERR2784754_R1.fq.gz	ERR2784805_R1.fq.gz	0.164638	0	16008/1000000
ERR2784755_R1.fq.gz	ERR2784805_R1.fq.gz	0.164131	0	16182/1000000
ERR2784756_R1.fq.gz	ERR2784805_R1.fq.gz	0.17498	0	12843/1000000
ERR2784757_R1.fq.gz	ERR2784805_R1.fq.gz	0.174626	0	12940/1000000
ERR2784759_R1.fq.gz	ERR2784805_R1.fq.gz	0.174826	0	12885/1000000
ERR2784760_R1.fq.gz	ERR2784805_R1.fq.gz	0.167691	0	14999/1000000
ERR2784761_R1.fq.gz	ERR2784805_R1.fq.gz	0.167622	0	15021/1000000
ERR2784762_R1.fq.gz	ERR2784805_R1.fq.gz	0.169987	0	14283/1000000
ERR2784763_R1.fq.gz	ERR2784805_R1.fq.gz	0.170346	0	14174/1000000
ERR2784780_R1.fq.gz	ERR2784805_R1.fq.gz	0.163745	0	16316/1000000
ERR2784781_R1.fq.gz	ERR2784805_R1.fq.gz	0.162815	0	16643/1000000
ERR2784782_R1.fq.gz	ERR2784805_R1.fq.gz	0.162434	0	16779/1000000
ERR2784783_R1.fq.gz	ERR2784805_R1.fq.gz	0.161761	0	17022/1000000
ERR2784796_R1.fq.gz	ERR2784805_R1.fq.gz	0.114122	0	47686/1000000
ERR2784797_R1.fq.gz	ERR2784805_R1.fq.gz	0.112445	0	49479/1000000
ERR2784798_R1.fq.gz	ERR2784805_R1.fq.gz	0.11014	0	52061/1000000
ERR2784799_R1.fq.gz	ERR2784805_R1.fq.gz	0.109312	0	53023/1000000
ERR2784800_R1.fq.gz	ERR2784805_R1.fq.gz	0.0854104	0	90725/1000000
ERR2784801_R1.fq.gz	ERR2784805_R1.fq.gz	0.0838589	0	94012/1000000
ERR2784802_R1.fq.gz	ERR2784805_R1.fq.gz	0.082641	0	96683/1000000
ERR2784803_R1.fq.gz	ERR2784805_R1.fq.gz	0.0823198	0	97401/1000000
ERR2784804_R1.fq.gz	ERR2784805_R1.fq.gz	0.0366819	0	301122/1000000
ERR2784805_R1.fq.gz	ERR2784805_R1.fq.gz	0	0	1000000/1000000
ERR2784806_R1.fq.gz	ERR2784805_R1.fq.gz	0.0553726	0	185257/1000000
ERR2784807_R1.fq.gz	ERR2784805_R1.fq.gz	0.0596137	0	166837/1000000
ERR2784808_R1.fq.gz	ERR2784805_R1.fq.gz	0.180029	0	11536/1000000
ERR2784809_R1.fq.gz	ERR2784805_R1.fq.gz	0.180201	0	11494/1000000
ERR2784810_R1.fq.gz	ERR2784805_R1.fq.gz	0.181475	0	11187/1000000
ERR2784811_R1.fq.gz	ERR2784805_R1.fq.gz	0.180931	0	11317/1000000
ERR2784816_R1.fq.gz	ERR2784805_R1.fq.gz	0.150693	0	21572/1000000
ERR2784817_R1.fq.gz	ERR2784805_R1.fq.gz	0.149828	0	21976/1000000
ERR2784818_R1.fq.gz	ERR2784805_R1.fq.gz	0.149167	0	22290/1000000
ERR2784824_R1.fq.gz	ERR2784805_R1.fq.gz	0.136256	0	29437/1000000
ERR2784826_R1.fq.gz	ERR2784805_R1.fq.gz	0.134049	0	30876/1000000
ERR2784827_R1.fq.gz	ERR2784805_R1.fq.gz	0.13331	0	31374/1000000
SRR11047625_R1.fq.gz	ERR2784805_R1.fq.gz	0.179096	0	11767/1000000
SRR11047626_R1.fq.gz	ERR2784805_R1.fq.gz	0.175343	0	12744/1000000
SRR11047627_R1.fq.gz	ERR2784805_R1.fq.gz	0.168534	0	14732/1000000
SRR11047628_R1.fq.gz	ERR2784805_R1.fq.gz	0.183055	0	10818/1000000
SRR11047629_R1.fq.gz	ERR2784805_R1.fq.gz	0.181534	0	11173/1000000
SRR11047631_R1.fq.gz	ERR2784805_R1.fq.gz	0.181358	0	11215/1000000
SRR11047632_R1.fq.gz	ERR2784805_R1.fq.gz	0.162681	0	16691/1000000
SRR11047633_R1.fq.gz	ERR2784805_R1.fq.gz	0.16827	0	14815/1000000
SRR11047634_R1.fq.gz	ERR2784805_R1.fq.gz	0.184925	0	10397/1000000
SRR11047635_R1.fq.gz	ERR2784805_R1.fq.gz	0.169353	0	14477/1000000
SRR11047636_R1.fq.gz	ERR2784805_R1.fq.gz	0.179124	0	11760/1000000
SRR11047637_R1.fq.gz	ERR2784805_R1.fq.gz	0.170506	0	14126/1000000
SRR11047639_R1.fq.gz	ERR2784805_R1.fq.gz	0.167135	0	15178/1000000
SRR11047640_R1.fq.gz	ERR2784805_R1.fq.gz	0.165951	0	15566/1000000
SRR11047641_R1.fq.gz	ERR2784805_R1.fq.gz	0.141409	0	26338/1000000
SRR11047642_R1.fq.gz	ERR2784805_R1.fq.gz	0.153496	0	20314/1000000
SRR11047643_R1.fq.gz	ERR2784805_R1.fq.gz	0.162256	0	16843/1000000
SRR11047644_R1.fq.gz	ERR2784805_R1.fq.gz	0.180923	0	11319/1000000
SRR11047645_R1.fq.gz	ERR2784805_R1.fq.gz	0.171879	0	13719/1000000
SRR11047647_R1.fq.gz	ERR2784805_R1.fq.gz	0.178948	0	11804/1000000
SRR11047648_R1.fq.gz	ERR2784805_R1.fq.gz	0.181349	0	11217/1000000
SRR11047649_R1.fq.gz	ERR2784805_R1.fq.gz	0.185564	0	10257/1000000
SRR11047650_R1.fq.gz	ERR2784805_R1.fq.gz	0.156083	0	19219/1000000
SRR11047651_R1.fq.gz	ERR2784805_R1.fq.gz	0.172736	0	13471/1000000
SRR11047653_R1.fq.gz	ERR2784805_R1.fq.gz	0.179752	0	11604/1000000
SRR11047654_R1.fq.gz	ERR2784805_R1.fq.gz	0.186073	0	10147/1000000
SRR11047655_R1.fq.gz	ERR2784805_R1.fq.gz	0.153486	0	20318/1000000
SRR11047656_R1.fq.gz	ERR2784805_R1.fq.gz	0.175178	0	12789/1000000
SRR11047657_R1.fq.gz	ERR2784805_R1.fq.gz	0.173343	0	13298/1000000
SRR11047658_R1.fq.gz	ERR2784805_R1.fq.gz	0.170466	0	14138/1000000
SRR11047659_R1.fq.gz	ERR2784805_R1.fq.gz	0.172305	0	13595/1000000
SRR11047660_R1.fq.gz	ERR2784805_R1.fq.gz	0.158851	0	18114/1000000
SRR11047661_R1.fq.gz	ERR2784805_R1.fq.gz	0.17802	0	12039/1000000
SRR11047662_R1.fq.gz	ERR2784805_R1.fq.gz	0.163203	0	16506/1000000
SRR11047663_R1.fq.gz	ERR2784805_R1.fq.gz	0.162624	0	16711/1000000
SRR11047664_R1.fq.gz	ERR2784805_R1.fq.gz	0.166784	0	15292/1000000
SRR11047665_R1.fq.gz	ERR2784805_R1.fq.gz	0.173068	0	13376/1000000
SRR11047666_R1.fq.gz	ERR2784805_R1.fq.gz	0.169977	0	14286/1000000
SRR11047667_R1.fq.gz	ERR2784805_R1.fq.gz	0.180221	0	11489/1000000
SRR11047668_R1.fq.gz	ERR2784805_R1.fq.gz	0.181737	0	11125/1000000
SRR11047669_R1.fq.gz	ERR2784805_R1.fq.gz	0.172033	0	13674/1000000
SRR11047670_R1.fq.gz	ERR2784805_R1.fq.gz	0.182376	0	10975/1000000
SRR11047671_R1.fq.gz	ERR2784805_R1.fq.gz	0.194735	0	8445/1000000
SRR11047672_R1.fq.gz	ERR2784805_R1.fq.gz	0.154988	0	19675/1000000
SRR11047673_R1.fq.gz	ERR2784805_R1.fq.gz	0.182842	0	10867/1000000
ERR2784728_R1.fq.gz	ERR2784806_R1.fq.gz	0.157575	0	18615/1000000
ERR2784729_R1.fq.gz	ERR2784806_R1.fq.gz	0.15504	0	19653/1000000
ERR2784730_R1.fq.gz	ERR2784806_R1.fq.gz	0.152909	0	20571/1000000
ERR2784731_R1.fq.gz	ERR2784806_R1.fq.gz	0.151997	0	20977/1000000
ERR2784741_R1.fq.gz	ERR2784806_R1.fq.gz	0.210865	0	6004/1000000
ERR2784742_R1.fq.gz	ERR2784806_R1.fq.gz	0.210441	0	6058/1000000
ERR2784743_R1.fq.gz	ERR2784806_R1.fq.gz	0.20999	0	6116/1000000
ERR2784752_R1.fq.gz	ERR2784806_R1.fq.gz	0.215737	0	5417/1000000
ERR2784753_R1.fq.gz	ERR2784806_R1.fq.gz	0.214062	0	5612/1000000
ERR2784754_R1.fq.gz	ERR2784806_R1.fq.gz	0.212461	0	5805/1000000
ERR2784755_R1.fq.gz	ERR2784806_R1.fq.gz	0.211797	0	5887/1000000
ERR2784756_R1.fq.gz	ERR2784806_R1.fq.gz	0.221753	0	4771/1000000
ERR2784757_R1.fq.gz	ERR2784806_R1.fq.gz	0.221525	0	4794/1000000
ERR2784759_R1.fq.gz	ERR2784806_R1.fq.gz	0.220838	0	4864/1000000
ERR2784760_R1.fq.gz	ERR2784806_R1.fq.gz	0.205569	0	6715/1000000
ERR2784761_R1.fq.gz	ERR2784806_R1.fq.gz	0.204912	0	6809/1000000
ERR2784762_R1.fq.gz	ERR2784806_R1.fq.gz	0.206876	0	6532/1000000
ERR2784763_R1.fq.gz	ERR2784806_R1.fq.gz	0.206559	0	6576/1000000
ERR2784780_R1.fq.gz	ERR2784806_R1.fq.gz	0.214802	0	5525/1000000
ERR2784781_R1.fq.gz	ERR2784806_R1.fq.gz	0.213558	0	5672/1000000
ERR2784782_R1.fq.gz	ERR2784806_R1.fq.gz	0.211508	0	5923/1000000
ERR2784783_R1.fq.gz	ERR2784806_R1.fq.gz	0.210661	0	6030/1000000
ERR2784796_R1.fq.gz	ERR2784806_R1.fq.gz	0.153314	0	20393/1000000
ERR2784797_R1.fq.gz	ERR2784806_R1.fq.gz	0.150676	0	21580/1000000
ERR2784798_R1.fq.gz	ERR2784806_R1.fq.gz	0.147558	0	23074/1000000
ERR2784799_R1.fq.gz	ERR2784806_R1.fq.gz	0.14623	0	23742/1000000
ERR2784800_R1.fq.gz	ERR2784806_R1.fq.gz	0.116972	0	44791/1000000
ERR2784801_R1.fq.gz	ERR2784806_R1.fq.gz	0.114163	0	47643/1000000
ERR2784802_R1.fq.gz	ERR2784806_R1.fq.gz	0.111722	0	50274/1000000
ERR2784803_R1.fq.gz	ERR2784806_R1.fq.gz	0.110683	0	51441/1000000
ERR2784804_R1.fq.gz	ERR2784806_R1.fq.gz	0.0577305	0	174743/1000000
ERR2784805_R1.fq.gz	ERR2784806_R1.fq.gz	0.0553726	0	185257/1000000
ERR2784806_R1.fq.gz	ERR2784806_R1.fq.gz	0	0	1000000/1000000
ERR2784807_R1.fq.gz	ERR2784806_R1.fq.gz	0.0529574	0	196792/1000000
ERR2784808_R1.fq.gz	ERR2784806_R1.fq.gz	0.220094	0	4941/1000000
ERR2784809_R1.fq.gz	ERR2784806_R1.fq.gz	0.22019	0	4931/1000000
ERR2784810_R1.fq.gz	ERR2784806_R1.fq.gz	0.220075	0	4943/1000000
ERR2784811_R1.fq.gz	ERR2784806_R1.fq.gz	0.219588	0	4994/1000000
ERR2784816_R1.fq.gz	ERR2784806_R1.fq.gz	0.200576	0	7463/1000000
ERR2784817_R1.fq.gz	ERR2784806_R1.fq.gz	0.199147	0	7692/1000000
ERR2784818_R1.fq.gz	ERR2784806_R1.fq.gz	0.197027	0	8045/1000000
ERR2784824_R1.fq.gz	ERR2784806_R1.fq.gz	0.174764	0	12902/1000000
ERR2784826_R1.fq.gz	ERR2784806_R1.fq.gz	0.171179	0	13925/1000000
ERR2784827_R1.fq.gz	ERR2784806_R1.fq.gz	0.169852	0	14324/1000000
SRR11047625_R1.fq.gz	ERR2784806_R1.fq.gz	0.22992	0	4016/1000000
SRR11047626_R1.fq.gz	ERR2784806_R1.fq.gz	0.22657	0	4310/1000000
SRR11047627_R1.fq.gz	ERR2784806_R1.fq.gz	0.225915	0	4370/1000000
SRR11047628_R1.fq.gz	ERR2784806_R1.fq.gz	0.237031	0	3457/1000000
SRR11047629_R1.fq.gz	ERR2784806_R1.fq.gz	0.235545	0	3567/1000000
SRR11047631_R1.fq.gz	ERR2784806_R1.fq.gz	0.235532	0	3568/1000000
SRR11047632_R1.fq.gz	ERR2784806_R1.fq.gz	0.219512	0	5002/1000000
SRR11047633_R1.fq.gz	ERR2784806_R1.fq.gz	0.220624	0	4886/1000000
SRR11047634_R1.fq.gz	ERR2784806_R1.fq.gz	0.242992	0	3049/1000000
SRR11047635_R1.fq.gz	ERR2784806_R1.fq.gz	0.222262	0	4720/1000000
SRR11047636_R1.fq.gz	ERR2784806_R1.fq.gz	0.236161	0	3521/1000000
SRR11047637_R1.fq.gz	ERR2784806_R1.fq.gz	0.227875	0	4193/1000000
SRR11047639_R1.fq.gz	ERR2784806_R1.fq.gz	0.221426	0	4804/1000000
SRR11047640_R1.fq.gz	ERR2784806_R1.fq.gz	0.20864	0	6293/1000000
SRR11047641_R1.fq.gz	ERR2784806_R1.fq.gz	0.187979	0	9745/1000000
SRR11047642_R1.fq.gz	ERR2784806_R1.fq.gz	0.203576	0	7004/1000000
SRR11047643_R1.fq.gz	ERR2784806_R1.fq.gz	0.218882	0	5069/1000000
SRR11047644_R1.fq.gz	ERR2784806_R1.fq.gz	0.233936	0	3690/1000000
SRR11047645_R1.fq.gz	ERR2784806_R1.fq.gz	0.227717	0	4207/1000000
SRR11047647_R1.fq.gz	ERR2784806_R1.fq.gz	0.232319	0	3818/1000000
SRR11047648_R1.fq.gz	ERR2784806_R1.fq.gz	0.232269	0	3822/1000000
SRR11047649_R1.fq.gz	ERR2784806_R1.fq.gz	0.237362	0	3433/1000000
SRR11047650_R1.fq.gz	ERR2784806_R1.fq.gz	0.209177	0	6222/1000000
SRR11047651_R1.fq.gz	ERR2784806_R1.fq.gz	0.224325	0	4519/1000000
SRR11047653_R1.fq.gz	ERR2784806_R1.fq.gz	0.235545	0	3567/1000000
SRR11047654_R1.fq.gz	ERR2784806_R1.fq.gz	0.235412	0	3577/1000000
SRR11047655_R1.fq.gz	ERR2784806_R1.fq.gz	0.200614	0	7457/1000000
SRR11047656_R1.fq.gz	ERR2784806_R1.fq.gz	0.227909	0	4190/1000000
SRR11047657_R1.fq.gz	ERR2784806_R1.fq.gz	0.227425	0	4233/1000000
SRR11047658_R1.fq.gz	ERR2784806_R1.fq.gz	0.22699	0	4272/1000000
SRR11047659_R1.fq.gz	ERR2784806_R1.fq.gz	0.225806	0	4380/1000000
SRR11047660_R1.fq.gz	ERR2784806_R1.fq.gz	0.216344	0	5348/1000000
SRR11047661_R1.fq.gz	ERR2784806_R1.fq.gz	0.225871	0	4374/1000000
SRR11047662_R1.fq.gz	ERR2784806_R1.fq.gz	0.21996	0	4955/1000000
SRR11047663_R1.fq.gz	ERR2784806_R1.fq.gz	0.215894	0	5399/1000000
SRR11047664_R1.fq.gz	ERR2784806_R1.fq.gz	0.221407	0	4806/1000000
SRR11047665_R1.fq.gz	ERR2784806_R1.fq.gz	0.224673	0	4486/1000000
SRR11047666_R1.fq.gz	ERR2784806_R1.fq.gz	0.219902	0	4961/1000000
SRR11047667_R1.fq.gz	ERR2784806_R1.fq.gz	0.231347	0	3897/1000000
SRR11047668_R1.fq.gz	ERR2784806_R1.fq.gz	0.235253	0	3589/1000000
SRR11047669_R1.fq.gz	ERR2784806_R1.fq.gz	0.228102	0	4173/1000000
SRR11047670_R1.fq.gz	ERR2784806_R1.fq.gz	0.234441	0	3651/1000000
SRR11047671_R1.fq.gz	ERR2784806_R1.fq.gz	0.242466	0	3083/1000000
SRR11047672_R1.fq.gz	ERR2784806_R1.fq.gz	0.20962	0	6164/1000000
SRR11047673_R1.fq.gz	ERR2784806_R1.fq.gz	0.231238	0	3906/1000000
ERR2784728_R1.fq.gz	ERR2784807_R1.fq.gz	0.162987	0	16582/1000000
ERR2784729_R1.fq.gz	ERR2784807_R1.fq.gz	0.161013	0	17296/1000000
ERR2784730_R1.fq.gz	ERR2784807_R1.fq.gz	0.158807	0	18131/1000000
ERR2784731_R1.fq.gz	ERR2784807_R1.fq.gz	0.157794	0	18528/1000000
ERR2784741_R1.fq.gz	ERR2784807_R1.fq.gz	0.216264	0	5357/1000000
ERR2784742_R1.fq.gz	ERR2784807_R1.fq.gz	0.216229	0	5361/1000000
ERR2784743_R1.fq.gz	ERR2784807_R1.fq.gz	0.216406	0	5341/1000000
ERR2784752_R1.fq.gz	ERR2784807_R1.fq.gz	0.223247	0	4623/1000000
ERR2784753_R1.fq.gz	ERR2784807_R1.fq.gz	0.222333	0	4713/1000000
ERR2784754_R1.fq.gz	ERR2784807_R1.fq.gz	0.219788	0	4973/1000000
ERR2784755_R1.fq.gz	ERR2784807_R1.fq.gz	0.219163	0	5039/1000000
ERR2784756_R1.fq.gz	ERR2784807_R1.fq.gz	0.228639	0	4126/1000000
ERR2784757_R1.fq.gz	ERR2784807_R1.fq.gz	0.227302	0	4244/1000000
ERR2784759_R1.fq.gz	ERR2784807_R1.fq.gz	0.22699	0	4272/1000000
ERR2784760_R1.fq.gz	ERR2784807_R1.fq.gz	0.211031	0	5983/1000000
ERR2784761_R1.fq.gz	ERR2784807_R1.fq.gz	0.21115	0	5968/1000000
ERR2784762_R1.fq.gz	ERR2784807_R1.fq.gz	0.212837	0	5759/1000000
ERR2784763_R1.fq.gz	ERR2784807_R1.fq.gz	0.212144	0	5844/1000000
ERR2784780_R1.fq.gz	ERR2784807_R1.fq.gz	0.222323	0	4714/1000000
ERR2784781_R1.fq.gz	ERR2784807_R1.fq.gz	0.219998	0	4951/1000000
ERR2784782_R1.fq.gz	ERR2784807_R1.fq.gz	0.217956	0	5169/1000000
ERR2784783_R1.fq.gz	ERR2784807_R1.fq.gz	0.217328	0	5238/1000000
ERR2784796_R1.fq.gz	ERR2784807_R1.fq.gz	0.159438	0	17888/1000000
ERR2784797_R1.fq.gz	ERR2784807_R1.fq.gz	0.156964	0	18860/1000000
ERR2784798_R1.fq.gz	ERR2784807_R1.fq.gz	0.153404	0	20354/1000000
ERR2784799_R1.fq.gz	ERR2784807_R1.fq.gz	0.151627	0	21144/1000000
ERR2784800_R1.fq.gz	ERR2784807_R1.fq.gz	0.123127	0	39148/1000000
ERR2784801_R1.fq.gz	ERR2784807_R1.fq.gz	0.12032	0	41624/1000000
ERR2784802_R1.fq.gz	ERR2784807_R1.fq.gz	0.117748	0	44035/1000000
ERR2784803_R1.fq.gz	ERR2784807_R1.fq.gz	0.116604	0	45154/1000000
ERR2784804_R1.fq.gz	ERR2784807_R1.fq.gz	0.0623443	0	156088/1000000
ERR2784805_R1.fq.gz	ERR2784807_R1.fq.gz	0.0596137	0	166837/1000000
ERR2784806_R1.fq.gz	ERR2784807_R1.fq.gz	0.0529574	0	196792/1000000
ERR2784807_R1.fq.gz	ERR2784807_R1.fq.gz	0	0	1000000/1000000
ERR2784808_R1.fq.gz	ERR2784807_R1.fq.gz	0.224577	0	4495/1000000
ERR2784809_R1.fq.gz	ERR2784807_R1.fq.gz	0.225118	0	4444/1000000
ERR2784810_R1.fq.gz	ERR2784807_R1.fq.gz	0.225215	0	4435/1000000
ERR2784811_R1.fq.gz	ERR2784807_R1.fq.gz	0.224831	0	4471/1000000
ERR2784816_R1.fq.gz	ERR2784807_R1.fq.gz	0.20598	0	6657/1000000
ERR2784817_R1.fq.gz	ERR2784807_R1.fq.gz	0.204291	0	6899/1000000
ERR2784818_R1.fq.gz	ERR2784807_R1.fq.gz	0.202773	0	7124/1000000
ERR2784824_R1.fq.gz	ERR2784807_R1.fq.gz	0.181102	0	11276/1000000
ERR2784826_R1.fq.gz	ERR2784807_R1.fq.gz	0.176889	0	12332/1000000
ERR2784827_R1.fq.gz	ERR2784807_R1.fq.gz	0.17593	0	12586/1000000
SRR11047625_R1.fq.gz	ERR2784807_R1.fq.gz	0.237611	0	3415/1000000
SRR11047626_R1.fq.gz	ERR2784807_R1.fq.gz	0.233159	0	3751/1000000
SRR11047627_R1.fq.gz	ERR2784807_R1.fq.gz	0.232881	0	3773/1000000
SRR11047628_R1.fq.gz	ERR2784807_R1.fq.gz	0.244447	0	2957/1000000
SRR11047629_R1.fq.gz	ERR2784807_R1.fq.gz	0.241115	0	3172/1000000
SRR11047631_R1.fq.gz	ERR2784807_R1.fq.gz	0.241687	0	3134/1000000
SRR11047632_R1.fq.gz	ERR2784807_R1.fq.gz	0.226318	0	4333/1000000
SRR11047633_R1.fq.gz	ERR2784807_R1.fq.gz	0.227593	0	4218/1000000
SRR11047634_R1.fq.gz	ERR2784807_R1.fq.gz	0.247532	0	2771/1000000
SRR11047635_R1.fq.gz	ERR2784807_R1.fq.gz	0.230395	0	3976/1000000
SRR11047636_R1.fq.gz	ERR2784807_R1.fq.gz	0.243039	0	3046/1000000
SRR11047637_R1.fq.gz	ERR2784807_R1.fq.gz	0.233032	0	3761/1000000
SRR11047639_R1.fq.gz	ERR2784807_R1.fq.gz	0.229147	0	4082/1000000
SRR11047640_R1.fq.gz	ERR2784807_R1.fq.gz	0.215501	0	5444/1000000
SRR11047641_R1.fq.gz	ERR2784807_R1.fq.gz	0.195428	0	8322/1000000
SRR11047642_R1.fq.gz	ERR2784807_R1.fq.gz	0.209094	0	6233/1000000
SRR11047643_R1.fq.gz	ERR2784807_R1.fq.gz	0.225215	0	4435/1000000
SRR11047644_R1.fq.gz	ERR2784807_R1.fq.gz	0.24134	0	3157/1000000
SRR11047645_R1.fq.gz	ERR2784807_R1.fq.gz	0.233847	0	3697/1000000
SRR11047647_R1.fq.gz	ERR2784807_R1.fq.gz	0.239266	0	3298/1000000
SRR11047648_R1.fq.gz	ERR2784807_R1.fq.gz	0.239065	0	3312/1000000
SRR11047649_R1.fq.gz	ERR2784807_R1.fq.gz	0.243841	0	2995/1000000
SRR11047650_R1.fq.gz	ERR2784807_R1.fq.gz	0.217628	0	5205/1000000
SRR11047651_R1.fq.gz	ERR2784807_R1.fq.gz	0.232543	0	3800/1000000
SRR11047653_R1.fq.gz	ERR2784807_R1.fq.gz	0.243055	0	3045/1000000
SRR11047654_R1.fq.gz	ERR2784807_R1.fq.gz	0.242682	0	3069/1000000
SRR11047655_R1.fq.gz	ERR2784807_R1.fq.gz	0.20671	0	6555/1000000
SRR11047656_R1.fq.gz	ERR2784807_R1.fq.gz	0.234688	0	3632/1000000
SRR11047657_R1.fq.gz	ERR2784807_R1.fq.gz	0.232869	0	3774/1000000
SRR11047658_R1.fq.gz	ERR2784807_R1.fq.gz	0.234337	0	3659/1000000
SRR11047659_R1.fq.gz	ERR2784807_R1.fq.gz	0.233121	0	3754/1000000
SRR11047660_R1.fq.gz	ERR2784807_R1.fq.gz	0.222092	0	4737/1000000
SRR11047661_R1.fq.gz	ERR2784807_R1.fq.gz	0.234285	0	3663/1000000
SRR11047662_R1.fq.gz	ERR2784807_R1.fq.gz	0.226835	0	4286/1000000
SRR11047663_R1.fq.gz	ERR2784807_R1.fq.gz	0.222132	0	4733/1000000
SRR11047664_R1.fq.gz	ERR2784807_R1.fq.gz	0.22931	0	4068/1000000
SRR11047665_R1.fq.gz	ERR2784807_R1.fq.gz	0.231947	0	3848/1000000
SRR11047666_R1.fq.gz	ERR2784807_R1.fq.gz	0.227279	0	4246/1000000
SRR11047667_R1.fq.gz	ERR2784807_R1.fq.gz	0.238623	0	3343/1000000
SRR11047668_R1.fq.gz	ERR2784807_R1.fq.gz	0.240995	0	3180/1000000
SRR11047669_R1.fq.gz	ERR2784807_R1.fq.gz	0.23413	0	3675/1000000
SRR11047670_R1.fq.gz	ERR2784807_R1.fq.gz	0.241025	0	3178/1000000
SRR11047671_R1.fq.gz	ERR2784807_R1.fq.gz	0.249904	0	2636/1000000
SRR11047672_R1.fq.gz	ERR2784807_R1.fq.gz	0.217283	0	5243/1000000
SRR11047673_R1.fq.gz	ERR2784807_R1.fq.gz	0.237403	0	3430/1000000
ERR2784728_R1.fq.gz	ERR2784808_R1.fq.gz	0.0800581	0	102625/1000000
ERR2784729_R1.fq.gz	ERR2784808_R1.fq.gz	0.080166	0	102369/1000000
ERR2784730_R1.fq.gz	ERR2784808_R1.fq.gz	0.0808882	0	100673/1000000
ERR2784731_R1.fq.gz	ERR2784808_R1.fq.gz	0.0811002	0	100181/1000000
ERR2784741_R1.fq.gz	ERR2784808_R1.fq.gz	0.0745097	0	116788/1000000
ERR2784742_R1.fq.gz	ERR2784808_R1.fq.gz	0.0750272	0	115380/1000000
ERR2784743_R1.fq.gz	ERR2784808_R1.fq.gz	0.0753826	0	114424/1000000
ERR2784752_R1.fq.gz	ERR2784808_R1.fq.gz	0.0764345	0	111645/1000000
ERR2784753_R1.fq.gz	ERR2784808_R1.fq.gz	0.0760371	0	112686/1000000
ERR2784754_R1.fq.gz	ERR2784808_R1.fq.gz	0.0757835	0	113356/1000000
ERR2784755_R1.fq.gz	ERR2784808_R1.fq.gz	0.0758991	0	113050/1000000
ERR2784756_R1.fq.gz	ERR2784808_R1.fq.gz	0.073838	0	118644/1000000
ERR2784757_R1.fq.gz	ERR2784808_R1.fq.gz	0.0735438	0	119467/1000000
ERR2784759_R1.fq.gz	ERR2784808_R1.fq.gz	0.0742072	0	117620/1000000
ERR2784760_R1.fq.gz	ERR2784808_R1.fq.gz	0.0815215	0	99211/1000000
ERR2784761_R1.fq.gz	ERR2784808_R1.fq.gz	0.0819359	0	98267/1000000
ERR2784762_R1.fq.gz	ERR2784808_R1.fq.gz	0.0830967	0	95674/1000000
ERR2784763_R1.fq.gz	ERR2784808_R1.fq.gz	0.0836589	0	94445/1000000
ERR2784780_R1.fq.gz	ERR2784808_R1.fq.gz	0.0928832	0	76540/1000000
ERR2784781_R1.fq.gz	ERR2784808_R1.fq.gz	0.092724	0	76816/1000000
ERR2784782_R1.fq.gz	ERR2784808_R1.fq.gz	0.093913	0	74780/1000000
ERR2784783_R1.fq.gz	ERR2784808_R1.fq.gz	0.0941156	0	74439/1000000
ERR2784796_R1.fq.gz	ERR2784808_R1.fq.gz	0.120372	0	41576/1000000
ERR2784797_R1.fq.gz	ERR2784808_R1.fq.gz	0.121548	0	40521/1000000
ERR2784798_R1.fq.gz	ERR2784808_R1.fq.gz	0.124188	0	38252/1000000
ERR2784799_R1.fq.gz	ERR2784808_R1.fq.gz	0.125383	0	37269/1000000
ERR2784800_R1.fq.gz	ERR2784808_R1.fq.gz	0.121236	0	40798/1000000
ERR2784801_R1.fq.gz	ERR2784808_R1.fq.gz	0.125055	0	37536/1000000
ERR2784802_R1.fq.gz	ERR2784808_R1.fq.gz	0.129174	0	34319/1000000
ERR2784803_R1.fq.gz	ERR2784808_R1.fq.gz	0.131757	0	32448/1000000
ERR2784804_R1.fq.gz	ERR2784808_R1.fq.gz	0.175807	0	12619/1000000
ERR2784805_R1.fq.gz	ERR2784808_R1.fq.gz	0.180029	0	11536/1000000
ERR2784806_R1.fq.gz	ERR2784808_R1.fq.gz	0.220094	0	4941/1000000
ERR2784807_R1.fq.gz	ERR2784808_R1.fq.gz	0.224577	0	4495/1000000
ERR2784808_R1.fq.gz	ERR2784808_R1.fq.gz	0	0	1000000/1000000
ERR2784809_R1.fq.gz	ERR2784808_R1.fq.gz	0.0189772	0	505245/1000000
ERR2784810_R1.fq.gz	ERR2784808_R1.fq.gz	0.018971	0	505343/1000000
ERR2784811_R1.fq.gz	ERR2784808_R1.fq.gz	0.0191049	0	503211/1000000
ERR2784816_R1.fq.gz	ERR2784808_R1.fq.gz	0.0917905	0	78456/1000000
ERR2784817_R1.fq.gz	ERR2784808_R1.fq.gz	0.0910963	0	79700/1000000
ERR2784818_R1.fq.gz	ERR2784808_R1.fq.gz	0.0913694	0	79208/1000000
ERR2784824_R1.fq.gz	ERR2784808_R1.fq.gz	0.0786474	0	106038/1000000
ERR2784826_R1.fq.gz	ERR2784808_R1.fq.gz	0.0782796	0	106948/1000000
ERR2784827_R1.fq.gz	ERR2784808_R1.fq.gz	0.0784518	0	106521/1000000
SRR11047625_R1.fq.gz	ERR2784808_R1.fq.gz	0.0864852	0	88521/1000000
SRR11047626_R1.fq.gz	ERR2784808_R1.fq.gz	0.0800905	0	102548/1000000
SRR11047627_R1.fq.gz	ERR2784808_R1.fq.gz	0.135695	0	29796/1000000
SRR11047628_R1.fq.gz	ERR2784808_R1.fq.gz	0.0864185	0	88656/1000000
SRR11047629_R1.fq.gz	ERR2784808_R1.fq.gz	0.0894827	0	82674/1000000
SRR11047631_R1.fq.gz	ERR2784808_R1.fq.gz	0.0939967	0	74639/1000000
SRR11047632_R1.fq.gz	ERR2784808_R1.fq.gz	0.0983789	0	67633/1000000
SRR11047633_R1.fq.gz	ERR2784808_R1.fq.gz	0.0800762	0	102582/1000000
SRR11047634_R1.fq.gz	ERR2784808_R1.fq.gz	0.100935	0	63872/1000000
SRR11047635_R1.fq.gz	ERR2784808_R1.fq.gz	0.0717088	0	124746/1000000
SRR11047636_R1.fq.gz	ERR2784808_R1.fq.gz	0.100737	0	64155/1000000
SRR11047637_R1.fq.gz	ERR2784808_R1.fq.gz	0.0861216	0	89260/1000000
SRR11047639_R1.fq.gz	ERR2784808_R1.fq.gz	0.0743102	0	117336/1000000
SRR11047640_R1.fq.gz	ERR2784808_R1.fq.gz	0.109044	0	53338/1000000
SRR11047641_R1.fq.gz	ERR2784808_R1.fq.gz	0.0908882	0	80077/1000000
SRR11047642_R1.fq.gz	ERR2784808_R1.fq.gz	0.0886851	0	84188/1000000
SRR11047643_R1.fq.gz	ERR2784808_R1.fq.gz	0.0905471	0	80699/1000000
SRR11047644_R1.fq.gz	ERR2784808_R1.fq.gz	0.113951	0	47865/1000000
SRR11047645_R1.fq.gz	ERR2784808_R1.fq.gz	0.0838335	0	94067/1000000
SRR11047647_R1.fq.gz	ERR2784808_R1.fq.gz	0.0889547	0	83673/1000000
SRR11047648_R1.fq.gz	ERR2784808_R1.fq.gz	0.102989	0	61012/1000000
SRR11047649_R1.fq.gz	ERR2784808_R1.fq.gz	0.094835	0	73241/1000000
SRR11047650_R1.fq.gz	ERR2784808_R1.fq.gz	0.0858366	0	89844/1000000
SRR11047651_R1.fq.gz	ERR2784808_R1.fq.gz	0.0871127	0	87261/1000000
SRR11047653_R1.fq.gz	ERR2784808_R1.fq.gz	0.106044	0	57004/1000000
SRR11047654_R1.fq.gz	ERR2784808_R1.fq.gz	0.1114	0	50633/1000000
SRR11047655_R1.fq.gz	ERR2784808_R1.fq.gz	0.086318	0	88860/1000000
SRR11047656_R1.fq.gz	ERR2784808_R1.fq.gz	0.0884764	0	84589/1000000
SRR11047657_R1.fq.gz	ERR2784808_R1.fq.gz	0.079201	0	104684/1000000
SRR11047658_R1.fq.gz	ERR2784808_R1.fq.gz	0.0912554	0	79413/1000000
SRR11047659_R1.fq.gz	ERR2784808_R1.fq.gz	0.089545	0	82557/1000000
SRR11047660_R1.fq.gz	ERR2784808_R1.fq.gz	0.110903	0	51191/1000000
SRR11047661_R1.fq.gz	ERR2784808_R1.fq.gz	0.0864792	0	88533/1000000
SRR11047662_R1.fq.gz	ERR2784808_R1.fq.gz	0.0889342	0	83712/1000000
SRR11047663_R1.fq.gz	ERR2784808_R1.fq.gz	0.100572	0	64393/1000000
SRR11047664_R1.fq.gz	ERR2784808_R1.fq.gz	0.0900916	0	81538/1000000
SRR11047665_R1.fq.gz	ERR2784808_R1.fq.gz	0.0838974	0	93929/1000000
SRR11047666_R1.fq.gz	ERR2784808_R1.fq.gz	0.0982143	0	67883/1000000
SRR11047667_R1.fq.gz	ERR2784808_R1.fq.gz	0.106444	0	56500/1000000
SRR11047668_R1.fq.gz	ERR2784808_R1.fq.gz	0.0971698	0	69493/1000000
SRR11047669_R1.fq.gz	ERR2784808_R1.fq.gz	0.0890156	0	83557/1000000
SRR11047670_R1.fq.gz	ERR2784808_R1.fq.gz	0.0837512	0	94245/1000000
SRR11047671_R1.fq.gz	ERR2784808_R1.fq.gz	0.0830495	0	95778/1000000
SRR11047672_R1.fq.gz	ERR2784808_R1.fq.gz	0.0715216	0	125299/1000000
SRR11047673_R1.fq.gz	ERR2784808_R1.fq.gz	0.0840953	0	93503/1000000
ERR2784728_R1.fq.gz	ERR2784809_R1.fq.gz	0.0801403	0	102430/1000000
ERR2784729_R1.fq.gz	ERR2784809_R1.fq.gz	0.0801436	0	102422/1000000
ERR2784730_R1.fq.gz	ERR2784809_R1.fq.gz	0.080697	0	101119/1000000
ERR2784731_R1.fq.gz	ERR2784809_R1.fq.gz	0.0809368	0	100560/1000000
ERR2784741_R1.fq.gz	ERR2784809_R1.fq.gz	0.0745254	0	116745/1000000
ERR2784742_R1.fq.gz	ERR2784809_R1.fq.gz	0.0748305	0	115913/1000000
ERR2784743_R1.fq.gz	ERR2784809_R1.fq.gz	0.0751369	0	115084/1000000
ERR2784752_R1.fq.gz	ERR2784809_R1.fq.gz	0.0770993	0	109927/1000000
ERR2784753_R1.fq.gz	ERR2784809_R1.fq.gz	0.0766554	0	111071/1000000
ERR2784754_R1.fq.gz	ERR2784809_R1.fq.gz	0.0762054	0	112244/1000000
ERR2784755_R1.fq.gz	ERR2784809_R1.fq.gz	0.0762913	0	112019/1000000
ERR2784756_R1.fq.gz	ERR2784809_R1.fq.gz	0.0738732	0	118546/1000000
ERR2784757_R1.fq.gz	ERR2784809_R1.fq.gz	0.073374	0	119945/1000000
ERR2784759_R1.fq.gz	ERR2784809_R1.fq.gz	0.0738312	0	118663/1000000
ERR2784760_R1.fq.gz	ERR2784809_R1.fq.gz	0.0814744	0	99319/1000000
ERR2784761_R1.fq.gz	ERR2784809_R1.fq.gz	0.0816646	0	98884/1000000
ERR2784762_R1.fq.gz	ERR2784809_R1.fq.gz	0.0828337	0	96255/1000000
ERR2784763_R1.fq.gz	ERR2784809_R1.fq.gz	0.0831495	0	95558/1000000
ERR2784780_R1.fq.gz	ERR2784809_R1.fq.gz	0.0936337	0	75253/1000000
ERR2784781_R1.fq.gz	ERR2784809_R1.fq.gz	0.0934734	0	75526/1000000
ERR2784782_R1.fq.gz	ERR2784809_R1.fq.gz	0.0942904	0	74146/1000000
ERR2784783_R1.fq.gz	ERR2784809_R1.fq.gz	0.0944761	0	73836/1000000
ERR2784796_R1.fq.gz	ERR2784809_R1.fq.gz	0.121873	0	40234/1000000
ERR2784797_R1.fq.gz	ERR2784809_R1.fq.gz	0.122788	0	39438/1000000
ERR2784798_R1.fq.gz	ERR2784809_R1.fq.gz	0.125287	0	37347/1000000
ERR2784799_R1.fq.gz	ERR2784809_R1.fq.gz	0.126745	0	36180/1000000
ERR2784800_R1.fq.gz	ERR2784809_R1.fq.gz	0.121462	0	40597/1000000
ERR2784801_R1.fq.gz	ERR2784809_R1.fq.gz	0.125148	0	37460/1000000
ERR2784802_R1.fq.gz	ERR2784809_R1.fq.gz	0.129335	0	34199/1000000
ERR2784803_R1.fq.gz	ERR2784809_R1.fq.gz	0.131874	0	32366/1000000
ERR2784804_R1.fq.gz	ERR2784809_R1.fq.gz	0.175796	0	12622/1000000
ERR2784805_R1.fq.gz	ERR2784809_R1.fq.gz	0.180201	0	11494/1000000
ERR2784806_R1.fq.gz	ERR2784809_R1.fq.gz	0.22019	0	4931/1000000
ERR2784807_R1.fq.gz	ERR2784809_R1.fq.gz	0.225118	0	4444/1000000
ERR2784808_R1.fq.gz	ERR2784809_R1.fq.gz	0.0189772	0	505245/1000000
ERR2784809_R1.fq.gz	ERR2784809_R1.fq.gz	0	0	1000000/1000000
ERR2784810_R1.fq.gz	ERR2784809_R1.fq.gz	0.0184352	0	514001/1000000
ERR2784811_R1.fq.gz	ERR2784809_R1.fq.gz	0.018509	0	512797/1000000
ERR2784816_R1.fq.gz	ERR2784809_R1.fq.gz	0.0921381	0	77841/1000000
ERR2784817_R1.fq.gz	ERR2784809_R1.fq.gz	0.0915755	0	78839/1000000
ERR2784818_R1.fq.gz	ERR2784809_R1.fq.gz	0.0914163	0	79124/1000000
ERR2784824_R1.fq.gz	ERR2784809_R1.fq.gz	0.0791915	0	104707/1000000
ERR2784826_R1.fq.gz	ERR2784809_R1.fq.gz	0.078623	0	106098/1000000
ERR2784827_R1.fq.gz	ERR2784809_R1.fq.gz	0.0786202	0	106105/1000000
SRR11047625_R1.fq.gz	ERR2784809_R1.fq.gz	0.0883753	0	84784/1000000
SRR11047626_R1.fq.gz	ERR2784809_R1.fq.gz	0.0808762	0	100701/1000000
SRR11047627_R1.fq.gz	ERR2784809_R1.fq.gz	0.13991	0	27203/1000000
SRR11047628_R1.fq.gz	ERR2784809_R1.fq.gz	0.088465	0	84611/1000000
SRR11047629_R1.fq.gz	ERR2784809_R1.fq.gz	0.0911866	0	79537/1000000
SRR11047631_R1.fq.gz	ERR2784809_R1.fq.gz	0.0949922	0	72982/1000000
SRR11047632_R1.fq.gz	ERR2784809_R1.fq.gz	0.100655	0	64273/1000000
SRR11047633_R1.fq.gz	ERR2784809_R1.fq.gz	0.0815875	0	99060/1000000
SRR11047634_R1.fq.gz	ERR2784809_R1.fq.gz	0.103075	0	60894/1000000
SRR11047635_R1.fq.gz	ERR2784809_R1.fq.gz	0.0729987	0	121009/1000000
SRR11047636_R1.fq.gz	ERR2784809_R1.fq.gz	0.102822	0	61239/1000000
SRR11047637_R1.fq.gz	ERR2784809_R1.fq.gz	0.0873528	0	86784/1000000
SRR11047639_R1.fq.gz	ERR2784809_R1.fq.gz	0.0759048	0	113035/1000000
SRR11047640_R1.fq.gz	ERR2784809_R1.fq.gz	0.110825	0	51279/1000000
SRR11047641_R1.fq.gz	ERR2784809_R1.fq.gz	0.0926504	0	76944/1000000
SRR11047642_R1.fq.gz	ERR2784809_R1.fq.gz	0.0902235	0	81294/1000000
SRR11047643_R1.fq.gz	ERR2784809_R1.fq.gz	0.0927436	0	76782/1000000
SRR11047644_R1.fq.gz	ERR2784809_R1.fq.gz	0.115929	0	45829/1000000
SRR11047645_R1.fq.gz	ERR2784809_R1.fq.gz	0.0854104	0	90725/1000000
SRR11047647_R1.fq.gz	ERR2784809_R1.fq.gz	0.0907255	0	80373/1000000
SRR11047648_R1.fq.gz	ERR2784809_R1.fq.gz	0.104439	0	59073/1000000
SRR11047649_R1.fq.gz	ERR2784809_R1.fq.gz	0.0962805	0	70896/1000000
SRR11047650_R1.fq.gz	ERR2784809_R1.fq.gz	0.0874564	0	86579/1000000
SRR11047651_R1.fq.gz	ERR2784809_R1.fq.gz	0.0878936	0	85720/1000000
SRR11047653_R1.fq.gz	ERR2784809_R1.fq.gz	0.108856	0	53560/1000000
SRR11047654_R1.fq.gz	ERR2784809_R1.fq.gz	0.114775	0	47006/1000000
SRR11047655_R1.fq.gz	ERR2784809_R1.fq.gz	0.0881739	0	85174/1000000
SRR11047656_R1.fq.gz	ERR2784809_R1.fq.gz	0.0899929	0	81721/1000000
SRR11047657_R1.fq.gz	ERR2784809_R1.fq.gz	0.080502	0	101576/1000000
SRR11047658_R1.fq.gz	ERR2784809_R1.fq.gz	0.0934078	0	75638/1000000
SRR11047659_R1.fq.gz	ERR2784809_R1.fq.gz	0.0917264	0	78570/1000000
SRR11047660_R1.fq.gz	ERR2784809_R1.fq.gz	0.112835	0	49056/1000000
SRR11047661_R1.fq.gz	ERR2784809_R1.fq.gz	0.0880304	0	85453/1000000
SRR11047662_R1.fq.gz	ERR2784809_R1.fq.gz	0.0907277	0	80369/1000000
SRR11047663_R1.fq.gz	ERR2784809_R1.fq.gz	0.102191	0	62106/1000000
SRR11047664_R1.fq.gz	ERR2784809_R1.fq.gz	0.091817	0	78409/1000000
SRR11047665_R1.fq.gz	ERR2784809_R1.fq.gz	0.0855164	0	90505/1000000
SRR11047666_R1.fq.gz	ERR2784809_R1.fq.gz	0.100071	0	65118/1000000
SRR11047667_R1.fq.gz	ERR2784809_R1.fq.gz	0.108976	0	53418/1000000
SRR11047668_R1.fq.gz	ERR2784809_R1.fq.gz	0.0989612	0	66756/1000000
SRR11047669_R1.fq.gz	ERR2784809_R1.fq.gz	0.0903755	0	81014/1000000
SRR11047670_R1.fq.gz	ERR2784809_R1.fq.gz	0.0854171	0	90711/1000000
SRR11047671_R1.fq.gz	ERR2784809_R1.fq.gz	0.0840981	0	93497/1000000
SRR11047672_R1.fq.gz	ERR2784809_R1.fq.gz	0.0728064	0	121558/1000000
SRR11047673_R1.fq.gz	ERR2784809_R1.fq.gz	0.085192	0	91180/1000000
ERR2784728_R1.fq.gz	ERR2784810_R1.fq.gz	0.0805208	0	101532/1000000
ERR2784729_R1.fq.gz	ERR2784810_R1.fq.gz	0.0802298	0	102218/1000000
ERR2784730_R1.fq.gz	ERR2784810_R1.fq.gz	0.0805655	0	101427/1000000
ERR2784731_R1.fq.gz	ERR2784810_R1.fq.gz	0.0808938	0	100660/1000000
ERR2784741_R1.fq.gz	ERR2784810_R1.fq.gz	0.0746902	0	116295/1000000
ERR2784742_R1.fq.gz	ERR2784810_R1.fq.gz	0.0748349	0	115901/1000000
ERR2784743_R1.fq.gz	ERR2784810_R1.fq.gz	0.0749504	0	115588/1000000
ERR2784752_R1.fq.gz	ERR2784810_R1.fq.gz	0.0781114	0	107367/1000000
ERR2784753_R1.fq.gz	ERR2784810_R1.fq.gz	0.0775575	0	108760/1000000
ERR2784754_R1.fq.gz	ERR2784810_R1.fq.gz	0.077028	0	110110/1000000
ERR2784755_R1.fq.gz	ERR2784810_R1.fq.gz	0.0769583	0	110289/1000000
ERR2784756_R1.fq.gz	ERR2784810_R1.fq.gz	0.07409	0	117944/1000000
ERR2784757_R1.fq.gz	ERR2784810_R1.fq.gz	0.0735987	0	119313/1000000
ERR2784759_R1.fq.gz	ERR2784810_R1.fq.gz	0.0737216	0	118969/1000000
ERR2784760_R1.fq.gz	ERR2784810_R1.fq.gz	0.0814979	0	99265/1000000
ERR2784761_R1.fq.gz	ERR2784810_R1.fq.gz	0.081711	0	98778/1000000
ERR2784762_R1.fq.gz	ERR2784810_R1.fq.gz	0.0824832	0	97035/1000000
ERR2784763_R1.fq.gz	ERR2784810_R1.fq.gz	0.0828978	0	96113/1000000
ERR2784780_R1.fq.gz	ERR2784810_R1.fq.gz	0.0944683	0	73849/1000000
ERR2784781_R1.fq.gz	ERR2784810_R1.fq.gz	0.0941728	0	74343/1000000
ERR2784782_R1.fq.gz	ERR2784810_R1.fq.gz	0.094852	0	73213/1000000
ERR2784783_R1.fq.gz	ERR2784810_R1.fq.gz	0.0949454	0	73059/1000000
ERR2784796_R1.fq.gz	ERR2784810_R1.fq.gz	0.123257	0	39037/1000000
ERR2784797_R1.fq.gz	ERR2784810_R1.fq.gz	0.124524	0	37973/1000000
ERR2784798_R1.fq.gz	ERR2784810_R1.fq.gz	0.126513	0	36363/1000000
ERR2784799_R1.fq.gz	ERR2784810_R1.fq.gz	0.128028	0	35184/1000000
ERR2784800_R1.fq.gz	ERR2784810_R1.fq.gz	0.121814	0	40286/1000000
ERR2784801_R1.fq.gz	ERR2784810_R1.fq.gz	0.125314	0	37325/1000000
ERR2784802_R1.fq.gz	ERR2784810_R1.fq.gz	0.129854	0	33816/1000000
ERR2784803_R1.fq.gz	ERR2784810_R1.fq.gz	0.132171	0	32158/1000000
ERR2784804_R1.fq.gz	ERR2784810_R1.fq.gz	0.177237	0	12241/1000000
ERR2784805_R1.fq.gz	ERR2784810_R1.fq.gz	0.181475	0	11187/1000000
ERR2784806_R1.fq.gz	ERR2784810_R1.fq.gz	0.220075	0	4943/1000000
ERR2784807_R1.fq.gz	ERR2784810_R1.fq.gz	0.225215	0	4435/1000000
ERR2784808_R1.fq.gz	ERR2784810_R1.fq.gz	0.018971	0	505343/1000000
ERR2784809_R1.fq.gz	ERR2784810_R1.fq.gz	0.0184352	0	514001/1000000
ERR2784810_R1.fq.gz	ERR2784810_R1.fq.gz	0	0	1000000/1000000
ERR2784811_R1.fq.gz	ERR2784810_R1.fq.gz	0.0180886	0	519707/1000000
ERR2784816_R1.fq.gz	ERR2784810_R1.fq.gz	0.0929491	0	76426/1000000
ERR2784817_R1.fq.gz	ERR2784810_R1.fq.gz	0.0920061	0	78074/1000000
ERR2784818_R1.fq.gz	ERR2784810_R1.fq.gz	0.0918384	0	78371/1000000
ERR2784824_R1.fq.gz	ERR2784810_R1.fq.gz	0.0801639	0	102374/1000000
ERR2784826_R1.fq.gz	ERR2784810_R1.fq.gz	0.0792768	0	104500/1000000
ERR2784827_R1.fq.gz	ERR2784810_R1.fq.gz	0.0793066	0	104428/1000000
SRR11047625_R1.fq.gz	ERR2784810_R1.fq.gz	0.0907755	0	80282/1000000
SRR11047626_R1.fq.gz	ERR2784810_R1.fq.gz	0.0820729	0	97957/1000000
SRR11047627_R1.fq.gz	ERR2784810_R1.fq.gz	0.143593	0	25128/1000000
SRR11047628_R1.fq.gz	ERR2784810_R1.fq.gz	0.0907074	0	80406/1000000
SRR11047629_R1.fq.gz	ERR2784810_R1.fq.gz	0.0931226	0	76127/1000000
SRR11047631_R1.fq.gz	ERR2784810_R1.fq.gz	0.0961877	0	71044/1000000
SRR11047632_R1.fq.gz	ERR2784810_R1.fq.gz	0.10284	0	61215/1000000
SRR11047633_R1.fq.gz	ERR2784810_R1.fq.gz	0.0834508	0	94898/1000000
SRR11047634_R1.fq.gz	ERR2784810_R1.fq.gz	0.105524	0	57666/1000000
SRR11047635_R1.fq.gz	ERR2784810_R1.fq.gz	0.0745598	0	116651/1000000
SRR11047636_R1.fq.gz	ERR2784810_R1.fq.gz	0.104852	0	58534/1000000
SRR11047637_R1.fq.gz	ERR2784810_R1.fq.gz	0.0890219	0	83545/1000000
SRR11047639_R1.fq.gz	ERR2784810_R1.fq.gz	0.0779348	0	107809/1000000
SRR11047640_R1.fq.gz	ERR2784810_R1.fq.gz	0.113049	0	48825/1000000
SRR11047641_R1.fq.gz	ERR2784810_R1.fq.gz	0.0945356	0	73737/1000000
SRR11047642_R1.fq.gz	ERR2784810_R1.fq.gz	0.0920355	0	78022/1000000
SRR11047643_R1.fq.gz	ERR2784810_R1.fq.gz	0.0950647	0	72863/1000000
SRR11047644_R1.fq.gz	ERR2784810_R1.fq.gz	0.118447	0	43366/1000000
SRR11047645_R1.fq.gz	ERR2784810_R1.fq.gz	0.0875152	0	86463/1000000
SRR11047647_R1.fq.gz	ERR2784810_R1.fq.gz	0.0930407	0	76268/1000000
SRR11047648_R1.fq.gz	ERR2784810_R1.fq.gz	0.106575	0	56336/1000000
SRR11047649_R1.fq.gz	ERR2784810_R1.fq.gz	0.0980053	0	68202/1000000
SRR11047650_R1.fq.gz	ERR2784810_R1.fq.gz	0.0892091	0	83190/1000000
SRR11047651_R1.fq.gz	ERR2784810_R1.fq.gz	0.0892953	0	83027/1000000
SRR11047653_R1.fq.gz	ERR2784810_R1.fq.gz	0.111778	0	50212/1000000
SRR11047654_R1.fq.gz	ERR2784810_R1.fq.gz	0.118926	0	42913/1000000
SRR11047655_R1.fq.gz	ERR2784810_R1.fq.gz	0.0903228	0	81111/1000000
SRR11047656_R1.fq.gz	ERR2784810_R1.fq.gz	0.0920355	0	78022/1000000
SRR11047657_R1.fq.gz	ERR2784810_R1.fq.gz	0.0819999	0	98122/1000000
SRR11047658_R1.fq.gz	ERR2784810_R1.fq.gz	0.0957656	0	71722/1000000
SRR11047659_R1.fq.gz	ERR2784810_R1.fq.gz	0.0941793	0	74332/1000000
SRR11047660_R1.fq.gz	ERR2784810_R1.fq.gz	0.115179	0	46590/1000000
SRR11047661_R1.fq.gz	ERR2784810_R1.fq.gz	0.0902436	0	81257/1000000
SRR11047662_R1.fq.gz	ERR2784810_R1.fq.gz	0.0930221	0	76300/1000000
SRR11047663_R1.fq.gz	ERR2784810_R1.fq.gz	0.104438	0	59075/1000000
SRR11047664_R1.fq.gz	ERR2784810_R1.fq.gz	0.0937339	0	75083/1000000
SRR11047665_R1.fq.gz	ERR2784810_R1.fq.gz	0.0872867	0	86915/1000000
SRR11047666_R1.fq.gz	ERR2784810_R1.fq.gz	0.102501	0	61678/1000000
SRR11047667_R1.fq.gz	ERR2784810_R1.fq.gz	0.112149	0	49803/1000000
SRR11047668_R1.fq.gz	ERR2784810_R1.fq.gz	0.101465	0	63121/1000000
SRR11047669_R1.fq.gz	ERR2784810_R1.fq.gz	0.0920746	0	77953/1000000
SRR11047670_R1.fq.gz	ERR2784810_R1.fq.gz	0.0874165	0	86658/1000000
SRR11047671_R1.fq.gz	ERR2784810_R1.fq.gz	0.0860726	0	89360/1000000
SRR11047672_R1.fq.gz	ERR2784810_R1.fq.gz	0.0743243	0	117297/1000000
SRR11047673_R1.fq.gz	ERR2784810_R1.fq.gz	0.0867813	0	87924/1000000
ERR2784728_R1.fq.gz	ERR2784811_R1.fq.gz	0.0807715	0	100945/1000000
ERR2784729_R1.fq.gz	ERR2784811_R1.fq.gz	0.0805067	0	101565/1000000
ERR2784730_R1.fq.gz	ERR2784811_R1.fq.gz	0.0807891	0	100904/1000000
ERR2784731_R1.fq.gz	ERR2784811_R1.fq.gz	0.0810587	0	100277/1000000
ERR2784741_R1.fq.gz	ERR2784811_R1.fq.gz	0.0749618	0	115557/1000000
ERR2784742_R1.fq.gz	ERR2784811_R1.fq.gz	0.0750039	0	115443/1000000
ERR2784743_R1.fq.gz	ERR2784811_R1.fq.gz	0.0750043	0	115442/1000000
ERR2784752_R1.fq.gz	ERR2784811_R1.fq.gz	0.078499	0	106404/1000000
ERR2784753_R1.fq.gz	ERR2784811_R1.fq.gz	0.0778715	0	107968/1000000
ERR2784754_R1.fq.gz	ERR2784811_R1.fq.gz	0.0771919	0	109690/1000000
ERR2784755_R1.fq.gz	ERR2784811_R1.fq.gz	0.0771372	0	109830/1000000
ERR2784756_R1.fq.gz	ERR2784811_R1.fq.gz	0.0744397	0	116980/1000000
ERR2784757_R1.fq.gz	ERR2784811_R1.fq.gz	0.0738545	0	118598/1000000
ERR2784759_R1.fq.gz	ERR2784811_R1.fq.gz	0.0739933	0	118212/1000000
ERR2784760_R1.fq.gz	ERR2784811_R1.fq.gz	0.0816974	0	98809/1000000
ERR2784761_R1.fq.gz	ERR2784811_R1.fq.gz	0.0818618	0	98435/1000000
ERR2784762_R1.fq.gz	ERR2784811_R1.fq.gz	0.082567	0	96848/1000000
ERR2784763_R1.fq.gz	ERR2784811_R1.fq.gz	0.082991	0	95907/1000000
ERR2784780_R1.fq.gz	ERR2784811_R1.fq.gz	0.0949096	0	73118/1000000
ERR2784781_R1.fq.gz	ERR2784811_R1.fq.gz	0.0945116	0	73777/1000000
ERR2784782_R1.fq.gz	ERR2784811_R1.fq.gz	0.0951946	0	72650/1000000
ERR2784783_R1.fq.gz	ERR2784811_R1.fq.gz	0.0951305	0	72755/1000000
ERR2784796_R1.fq.gz	ERR2784811_R1.fq.gz	0.124011	0	38400/1000000
ERR2784797_R1.fq.gz	ERR2784811_R1.fq.gz	0.124789	0	37754/1000000
ERR2784798_R1.fq.gz	ERR2784811_R1.fq.gz	0.126898	0	36060/1000000
ERR2784799_R1.fq.gz	ERR2784811_R1.fq.gz	0.128242	0	35021/1000000
ERR2784800_R1.fq.gz	ERR2784811_R1.fq.gz	0.1222	0	39948/1000000
ERR2784801_R1.fq.gz	ERR2784811_R1.fq.gz	0.125847	0	36894/1000000
ERR2784802_R1.fq.gz	ERR2784811_R1.fq.gz	0.130029	0	33688/1000000
ERR2784803_R1.fq.gz	ERR2784811_R1.fq.gz	0.132399	0	32000/1000000
ERR2784804_R1.fq.gz	ERR2784811_R1.fq.gz	0.176797	0	12356/1000000
ERR2784805_R1.fq.gz	ERR2784811_R1.fq.gz	0.180931	0	11317/1000000
ERR2784806_R1.fq.gz	ERR2784811_R1.fq.gz	0.219588	0	4994/1000000
ERR2784807_R1.fq.gz	ERR2784811_R1.fq.gz	0.224831	0	4471/1000000
ERR2784808_R1.fq.gz	ERR2784811_R1.fq.gz	0.0191049	0	503211/1000000
ERR2784809_R1.fq.gz	ERR2784811_R1.fq.gz	0.018509	0	512797/1000000
ERR2784810_R1.fq.gz	ERR2784811_R1.fq.gz	0.0180886	0	519707/1000000
ERR2784811_R1.fq.gz	ERR2784811_R1.fq.gz	0	0	1000000/1000000
ERR2784816_R1.fq.gz	ERR2784811_R1.fq.gz	0.0931522	0	76076/1000000
ERR2784817_R1.fq.gz	ERR2784811_R1.fq.gz	0.0922939	0	77567/1000000
ERR2784818_R1.fq.gz	ERR2784811_R1.fq.gz	0.0919201	0	78226/1000000
ERR2784824_R1.fq.gz	ERR2784811_R1.fq.gz	0.0807535	0	100987/1000000
ERR2784826_R1.fq.gz	ERR2784811_R1.fq.gz	0.0796737	0	103543/1000000
ERR2784827_R1.fq.gz	ERR2784811_R1.fq.gz	0.0798081	0	103221/1000000
SRR11047625_R1.fq.gz	ERR2784811_R1.fq.gz	0.0919027	0	78257/1000000
SRR11047626_R1.fq.gz	ERR2784811_R1.fq.gz	0.0824001	0	97221/1000000
SRR11047627_R1.fq.gz	ERR2784811_R1.fq.gz	0.145451	0	24143/1000000
SRR11047628_R1.fq.gz	ERR2784811_R1.fq.gz	0.0917298	0	78564/1000000
SRR11047629_R1.fq.gz	ERR2784811_R1.fq.gz	0.0939107	0	74784/1000000
SRR11047631_R1.fq.gz	ERR2784811_R1.fq.gz	0.096894	0	69925/1000000
SRR11047632_R1.fq.gz	ERR2784811_R1.fq.gz	0.10397	0	59693/1000000
SRR11047633_R1.fq.gz	ERR2784811_R1.fq.gz	0.084168	0	93347/1000000
SRR11047634_R1.fq.gz	ERR2784811_R1.fq.gz	0.106746	0	56123/1000000
SRR11047635_R1.fq.gz	ERR2784811_R1.fq.gz	0.0752596	0	114754/1000000
SRR11047636_R1.fq.gz	ERR2784811_R1.fq.gz	0.106022	0	57032/1000000
SRR11047637_R1.fq.gz	ERR2784811_R1.fq.gz	0.0895216	0	82601/1000000
SRR11047639_R1.fq.gz	ERR2784811_R1.fq.gz	0.078855	0	105528/1000000
SRR11047640_R1.fq.gz	ERR2784811_R1.fq.gz	0.113937	0	47880/1000000
SRR11047641_R1.fq.gz	ERR2784811_R1.fq.gz	0.0953882	0	72334/1000000
SRR11047642_R1.fq.gz	ERR2784811_R1.fq.gz	0.092878	0	76549/1000000
SRR11047643_R1.fq.gz	ERR2784811_R1.fq.gz	0.0961871	0	71045/1000000
SRR11047644_R1.fq.gz	ERR2784811_R1.fq.gz	0.119772	0	42126/1000000
SRR11047645_R1.fq.gz	ERR2784811_R1.fq.gz	0.0883396	0	84853/1000000
SRR11047647_R1.fq.gz	ERR2784811_R1.fq.gz	0.0939901	0	74650/1000000
SRR11047648_R1.fq.gz	ERR2784811_R1.fq.gz	0.10741	0	55303/1000000
SRR11047649_R1.fq.gz	ERR2784811_R1.fq.gz	0.0986309	0	67252/1000000
SRR11047650_R1.fq.gz	ERR2784811_R1.fq.gz	0.0901305	0	81466/1000000
SRR11047651_R1.fq.gz	ERR2784811_R1.fq.gz	0.0900004	0	81707/1000000
SRR11047653_R1.fq.gz	ERR2784811_R1.fq.gz	0.11336	0	48492/1000000
SRR11047654_R1.fq.gz	ERR2784811_R1.fq.gz	0.12095	0	41054/1000000
SRR11047655_R1.fq.gz	ERR2784811_R1.fq.gz	0.0913511	0	79241/1000000
SRR11047656_R1.fq.gz	ERR2784811_R1.fq.gz	0.0928283	0	76635/1000000
SRR11047657_R1.fq.gz	ERR2784811_R1.fq.gz	0.0827201	0	96507/1000000
SRR11047658_R1.fq.gz	ERR2784811_R1.fq.gz	0.0968742	0	69956/1000000
SRR11047659_R1.fq.gz	ERR2784811_R1.fq.gz	0.0952698	0	72527/1000000
SRR11047660_R1.fq.gz	ERR2784811_R1.fq.gz	0.116175	0	45582/1000000
SRR11047661_R1.fq.gz	ERR2784811_R1.fq.gz	0.0912871	0	79356/1000000
SRR11047662_R1.fq.gz	ERR2784811_R1.fq.gz	0.094106	0	74455/1000000
SRR11047663_R1.fq.gz	ERR2784811_R1.fq.gz	0.105631	0	57529/1000000
SRR11047664_R1.fq.gz	ERR2784811_R1.fq.gz	0.0946434	0	73558/1000000
SRR11047665_R1.fq.gz	ERR2784811_R1.fq.gz	0.0881399	0	85240/1000000
SRR11047666_R1.fq.gz	ERR2784811_R1.fq.gz	0.103588	0	60203/1000000
SRR11047667_R1.fq.gz	ERR2784811_R1.fq.gz	0.113401	0	48448/1000000
SRR11047668_R1.fq.gz	ERR2784811_R1.fq.gz	0.10265	0	61474/1000000
SRR11047669_R1.fq.gz	ERR2784811_R1.fq.gz	0.0929167	0	76482/1000000
SRR11047670_R1.fq.gz	ERR2784811_R1.fq.gz	0.0884282	0	84682/1000000
SRR11047671_R1.fq.gz	ERR2784811_R1.fq.gz	0.0869074	0	87671/1000000
SRR11047672_R1.fq.gz	ERR2784811_R1.fq.gz	0.075085	0	115224/1000000
SRR11047673_R1.fq.gz	ERR2784811_R1.fq.gz	0.08732	0	86849/1000000
ERR2784728_R1.fq.gz	ERR2784816_R1.fq.gz	0.0901818	0	81371/1000000
ERR2784729_R1.fq.gz	ERR2784816_R1.fq.gz	0.0910194	0	79839/1000000
ERR2784730_R1.fq.gz	ERR2784816_R1.fq.gz	0.0926394	0	76963/1000000
ERR2784731_R1.fq.gz	ERR2784816_R1.fq.gz	0.0931289	0	76116/1000000
ERR2784741_R1.fq.gz	ERR2784816_R1.fq.gz	0.0755192	0	114059/1000000
ERR2784742_R1.fq.gz	ERR2784816_R1.fq.gz	0.0764199	0	111683/1000000
ERR2784743_R1.fq.gz	ERR2784816_R1.fq.gz	0.0769323	0	110356/1000000
ERR2784752_R1.fq.gz	ERR2784816_R1.fq.gz	0.0801854	0	102323/1000000
ERR2784753_R1.fq.gz	ERR2784816_R1.fq.gz	0.0807543	0	100985/1000000
ERR2784754_R1.fq.gz	ERR2784816_R1.fq.gz	0.0812877	0	99748/1000000
ERR2784755_R1.fq.gz	ERR2784816_R1.fq.gz	0.0816768	0	98856/1000000
ERR2784756_R1.fq.gz	ERR2784816_R1.fq.gz	0.0805604	0	101439/1000000
ERR2784757_R1.fq.gz	ERR2784816_R1.fq.gz	0.0810083	0	100394/1000000
ERR2784759_R1.fq.gz	ERR2784816_R1.fq.gz	0.0821948	0	97682/1000000
ERR2784760_R1.fq.gz	ERR2784816_R1.fq.gz	0.0795484	0	103844/1000000
ERR2784761_R1.fq.gz	ERR2784816_R1.fq.gz	0.0802403	0	102193/1000000
ERR2784762_R1.fq.gz	ERR2784816_R1.fq.gz	0.0812816	0	99762/1000000
ERR2784763_R1.fq.gz	ERR2784816_R1.fq.gz	0.0817536	0	98681/1000000
ERR2784780_R1.fq.gz	ERR2784816_R1.fq.gz	0.0790272	0	105107/1000000
ERR2784781_R1.fq.gz	ERR2784816_R1.fq.gz	0.0793396	0	104348/1000000
ERR2784782_R1.fq.gz	ERR2784816_R1.fq.gz	0.0800152	0	102727/1000000
ERR2784783_R1.fq.gz	ERR2784816_R1.fq.gz	0.0805949	0	101358/1000000
ERR2784796_R1.fq.gz	ERR2784816_R1.fq.gz	0.0889825	0	83620/1000000
ERR2784797_R1.fq.gz	ERR2784816_R1.fq.gz	0.0904141	0	80943/1000000
ERR2784798_R1.fq.gz	ERR2784816_R1.fq.gz	0.0927015	0	76855/1000000
ERR2784799_R1.fq.gz	ERR2784816_R1.fq.gz	0.0940549	0	74541/1000000
ERR2784800_R1.fq.gz	ERR2784816_R1.fq.gz	0.109574	0	52717/1000000
ERR2784801_R1.fq.gz	ERR2784816_R1.fq.gz	0.113454	0	48392/1000000
ERR2784802_R1.fq.gz	ERR2784816_R1.fq.gz	0.117758	0	44026/1000000
ERR2784803_R1.fq.gz	ERR2784816_R1.fq.gz	0.11972	0	42174/1000000
ERR2784804_R1.fq.gz	ERR2784816_R1.fq.gz	0.145136	0	24307/1000000
ERR2784805_R1.fq.gz	ERR2784816_R1.fq.gz	0.150693	0	21572/1000000
ERR2784806_R1.fq.gz	ERR2784816_R1.fq.gz	0.200576	0	7463/1000000
ERR2784807_R1.fq.gz	ERR2784816_R1.fq.gz	0.20598	0	6657/1000000
ERR2784808_R1.fq.gz	ERR2784816_R1.fq.gz	0.0917905	0	78456/1000000
ERR2784809_R1.fq.gz	ERR2784816_R1.fq.gz	0.0921381	0	77841/1000000
ERR2784810_R1.fq.gz	ERR2784816_R1.fq.gz	0.0929491	0	76426/1000000
ERR2784811_R1.fq.gz	ERR2784816_R1.fq.gz	0.0931522	0	76076/1000000
ERR2784816_R1.fq.gz	ERR2784816_R1.fq.gz	0	0	1000000/1000000
ERR2784817_R1.fq.gz	ERR2784816_R1.fq.gz	0.0259462	0	408368/1000000
ERR2784818_R1.fq.gz	ERR2784816_R1.fq.gz	0.026511	0	401620/1000000
ERR2784824_R1.fq.gz	ERR2784816_R1.fq.gz	0.0744517	0	116947/1000000
ERR2784826_R1.fq.gz	ERR2784816_R1.fq.gz	0.0760303	0	112704/1000000
ERR2784827_R1.fq.gz	ERR2784816_R1.fq.gz	0.0767589	0	110803/1000000
SRR11047625_R1.fq.gz	ERR2784816_R1.fq.gz	0.0978683	0	68412/1000000
SRR11047626_R1.fq.gz	ERR2784816_R1.fq.gz	0.0834595	0	94879/1000000
SRR11047627_R1.fq.gz	ERR2784816_R1.fq.gz	0.0944143	0	73939/1000000
SRR11047628_R1.fq.gz	ERR2784816_R1.fq.gz	0.0869954	0	87495/1000000
SRR11047629_R1.fq.gz	ERR2784816_R1.fq.gz	0.0840743	0	93548/1000000
SRR11047631_R1.fq.gz	ERR2784816_R1.fq.gz	0.0907508	0	80327/1000000
SRR11047632_R1.fq.gz	ERR2784816_R1.fq.gz	0.0763977	0	111741/1000000
SRR11047633_R1.fq.gz	ERR2784816_R1.fq.gz	0.0756716	0	113653/1000000
SRR11047634_R1.fq.gz	ERR2784816_R1.fq.gz	0.0851351	0	91299/1000000
SRR11047635_R1.fq.gz	ERR2784816_R1.fq.gz	0.0749223	0	115664/1000000
SRR11047636_R1.fq.gz	ERR2784816_R1.fq.gz	0.090077	0	81565/1000000
SRR11047637_R1.fq.gz	ERR2784816_R1.fq.gz	0.0799858	0	102797/1000000
SRR11047639_R1.fq.gz	ERR2784816_R1.fq.gz	0.0775168	0	108863/1000000
SRR11047640_R1.fq.gz	ERR2784816_R1.fq.gz	0.0988657	0	66899/1000000
SRR11047641_R1.fq.gz	ERR2784816_R1.fq.gz	0.0783199	0	106848/1000000
SRR11047642_R1.fq.gz	ERR2784816_R1.fq.gz	0.0764453	0	111617/1000000
SRR11047643_R1.fq.gz	ERR2784816_R1.fq.gz	0.0859101	0	89693/1000000
SRR11047644_R1.fq.gz	ERR2784816_R1.fq.gz	0.117982	0	43810/1000000
SRR11047645_R1.fq.gz	ERR2784816_R1.fq.gz	0.0726332	0	122055/1000000
SRR11047647_R1.fq.gz	ERR2784816_R1.fq.gz	0.0845713	0	92487/1000000
SRR11047648_R1.fq.gz	ERR2784816_R1.fq.gz	0.0884437	0	84652/1000000
SRR11047649_R1.fq.gz	ERR2784816_R1.fq.gz	0.0838895	0	93946/1000000
SRR11047650_R1.fq.gz	ERR2784816_R1.fq.gz	0.0737942	0	118766/1000000
SRR11047651_R1.fq.gz	ERR2784816_R1.fq.gz	0.0864486	0	88595/1000000
SRR11047653_R1.fq.gz	ERR2784816_R1.fq.gz	0.100551	0	64423/1000000
SRR11047654_R1.fq.gz	ERR2784816_R1.fq.gz	0.0995769	0	65842/1000000
SRR11047655_R1.fq.gz	ERR2784816_R1.fq.gz	0.0874402	0	86611/1000000
SRR11047656_R1.fq.gz	ERR2784816_R1.fq.gz	0.0807788	0	100928/1000000
SRR11047657_R1.fq.gz	ERR2784816_R1.fq.gz	0.0683812	0	134994/1000000
SRR11047658_R1.fq.gz	ERR2784816_R1.fq.gz	0.0797834	0	103280/1000000
SRR11047659_R1.fq.gz	ERR2784816_R1.fq.gz	0.0873104	0	86868/1000000
SRR11047660_R1.fq.gz	ERR2784816_R1.fq.gz	0.0834343	0	94934/1000000
SRR11047661_R1.fq.gz	ERR2784816_R1.fq.gz	0.0951928	0	72653/1000000
SRR11047662_R1.fq.gz	ERR2784816_R1.fq.gz	0.0779787	0	107699/1000000
SRR11047663_R1.fq.gz	ERR2784816_R1.fq.gz	0.0887634	0	84038/1000000
SRR11047664_R1.fq.gz	ERR2784816_R1.fq.gz	0.07828	0	106947/1000000
SRR11047665_R1.fq.gz	ERR2784816_R1.fq.gz	0.08894	0	83701/1000000
SRR11047666_R1.fq.gz	ERR2784816_R1.fq.gz	0.0815228	0	99208/1000000
SRR11047667_R1.fq.gz	ERR2784816_R1.fq.gz	0.0916086	0	78780/1000000
SRR11047668_R1.fq.gz	ERR2784816_R1.fq.gz	0.0823925	0	97238/1000000
SRR11047669_R1.fq.gz	ERR2784816_R1.fq.gz	0.0775966	0	108661/1000000
SRR11047670_R1.fq.gz	ERR2784816_R1.fq.gz	0.0954644	0	72210/1000000
SRR11047671_R1.fq.gz	ERR2784816_R1.fq.gz	0.0956981	0	71831/1000000
SRR11047672_R1.fq.gz	ERR2784816_R1.fq.gz	0.0787861	0	105697/1000000
SRR11047673_R1.fq.gz	ERR2784816_R1.fq.gz	0.0943484	0	74049/1000000
ERR2784728_R1.fq.gz	ERR2784817_R1.fq.gz	0.0904833	0	80816/1000000
ERR2784729_R1.fq.gz	ERR2784817_R1.fq.gz	0.0911755	0	79557/1000000
ERR2784730_R1.fq.gz	ERR2784817_R1.fq.gz	0.0925579	0	77105/1000000
ERR2784731_R1.fq.gz	ERR2784817_R1.fq.gz	0.0932839	0	75850/1000000
ERR2784741_R1.fq.gz	ERR2784817_R1.fq.gz	0.0750483	0	115323/1000000
ERR2784742_R1.fq.gz	ERR2784817_R1.fq.gz	0.0758001	0	113312/1000000
ERR2784743_R1.fq.gz	ERR2784817_R1.fq.gz	0.0762012	0	112255/1000000
ERR2784752_R1.fq.gz	ERR2784817_R1.fq.gz	0.0806675	0	101188/1000000
ERR2784753_R1.fq.gz	ERR2784817_R1.fq.gz	0.0811421	0	100084/1000000
ERR2784754_R1.fq.gz	ERR2784817_R1.fq.gz	0.0815718	0	99096/1000000
ERR2784755_R1.fq.gz	ERR2784817_R1.fq.gz	0.0818548	0	98451/1000000
ERR2784756_R1.fq.gz	ERR2784817_R1.fq.gz	0.0809699	0	100483/1000000
ERR2784757_R1.fq.gz	ERR2784817_R1.fq.gz	0.0812929	0	99736/1000000
ERR2784759_R1.fq.gz	ERR2784817_R1.fq.gz	0.0823412	0	97353/1000000
ERR2784760_R1.fq.gz	ERR2784817_R1.fq.gz	0.0789604	0	105270/1000000
ERR2784761_R1.fq.gz	ERR2784817_R1.fq.gz	0.079647	0	103607/1000000
ERR2784762_R1.fq.gz	ERR2784817_R1.fq.gz	0.0805757	0	101403/1000000
ERR2784763_R1.fq.gz	ERR2784817_R1.fq.gz	0.0808792	0	100694/1000000
ERR2784780_R1.fq.gz	ERR2784817_R1.fq.gz	0.0796021	0	103715/1000000
ERR2784781_R1.fq.gz	ERR2784817_R1.fq.gz	0.0797475	0	103366/1000000
ERR2784782_R1.fq.gz	ERR2784817_R1.fq.gz	0.0802627	0	102140/1000000
ERR2784783_R1.fq.gz	ERR2784817_R1.fq.gz	0.0807064	0	101097/1000000
ERR2784796_R1.fq.gz	ERR2784817_R1.fq.gz	0.0897898	0	82099/1000000
ERR2784797_R1.fq.gz	ERR2784817_R1.fq.gz	0.0909328	0	79996/1000000
ERR2784798_R1.fq.gz	ERR2784817_R1.fq.gz	0.0932413	0	75923/1000000
ERR2784799_R1.fq.gz	ERR2784817_R1.fq.gz	0.0944479	0	73883/1000000
ERR2784800_R1.fq.gz	ERR2784817_R1.fq.gz	0.109078	0	53298/1000000
ERR2784801_R1.fq.gz	ERR2784817_R1.fq.gz	0.11275	0	49148/1000000
ERR2784802_R1.fq.gz	ERR2784817_R1.fq.gz	0.117056	0	44709/1000000
ERR2784803_R1.fq.gz	ERR2784817_R1.fq.gz	0.118998	0	42846/1000000
ERR2784804_R1.fq.gz	ERR2784817_R1.fq.gz	0.144421	0	24684/1000000
ERR2784805_R1.fq.gz	ERR2784817_R1.fq.gz	0.149828	0	21976/1000000
ERR2784806_R1.fq.gz	ERR2784817_R1.fq.gz	0.199147	0	7692/1000000
ERR2784807_R1.fq.gz	ERR2784817_R1.fq.gz	0.204291	0	6899/1000000
ERR2784808_R1.fq.gz	ERR2784817_R1.fq.gz	0.0910963	0	79700/1000000
ERR2784809_R1.fq.gz	ERR2784817_R1.fq.gz	0.0915755	0	78839/1000000
ERR2784810_R1.fq.gz	ERR2784817_R1.fq.gz	0.0920061	0	78074/1000000
ERR2784811_R1.fq.gz	ERR2784817_R1.fq.gz	0.0922939	0	77567/1000000
ERR2784816_R1.fq.gz	ERR2784817_R1.fq.gz	0.0259462	0	408368/1000000
ERR2784817_R1.fq.gz	ERR2784817_R1.fq.gz	0	0	1000000/1000000
ERR2784818_R1.fq.gz	ERR2784817_R1.fq.gz	0.0262618	0	404580/1000000
ERR2784824_R1.fq.gz	ERR2784817_R1.fq.gz	0.0745251	0	116746/1000000
ERR2784826_R1.fq.gz	ERR2784817_R1.fq.gz	0.0758795	0	113102/1000000
ERR2784827_R1.fq.gz	ERR2784817_R1.fq.gz	0.076466	0	111563/1000000
SRR11047625_R1.fq.gz	ERR2784817_R1.fq.gz	0.0994401	0	66044/1000000
SRR11047626_R1.fq.gz	ERR2784817_R1.fq.gz	0.0843003	0	93064/1000000
SRR11047627_R1.fq.gz	ERR2784817_R1.fq.gz	0.0971193	0	69572/1000000
SRR11047628_R1.fq.gz	ERR2784817_R1.fq.gz	0.0887917	0	83984/1000000
SRR11047629_R1.fq.gz	ERR2784817_R1.fq.gz	0.0856091	0	90313/1000000
SRR11047631_R1.fq.gz	ERR2784817_R1.fq.gz	0.0915112	0	78954/1000000
SRR11047632_R1.fq.gz	ERR2784817_R1.fq.gz	0.0782438	0	107037/1000000
SRR11047633_R1.fq.gz	ERR2784817_R1.fq.gz	0.0766863	0	110991/1000000
SRR11047634_R1.fq.gz	ERR2784817_R1.fq.gz	0.0865603	0	88369/1000000
SRR11047635_R1.fq.gz	ERR2784817_R1.fq.gz	0.0759101	0	113021/1000000
SRR11047636_R1.fq.gz	ERR2784817_R1.fq.gz	0.0916254	0	78750/1000000
SRR11047637_R1.fq.gz	ERR2784817_R1.fq.gz	0.0813646	0	99571/1000000
SRR11047639_R1.fq.gz	ERR2784817_R1.fq.gz	0.0790957	0	104940/1000000
SRR11047640_R1.fq.gz	ERR2784817_R1.fq.gz	0.100356	0	64705/1000000
SRR11047641_R1.fq.gz	ERR2784817_R1.fq.gz	0.0800577	0	102626/1000000
SRR11047642_R1.fq.gz	ERR2784817_R1.fq.gz	0.0781495	0	107272/1000000
SRR11047643_R1.fq.gz	ERR2784817_R1.fq.gz	0.0874276	0	86636/1000000
SRR11047644_R1.fq.gz	ERR2784817_R1.fq.gz	0.119587	0	42297/1000000
SRR11047645_R1.fq.gz	ERR2784817_R1.fq.gz	0.0743342	0	117270/1000000
SRR11047647_R1.fq.gz	ERR2784817_R1.fq.gz	0.0860408	0	89425/1000000
SRR11047648_R1.fq.gz	ERR2784817_R1.fq.gz	0.0890267	0	83536/1000000
SRR11047649_R1.fq.gz	ERR2784817_R1.fq.gz	0.0849206	0	91749/1000000
SRR11047650_R1.fq.gz	ERR2784817_R1.fq.gz	0.0750598	0	115292/1000000
SRR11047651_R1.fq.gz	ERR2784817_R1.fq.gz	0.0872026	0	87082/1000000
SRR11047653_R1.fq.gz	ERR2784817_R1.fq.gz	0.10282	0	61242/1000000
SRR11047654_R1.fq.gz	ERR2784817_R1.fq.gz	0.100884	0	63945/1000000
SRR11047655_R1.fq.gz	ERR2784817_R1.fq.gz	0.088951	0	83680/1000000
SRR11047656_R1.fq.gz	ERR2784817_R1.fq.gz	0.0822535	0	97550/1000000
SRR11047657_R1.fq.gz	ERR2784817_R1.fq.gz	0.0692852	0	132120/1000000
SRR11047658_R1.fq.gz	ERR2784817_R1.fq.gz	0.0820339	0	98045/1000000
SRR11047659_R1.fq.gz	ERR2784817_R1.fq.gz	0.0886194	0	84314/1000000
SRR11047660_R1.fq.gz	ERR2784817_R1.fq.gz	0.0852696	0	91018/1000000
SRR11047661_R1.fq.gz	ERR2784817_R1.fq.gz	0.0960515	0	71262/1000000
SRR11047662_R1.fq.gz	ERR2784817_R1.fq.gz	0.0799283	0	102934/1000000
SRR11047663_R1.fq.gz	ERR2784817_R1.fq.gz	0.0898128	0	82056/1000000
SRR11047664_R1.fq.gz	ERR2784817_R1.fq.gz	0.0795488	0	103843/1000000
SRR11047665_R1.fq.gz	ERR2784817_R1.fq.gz	0.0896576	0	82346/1000000
SRR11047666_R1.fq.gz	ERR2784817_R1.fq.gz	0.0825419	0	96904/1000000
SRR11047667_R1.fq.gz	ERR2784817_R1.fq.gz	0.0925964	0	77038/1000000
SRR11047668_R1.fq.gz	ERR2784817_R1.fq.gz	0.08356	0	94660/1000000
SRR11047669_R1.fq.gz	ERR2784817_R1.fq.gz	0.0787824	0	105706/1000000
SRR11047670_R1.fq.gz	ERR2784817_R1.fq.gz	0.0967358	0	70174/1000000
SRR11047671_R1.fq.gz	ERR2784817_R1.fq.gz	0.0968991	0	69917/1000000
SRR11047672_R1.fq.gz	ERR2784817_R1.fq.gz	0.0800943	0	102539/1000000
SRR11047673_R1.fq.gz	ERR2784817_R1.fq.gz	0.0949661	0	73025/1000000
ERR2784728_R1.fq.gz	ERR2784818_R1.fq.gz	0.0918874	0	78284/1000000
ERR2784729_R1.fq.gz	ERR2784818_R1.fq.gz	0.0923389	0	77488/1000000
ERR2784730_R1.fq.gz	ERR2784818_R1.fq.gz	0.0936608	0	75207/1000000
ERR2784731_R1.fq.gz	ERR2784818_R1.fq.gz	0.0939646	0	74693/1000000
ERR2784741_R1.fq.gz	ERR2784818_R1.fq.gz	0.0751618	0	115017/1000000
ERR2784742_R1.fq.gz	ERR2784818_R1.fq.gz	0.0756464	0	113720/1000000
ERR2784743_R1.fq.gz	ERR2784818_R1.fq.gz	0.076025	0	112718/1000000
ERR2784752_R1.fq.gz	ERR2784818_R1.fq.gz	0.0819487	0	98238/1000000
ERR2784753_R1.fq.gz	ERR2784818_R1.fq.gz	0.082146	0	97792/1000000
ERR2784754_R1.fq.gz	ERR2784818_R1.fq.gz	0.0823381	0	97360/1000000
ERR2784755_R1.fq.gz	ERR2784818_R1.fq.gz	0.082451	0	97107/1000000
ERR2784756_R1.fq.gz	ERR2784818_R1.fq.gz	0.0824068	0	97206/1000000
ERR2784757_R1.fq.gz	ERR2784818_R1.fq.gz	0.0826019	0	96770/1000000
ERR2784759_R1.fq.gz	ERR2784818_R1.fq.gz	0.08321	0	95425/1000000
ERR2784760_R1.fq.gz	ERR2784818_R1.fq.gz	0.0792768	0	104500/1000000
ERR2784761_R1.fq.gz	ERR2784818_R1.fq.gz	0.0796778	0	103533/1000000
ERR2784762_R1.fq.gz	ERR2784818_R1.fq.gz	0.0804706	0	101650/1000000
ERR2784763_R1.fq.gz	ERR2784818_R1.fq.gz	0.0807839	0	100916/1000000
ERR2784780_R1.fq.gz	ERR2784818_R1.fq.gz	0.0805813	0	101390/1000000
ERR2784781_R1.fq.gz	ERR2784818_R1.fq.gz	0.0804497	0	101699/1000000
ERR2784782_R1.fq.gz	ERR2784818_R1.fq.gz	0.0808354	0	100796/1000000
ERR2784783_R1.fq.gz	ERR2784818_R1.fq.gz	0.0810842	0	100218/1000000
ERR2784796_R1.fq.gz	ERR2784818_R1.fq.gz	0.0909273	0	80006/1000000
ERR2784797_R1.fq.gz	ERR2784818_R1.fq.gz	0.0919993	0	78086/1000000
ERR2784798_R1.fq.gz	ERR2784818_R1.fq.gz	0.0941168	0	74437/1000000
ERR2784799_R1.fq.gz	ERR2784818_R1.fq.gz	0.0953115	0	72459/1000000
ERR2784800_R1.fq.gz	ERR2784818_R1.fq.gz	0.109012	0	53376/1000000
ERR2784801_R1.fq.gz	ERR2784818_R1.fq.gz	0.112587	0	49325/1000000
ERR2784802_R1.fq.gz	ERR2784818_R1.fq.gz	0.116574	0	45184/1000000
ERR2784803_R1.fq.gz	ERR2784818_R1.fq.gz	0.11846	0	43354/1000000
ERR2784804_R1.fq.gz	ERR2784818_R1.fq.gz	0.144201	0	24801/1000000
ERR2784805_R1.fq.gz	ERR2784818_R1.fq.gz	0.149167	0	22290/1000000
ERR2784806_R1.fq.gz	ERR2784818_R1.fq.gz	0.197027	0	8045/1000000
ERR2784807_R1.fq.gz	ERR2784818_R1.fq.gz	0.202773	0	7124/1000000
ERR2784808_R1.fq.gz	ERR2784818_R1.fq.gz	0.0913694	0	79208/1000000
ERR2784809_R1.fq.gz	ERR2784818_R1.fq.gz	0.0914163	0	79124/1000000
ERR2784810_R1.fq.gz	ERR2784818_R1.fq.gz	0.0918384	0	78371/1000000
ERR2784811_R1.fq.gz	ERR2784818_R1.fq.gz	0.0919201	0	78226/1000000
ERR2784816_R1.fq.gz	ERR2784818_R1.fq.gz	0.026511	0	401620/1000000
ERR2784817_R1.fq.gz	ERR2784818_R1.fq.gz	0.0262618	0	404580/1000000
ERR2784818_R1.fq.gz	ERR2784818_R1.fq.gz	0	0	1000000/1000000
ERR2784824_R1.fq.gz	ERR2784818_R1.fq.gz	0.0752469	0	114788/1000000
ERR2784826_R1.fq.gz	ERR2784818_R1.fq.gz	0.0762882	0	112027/1000000
ERR2784827_R1.fq.gz	ERR2784818_R1.fq.gz	0.076699	0	110958/1000000
SRR11047625_R1.fq.gz	ERR2784818_R1.fq.gz	0.102137	0	62181/1000000
SRR11047626_R1.fq.gz	ERR2784818_R1.fq.gz	0.0858332	0	89851/1000000
SRR11047627_R1.fq.gz	ERR2784818_R1.fq.gz	0.100509	0	64484/1000000
SRR11047628_R1.fq.gz	ERR2784818_R1.fq.gz	0.0918671	0	78320/1000000
SRR11047629_R1.fq.gz	ERR2784818_R1.fq.gz	0.0881842	0	85154/1000000
SRR11047631_R1.fq.gz	ERR2784818_R1.fq.gz	0.0929584	0	76410/1000000
SRR11047632_R1.fq.gz	ERR2784818_R1.fq.gz	0.0815263	0	99200/1000000
SRR11047633_R1.fq.gz	ERR2784818_R1.fq.gz	0.0785505	0	106277/1000000
SRR11047634_R1.fq.gz	ERR2784818_R1.fq.gz	0.0884126	0	84712/1000000
SRR11047635_R1.fq.gz	ERR2784818_R1.fq.gz	0.0782475	0	107028/1000000
SRR11047636_R1.fq.gz	ERR2784818_R1.fq.gz	0.094364	0	74023/1000000
SRR11047637_R1.fq.gz	ERR2784818_R1.fq.gz	0.0834348	0	94933/1000000
SRR11047639_R1.fq.gz	ERR2784818_R1.fq.gz	0.0819955	0	98132/1000000
SRR11047640_R1.fq.gz	ERR2784818_R1.fq.gz	0.102392	0	61829/1000000
SRR11047641_R1.fq.gz	ERR2784818_R1.fq.gz	0.0827985	0	96333/1000000
SRR11047642_R1.fq.gz	ERR2784818_R1.fq.gz	0.0811201	0	100135/1000000
SRR11047643_R1.fq.gz	ERR2784818_R1.fq.gz	0.0901218	0	81482/1000000
SRR11047644_R1.fq.gz	ERR2784818_R1.fq.gz	0.121572	0	40500/1000000
SRR11047645_R1.fq.gz	ERR2784818_R1.fq.gz	0.0771165	0	109883/1000000
SRR11047647_R1.fq.gz	ERR2784818_R1.fq.gz	0.0888781	0	83819/1000000
SRR11047648_R1.fq.gz	ERR2784818_R1.fq.gz	0.0905128	0	80762/1000000
SRR11047649_R1.fq.gz	ERR2784818_R1.fq.gz	0.0867474	0	87992/1000000
SRR11047650_R1.fq.gz	ERR2784818_R1.fq.gz	0.0773464	0	109296/1000000
SRR11047651_R1.fq.gz	ERR2784818_R1.fq.gz	0.0890798	0	83435/1000000
SRR11047653_R1.fq.gz	ERR2784818_R1.fq.gz	0.1065	0	56430/1000000
SRR11047654_R1.fq.gz	ERR2784818_R1.fq.gz	0.10396	0	59707/1000000
SRR11047655_R1.fq.gz	ERR2784818_R1.fq.gz	0.0916742	0	78663/1000000
SRR11047656_R1.fq.gz	ERR2784818_R1.fq.gz	0.0845435	0	92546/1000000
SRR11047657_R1.fq.gz	ERR2784818_R1.fq.gz	0.0712289	0	126169/1000000
SRR11047658_R1.fq.gz	ERR2784818_R1.fq.gz	0.084991	0	91601/1000000
SRR11047659_R1.fq.gz	ERR2784818_R1.fq.gz	0.0910553	0	79774/1000000
SRR11047660_R1.fq.gz	ERR2784818_R1.fq.gz	0.0880715	0	85373/1000000
SRR11047661_R1.fq.gz	ERR2784818_R1.fq.gz	0.0974759	0	69017/1000000
SRR11047662_R1.fq.gz	ERR2784818_R1.fq.gz	0.0829077	0	96091/1000000
SRR11047663_R1.fq.gz	ERR2784818_R1.fq.gz	0.0924263	0	77335/1000000
SRR11047664_R1.fq.gz	ERR2784818_R1.fq.gz	0.0817167	0	98765/1000000
SRR11047665_R1.fq.gz	ERR2784818_R1.fq.gz	0.0911046	0	79685/1000000
SRR11047666_R1.fq.gz	ERR2784818_R1.fq.gz	0.0847489	0	92111/1000000
SRR11047667_R1.fq.gz	ERR2784818_R1.fq.gz	0.0950531	0	72882/1000000
SRR11047668_R1.fq.gz	ERR2784818_R1.fq.gz	0.0857118	0	90101/1000000
SRR11047669_R1.fq.gz	ERR2784818_R1.fq.gz	0.080979	0	100462/1000000
SRR11047670_R1.fq.gz	ERR2784818_R1.fq.gz	0.0991502	0	66474/1000000
SRR11047671_R1.fq.gz	ERR2784818_R1.fq.gz	0.099303	0	66247/1000000
SRR11047672_R1.fq.gz	ERR2784818_R1.fq.gz	0.0826994	0	96553/1000000
SRR11047673_R1.fq.gz	ERR2784818_R1.fq.gz	0.0965529	0	70463/1000000
ERR2784728_R1.fq.gz	ERR2784824_R1.fq.gz	0.0727123	0	121828/1000000
ERR2784729_R1.fq.gz	ERR2784824_R1.fq.gz	0.0735741	0	119382/1000000
ERR2784730_R1.fq.gz	ERR2784824_R1.fq.gz	0.0752038	0	114904/1000000
ERR2784731_R1.fq.gz	ERR2784824_R1.fq.gz	0.0759817	0	112832/1000000
ERR2784741_R1.fq.gz	ERR2784824_R1.fq.gz	0.0589065	0	169757/1000000
ERR2784742_R1.fq.gz	ERR2784824_R1.fq.gz	0.0599376	0	165519/1000000
ERR2784743_R1.fq.gz	ERR2784824_R1.fq.gz	0.0605161	0	163194/1000000
ERR2784752_R1.fq.gz	ERR2784824_R1.fq.gz	0.0630085	0	153594/1000000
ERR2784753_R1.fq.gz	ERR2784824_R1.fq.gz	0.0633715	0	152250/1000000
ERR2784754_R1.fq.gz	ERR2784824_R1.fq.gz	0.0641731	0	149329/1000000
ERR2784755_R1.fq.gz	ERR2784824_R1.fq.gz	0.0648326	0	146973/1000000
ERR2784756_R1.fq.gz	ERR2784824_R1.fq.gz	0.0679698	0	136325/1000000
ERR2784757_R1.fq.gz	ERR2784824_R1.fq.gz	0.068374	0	135017/1000000
ERR2784759_R1.fq.gz	ERR2784824_R1.fq.gz	0.0698701	0	130297/1000000
ERR2784760_R1.fq.gz	ERR2784824_R1.fq.gz	0.0698107	0	130481/1000000
ERR2784761_R1.fq.gz	ERR2784824_R1.fq.gz	0.0699112	0	130170/1000000
ERR2784762_R1.fq.gz	ERR2784824_R1.fq.gz	0.0703874	0	128708/1000000
ERR2784763_R1.fq.gz	ERR2784824_R1.fq.gz	0.07055	0	128213/1000000
ERR2784780_R1.fq.gz	ERR2784824_R1.fq.gz	0.0655325	0	144519/1000000
ERR2784781_R1.fq.gz	ERR2784824_R1.fq.gz	0.0657751	0	143679/1000000
ERR2784782_R1.fq.gz	ERR2784824_R1.fq.gz	0.0666456	0	140710/1000000
ERR2784783_R1.fq.gz	ERR2784824_R1.fq.gz	0.0672751	0	138606/1000000
ERR2784796_R1.fq.gz	ERR2784824_R1.fq.gz	0.0831308	0	95599/1000000
ERR2784797_R1.fq.gz	ERR2784824_R1.fq.gz	0.0844941	0	92651/1000000
ERR2784798_R1.fq.gz	ERR2784824_R1.fq.gz	0.0869844	0	87517/1000000
ERR2784799_R1.fq.gz	ERR2784824_R1.fq.gz	0.0881889	0	85145/1000000
ERR2784800_R1.fq.gz	ERR2784824_R1.fq.gz	0.0924778	0	77245/1000000
ERR2784801_R1.fq.gz	ERR2784824_R1.fq.gz	0.0958257	0	71625/1000000
ERR2784802_R1.fq.gz	ERR2784824_R1.fq.gz	0.0995925	0	65819/1000000
ERR2784803_R1.fq.gz	ERR2784824_R1.fq.gz	0.101598	0	62934/1000000
ERR2784804_R1.fq.gz	ERR2784824_R1.fq.gz	0.132318	0	32056/1000000
ERR2784805_R1.fq.gz	ERR2784824_R1.fq.gz	0.136256	0	29437/1000000
ERR2784806_R1.fq.gz	ERR2784824_R1.fq.gz	0.174764	0	12902/1000000
ERR2784807_R1.fq.gz	ERR2784824_R1.fq.gz	0.181102	0	11276/1000000
ERR2784808_R1.fq.gz	ERR2784824_R1.fq.gz	0.0786474	0	106038/1000000
ERR2784809_R1.fq.gz	ERR2784824_R1.fq.gz	0.0791915	0	104707/1000000
ERR2784810_R1.fq.gz	ERR2784824_R1.fq.gz	0.0801639	0	102374/1000000
ERR2784811_R1.fq.gz	ERR2784824_R1.fq.gz	0.0807535	0	100987/1000000
ERR2784816_R1.fq.gz	ERR2784824_R1.fq.gz	0.0744517	0	116947/1000000
ERR2784817_R1.fq.gz	ERR2784824_R1.fq.gz	0.0745251	0	116746/1000000
ERR2784818_R1.fq.gz	ERR2784824_R1.fq.gz	0.0752469	0	114788/1000000
ERR2784824_R1.fq.gz	ERR2784824_R1.fq.gz	0	0	1000000/1000000
ERR2784826_R1.fq.gz	ERR2784824_R1.fq.gz	0.0170473	0	537371/1000000
ERR2784827_R1.fq.gz	ERR2784824_R1.fq.gz	0.0174089	0	531147/1000000
SRR11047625_R1.fq.gz	ERR2784824_R1.fq.gz	0.0834613	0	94875/1000000
SRR11047626_R1.fq.gz	ERR2784824_R1.fq.gz	0.072797	0	121585/1000000
SRR11047627_R1.fq.gz	ERR2784824_R1.fq.gz	0.0927061	0	76847/1000000
SRR11047628_R1.fq.gz	ERR2784824_R1.fq.gz	0.066697	0	140537/1000000
SRR11047629_R1.fq.gz	ERR2784824_R1.fq.gz	0.0663749	0	141626/1000000
SRR11047631_R1.fq.gz	ERR2784824_R1.fq.gz	0.072536	0	122335/1000000
SRR11047632_R1.fq.gz	ERR2784824_R1.fq.gz	0.0703258	0	128896/1000000
SRR11047633_R1.fq.gz	ERR2784824_R1.fq.gz	0.0593901	0	167754/1000000
SRR11047634_R1.fq.gz	ERR2784824_R1.fq.gz	0.0792735	0	104508/1000000
SRR11047635_R1.fq.gz	ERR2784824_R1.fq.gz	0.0692461	0	132243/1000000
SRR11047636_R1.fq.gz	ERR2784824_R1.fq.gz	0.0866853	0	88117/1000000
SRR11047637_R1.fq.gz	ERR2784824_R1.fq.gz	0.0697358	0	130713/1000000
SRR11047639_R1.fq.gz	ERR2784824_R1.fq.gz	0.0624259	0	155779/1000000
SRR11047640_R1.fq.gz	ERR2784824_R1.fq.gz	0.0990094	0	66684/1000000
SRR11047641_R1.fq.gz	ERR2784824_R1.fq.gz	0.0680569	0	136042/1000000
SRR11047642_R1.fq.gz	ERR2784824_R1.fq.gz	0.0654686	0	144741/1000000
SRR11047643_R1.fq.gz	ERR2784824_R1.fq.gz	0.0731792	0	120496/1000000
SRR11047644_R1.fq.gz	ERR2784824_R1.fq.gz	0.098398	0	67604/1000000
SRR11047645_R1.fq.gz	ERR2784824_R1.fq.gz	0.0665846	0	140916/1000000
SRR11047647_R1.fq.gz	ERR2784824_R1.fq.gz	0.0611603	0	160649/1000000
SRR11047648_R1.fq.gz	ERR2784824_R1.fq.gz	0.086496	0	88499/1000000
SRR11047649_R1.fq.gz	ERR2784824_R1.fq.gz	0.0646529	0	147611/1000000
SRR11047650_R1.fq.gz	ERR2784824_R1.fq.gz	0.0646051	0	147781/1000000
SRR11047651_R1.fq.gz	ERR2784824_R1.fq.gz	0.0606425	0	162691/1000000
SRR11047653_R1.fq.gz	ERR2784824_R1.fq.gz	0.0959705	0	71392/1000000
SRR11047654_R1.fq.gz	ERR2784824_R1.fq.gz	0.07778	0	108198/1000000
SRR11047655_R1.fq.gz	ERR2784824_R1.fq.gz	0.0648233	0	147006/1000000
SRR11047656_R1.fq.gz	ERR2784824_R1.fq.gz	0.0770338	0	110095/1000000
SRR11047657_R1.fq.gz	ERR2784824_R1.fq.gz	0.059135	0	168807/1000000
SRR11047658_R1.fq.gz	ERR2784824_R1.fq.gz	0.0714619	0	125476/1000000
SRR11047659_R1.fq.gz	ERR2784824_R1.fq.gz	0.0702523	0	129121/1000000
SRR11047660_R1.fq.gz	ERR2784824_R1.fq.gz	0.0707629	0	127568/1000000
SRR11047661_R1.fq.gz	ERR2784824_R1.fq.gz	0.0754944	0	114125/1000000
SRR11047662_R1.fq.gz	ERR2784824_R1.fq.gz	0.0667487	0	140363/1000000
SRR11047663_R1.fq.gz	ERR2784824_R1.fq.gz	0.0825791	0	96821/1000000
SRR11047664_R1.fq.gz	ERR2784824_R1.fq.gz	0.0743356	0	117266/1000000
SRR11047665_R1.fq.gz	ERR2784824_R1.fq.gz	0.0780102	0	107620/1000000
SRR11047666_R1.fq.gz	ERR2784824_R1.fq.gz	0.0645611	0	147938/1000000
SRR11047667_R1.fq.gz	ERR2784824_R1.fq.gz	0.0822322	0	97598/1000000
SRR11047668_R1.fq.gz	ERR2784824_R1.fq.gz	0.0787975	0	105669/1000000
SRR11047669_R1.fq.gz	ERR2784824_R1.fq.gz	0.0672462	0	138702/1000000
SRR11047670_R1.fq.gz	ERR2784824_R1.fq.gz	0.0706998	0	127759/1000000
SRR11047671_R1.fq.gz	ERR2784824_R1.fq.gz	0.0729391	0	121179/1000000
SRR11047672_R1.fq.gz	ERR2784824_R1.fq.gz	0.0621123	0	156970/1000000
SRR11047673_R1.fq.gz	ERR2784824_R1.fq.gz	0.0739508	0	118330/1000000
ERR2784728_R1.fq.gz	ERR2784826_R1.fq.gz	0.0732441	0	120312/1000000
ERR2784729_R1.fq.gz	ERR2784826_R1.fq.gz	0.0738728	0	118547/1000000
ERR2784730_R1.fq.gz	ERR2784826_R1.fq.gz	0.0753684	0	114462/1000000
ERR2784731_R1.fq.gz	ERR2784826_R1.fq.gz	0.0759529	0	112908/1000000
ERR2784741_R1.fq.gz	ERR2784826_R1.fq.gz	0.0594748	0	167406/1000000
ERR2784742_R1.fq.gz	ERR2784826_R1.fq.gz	0.0602405	0	164297/1000000
ERR2784743_R1.fq.gz	ERR2784826_R1.fq.gz	0.0606684	0	162588/1000000
ERR2784752_R1.fq.gz	ERR2784826_R1.fq.gz	0.0642892	0	148911/1000000
ERR2784753_R1.fq.gz	ERR2784826_R1.fq.gz	0.0645392	0	148016/1000000
ERR2784754_R1.fq.gz	ERR2784826_R1.fq.gz	0.0649563	0	146536/1000000
ERR2784755_R1.fq.gz	ERR2784826_R1.fq.gz	0.0653132	0	145283/1000000
ERR2784756_R1.fq.gz	ERR2784826_R1.fq.gz	0.0692999	0	132074/1000000
ERR2784757_R1.fq.gz	ERR2784826_R1.fq.gz	0.0694905	0	131477/1000000
ERR2784759_R1.fq.gz	ERR2784826_R1.fq.gz	0.0704563	0	128498/1000000
ERR2784760_R1.fq.gz	ERR2784826_R1.fq.gz	0.0692089	0	132360/1000000
ERR2784761_R1.fq.gz	ERR2784826_R1.fq.gz	0.0689288	0	133245/1000000
ERR2784762_R1.fq.gz	ERR2784826_R1.fq.gz	0.0691555	0	132528/1000000
ERR2784763_R1.fq.gz	ERR2784826_R1.fq.gz	0.0692435	0	132251/1000000
ERR2784780_R1.fq.gz	ERR2784826_R1.fq.gz	0.0662021	0	142214/1000000
ERR2784781_R1.fq.gz	ERR2784826_R1.fq.gz	0.0661898	0	142256/1000000
ERR2784782_R1.fq.gz	ERR2784826_R1.fq.gz	0.0668023	0	140183/1000000
ERR2784783_R1.fq.gz	ERR2784826_R1.fq.gz	0.067198	0	138862/1000000
ERR2784796_R1.fq.gz	ERR2784826_R1.fq.gz	0.0847844	0	92036/1000000
ERR2784797_R1.fq.gz	ERR2784826_R1.fq.gz	0.08582	0	89878/1000000
ERR2784798_R1.fq.gz	ERR2784826_R1.fq.gz	0.0880612	0	85393/1000000
ERR2784799_R1.fq.gz	ERR2784826_R1.fq.gz	0.0892593	0	83095/1000000
ERR2784800_R1.fq.gz	ERR2784826_R1.fq.gz	0.0919269	0	78214/1000000
ERR2784801_R1.fq.gz	ERR2784826_R1.fq.gz	0.0948878	0	73154/1000000
ERR2784802_R1.fq.gz	ERR2784826_R1.fq.gz	0.0984099	0	67586/1000000
ERR2784803_R1.fq.gz	ERR2784826_R1.fq.gz	0.100203	0	64926/1000000
ERR2784804_R1.fq.gz	ERR2784826_R1.fq.gz	0.130543	0	33314/1000000
ERR2784805_R1.fq.gz	ERR2784826_R1.fq.gz	0.134049	0	30876/1000000
ERR2784806_R1.fq.gz	ERR2784826_R1.fq.gz	0.171179	0	13925/1000000
ERR2784807_R1.fq.gz	ERR2784826_R1.fq.gz	0.176889	0	12332/1000000
ERR2784808_R1.fq.gz	ERR2784826_R1.fq.gz	0.0782796	0	106948/1000000
ERR2784809_R1.fq.gz	ERR2784826_R1.fq.gz	0.078623	0	106098/1000000
ERR2784810_R1.fq.gz	ERR2784826_R1.fq.gz	0.0792768	0	104500/1000000
ERR2784811_R1.fq.gz	ERR2784826_R1.fq.gz	0.0796737	0	103543/1000000
ERR2784816_R1.fq.gz	ERR2784826_R1.fq.gz	0.0760303	0	112704/1000000
ERR2784817_R1.fq.gz	ERR2784826_R1.fq.gz	0.0758795	0	113102/1000000
ERR2784818_R1.fq.gz	ERR2784826_R1.fq.gz	0.0762882	0	112027/1000000
ERR2784824_R1.fq.gz	ERR2784826_R1.fq.gz	0.0170473	0	537371/1000000
ERR2784826_R1.fq.gz	ERR2784826_R1.fq.gz	0	0	1000000/1000000
ERR2784827_R1.fq.gz	ERR2784826_R1.fq.gz	0.0171436	0	535703/1000000
SRR11047625_R1.fq.gz	ERR2784826_R1.fq.gz	0.086458	0	88576/1000000
SRR11047626_R1.fq.gz	ERR2784826_R1.fq.gz	0.074912	0	115692/1000000
SRR11047627_R1.fq.gz	ERR2784826_R1.fq.gz	0.0971884	0	69464/1000000
SRR11047628_R1.fq.gz	ERR2784826_R1.fq.gz	0.0700302	0	129803/1000000
SRR11047629_R1.fq.gz	ERR2784826_R1.fq.gz	0.0692671	0	132177/1000000
SRR11047631_R1.fq.gz	ERR2784826_R1.fq.gz	0.0736429	0	119189/1000000
SRR11047632_R1.fq.gz	ERR2784826_R1.fq.gz	0.0742927	0	117384/1000000
SRR11047633_R1.fq.gz	ERR2784826_R1.fq.gz	0.0618513	0	157969/1000000
SRR11047634_R1.fq.gz	ERR2784826_R1.fq.gz	0.0821216	0	97847/1000000
SRR11047635_R1.fq.gz	ERR2784826_R1.fq.gz	0.0713209	0	125895/1000000
SRR11047636_R1.fq.gz	ERR2784826_R1.fq.gz	0.090203	0	81332/1000000
SRR11047637_R1.fq.gz	ERR2784826_R1.fq.gz	0.0726124	0	122115/1000000
SRR11047639_R1.fq.gz	ERR2784826_R1.fq.gz	0.0651481	0	145861/1000000
SRR11047640_R1.fq.gz	ERR2784826_R1.fq.gz	0.103322	0	60560/1000000
SRR11047641_R1.fq.gz	ERR2784826_R1.fq.gz	0.0719202	0	124125/1000000
SRR11047642_R1.fq.gz	ERR2784826_R1.fq.gz	0.0688233	0	133580/1000000
SRR11047643_R1.fq.gz	ERR2784826_R1.fq.gz	0.0769148	0	110401/1000000
SRR11047644_R1.fq.gz	ERR2784826_R1.fq.gz	0.101183	0	63520/1000000
SRR11047645_R1.fq.gz	ERR2784826_R1.fq.gz	0.0703966	0	128680/1000000
SRR11047647_R1.fq.gz	ERR2784826_R1.fq.gz	0.0638856	0	150369/1000000
SRR11047648_R1.fq.gz	ERR2784826_R1.fq.gz	0.0899036	0	81887/1000000
SRR11047649_R1.fq.gz	ERR2784826_R1.fq.gz	0.0662522	0	142043/1000000
SRR11047650_R1.fq.gz	ERR2784826_R1.fq.gz	0.0676844	0	137257/1000000
SRR11047651_R1.fq.gz	ERR2784826_R1.fq.gz	0.0621876	0	156683/1000000
SRR11047653_R1.fq.gz	ERR2784826_R1.fq.gz	0.100455	0	64561/1000000
SRR11047654_R1.fq.gz	ERR2784826_R1.fq.gz	0.0805958	0	101356/1000000
SRR11047655_R1.fq.gz	ERR2784826_R1.fq.gz	0.0677131	0	137163/1000000
SRR11047656_R1.fq.gz	ERR2784826_R1.fq.gz	0.0805523	0	101458/1000000
SRR11047657_R1.fq.gz	ERR2784826_R1.fq.gz	0.0621094	0	156981/1000000
SRR11047658_R1.fq.gz	ERR2784826_R1.fq.gz	0.0761021	0	112515/1000000
SRR11047659_R1.fq.gz	ERR2784826_R1.fq.gz	0.0733007	0	120152/1000000
SRR11047660_R1.fq.gz	ERR2784826_R1.fq.gz	0.0743211	0	117306/1000000
SRR11047661_R1.fq.gz	ERR2784826_R1.fq.gz	0.0766234	0	111154/1000000
SRR11047662_R1.fq.gz	ERR2784826_R1.fq.gz	0.0701092	0	129560/1000000
SRR11047663_R1.fq.gz	ERR2784826_R1.fq.gz	0.0858414	0	89834/1000000
SRR11047664_R1.fq.gz	ERR2784826_R1.fq.gz	0.0778902	0	107921/1000000
SRR11047665_R1.fq.gz	ERR2784826_R1.fq.gz	0.0814234	0	99436/1000000
SRR11047666_R1.fq.gz	ERR2784826_R1.fq.gz	0.0674933	0	137885/1000000
SRR11047667_R1.fq.gz	ERR2784826_R1.fq.gz	0.0858643	0	89787/1000000
SRR11047668_R1.fq.gz	ERR2784826_R1.fq.gz	0.0820791	0	97943/1000000
SRR11047669_R1.fq.gz	ERR2784826_R1.fq.gz	0.0698342	0	130408/1000000
SRR11047670_R1.fq.gz	ERR2784826_R1.fq.gz	0.072937	0	121185/1000000
SRR11047671_R1.fq.gz	ERR2784826_R1.fq.gz	0.0739105	0	118442/1000000
SRR11047672_R1.fq.gz	ERR2784826_R1.fq.gz	0.0653455	0	145170/1000000
SRR11047673_R1.fq.gz	ERR2784826_R1.fq.gz	0.0749127	0	115690/1000000
ERR2784728_R1.fq.gz	ERR2784827_R1.fq.gz	0.0736023	0	119303/1000000
ERR2784729_R1.fq.gz	ERR2784827_R1.fq.gz	0.0742394	0	117531/1000000
ERR2784730_R1.fq.gz	ERR2784827_R1.fq.gz	0.0754353	0	114283/1000000
ERR2784731_R1.fq.gz	ERR2784827_R1.fq.gz	0.0761493	0	112391/1000000
ERR2784741_R1.fq.gz	ERR2784827_R1.fq.gz	0.0597863	0	166133/1000000
ERR2784742_R1.fq.gz	ERR2784827_R1.fq.gz	0.0604036	0	163643/1000000
ERR2784743_R1.fq.gz	ERR2784827_R1.fq.gz	0.0608546	0	161851/1000000
ERR2784752_R1.fq.gz	ERR2784827_R1.fq.gz	0.0647849	0	147142/1000000
ERR2784753_R1.fq.gz	ERR2784827_R1.fq.gz	0.0648301	0	146982/1000000
ERR2784754_R1.fq.gz	ERR2784827_R1.fq.gz	0.0652431	0	145528/1000000
ERR2784755_R1.fq.gz	ERR2784827_R1.fq.gz	0.0656718	0	144036/1000000
ERR2784756_R1.fq.gz	ERR2784827_R1.fq.gz	0.0698711	0	130294/1000000
ERR2784757_R1.fq.gz	ERR2784827_R1.fq.gz	0.0699714	0	129984/1000000
ERR2784759_R1.fq.gz	ERR2784827_R1.fq.gz	0.070862	0	127269/1000000
ERR2784760_R1.fq.gz	ERR2784827_R1.fq.gz	0.0691115	0	132667/1000000
ERR2784761_R1.fq.gz	ERR2784827_R1.fq.gz	0.068861	0	133460/1000000
ERR2784762_R1.fq.gz	ERR2784827_R1.fq.gz	0.0689792	0	133085/1000000
ERR2784763_R1.fq.gz	ERR2784827_R1.fq.gz	0.0689682	0	133120/1000000
ERR2784780_R1.fq.gz	ERR2784827_R1.fq.gz	0.0665576	0	141007/1000000
ERR2784781_R1.fq.gz	ERR2784827_R1.fq.gz	0.0664521	0	141364/1000000
ERR2784782_R1.fq.gz	ERR2784827_R1.fq.gz	0.0669417	0	139716/1000000
ERR2784783_R1.fq.gz	ERR2784827_R1.fq.gz	0.0673385	0	138396/1000000
ERR2784796_R1.fq.gz	ERR2784827_R1.fq.gz	0.0854272	0	90690/1000000
ERR2784797_R1.fq.gz	ERR2784827_R1.fq.gz	0.0862968	0	88903/1000000
ERR2784798_R1.fq.gz	ERR2784827_R1.fq.gz	0.0884277	0	84683/1000000
ERR2784799_R1.fq.gz	ERR2784827_R1.fq.gz	0.0895317	0	82582/1000000
ERR2784800_R1.fq.gz	ERR2784827_R1.fq.gz	0.0919744	0	78130/1000000
ERR2784801_R1.fq.gz	ERR2784827_R1.fq.gz	0.0947703	0	73348/1000000
ERR2784802_R1.fq.gz	ERR2784827_R1.fq.gz	0.0983808	0	67630/1000000
ERR2784803_R1.fq.gz	ERR2784827_R1.fq.gz	0.10006	0	65134/1000000
ERR2784804_R1.fq.gz	ERR2784827_R1.fq.gz	0.130204	0	33560/1000000
ERR2784805_R1.fq.gz	ERR2784827_R1.fq.gz	0.13331	0	31374/1000000
ERR2784806_R1.fq.gz	ERR2784827_R1.fq.gz	0.169852	0	14324/1000000
ERR2784807_R1.fq.gz	ERR2784827_R1.fq.gz	0.17593	0	12586/1000000
ERR2784808_R1.fq.gz	ERR2784827_R1.fq.gz	0.0784518	0	106521/1000000
ERR2784809_R1.fq.gz	ERR2784827_R1.fq.gz	0.0786202	0	106105/1000000
ERR2784810_R1.fq.gz	ERR2784827_R1.fq.gz	0.0793066	0	104428/1000000
ERR2784811_R1.fq.gz	ERR2784827_R1.fq.gz	0.0798081	0	103221/1000000
ERR2784816_R1.fq.gz	ERR2784827_R1.fq.gz	0.0767589	0	110803/1000000
ERR2784817_R1.fq.gz	ERR2784827_R1.fq.gz	0.076466	0	111563/1000000
ERR2784818_R1.fq.gz	ERR2784827_R1.fq.gz	0.076699	0	110958/1000000
ERR2784824_R1.fq.gz	ERR2784827_R1.fq.gz	0.0174089	0	531147/1000000
ERR2784826_R1.fq.gz	ERR2784827_R1.fq.gz	0.0171436	0	535703/1000000
ERR2784827_R1.fq.gz	ERR2784827_R1.fq.gz	0	0	1000000/1000000
SRR11047625_R1.fq.gz	ERR2784827_R1.fq.gz	0.0873957	0	86699/1000000
SRR11047626_R1.fq.gz	ERR2784827_R1.fq.gz	0.0755447	0	113991/1000000
SRR11047627_R1.fq.gz	ERR2784827_R1.fq.gz	0.0984158	0	67577/1000000
SRR11047628_R1.fq.gz	ERR2784827_R1.fq.gz	0.0710407	0	126732/1000000
SRR11047629_R1.fq.gz	ERR2784827_R1.fq.gz	0.0702807	0	129034/1000000
SRR11047631_R1.fq.gz	ERR2784827_R1.fq.gz	0.0738717	0	118550/1000000
SRR11047632_R1.fq.gz	ERR2784827_R1.fq.gz	0.0752964	0	114655/1000000
SRR11047633_R1.fq.gz	ERR2784827_R1.fq.gz	0.0625491	0	155314/1000000
SRR11047634_R1.fq.gz	ERR2784827_R1.fq.gz	0.082953	0	95991/1000000
SRR11047635_R1.fq.gz	ERR2784827_R1.fq.gz	0.0719297	0	124097/1000000
SRR11047636_R1.fq.gz	ERR2784827_R1.fq.gz	0.0912282	0	79462/1000000
SRR11047637_R1.fq.gz	ERR2784827_R1.fq.gz	0.0734152	0	119829/1000000
SRR11047639_R1.fq.gz	ERR2784827_R1.fq.gz	0.0659718	0	143002/1000000
SRR11047640_R1.fq.gz	ERR2784827_R1.fq.gz	0.104565	0	58908/1000000
SRR11047641_R1.fq.gz	ERR2784827_R1.fq.gz	0.0731165	0	120674/1000000
SRR11047642_R1.fq.gz	ERR2784827_R1.fq.gz	0.0700019	0	129890/1000000
SRR11047643_R1.fq.gz	ERR2784827_R1.fq.gz	0.0779615	0	107742/1000000
SRR11047644_R1.fq.gz	ERR2784827_R1.fq.gz	0.102193	0	62104/1000000
SRR11047645_R1.fq.gz	ERR2784827_R1.fq.gz	0.0715399	0	125245/1000000
SRR11047647_R1.fq.gz	ERR2784827_R1.fq.gz	0.0647855	0	147140/1000000
SRR11047648_R1.fq.gz	ERR2784827_R1.fq.gz	0.0909962	0	79881/1000000
SRR11047649_R1.fq.gz	ERR2784827_R1.fq.gz	0.0667362	0	140405/1000000
SRR11047650_R1.fq.gz	ERR2784827_R1.fq.gz	0.0687777	0	133725/1000000
SRR11047651_R1.fq.gz	ERR2784827_R1.fq.gz	0.062832	0	154252/1000000
SRR11047653_R1.fq.gz	ERR2784827_R1.fq.gz	0.101945	0	62448/1000000
SRR11047654_R1.fq.gz	ERR2784827_R1.fq.gz	0.0812964	0	99728/1000000
SRR11047655_R1.fq.gz	ERR2784827_R1.fq.gz	0.0685566	0	134431/1000000
SRR11047656_R1.fq.gz	ERR2784827_R1.fq.gz	0.0816383	0	98944/1000000
SRR11047657_R1.fq.gz	ERR2784827_R1.fq.gz	0.0630935	0	153278/1000000
SRR11047658_R1.fq.gz	ERR2784827_R1.fq.gz	0.0773401	0	109312/1000000
SRR11047659_R1.fq.gz	ERR2784827_R1.fq.gz	0.0740914	0	117940/1000000
SRR11047660_R1.fq.gz	ERR2784827_R1.fq.gz	0.0755139	0	114073/1000000
SRR11047661_R1.fq.gz	ERR2784827_R1.fq.gz	0.0771399	0	109823/1000000
SRR11047662_R1.fq.gz	ERR2784827_R1.fq.gz	0.0712407	0	126134/1000000
SRR11047663_R1.fq.gz	ERR2784827_R1.fq.gz	0.086869	0	87748/1000000
SRR11047664_R1.fq.gz	ERR2784827_R1.fq.gz	0.0790863	0	104963/1000000
SRR11047665_R1.fq.gz	ERR2784827_R1.fq.gz	0.0826801	0	96596/1000000
SRR11047666_R1.fq.gz	ERR2784827_R1.fq.gz	0.0683312	0	135155/1000000
SRR11047667_R1.fq.gz	ERR2784827_R1.fq.gz	0.086871	0	87744/1000000
SRR11047668_R1.fq.gz	ERR2784827_R1.fq.gz	0.0831304	0	95600/1000000
SRR11047669_R1.fq.gz	ERR2784827_R1.fq.gz	0.0706713	0	127845/1000000
SRR11047670_R1.fq.gz	ERR2784827_R1.fq.gz	0.0736554	0	119154/1000000
SRR11047671_R1.fq.gz	ERR2784827_R1.fq.gz	0.0743749	0	117158/1000000
SRR11047672_R1.fq.gz	ERR2784827_R1.fq.gz	0.066346	0	141724/1000000
SRR11047673_R1.fq.gz	ERR2784827_R1.fq.gz	0.0752726	0	114719/1000000
ERR2784728_R1.fq.gz	SRR11047625_R1.fq.gz	0.0874053	0	86680/1000000
ERR2784729_R1.fq.gz	SRR11047625_R1.fq.gz	0.0887509	0	84062/1000000
ERR2784730_R1.fq.gz	SRR11047625_R1.fq.gz	0.090412	0	80947/1000000
ERR2784731_R1.fq.gz	SRR11047625_R1.fq.gz	0.0912293	0	79460/1000000
ERR2784741_R1.fq.gz	SRR11047625_R1.fq.gz	0.0735132	0	119553/1000000
ERR2784742_R1.fq.gz	SRR11047625_R1.fq.gz	0.0755807	0	113895/1000000
ERR2784743_R1.fq.gz	SRR11047625_R1.fq.gz	0.0765533	0	111336/1000000
ERR2784752_R1.fq.gz	SRR11047625_R1.fq.gz	0.076687	0	110989/1000000
ERR2784753_R1.fq.gz	SRR11047625_R1.fq.gz	0.0778926	0	107915/1000000
ERR2784754_R1.fq.gz	SRR11047625_R1.fq.gz	0.0799522	0	102877/1000000
ERR2784755_R1.fq.gz	SRR11047625_R1.fq.gz	0.0808663	0	100724/1000000
ERR2784756_R1.fq.gz	SRR11047625_R1.fq.gz	0.0768062	0	110681/1000000
ERR2784757_R1.fq.gz	SRR11047625_R1.fq.gz	0.077938	0	107801/1000000
ERR2784759_R1.fq.gz	SRR11047625_R1.fq.gz	0.0810152	0	100378/1000000
ERR2784760_R1.fq.gz	SRR11047625_R1.fq.gz	0.081924	0	98294/1000000
ERR2784761_R1.fq.gz	SRR11047625_R1.fq.gz	0.0833876	0	95036/1000000
ERR2784762_R1.fq.gz	SRR11047625_R1.fq.gz	0.0857666	0	89988/1000000
ERR2784763_R1.fq.gz	SRR11047625_R1.fq.gz	0.0869039	0	87678/1000000
ERR2784780_R1.fq.gz	SRR11047625_R1.fq.gz	0.0851107	0	91350/1000000
ERR2784781_R1.fq.gz	SRR11047625_R1.fq.gz	0.0860213	0	89465/1000000
ERR2784782_R1.fq.gz	SRR11047625_R1.fq.gz	0.0878338	0	85837/1000000
ERR2784783_R1.fq.gz	SRR11047625_R1.fq.gz	0.0885944	0	84362/1000000
ERR2784796_R1.fq.gz	SRR11047625_R1.fq.gz	0.0968774	0	69951/1000000
ERR2784797_R1.fq.gz	SRR11047625_R1.fq.gz	0.0985904	0	67313/1000000
ERR2784798_R1.fq.gz	SRR11047625_R1.fq.gz	0.101788	0	62667/1000000
ERR2784799_R1.fq.gz	SRR11047625_R1.fq.gz	0.103025	0	60962/1000000
ERR2784800_R1.fq.gz	SRR11047625_R1.fq.gz	0.124443	0	38040/1000000
ERR2784801_R1.fq.gz	SRR11047625_R1.fq.gz	0.129408	0	34145/1000000
ERR2784802_R1.fq.gz	SRR11047625_R1.fq.gz	0.134743	0	30416/1000000
ERR2784803_R1.fq.gz	SRR11047625_R1.fq.gz	0.137156	0	28870/1000000
ERR2784804_R1.fq.gz	SRR11047625_R1.fq.gz	0.173033	0	13386/1000000
ERR2784805_R1.fq.gz	SRR11047625_R1.fq.gz	0.179096	0	11767/1000000
ERR2784806_R1.fq.gz	SRR11047625_R1.fq.gz	0.22992	0	4016/1000000
ERR2784807_R1.fq.gz	SRR11047625_R1.fq.gz	0.237611	0	3415/1000000
ERR2784808_R1.fq.gz	SRR11047625_R1.fq.gz	0.0864852	0	88521/1000000
ERR2784809_R1.fq.gz	SRR11047625_R1.fq.gz	0.0883753	0	84784/1000000
ERR2784810_R1.fq.gz	SRR11047625_R1.fq.gz	0.0907755	0	80282/1000000
ERR2784811_R1.fq.gz	SRR11047625_R1.fq.gz	0.0919027	0	78257/1000000
ERR2784816_R1.fq.gz	SRR11047625_R1.fq.gz	0.0978683	0	68412/1000000
ERR2784817_R1.fq.gz	SRR11047625_R1.fq.gz	0.0994401	0	66044/1000000
ERR2784818_R1.fq.gz	SRR11047625_R1.fq.gz	0.102137	0	62181/1000000
ERR2784824_R1.fq.gz	SRR11047625_R1.fq.gz	0.0834613	0	94875/1000000
ERR2784826_R1.fq.gz	SRR11047625_R1.fq.gz	0.086458	0	88576/1000000
ERR2784827_R1.fq.gz	SRR11047625_R1.fq.gz	0.0873957	0	86699/1000000
SRR11047625_R1.fq.gz	SRR11047625_R1.fq.gz	0	0	1000000/1000000
SRR11047626_R1.fq.gz	SRR11047625_R1.fq.gz	0.0691349	0	132593/1000000
SRR11047627_R1.fq.gz	SRR11047625_R1.fq.gz	0.0905548	0	80685/1000000
SRR11047628_R1.fq.gz	SRR11047625_R1.fq.gz	0.0619657	0	157530/1000000
SRR11047629_R1.fq.gz	SRR11047625_R1.fq.gz	0.0619003	0	157781/1000000
SRR11047631_R1.fq.gz	SRR11047625_R1.fq.gz	0.0840701	0	93557/1000000
SRR11047632_R1.fq.gz	SRR11047625_R1.fq.gz	0.0735324	0	119499/1000000
SRR11047633_R1.fq.gz	SRR11047625_R1.fq.gz	0.0669291	0	139758/1000000
SRR11047634_R1.fq.gz	SRR11047625_R1.fq.gz	0.0854219	0	90701/1000000
SRR11047635_R1.fq.gz	SRR11047625_R1.fq.gz	0.073467	0	119683/1000000
SRR11047636_R1.fq.gz	SRR11047625_R1.fq.gz	0.0701121	0	129551/1000000
SRR11047637_R1.fq.gz	SRR11047625_R1.fq.gz	0.0755244	0	114045/1000000
SRR11047639_R1.fq.gz	SRR11047625_R1.fq.gz	0.0653679	0	145092/1000000
SRR11047640_R1.fq.gz	SRR11047625_R1.fq.gz	0.0772703	0	109490/1000000
SRR11047641_R1.fq.gz	SRR11047625_R1.fq.gz	0.0710014	0	126850/1000000
SRR11047642_R1.fq.gz	SRR11047625_R1.fq.gz	0.0692636	0	132188/1000000
SRR11047643_R1.fq.gz	SRR11047625_R1.fq.gz	0.0793049	0	104432/1000000
SRR11047644_R1.fq.gz	SRR11047625_R1.fq.gz	0.0872298	0	87028/1000000
SRR11047645_R1.fq.gz	SRR11047625_R1.fq.gz	0.0707653	0	127561/1000000
SRR11047647_R1.fq.gz	SRR11047625_R1.fq.gz	0.0627242	0	154656/1000000
SRR11047648_R1.fq.gz	SRR11047625_R1.fq.gz	0.0798956	0	103012/1000000
SRR11047649_R1.fq.gz	SRR11047625_R1.fq.gz	0.0802272	0	102224/1000000
SRR11047650_R1.fq.gz	SRR11047625_R1.fq.gz	0.0672827	0	138581/1000000
SRR11047651_R1.fq.gz	SRR11047625_R1.fq.gz	0.0788881	0	105447/1000000
SRR11047653_R1.fq.gz	SRR11047625_R1.fq.gz	0.0848816	0	91831/1000000
SRR11047654_R1.fq.gz	SRR11047625_R1.fq.gz	0.0695485	0	131296/1000000
SRR11047655_R1.fq.gz	SRR11047625_R1.fq.gz	0.0767767	0	110757/1000000
SRR11047656_R1.fq.gz	SRR11047625_R1.fq.gz	0.0629279	0	153894/1000000
SRR11047657_R1.fq.gz	SRR11047625_R1.fq.gz	0.0675246	0	137782/1000000
SRR11047658_R1.fq.gz	SRR11047625_R1.fq.gz	0.0662798	0	141949/1000000
SRR11047659_R1.fq.gz	SRR11047625_R1.fq.gz	0.0686253	0	134211/1000000
SRR11047660_R1.fq.gz	SRR11047625_R1.fq.gz	0.0806222	0	101294/1000000
SRR11047661_R1.fq.gz	SRR11047625_R1.fq.gz	0.0647711	0	147191/1000000
SRR11047662_R1.fq.gz	SRR11047625_R1.fq.gz	0.0679366	0	136433/1000000
SRR11047663_R1.fq.gz	SRR11047625_R1.fq.gz	0.0816151	0	98997/1000000
SRR11047664_R1.fq.gz	SRR11047625_R1.fq.gz	0.0698074	0	130491/1000000
SRR11047665_R1.fq.gz	SRR11047625_R1.fq.gz	0.0677085	0	137178/1000000
SRR11047666_R1.fq.gz	SRR11047625_R1.fq.gz	0.0763866	0	111770/1000000
SRR11047667_R1.fq.gz	SRR11047625_R1.fq.gz	0.0711004	0	126553/1000000
SRR11047668_R1.fq.gz	SRR11047625_R1.fq.gz	0.0717024	0	124765/1000000
SRR11047669_R1.fq.gz	SRR11047625_R1.fq.gz	0.06962	0	131073/1000000
SRR11047670_R1.fq.gz	SRR11047625_R1.fq.gz	0.070316	0	128926/1000000
SRR11047671_R1.fq.gz	SRR11047625_R1.fq.gz	0.0689493	0	133180/1000000
SRR11047672_R1.fq.gz	SRR11047625_R1.fq.gz	0.0685763	0	134368/1000000
SRR11047673_R1.fq.gz	SRR11047625_R1.fq.gz	0.0747805	0	116049/1000000
ERR2784728_R1.fq.gz	SRR11047626_R1.fq.gz	0.0723782	0	122791/1000000
ERR2784729_R1.fq.gz	SRR11047626_R1.fq.gz	0.0734084	0	119848/1000000
ERR2784730_R1.fq.gz	SRR11047626_R1.fq.gz	0.0750921	0	115205/1000000
ERR2784731_R1.fq.gz	SRR11047626_R1.fq.gz	0.075799	0	113315/1000000
ERR2784741_R1.fq.gz	SRR11047626_R1.fq.gz	0.0582583	0	172485/1000000
ERR2784742_R1.fq.gz	SRR11047626_R1.fq.gz	0.0593862	0	167770/1000000
ERR2784743_R1.fq.gz	SRR11047626_R1.fq.gz	0.0600845	0	164925/1000000
ERR2784752_R1.fq.gz	SRR11047626_R1.fq.gz	0.0620913	0	157050/1000000
ERR2784753_R1.fq.gz	SRR11047626_R1.fq.gz	0.0626086	0	155090/1000000
ERR2784754_R1.fq.gz	SRR11047626_R1.fq.gz	0.0632449	0	152717/1000000
ERR2784755_R1.fq.gz	SRR11047626_R1.fq.gz	0.0636335	0	151288/1000000
ERR2784756_R1.fq.gz	SRR11047626_R1.fq.gz	0.0598779	0	165761/1000000
ERR2784757_R1.fq.gz	SRR11047626_R1.fq.gz	0.0602616	0	164212/1000000
ERR2784759_R1.fq.gz	SRR11047626_R1.fq.gz	0.0613074	0	160074/1000000
ERR2784760_R1.fq.gz	SRR11047626_R1.fq.gz	0.0657507	0	143763/1000000
ERR2784761_R1.fq.gz	SRR11047626_R1.fq.gz	0.0670402	0	139387/1000000
ERR2784762_R1.fq.gz	SRR11047626_R1.fq.gz	0.0687005	0	133971/1000000
ERR2784763_R1.fq.gz	SRR11047626_R1.fq.gz	0.0695014	0	131443/1000000
ERR2784780_R1.fq.gz	SRR11047626_R1.fq.gz	0.0721585	0	123429/1000000
ERR2784781_R1.fq.gz	SRR11047626_R1.fq.gz	0.0724331	0	122632/1000000
ERR2784782_R1.fq.gz	SRR11047626_R1.fq.gz	0.0735524	0	119443/1000000
ERR2784783_R1.fq.gz	SRR11047626_R1.fq.gz	0.0740088	0	118169/1000000
ERR2784796_R1.fq.gz	SRR11047626_R1.fq.gz	0.084593	0	92441/1000000
ERR2784797_R1.fq.gz	SRR11047626_R1.fq.gz	0.0856227	0	90285/1000000
ERR2784798_R1.fq.gz	SRR11047626_R1.fq.gz	0.0880196	0	85474/1000000
ERR2784799_R1.fq.gz	SRR11047626_R1.fq.gz	0.0890346	0	83521/1000000
ERR2784800_R1.fq.gz	SRR11047626_R1.fq.gz	0.103518	0	60297/1000000
ERR2784801_R1.fq.gz	SRR11047626_R1.fq.gz	0.108083	0	54485/1000000
ERR2784802_R1.fq.gz	SRR11047626_R1.fq.gz	0.113239	0	48621/1000000
ERR2784803_R1.fq.gz	SRR11047626_R1.fq.gz	0.115887	0	45871/1000000
ERR2784804_R1.fq.gz	SRR11047626_R1.fq.gz	0.169259	0	14506/1000000
ERR2784805_R1.fq.gz	SRR11047626_R1.fq.gz	0.175343	0	12744/1000000
ERR2784806_R1.fq.gz	SRR11047626_R1.fq.gz	0.22657	0	4310/1000000
ERR2784807_R1.fq.gz	SRR11047626_R1.fq.gz	0.233159	0	3751/1000000
ERR2784808_R1.fq.gz	SRR11047626_R1.fq.gz	0.0800905	0	102548/1000000
ERR2784809_R1.fq.gz	SRR11047626_R1.fq.gz	0.0808762	0	100701/1000000
ERR2784810_R1.fq.gz	SRR11047626_R1.fq.gz	0.0820729	0	97957/1000000
ERR2784811_R1.fq.gz	SRR11047626_R1.fq.gz	0.0824001	0	97221/1000000
ERR2784816_R1.fq.gz	SRR11047626_R1.fq.gz	0.0834595	0	94879/1000000
ERR2784817_R1.fq.gz	SRR11047626_R1.fq.gz	0.0843003	0	93064/1000000
ERR2784818_R1.fq.gz	SRR11047626_R1.fq.gz	0.0858332	0	89851/1000000
ERR2784824_R1.fq.gz	SRR11047626_R1.fq.gz	0.072797	0	121585/1000000
ERR2784826_R1.fq.gz	SRR11047626_R1.fq.gz	0.074912	0	115692/1000000
ERR2784827_R1.fq.gz	SRR11047626_R1.fq.gz	0.0755447	0	113991/1000000
SRR11047625_R1.fq.gz	SRR11047626_R1.fq.gz	0.0691349	0	132593/1000000
SRR11047626_R1.fq.gz	SRR11047626_R1.fq.gz	0	0	1000000/1000000
SRR11047627_R1.fq.gz	SRR11047626_R1.fq.gz	0.0977459	0	68600/1000000
SRR11047628_R1.fq.gz	SRR11047626_R1.fq.gz	0.0590976	0	168962/1000000
SRR11047629_R1.fq.gz	SRR11047626_R1.fq.gz	0.0548523	0	187674/1000000
SRR11047631_R1.fq.gz	SRR11047626_R1.fq.gz	0.0925872	0	77054/1000000
SRR11047632_R1.fq.gz	SRR11047626_R1.fq.gz	0.0735556	0	119434/1000000
SRR11047633_R1.fq.gz	SRR11047626_R1.fq.gz	0.0537303	0	193012/1000000
SRR11047634_R1.fq.gz	SRR11047626_R1.fq.gz	0.0884707	0	84600/1000000
SRR11047635_R1.fq.gz	SRR11047626_R1.fq.gz	0.0647643	0	147215/1000000
SRR11047636_R1.fq.gz	SRR11047626_R1.fq.gz	0.0811932	0	99966/1000000
SRR11047637_R1.fq.gz	SRR11047626_R1.fq.gz	0.0685391	0	134487/1000000
SRR11047639_R1.fq.gz	SRR11047626_R1.fq.gz	0.0682682	0	135358/1000000
SRR11047640_R1.fq.gz	SRR11047626_R1.fq.gz	0.0937888	0	74990/1000000
SRR11047641_R1.fq.gz	SRR11047626_R1.fq.gz	0.0639749	0	150045/1000000
SRR11047642_R1.fq.gz	SRR11047626_R1.fq.gz	0.0701196	0	129528/1000000
SRR11047643_R1.fq.gz	SRR11047626_R1.fq.gz	0.0823425	0	97350/1000000
SRR11047644_R1.fq.gz	SRR11047626_R1.fq.gz	0.103778	0	59949/1000000
SRR11047645_R1.fq.gz	SRR11047626_R1.fq.gz	0.0680705	0	135998/1000000
SRR11047647_R1.fq.gz	SRR11047626_R1.fq.gz	0.0678621	0	136676/1000000
SRR11047648_R1.fq.gz	SRR11047626_R1.fq.gz	0.0777435	0	108290/1000000
SRR11047649_R1.fq.gz	SRR11047626_R1.fq.gz	0.0686544	0	134118/1000000
SRR11047650_R1.fq.gz	SRR11047626_R1.fq.gz	0.0681905	0	135609/1000000
SRR11047651_R1.fq.gz	SRR11047626_R1.fq.gz	0.0682252	0	135497/1000000
SRR11047653_R1.fq.gz	SRR11047626_R1.fq.gz	0.0911051	0	79684/1000000
SRR11047654_R1.fq.gz	SRR11047626_R1.fq.gz	0.0650599	0	146171/1000000
SRR11047655_R1.fq.gz	SRR11047626_R1.fq.gz	0.0715811	0	125123/1000000
SRR11047656_R1.fq.gz	SRR11047626_R1.fq.gz	0.0679532	0	136379/1000000
SRR11047657_R1.fq.gz	SRR11047626_R1.fq.gz	0.0566937	0	179279/1000000
SRR11047658_R1.fq.gz	SRR11047626_R1.fq.gz	0.0644351	0	148388/1000000
SRR11047659_R1.fq.gz	SRR11047626_R1.fq.gz	0.0728557	0	121417/1000000
SRR11047660_R1.fq.gz	SRR11047626_R1.fq.gz	0.073917	0	118424/1000000
SRR11047661_R1.fq.gz	SRR11047626_R1.fq.gz	0.0616532	0	158732/1000000
SRR11047662_R1.fq.gz	SRR11047626_R1.fq.gz	0.067157	0	138998/1000000
SRR11047663_R1.fq.gz	SRR11047626_R1.fq.gz	0.0914285	0	79102/1000000
SRR11047664_R1.fq.gz	SRR11047626_R1.fq.gz	0.0742111	0	117609/1000000
SRR11047665_R1.fq.gz	SRR11047626_R1.fq.gz	0.0717095	0	124744/1000000
SRR11047666_R1.fq.gz	SRR11047626_R1.fq.gz	0.0669809	0	139585/1000000
SRR11047667_R1.fq.gz	SRR11047626_R1.fq.gz	0.0705859	0	128104/1000000
SRR11047668_R1.fq.gz	SRR11047626_R1.fq.gz	0.0667609	0	140322/1000000
SRR11047669_R1.fq.gz	SRR11047626_R1.fq.gz	0.0685163	0	134560/1000000
SRR11047670_R1.fq.gz	SRR11047626_R1.fq.gz	0.0648878	0	146778/1000000
SRR11047671_R1.fq.gz	SRR11047626_R1.fq.gz	0.0590911	0	168989/1000000
SRR11047672_R1.fq.gz	SRR11047626_R1.fq.gz	0.0676317	0	137430/1000000
SRR11047673_R1.fq.gz	SRR11047626_R1.fq.gz	0.0629247	0	153906/1000000
ERR2784728_R1.fq.gz	SRR11047627_R1.fq.gz	0.12082	0	41171/1000000
ERR2784729_R1.fq.gz	SRR11047627_R1.fq.gz	0.124152	0	38282/1000000
ERR2784730_R1.fq.gz	SRR11047627_R1.fq.gz	0.128161	0	35083/1000000
ERR2784731_R1.fq.gz	SRR11047627_R1.fq.gz	0.129941	0	33752/1000000
ERR2784741_R1.fq.gz	SRR11047627_R1.fq.gz	0.109099	0	53273/1000000
ERR2784742_R1.fq.gz	SRR11047627_R1.fq.gz	0.112132	0	49822/1000000
ERR2784743_R1.fq.gz	SRR11047627_R1.fq.gz	0.113925	0	47893/1000000
ERR2784752_R1.fq.gz	SRR11047627_R1.fq.gz	0.0914576	0	79050/1000000
ERR2784753_R1.fq.gz	SRR11047627_R1.fq.gz	0.0928572	0	76585/1000000
ERR2784754_R1.fq.gz	SRR11047627_R1.fq.gz	0.094783	0	73327/1000000
ERR2784755_R1.fq.gz	SRR11047627_R1.fq.gz	0.0958648	0	71562/1000000
ERR2784756_R1.fq.gz	SRR11047627_R1.fq.gz	0.101208	0	63484/1000000
ERR2784757_R1.fq.gz	SRR11047627_R1.fq.gz	0.103135	0	60813/1000000
ERR2784759_R1.fq.gz	SRR11047627_R1.fq.gz	0.106908	0	55922/1000000
ERR2784760_R1.fq.gz	SRR11047627_R1.fq.gz	0.118317	0	43490/1000000
ERR2784761_R1.fq.gz	SRR11047627_R1.fq.gz	0.120791	0	41197/1000000
ERR2784762_R1.fq.gz	SRR11047627_R1.fq.gz	0.123732	0	38634/1000000
ERR2784763_R1.fq.gz	SRR11047627_R1.fq.gz	0.124987	0	37592/1000000
ERR2784780_R1.fq.gz	SRR11047627_R1.fq.gz	0.0923235	0	77515/1000000
ERR2784781_R1.fq.gz	SRR11047627_R1.fq.gz	0.0947267	0	73420/1000000
ERR2784782_R1.fq.gz	SRR11047627_R1.fq.gz	0.0978702	0	68409/1000000
ERR2784783_R1.fq.gz	SRR11047627_R1.fq.gz	0.0997176	0	65635/1000000
ERR2784796_R1.fq.gz	SRR11047627_R1.fq.gz	0.0969774	0	69794/1000000
ERR2784797_R1.fq.gz	SRR11047627_R1.fq.gz	0.100572	0	64392/1000000
ERR2784798_R1.fq.gz	SRR11047627_R1.fq.gz	0.104706	0	58724/1000000
ERR2784799_R1.fq.gz	SRR11047627_R1.fq.gz	0.106421	0	56529/1000000
ERR2784800_R1.fq.gz	SRR11047627_R1.fq.gz	0.129716	0	33917/1000000
ERR2784801_R1.fq.gz	SRR11047627_R1.fq.gz	0.135273	0	30069/1000000
ERR2784802_R1.fq.gz	SRR11047627_R1.fq.gz	0.140371	0	26934/1000000
ERR2784803_R1.fq.gz	SRR11047627_R1.fq.gz	0.142609	0	25666/1000000
ERR2784804_R1.fq.gz	SRR11047627_R1.fq.gz	0.161448	0	17136/1000000
ERR2784805_R1.fq.gz	SRR11047627_R1.fq.gz	0.168534	0	14732/1000000
ERR2784806_R1.fq.gz	SRR11047627_R1.fq.gz	0.225915	0	4370/1000000
ERR2784807_R1.fq.gz	SRR11047627_R1.fq.gz	0.232881	0	3773/1000000
ERR2784808_R1.fq.gz	SRR11047627_R1.fq.gz	0.135695	0	29796/1000000
ERR2784809_R1.fq.gz	SRR11047627_R1.fq.gz	0.13991	0	27203/1000000
ERR2784810_R1.fq.gz	SRR11047627_R1.fq.gz	0.143593	0	25128/1000000
ERR2784811_R1.fq.gz	SRR11047627_R1.fq.gz	0.145451	0	24143/1000000
ERR2784816_R1.fq.gz	SRR11047627_R1.fq.gz	0.0944143	0	73939/1000000
ERR2784817_R1.fq.gz	SRR11047627_R1.fq.gz	0.0971193	0	69572/1000000
ERR2784818_R1.fq.gz	SRR11047627_R1.fq.gz	0.100509	0	64484/1000000
ERR2784824_R1.fq.gz	SRR11047627_R1.fq.gz	0.0927061	0	76847/1000000
ERR2784826_R1.fq.gz	SRR11047627_R1.fq.gz	0.0971884	0	69464/1000000
ERR2784827_R1.fq.gz	SRR11047627_R1.fq.gz	0.0984158	0	67577/1000000
SRR11047625_R1.fq.gz	SRR11047627_R1.fq.gz	0.0905548	0	80685/1000000
SRR11047626_R1.fq.gz	SRR11047627_R1.fq.gz	0.0977459	0	68600/1000000
SRR11047627_R1.fq.gz	SRR11047627_R1.fq.gz	0	0	1000000/1000000
SRR11047628_R1.fq.gz	SRR11047627_R1.fq.gz	0.0885746	0	84400/1000000
SRR11047629_R1.fq.gz	SRR11047627_R1.fq.gz	0.0815626	0	99117/1000000
SRR11047631_R1.fq.gz	SRR11047627_R1.fq.gz	0.0817773	0	98627/1000000
SRR11047632_R1.fq.gz	SRR11047627_R1.fq.gz	0.0722912	0	123043/1000000
SRR11047633_R1.fq.gz	SRR11047627_R1.fq.gz	0.0884562	0	84628/1000000
SRR11047634_R1.fq.gz	SRR11047627_R1.fq.gz	0.0810324	0	100338/1000000
SRR11047635_R1.fq.gz	SRR11047627_R1.fq.gz	0.0957687	0	71717/1000000
SRR11047636_R1.fq.gz	SRR11047627_R1.fq.gz	0.0821966	0	97678/1000000
SRR11047637_R1.fq.gz	SRR11047627_R1.fq.gz	0.0833309	0	95160/1000000
SRR11047639_R1.fq.gz	SRR11047627_R1.fq.gz	0.0779619	0	107741/1000000
SRR11047640_R1.fq.gz	SRR11047627_R1.fq.gz	0.0930871	0	76188/1000000
SRR11047641_R1.fq.gz	SRR11047627_R1.fq.gz	0.0757439	0	113461/1000000
SRR11047642_R1.fq.gz	SRR11047627_R1.fq.gz	0.0781215	0	107342/1000000
SRR11047643_R1.fq.gz	SRR11047627_R1.fq.gz	0.0712521	0	126100/1000000
SRR11047644_R1.fq.gz	SRR11047627_R1.fq.gz	0.0922899	0	77574/1000000
SRR11047645_R1.fq.gz	SRR11047627_R1.fq.gz	0.0694822	0	131503/1000000
SRR11047647_R1.fq.gz	SRR11047627_R1.fq.gz	0.0725176	0	122388/1000000
SRR11047648_R1.fq.gz	SRR11047627_R1.fq.gz	0.114777	0	47004/1000000
SRR11047649_R1.fq.gz	SRR11047627_R1.fq.gz	0.0974327	0	69084/1000000
SRR11047650_R1.fq.gz	SRR11047627_R1.fq.gz	0.0779971	0	107653/1000000
SRR11047651_R1.fq.gz	SRR11047627_R1.fq.gz	0.0937551	0	75047/1000000
SRR11047653_R1.fq.gz	SRR11047627_R1.fq.gz	0.0892244	0	83161/1000000
SRR11047654_R1.fq.gz	SRR11047627_R1.fq.gz	0.0947691	0	73350/1000000
SRR11047655_R1.fq.gz	SRR11047627_R1.fq.gz	0.0801833	0	102328/1000000
SRR11047656_R1.fq.gz	SRR11047627_R1.fq.gz	0.0886887	0	84181/1000000
SRR11047657_R1.fq.gz	SRR11047627_R1.fq.gz	0.0891241	0	83351/1000000
SRR11047658_R1.fq.gz	SRR11047627_R1.fq.gz	0.0777082	0	108379/1000000
SRR11047659_R1.fq.gz	SRR11047627_R1.fq.gz	0.084783	0	92039/1000000
SRR11047660_R1.fq.gz	SRR11047627_R1.fq.gz	0.0713965	0	125670/1000000
SRR11047661_R1.fq.gz	SRR11047627_R1.fq.gz	0.111757	0	50236/1000000
SRR11047662_R1.fq.gz	SRR11047627_R1.fq.gz	0.0749973	0	115461/1000000
SRR11047663_R1.fq.gz	SRR11047627_R1.fq.gz	0.087066	0	87354/1000000
SRR11047664_R1.fq.gz	SRR11047627_R1.fq.gz	0.0816501	0	98917/1000000
SRR11047665_R1.fq.gz	SRR11047627_R1.fq.gz	0.0979021	0	68360/1000000
SRR11047666_R1.fq.gz	SRR11047627_R1.fq.gz	0.0828034	0	96322/1000000
SRR11047667_R1.fq.gz	SRR11047627_R1.fq.gz	0.0975806	0	68855/1000000
SRR11047668_R1.fq.gz	SRR11047627_R1.fq.gz	0.0908002	0	80237/1000000
SRR11047669_R1.fq.gz	SRR11047627_R1.fq.gz	0.0811642	0	100033/1000000
SRR11047670_R1.fq.gz	SRR11047627_R1.fq.gz	0.0975716	0	68869/1000000
SRR11047671_R1.fq.gz	SRR11047627_R1.fq.gz	0.0984468	0	67530/1000000
SRR11047672_R1.fq.gz	SRR11047627_R1.fq.gz	0.0801322	0	102449/1000000
SRR11047673_R1.fq.gz	SRR11047627_R1.fq.gz	0.102238	0	62042/1000000
ERR2784728_R1.fq.gz	SRR11047628_R1.fq.gz	0.0738559	0	118594/1000000
ERR2784729_R1.fq.gz	SRR11047628_R1.fq.gz	0.07573	0	113498/1000000
ERR2784730_R1.fq.gz	SRR11047628_R1.fq.gz	0.0783452	0	106785/1000000
ERR2784731_R1.fq.gz	SRR11047628_R1.fq.gz	0.079558	0	103821/1000000
ERR2784741_R1.fq.gz	SRR11047628_R1.fq.gz	0.0663846	0	141593/1000000
ERR2784742_R1.fq.gz	SRR11047628_R1.fq.gz	0.0686366	0	134175/1000000
ERR2784743_R1.fq.gz	SRR11047628_R1.fq.gz	0.0698003	0	130513/1000000
ERR2784752_R1.fq.gz	SRR11047628_R1.fq.gz	0.0661511	0	142388/1000000
ERR2784753_R1.fq.gz	SRR11047628_R1.fq.gz	0.06761	0	137501/1000000
ERR2784754_R1.fq.gz	SRR11047628_R1.fq.gz	0.0695876	0	131174/1000000
ERR2784755_R1.fq.gz	SRR11047628_R1.fq.gz	0.0706077	0	128038/1000000
ERR2784756_R1.fq.gz	SRR11047628_R1.fq.gz	0.0679753	0	136307/1000000
ERR2784757_R1.fq.gz	SRR11047628_R1.fq.gz	0.069173	0	132473/1000000
ERR2784759_R1.fq.gz	SRR11047628_R1.fq.gz	0.0718683	0	124277/1000000
ERR2784760_R1.fq.gz	SRR11047628_R1.fq.gz	0.081729	0	98737/1000000
ERR2784761_R1.fq.gz	SRR11047628_R1.fq.gz	0.0836797	0	94400/1000000
ERR2784762_R1.fq.gz	SRR11047628_R1.fq.gz	0.0859476	0	89616/1000000
ERR2784763_R1.fq.gz	SRR11047628_R1.fq.gz	0.0868964	0	87693/1000000
ERR2784780_R1.fq.gz	SRR11047628_R1.fq.gz	0.0741449	0	117792/1000000
ERR2784781_R1.fq.gz	SRR11047628_R1.fq.gz	0.0753804	0	114430/1000000
ERR2784782_R1.fq.gz	SRR11047628_R1.fq.gz	0.0775737	0	108719/1000000
ERR2784783_R1.fq.gz	SRR11047628_R1.fq.gz	0.0786567	0	106015/1000000
ERR2784796_R1.fq.gz	SRR11047628_R1.fq.gz	0.0917759	0	78482/1000000
ERR2784797_R1.fq.gz	SRR11047628_R1.fq.gz	0.0936173	0	75281/1000000
ERR2784798_R1.fq.gz	SRR11047628_R1.fq.gz	0.0970617	0	69662/1000000
ERR2784799_R1.fq.gz	SRR11047628_R1.fq.gz	0.0986176	0	67272/1000000
ERR2784800_R1.fq.gz	SRR11047628_R1.fq.gz	0.116636	0	45123/1000000
ERR2784801_R1.fq.gz	SRR11047628_R1.fq.gz	0.122346	0	39821/1000000
ERR2784802_R1.fq.gz	SRR11047628_R1.fq.gz	0.128155	0	35087/1000000
ERR2784803_R1.fq.gz	SRR11047628_R1.fq.gz	0.130694	0	33205/1000000
ERR2784804_R1.fq.gz	SRR11047628_R1.fq.gz	0.176577	0	12414/1000000
ERR2784805_R1.fq.gz	SRR11047628_R1.fq.gz	0.183055	0	10818/1000000
ERR2784806_R1.fq.gz	SRR11047628_R1.fq.gz	0.237031	0	3457/1000000
ERR2784807_R1.fq.gz	SRR11047628_R1.fq.gz	0.244447	0	2957/1000000
ERR2784808_R1.fq.gz	SRR11047628_R1.fq.gz	0.0864185	0	88656/1000000
ERR2784809_R1.fq.gz	SRR11047628_R1.fq.gz	0.088465	0	84611/1000000
ERR2784810_R1.fq.gz	SRR11047628_R1.fq.gz	0.0907074	0	80406/1000000
ERR2784811_R1.fq.gz	SRR11047628_R1.fq.gz	0.0917298	0	78564/1000000
ERR2784816_R1.fq.gz	SRR11047628_R1.fq.gz	0.0869954	0	87495/1000000
ERR2784817_R1.fq.gz	SRR11047628_R1.fq.gz	0.0887917	0	83984/1000000
ERR2784818_R1.fq.gz	SRR11047628_R1.fq.gz	0.0918671	0	78320/1000000
ERR2784824_R1.fq.gz	SRR11047628_R1.fq.gz	0.066697	0	140537/1000000
ERR2784826_R1.fq.gz	SRR11047628_R1.fq.gz	0.0700302	0	129803/1000000
ERR2784827_R1.fq.gz	SRR11047628_R1.fq.gz	0.0710407	0	126732/1000000
SRR11047625_R1.fq.gz	SRR11047628_R1.fq.gz	0.0619657	0	157530/1000000
SRR11047626_R1.fq.gz	SRR11047628_R1.fq.gz	0.0590976	0	168962/1000000
SRR11047627_R1.fq.gz	SRR11047628_R1.fq.gz	0.0885746	0	84400/1000000
SRR11047628_R1.fq.gz	SRR11047628_R1.fq.gz	0	0	1000000/1000000
SRR11047629_R1.fq.gz	SRR11047628_R1.fq.gz	0.0535445	0	193913/1000000
SRR11047631_R1.fq.gz	SRR11047628_R1.fq.gz	0.0814918	0	99279/1000000
SRR11047632_R1.fq.gz	SRR11047628_R1.fq.gz	0.062656	0	154912/1000000
SRR11047633_R1.fq.gz	SRR11047628_R1.fq.gz	0.0524981	0	199079/1000000
SRR11047634_R1.fq.gz	SRR11047628_R1.fq.gz	0.0715524	0	125208/1000000
SRR11047635_R1.fq.gz	SRR11047628_R1.fq.gz	0.0562548	0	181240/1000000
SRR11047636_R1.fq.gz	SRR11047628_R1.fq.gz	0.0725929	0	122171/1000000
SRR11047637_R1.fq.gz	SRR11047628_R1.fq.gz	0.0642514	0	149047/1000000
SRR11047639_R1.fq.gz	SRR11047628_R1.fq.gz	0.0538565	0	192403/1000000
SRR11047640_R1.fq.gz	SRR11047628_R1.fq.gz	0.0857457	0	90031/1000000
SRR11047641_R1.fq.gz	SRR11047628_R1.fq.gz	0.058905	0	169763/1000000
SRR11047642_R1.fq.gz	SRR11047628_R1.fq.gz	0.0607037	0	162448/1000000
SRR11047643_R1.fq.gz	SRR11047628_R1.fq.gz	0.0682704	0	135351/1000000
SRR11047644_R1.fq.gz	SRR11047628_R1.fq.gz	0.0884925	0	84558/1000000
SRR11047645_R1.fq.gz	SRR11047628_R1.fq.gz	0.0573785	0	176268/1000000
SRR11047647_R1.fq.gz	SRR11047628_R1.fq.gz	0.0577117	0	174824/1000000
SRR11047648_R1.fq.gz	SRR11047628_R1.fq.gz	0.0686053	0	134275/1000000
SRR11047649_R1.fq.gz	SRR11047628_R1.fq.gz	0.0621351	0	156883/1000000
SRR11047650_R1.fq.gz	SRR11047628_R1.fq.gz	0.0544325	0	189651/1000000
SRR11047651_R1.fq.gz	SRR11047628_R1.fq.gz	0.0710547	0	126690/1000000
SRR11047653_R1.fq.gz	SRR11047628_R1.fq.gz	0.0756603	0	113683/1000000
SRR11047654_R1.fq.gz	SRR11047628_R1.fq.gz	0.0623836	0	155939/1000000
SRR11047655_R1.fq.gz	SRR11047628_R1.fq.gz	0.0567395	0	179076/1000000
SRR11047656_R1.fq.gz	SRR11047628_R1.fq.gz	0.060563	0	163007/1000000
SRR11047657_R1.fq.gz	SRR11047628_R1.fq.gz	0.0599677	0	165397/1000000
SRR11047658_R1.fq.gz	SRR11047628_R1.fq.gz	0.0563216	0	180940/1000000
SRR11047659_R1.fq.gz	SRR11047628_R1.fq.gz	0.0527689	0	197727/1000000
SRR11047660_R1.fq.gz	SRR11047628_R1.fq.gz	0.063731	0	150932/1000000
SRR11047661_R1.fq.gz	SRR11047628_R1.fq.gz	0.0533675	0	194776/1000000
SRR11047662_R1.fq.gz	SRR11047628_R1.fq.gz	0.0671176	0	139129/1000000
SRR11047663_R1.fq.gz	SRR11047628_R1.fq.gz	0.070881	0	127212/1000000
SRR11047664_R1.fq.gz	SRR11047628_R1.fq.gz	0.0629781	0	153707/1000000
SRR11047665_R1.fq.gz	SRR11047628_R1.fq.gz	0.0588262	0	170092/1000000
SRR11047666_R1.fq.gz	SRR11047628_R1.fq.gz	0.0609337	0	161539/1000000
SRR11047667_R1.fq.gz	SRR11047628_R1.fq.gz	0.0619102	0	157743/1000000
SRR11047668_R1.fq.gz	SRR11047628_R1.fq.gz	0.0634524	0	151952/1000000
SRR11047669_R1.fq.gz	SRR11047628_R1.fq.gz	0.065367	0	145095/1000000
SRR11047670_R1.fq.gz	SRR11047628_R1.fq.gz	0.0531246	0	195967/1000000
SRR11047671_R1.fq.gz	SRR11047628_R1.fq.gz	0.0589581	0	169542/1000000
SRR11047672_R1.fq.gz	SRR11047628_R1.fq.gz	0.0580491	0	173376/1000000
SRR11047673_R1.fq.gz	SRR11047628_R1.fq.gz	0.0656481	0	144118/1000000
ERR2784728_R1.fq.gz	SRR11047629_R1.fq.gz	0.0813751	0	99547/1000000
ERR2784729_R1.fq.gz	SRR11047629_R1.fq.gz	0.0832205	0	95402/1000000
ERR2784730_R1.fq.gz	SRR11047629_R1.fq.gz	0.0856144	0	90302/1000000
ERR2784731_R1.fq.gz	SRR11047629_R1.fq.gz	0.086738	0	88011/1000000
ERR2784741_R1.fq.gz	SRR11047629_R1.fq.gz	0.0677938	0	136899/1000000
ERR2784742_R1.fq.gz	SRR11047629_R1.fq.gz	0.0700604	0	129710/1000000
ERR2784743_R1.fq.gz	SRR11047629_R1.fq.gz	0.0711583	0	126380/1000000
ERR2784752_R1.fq.gz	SRR11047629_R1.fq.gz	0.0619851	0	157456/1000000
ERR2784753_R1.fq.gz	SRR11047629_R1.fq.gz	0.0630768	0	153340/1000000
ERR2784754_R1.fq.gz	SRR11047629_R1.fq.gz	0.0647973	0	147098/1000000
ERR2784755_R1.fq.gz	SRR11047629_R1.fq.gz	0.0656926	0	143964/1000000
ERR2784756_R1.fq.gz	SRR11047629_R1.fq.gz	0.0708338	0	127354/1000000
ERR2784757_R1.fq.gz	SRR11047629_R1.fq.gz	0.0721828	0	123358/1000000
ERR2784759_R1.fq.gz	SRR11047629_R1.fq.gz	0.0751666	0	115004/1000000
ERR2784760_R1.fq.gz	SRR11047629_R1.fq.gz	0.0808011	0	100876/1000000
ERR2784761_R1.fq.gz	SRR11047629_R1.fq.gz	0.0822375	0	97586/1000000
ERR2784762_R1.fq.gz	SRR11047629_R1.fq.gz	0.0842717	0	93125/1000000
ERR2784763_R1.fq.gz	SRR11047629_R1.fq.gz	0.0851198	0	91331/1000000
ERR2784780_R1.fq.gz	SRR11047629_R1.fq.gz	0.0697336	0	130720/1000000
ERR2784781_R1.fq.gz	SRR11047629_R1.fq.gz	0.0708259	0	127378/1000000
ERR2784782_R1.fq.gz	SRR11047629_R1.fq.gz	0.0729331	0	121196/1000000
ERR2784783_R1.fq.gz	SRR11047629_R1.fq.gz	0.0739156	0	118428/1000000
ERR2784796_R1.fq.gz	SRR11047629_R1.fq.gz	0.085991	0	89527/1000000
ERR2784797_R1.fq.gz	SRR11047629_R1.fq.gz	0.0879228	0	85663/1000000
ERR2784798_R1.fq.gz	SRR11047629_R1.fq.gz	0.0912782	0	79372/1000000
ERR2784799_R1.fq.gz	SRR11047629_R1.fq.gz	0.092601	0	77030/1000000
ERR2784800_R1.fq.gz	SRR11047629_R1.fq.gz	0.115832	0	45926/1000000
ERR2784801_R1.fq.gz	SRR11047629_R1.fq.gz	0.121644	0	40436/1000000
ERR2784802_R1.fq.gz	SRR11047629_R1.fq.gz	0.127405	0	35664/1000000
ERR2784803_R1.fq.gz	SRR11047629_R1.fq.gz	0.130172	0	33583/1000000
ERR2784804_R1.fq.gz	SRR11047629_R1.fq.gz	0.175148	0	12797/1000000
ERR2784805_R1.fq.gz	SRR11047629_R1.fq.gz	0.181534	0	11173/1000000
ERR2784806_R1.fq.gz	SRR11047629_R1.fq.gz	0.235545	0	3567/1000000
ERR2784807_R1.fq.gz	SRR11047629_R1.fq.gz	0.241115	0	3172/1000000
ERR2784808_R1.fq.gz	SRR11047629_R1.fq.gz	0.0894827	0	82674/1000000
ERR2784809_R1.fq.gz	SRR11047629_R1.fq.gz	0.0911866	0	79537/1000000
ERR2784810_R1.fq.gz	SRR11047629_R1.fq.gz	0.0931226	0	76127/1000000
ERR2784811_R1.fq.gz	SRR11047629_R1.fq.gz	0.0939107	0	74784/1000000
ERR2784816_R1.fq.gz	SRR11047629_R1.fq.gz	0.0840743	0	93548/1000000
ERR2784817_R1.fq.gz	SRR11047629_R1.fq.gz	0.0856091	0	90313/1000000
ERR2784818_R1.fq.gz	SRR11047629_R1.fq.gz	0.0881842	0	85154/1000000
ERR2784824_R1.fq.gz	SRR11047629_R1.fq.gz	0.0663749	0	141626/1000000
ERR2784826_R1.fq.gz	SRR11047629_R1.fq.gz	0.0692671	0	132177/1000000
ERR2784827_R1.fq.gz	SRR11047629_R1.fq.gz	0.0702807	0	129034/1000000
SRR11047625_R1.fq.gz	SRR11047629_R1.fq.gz	0.0619003	0	157781/1000000
SRR11047626_R1.fq.gz	SRR11047629_R1.fq.gz	0.0548523	0	187674/1000000
SRR11047627_R1.fq.gz	SRR11047629_R1.fq.gz	0.0815626	0	99117/1000000
SRR11047628_R1.fq.gz	SRR11047629_R1.fq.gz	0.0535445	0	193913/1000000
SRR11047629_R1.fq.gz	SRR11047629_R1.fq.gz	0	0	1000000/1000000
SRR11047631_R1.fq.gz	SRR11047629_R1.fq.gz	0.0744889	0	116845/1000000
SRR11047632_R1.fq.gz	SRR11047629_R1.fq.gz	0.0597703	0	166198/1000000
SRR11047633_R1.fq.gz	SRR11047629_R1.fq.gz	0.0582856	0	172369/1000000
SRR11047634_R1.fq.gz	SRR11047629_R1.fq.gz	0.0757247	0	113512/1000000
SRR11047635_R1.fq.gz	SRR11047629_R1.fq.gz	0.0649025	0	146726/1000000
SRR11047636_R1.fq.gz	SRR11047629_R1.fq.gz	0.0664306	0	141437/1000000
SRR11047637_R1.fq.gz	SRR11047629_R1.fq.gz	0.0642951	0	148890/1000000
SRR11047639_R1.fq.gz	SRR11047629_R1.fq.gz	0.0576624	0	175037/1000000
SRR11047640_R1.fq.gz	SRR11047629_R1.fq.gz	0.0824917	0	97016/1000000
SRR11047641_R1.fq.gz	SRR11047629_R1.fq.gz	0.0562955	0	181057/1000000
SRR11047642_R1.fq.gz	SRR11047629_R1.fq.gz	0.0616713	0	158662/1000000
SRR11047643_R1.fq.gz	SRR11047629_R1.fq.gz	0.064894	0	146756/1000000
SRR11047644_R1.fq.gz	SRR11047629_R1.fq.gz	0.0938911	0	74817/1000000
SRR11047645_R1.fq.gz	SRR11047629_R1.fq.gz	0.0578188	0	174363/1000000
SRR11047647_R1.fq.gz	SRR11047629_R1.fq.gz	0.0608548	0	161850/1000000
SRR11047648_R1.fq.gz	SRR11047629_R1.fq.gz	0.0758058	0	113297/1000000
SRR11047649_R1.fq.gz	SRR11047629_R1.fq.gz	0.0674278	0	138101/1000000
SRR11047650_R1.fq.gz	SRR11047629_R1.fq.gz	0.058853	0	169980/1000000
SRR11047651_R1.fq.gz	SRR11047629_R1.fq.gz	0.0656648	0	144060/1000000
SRR11047653_R1.fq.gz	SRR11047629_R1.fq.gz	0.079028	0	105105/1000000
SRR11047654_R1.fq.gz	SRR11047629_R1.fq.gz	0.0672064	0	138834/1000000
SRR11047655_R1.fq.gz	SRR11047629_R1.fq.gz	0.0636617	0	151185/1000000
SRR11047656_R1.fq.gz	SRR11047629_R1.fq.gz	0.061492	0	159356/1000000
SRR11047657_R1.fq.gz	SRR11047629_R1.fq.gz	0.0580313	0	173452/1000000
SRR11047658_R1.fq.gz	SRR11047629_R1.fq.gz	0.0573501	0	176392/1000000
SRR11047659_R1.fq.gz	SRR11047629_R1.fq.gz	0.0665319	0	141094/1000000
SRR11047660_R1.fq.gz	SRR11047629_R1.fq.gz	0.0684419	0	134799/1000000
SRR11047661_R1.fq.gz	SRR11047629_R1.fq.gz	0.0643112	0	148832/1000000
SRR11047662_R1.fq.gz	SRR11047629_R1.fq.gz	0.0540361	0	191540/1000000
SRR11047663_R1.fq.gz	SRR11047629_R1.fq.gz	0.0714811	0	125419/1000000
SRR11047664_R1.fq.gz	SRR11047629_R1.fq.gz	0.0610353	0	161139/1000000
SRR11047665_R1.fq.gz	SRR11047629_R1.fq.gz	0.0693187	0	132015/1000000
SRR11047666_R1.fq.gz	SRR11047629_R1.fq.gz	0.0599959	0	165283/1000000
SRR11047667_R1.fq.gz	SRR11047629_R1.fq.gz	0.0684067	0	134912/1000000
SRR11047668_R1.fq.gz	SRR11047629_R1.fq.gz	0.0631253	0	153160/1000000
SRR11047669_R1.fq.gz	SRR11047629_R1.fq.gz	0.0585652	0	171187/1000000
SRR11047670_R1.fq.gz	SRR11047629_R1.fq.gz	0.0668951	0	139872/1000000
SRR11047671_R1.fq.gz	SRR11047629_R1.fq.gz	0.0647677	0	147203/1000000
SRR11047672_R1.fq.gz	SRR11047629_R1.fq.gz	0.0554492	0	184904/1000000
SRR11047673_R1.fq.gz	SRR11047629_R1.fq.gz	0.0742358	0	117541/1000000
ERR2784728_R1.fq.gz	SRR11047631_R1.fq.gz	0.103939	0	59735/1000000
ERR2784729_R1.fq.gz	SRR11047631_R1.fq.gz	0.105709	0	57430/1000000
ERR2784730_R1.fq.gz	SRR11047631_R1.fq.gz	0.108569	0	53902/1000000
ERR2784731_R1.fq.gz	SRR11047631_R1.fq.gz	0.109592	0	52695/1000000
ERR2784741_R1.fq.gz	SRR11047631_R1.fq.gz	0.0932821	0	75853/1000000
ERR2784742_R1.fq.gz	SRR11047631_R1.fq.gz	0.094638	0	73567/1000000
ERR2784743_R1.fq.gz	SRR11047631_R1.fq.gz	0.095398	0	72318/1000000
ERR2784752_R1.fq.gz	SRR11047631_R1.fq.gz	0.0829765	0	95939/1000000
ERR2784753_R1.fq.gz	SRR11047631_R1.fq.gz	0.0835724	0	94633/1000000
ERR2784754_R1.fq.gz	SRR11047631_R1.fq.gz	0.0850001	0	91582/1000000
ERR2784755_R1.fq.gz	SRR11047631_R1.fq.gz	0.0856686	0	90190/1000000
ERR2784756_R1.fq.gz	SRR11047631_R1.fq.gz	0.0909152	0	80028/1000000
ERR2784757_R1.fq.gz	SRR11047631_R1.fq.gz	0.0921784	0	77770/1000000
ERR2784759_R1.fq.gz	SRR11047631_R1.fq.gz	0.0947485	0	73384/1000000
ERR2784760_R1.fq.gz	SRR11047631_R1.fq.gz	0.0908205	0	80200/1000000
ERR2784761_R1.fq.gz	SRR11047631_R1.fq.gz	0.0916899	0	78635/1000000
ERR2784762_R1.fq.gz	SRR11047631_R1.fq.gz	0.0927499	0	76771/1000000
ERR2784763_R1.fq.gz	SRR11047631_R1.fq.gz	0.0933984	0	75654/1000000
ERR2784780_R1.fq.gz	SRR11047631_R1.fq.gz	0.0817773	0	98627/1000000
ERR2784781_R1.fq.gz	SRR11047631_R1.fq.gz	0.0829168	0	96071/1000000
ERR2784782_R1.fq.gz	SRR11047631_R1.fq.gz	0.0847545	0	92099/1000000
ERR2784783_R1.fq.gz	SRR11047631_R1.fq.gz	0.0857734	0	89974/1000000
ERR2784796_R1.fq.gz	SRR11047631_R1.fq.gz	0.0969016	0	69913/1000000
ERR2784797_R1.fq.gz	SRR11047631_R1.fq.gz	0.0985957	0	67305/1000000
ERR2784798_R1.fq.gz	SRR11047631_R1.fq.gz	0.101598	0	62934/1000000
ERR2784799_R1.fq.gz	SRR11047631_R1.fq.gz	0.102524	0	61647/1000000
ERR2784800_R1.fq.gz	SRR11047631_R1.fq.gz	0.137738	0	28509/1000000
ERR2784801_R1.fq.gz	SRR11047631_R1.fq.gz	0.143007	0	25447/1000000
ERR2784802_R1.fq.gz	SRR11047631_R1.fq.gz	0.148793	0	22470/1000000
ERR2784803_R1.fq.gz	SRR11047631_R1.fq.gz	0.151226	0	21327/1000000
ERR2784804_R1.fq.gz	SRR11047631_R1.fq.gz	0.175123	0	12804/1000000
ERR2784805_R1.fq.gz	SRR11047631_R1.fq.gz	0.181358	0	11215/1000000
ERR2784806_R1.fq.gz	SRR11047631_R1.fq.gz	0.235532	0	3568/1000000
ERR2784807_R1.fq.gz	SRR11047631_R1.fq.gz	0.241687	0	3134/1000000
ERR2784808_R1.fq.gz	SRR11047631_R1.fq.gz	0.0939967	0	74639/1000000
ERR2784809_R1.fq.gz	SRR11047631_R1.fq.gz	0.0949922	0	72982/1000000
ERR2784810_R1.fq.gz	SRR11047631_R1.fq.gz	0.0961877	0	71044/1000000
ERR2784811_R1.fq.gz	SRR11047631_R1.fq.gz	0.096894	0	69925/1000000
ERR2784816_R1.fq.gz	SRR11047631_R1.fq.gz	0.0907508	0	80327/1000000
ERR2784817_R1.fq.gz	SRR11047631_R1.fq.gz	0.0915112	0	78954/1000000
ERR2784818_R1.fq.gz	SRR11047631_R1.fq.gz	0.0929584	0	76410/1000000
ERR2784824_R1.fq.gz	SRR11047631_R1.fq.gz	0.072536	0	122335/1000000
ERR2784826_R1.fq.gz	SRR11047631_R1.fq.gz	0.0736429	0	119189/1000000
ERR2784827_R1.fq.gz	SRR11047631_R1.fq.gz	0.0738717	0	118550/1000000
SRR11047625_R1.fq.gz	SRR11047631_R1.fq.gz	0.0840701	0	93557/1000000
SRR11047626_R1.fq.gz	SRR11047631_R1.fq.gz	0.0925872	0	77054/1000000
SRR11047627_R1.fq.gz	SRR11047631_R1.fq.gz	0.0817773	0	98627/1000000
SRR11047628_R1.fq.gz	SRR11047631_R1.fq.gz	0.0814918	0	99279/1000000
SRR11047629_R1.fq.gz	SRR11047631_R1.fq.gz	0.0744889	0	116845/1000000
SRR11047631_R1.fq.gz	SRR11047631_R1.fq.gz	0	0	1000000/1000000
SRR11047632_R1.fq.gz	SRR11047631_R1.fq.gz	0.077838	0	108052/1000000
SRR11047633_R1.fq.gz	SRR11047631_R1.fq.gz	0.0830432	0	95792/1000000
SRR11047634_R1.fq.gz	SRR11047631_R1.fq.gz	0.0742394	0	117531/1000000
SRR11047635_R1.fq.gz	SRR11047631_R1.fq.gz	0.0824828	0	97036/1000000
SRR11047636_R1.fq.gz	SRR11047631_R1.fq.gz	0.0807441	0	101009/1000000
SRR11047637_R1.fq.gz	SRR11047631_R1.fq.gz	0.0825611	0	96861/1000000
SRR11047639_R1.fq.gz	SRR11047631_R1.fq.gz	0.0690747	0	132783/1000000
SRR11047640_R1.fq.gz	SRR11047631_R1.fq.gz	0.0848892	0	91815/1000000
SRR11047641_R1.fq.gz	SRR11047631_R1.fq.gz	0.0774565	0	109016/1000000
SRR11047642_R1.fq.gz	SRR11047631_R1.fq.gz	0.0803076	0	102034/1000000
SRR11047643_R1.fq.gz	SRR11047631_R1.fq.gz	0.0770939	0	109941/1000000
SRR11047644_R1.fq.gz	SRR11047631_R1.fq.gz	0.0888388	0	83894/1000000
SRR11047645_R1.fq.gz	SRR11047631_R1.fq.gz	0.0696843	0	130873/1000000
SRR11047647_R1.fq.gz	SRR11047631_R1.fq.gz	0.0703497	0	128823/1000000
SRR11047648_R1.fq.gz	SRR11047631_R1.fq.gz	0.0882616	0	85004/1000000
SRR11047649_R1.fq.gz	SRR11047631_R1.fq.gz	0.0813307	0	99649/1000000
SRR11047650_R1.fq.gz	SRR11047631_R1.fq.gz	0.0746491	0	116407/1000000
SRR11047651_R1.fq.gz	SRR11047631_R1.fq.gz	0.0744951	0	116828/1000000
SRR11047653_R1.fq.gz	SRR11047631_R1.fq.gz	0.0880022	0	85508/1000000
SRR11047654_R1.fq.gz	SRR11047631_R1.fq.gz	0.0888566	0	83860/1000000
SRR11047655_R1.fq.gz	SRR11047631_R1.fq.gz	0.073253	0	120287/1000000
SRR11047656_R1.fq.gz	SRR11047631_R1.fq.gz	0.0805881	0	101374/1000000
SRR11047657_R1.fq.gz	SRR11047631_R1.fq.gz	0.0810208	0	100365/1000000
SRR11047658_R1.fq.gz	SRR11047631_R1.fq.gz	0.0799955	0	102774/1000000
SRR11047659_R1.fq.gz	SRR11047631_R1.fq.gz	0.0764073	0	111716/1000000
SRR11047660_R1.fq.gz	SRR11047631_R1.fq.gz	0.0783203	0	106847/1000000
SRR11047661_R1.fq.gz	SRR11047631_R1.fq.gz	0.0934037	0	75645/1000000
SRR11047662_R1.fq.gz	SRR11047631_R1.fq.gz	0.0705069	0	128344/1000000
SRR11047663_R1.fq.gz	SRR11047631_R1.fq.gz	0.0794783	0	104013/1000000
SRR11047664_R1.fq.gz	SRR11047631_R1.fq.gz	0.0742217	0	117580/1000000
SRR11047665_R1.fq.gz	SRR11047631_R1.fq.gz	0.0946591	0	73532/1000000
SRR11047666_R1.fq.gz	SRR11047631_R1.fq.gz	0.0820101	0	98099/1000000
SRR11047667_R1.fq.gz	SRR11047631_R1.fq.gz	0.0928549	0	76589/1000000
SRR11047668_R1.fq.gz	SRR11047631_R1.fq.gz	0.0798098	0	103217/1000000
SRR11047669_R1.fq.gz	SRR11047631_R1.fq.gz	0.0759351	0	112955/1000000
SRR11047670_R1.fq.gz	SRR11047631_R1.fq.gz	0.0817897	0	98599/1000000
SRR11047671_R1.fq.gz	SRR11047631_R1.fq.gz	0.0880839	0	85349/1000000
SRR11047672_R1.fq.gz	SRR11047631_R1.fq.gz	0.0690466	0	132872/1000000
SRR11047673_R1.fq.gz	SRR11047631_R1.fq.gz	0.0853911	0	90765/1000000
ERR2784728_R1.fq.gz	SRR11047632_R1.fq.gz	0.0851911	0	91182/1000000
ERR2784729_R1.fq.gz	SRR11047632_R1.fq.gz	0.0873962	0	86698/1000000
ERR2784730_R1.fq.gz	SRR11047632_R1.fq.gz	0.0901645	0	81403/1000000
ERR2784731_R1.fq.gz	SRR11047632_R1.fq.gz	0.0914391	0	79083/1000000
ERR2784741_R1.fq.gz	SRR11047632_R1.fq.gz	0.0819434	0	98250/1000000
ERR2784742_R1.fq.gz	SRR11047632_R1.fq.gz	0.084417	0	92815/1000000
ERR2784743_R1.fq.gz	SRR11047632_R1.fq.gz	0.0856987	0	90128/1000000
ERR2784752_R1.fq.gz	SRR11047632_R1.fq.gz	0.0678881	0	136591/1000000
ERR2784753_R1.fq.gz	SRR11047632_R1.fq.gz	0.0695398	0	131323/1000000
ERR2784754_R1.fq.gz	SRR11047632_R1.fq.gz	0.072045	0	123760/1000000
ERR2784755_R1.fq.gz	SRR11047632_R1.fq.gz	0.073253	0	120287/1000000
ERR2784756_R1.fq.gz	SRR11047632_R1.fq.gz	0.0788783	0	105471/1000000
ERR2784757_R1.fq.gz	SRR11047632_R1.fq.gz	0.0810035	0	100405/1000000
ERR2784759_R1.fq.gz	SRR11047632_R1.fq.gz	0.0847631	0	92081/1000000
ERR2784760_R1.fq.gz	SRR11047632_R1.fq.gz	0.086854	0	87778/1000000
ERR2784761_R1.fq.gz	SRR11047632_R1.fq.gz	0.088647	0	84261/1000000
ERR2784762_R1.fq.gz	SRR11047632_R1.fq.gz	0.0907826	0	80269/1000000
ERR2784763_R1.fq.gz	SRR11047632_R1.fq.gz	0.0918232	0	78398/1000000
ERR2784780_R1.fq.gz	SRR11047632_R1.fq.gz	0.070801	0	127453/1000000
ERR2784781_R1.fq.gz	SRR11047632_R1.fq.gz	0.0725707	0	122235/1000000
ERR2784782_R1.fq.gz	SRR11047632_R1.fq.gz	0.0752786	0	114703/1000000
ERR2784783_R1.fq.gz	SRR11047632_R1.fq.gz	0.0763475	0	111872/1000000
ERR2784796_R1.fq.gz	SRR11047632_R1.fq.gz	0.082282	0	97486/1000000
ERR2784797_R1.fq.gz	SRR11047632_R1.fq.gz	0.0850015	0	91579/1000000
ERR2784798_R1.fq.gz	SRR11047632_R1.fq.gz	0.0888864	0	83803/1000000
ERR2784799_R1.fq.gz	SRR11047632_R1.fq.gz	0.0907299	0	80365/1000000
ERR2784800_R1.fq.gz	SRR11047632_R1.fq.gz	0.109055	0	53325/1000000
ERR2784801_R1.fq.gz	SRR11047632_R1.fq.gz	0.114134	0	47673/1000000
ERR2784802_R1.fq.gz	SRR11047632_R1.fq.gz	0.119468	0	42407/1000000
ERR2784803_R1.fq.gz	SRR11047632_R1.fq.gz	0.12206	0	40070/1000000
ERR2784804_R1.fq.gz	SRR11047632_R1.fq.gz	0.155882	0	19302/1000000
ERR2784805_R1.fq.gz	SRR11047632_R1.fq.gz	0.162681	0	16691/1000000
ERR2784806_R1.fq.gz	SRR11047632_R1.fq.gz	0.219512	0	5002/1000000
ERR2784807_R1.fq.gz	SRR11047632_R1.fq.gz	0.226318	0	4333/1000000
ERR2784808_R1.fq.gz	SRR11047632_R1.fq.gz	0.0983789	0	67633/1000000
ERR2784809_R1.fq.gz	SRR11047632_R1.fq.gz	0.100655	0	64273/1000000
ERR2784810_R1.fq.gz	SRR11047632_R1.fq.gz	0.10284	0	61215/1000000
ERR2784811_R1.fq.gz	SRR11047632_R1.fq.gz	0.10397	0	59693/1000000
ERR2784816_R1.fq.gz	SRR11047632_R1.fq.gz	0.0763977	0	111741/1000000
ERR2784817_R1.fq.gz	SRR11047632_R1.fq.gz	0.0782438	0	107037/1000000
ERR2784818_R1.fq.gz	SRR11047632_R1.fq.gz	0.0815263	0	99200/1000000
ERR2784824_R1.fq.gz	SRR11047632_R1.fq.gz	0.0703258	0	128896/1000000
ERR2784826_R1.fq.gz	SRR11047632_R1.fq.gz	0.0742927	0	117384/1000000
ERR2784827_R1.fq.gz	SRR11047632_R1.fq.gz	0.0752964	0	114655/1000000
SRR11047625_R1.fq.gz	SRR11047632_R1.fq.gz	0.0735324	0	119499/1000000
SRR11047626_R1.fq.gz	SRR11047632_R1.fq.gz	0.0735556	0	119434/1000000
SRR11047627_R1.fq.gz	SRR11047632_R1.fq.gz	0.0722912	0	123043/1000000
SRR11047628_R1.fq.gz	SRR11047632_R1.fq.gz	0.062656	0	154912/1000000
SRR11047629_R1.fq.gz	SRR11047632_R1.fq.gz	0.0597703	0	166198/1000000
SRR11047631_R1.fq.gz	SRR11047632_R1.fq.gz	0.077838	0	108052/1000000
SRR11047632_R1.fq.gz	SRR11047632_R1.fq.gz	0	0	1000000/1000000
SRR11047633_R1.fq.gz	SRR11047632_R1.fq.gz	0.0621257	0	156919/1000000
SRR11047634_R1.fq.gz	SRR11047632_R1.fq.gz	0.0691267	0	132619/1000000
SRR11047635_R1.fq.gz	SRR11047632_R1.fq.gz	0.06204	0	157246/1000000
SRR11047636_R1.fq.gz	SRR11047632_R1.fq.gz	0.0686185	0	134233/1000000
SRR11047637_R1.fq.gz	SRR11047632_R1.fq.gz	0.0661169	0	142505/1000000
SRR11047639_R1.fq.gz	SRR11047632_R1.fq.gz	0.0580437	0	173399/1000000
SRR11047640_R1.fq.gz	SRR11047632_R1.fq.gz	0.0786835	0	105949/1000000
SRR11047641_R1.fq.gz	SRR11047632_R1.fq.gz	0.0553426	0	185395/1000000
SRR11047642_R1.fq.gz	SRR11047632_R1.fq.gz	0.0623842	0	155937/1000000
SRR11047643_R1.fq.gz	SRR11047632_R1.fq.gz	0.0580084	0	173550/1000000
SRR11047644_R1.fq.gz	SRR11047632_R1.fq.gz	0.0957377	0	71767/1000000
SRR11047645_R1.fq.gz	SRR11047632_R1.fq.gz	0.052353	0	199808/1000000
SRR11047647_R1.fq.gz	SRR11047632_R1.fq.gz	0.0616983	0	158558/1000000
SRR11047648_R1.fq.gz	SRR11047632_R1.fq.gz	0.0844165	0	92816/1000000
SRR11047649_R1.fq.gz	SRR11047632_R1.fq.gz	0.0694073	0	131737/1000000
SRR11047650_R1.fq.gz	SRR11047632_R1.fq.gz	0.053984	0	191790/1000000
SRR11047651_R1.fq.gz	SRR11047632_R1.fq.gz	0.0685251	0	134532/1000000
SRR11047653_R1.fq.gz	SRR11047632_R1.fq.gz	0.0742449	0	117516/1000000
SRR11047654_R1.fq.gz	SRR11047632_R1.fq.gz	0.0763525	0	111859/1000000
SRR11047655_R1.fq.gz	SRR11047632_R1.fq.gz	0.0618084	0	158134/1000000
SRR11047656_R1.fq.gz	SRR11047632_R1.fq.gz	0.0620395	0	157248/1000000
SRR11047657_R1.fq.gz	SRR11047632_R1.fq.gz	0.0571832	0	177121/1000000
SRR11047658_R1.fq.gz	SRR11047632_R1.fq.gz	0.0595404	0	167137/1000000
SRR11047659_R1.fq.gz	SRR11047632_R1.fq.gz	0.0657204	0	143868/1000000
SRR11047660_R1.fq.gz	SRR11047632_R1.fq.gz	0.0676801	0	137271/1000000
SRR11047661_R1.fq.gz	SRR11047632_R1.fq.gz	0.074344	0	117243/1000000
SRR11047662_R1.fq.gz	SRR11047632_R1.fq.gz	0.0548722	0	187581/1000000
SRR11047663_R1.fq.gz	SRR11047632_R1.fq.gz	0.0727088	0	121838/1000000
SRR11047664_R1.fq.gz	SRR11047632_R1.fq.gz	0.0649265	0	146641/1000000
SRR11047665_R1.fq.gz	SRR11047632_R1.fq.gz	0.0744364	0	116989/1000000
SRR11047666_R1.fq.gz	SRR11047632_R1.fq.gz	0.0716332	0	124969/1000000
SRR11047667_R1.fq.gz	SRR11047632_R1.fq.gz	0.0740438	0	118072/1000000
SRR11047668_R1.fq.gz	SRR11047632_R1.fq.gz	0.0710694	0	126646/1000000
SRR11047669_R1.fq.gz	SRR11047632_R1.fq.gz	0.0628494	0	154187/1000000
SRR11047670_R1.fq.gz	SRR11047632_R1.fq.gz	0.0714939	0	125381/1000000
SRR11047671_R1.fq.gz	SRR11047632_R1.fq.gz	0.0806034	0	101338/1000000
SRR11047672_R1.fq.gz	SRR11047632_R1.fq.gz	0.0591715	0	168656/1000000
SRR11047673_R1.fq.gz	SRR11047632_R1.fq.gz	0.0874367	0	86618/1000000
ERR2784728_R1.fq.gz	SRR11047633_R1.fq.gz	0.0656923	0	143965/1000000
ERR2784729_R1.fq.gz	SRR11047633_R1.fq.gz	0.0670066	0	139499/1000000
ERR2784730_R1.fq.gz	SRR11047633_R1.fq.gz	0.0690773	0	132775/1000000
ERR2784731_R1.fq.gz	SRR11047633_R1.fq.gz	0.0700152	0	129849/1000000
ERR2784741_R1.fq.gz	SRR11047633_R1.fq.gz	0.0550694	0	186661/1000000
ERR2784742_R1.fq.gz	SRR11047633_R1.fq.gz	0.0569204	0	178276/1000000
ERR2784743_R1.fq.gz	SRR11047633_R1.fq.gz	0.0579175	0	173939/1000000
ERR2784752_R1.fq.gz	SRR11047633_R1.fq.gz	0.0561983	0	181494/1000000
ERR2784753_R1.fq.gz	SRR11047633_R1.fq.gz	0.0568911	0	178405/1000000
ERR2784754_R1.fq.gz	SRR11047633_R1.fq.gz	0.0583533	0	172082/1000000
ERR2784755_R1.fq.gz	SRR11047633_R1.fq.gz	0.059151	0	168741/1000000
ERR2784756_R1.fq.gz	SRR11047633_R1.fq.gz	0.0656926	0	143964/1000000
ERR2784757_R1.fq.gz	SRR11047633_R1.fq.gz	0.0664669	0	141314/1000000
ERR2784759_R1.fq.gz	SRR11047633_R1.fq.gz	0.0685357	0	134498/1000000
ERR2784760_R1.fq.gz	SRR11047633_R1.fq.gz	0.0635295	0	151669/1000000
ERR2784761_R1.fq.gz	SRR11047633_R1.fq.gz	0.0644049	0	148496/1000000
ERR2784762_R1.fq.gz	SRR11047633_R1.fq.gz	0.0659316	0	143140/1000000
ERR2784763_R1.fq.gz	SRR11047633_R1.fq.gz	0.066581	0	140928/1000000
ERR2784780_R1.fq.gz	SRR11047633_R1.fq.gz	0.0708564	0	127286/1000000
ERR2784781_R1.fq.gz	SRR11047633_R1.fq.gz	0.071553	0	125206/1000000
ERR2784782_R1.fq.gz	SRR11047633_R1.fq.gz	0.0730422	0	120885/1000000
ERR2784783_R1.fq.gz	SRR11047633_R1.fq.gz	0.0740813	0	117968/1000000
ERR2784796_R1.fq.gz	SRR11047633_R1.fq.gz	0.0841643	0	93355/1000000
ERR2784797_R1.fq.gz	SRR11047633_R1.fq.gz	0.0860208	0	89466/1000000
ERR2784798_R1.fq.gz	SRR11047633_R1.fq.gz	0.0893006	0	83017/1000000
ERR2784799_R1.fq.gz	SRR11047633_R1.fq.gz	0.0909372	0	79988/1000000
ERR2784800_R1.fq.gz	SRR11047633_R1.fq.gz	0.10199	0	62385/1000000
ERR2784801_R1.fq.gz	SRR11047633_R1.fq.gz	0.106253	0	56740/1000000
ERR2784802_R1.fq.gz	SRR11047633_R1.fq.gz	0.111158	0	50904/1000000
ERR2784803_R1.fq.gz	SRR11047633_R1.fq.gz	0.113734	0	48094/1000000
ERR2784804_R1.fq.gz	SRR11047633_R1.fq.gz	0.161394	0	17156/1000000
ERR2784805_R1.fq.gz	SRR11047633_R1.fq.gz	0.16827	0	14815/1000000
ERR2784806_R1.fq.gz	SRR11047633_R1.fq.gz	0.220624	0	4886/1000000
ERR2784807_R1.fq.gz	SRR11047633_R1.fq.gz	0.227593	0	4218/1000000
ERR2784808_R1.fq.gz	SRR11047633_R1.fq.gz	0.0800762	0	102582/1000000
ERR2784809_R1.fq.gz	SRR11047633_R1.fq.gz	0.0815875	0	99060/1000000
ERR2784810_R1.fq.gz	SRR11047633_R1.fq.gz	0.0834508	0	94898/1000000
ERR2784811_R1.fq.gz	SRR11047633_R1.fq.gz	0.084168	0	93347/1000000
ERR2784816_R1.fq.gz	SRR11047633_R1.fq.gz	0.0756716	0	113653/1000000
ERR2784817_R1.fq.gz	SRR11047633_R1.fq.gz	0.0766863	0	110991/1000000
ERR2784818_R1.fq.gz	SRR11047633_R1.fq.gz	0.0785505	0	106277/1000000
ERR2784824_R1.fq.gz	SRR11047633_R1.fq.gz	0.0593901	0	167754/1000000
ERR2784826_R1.fq.gz	SRR11047633_R1.fq.gz	0.0618513	0	157969/1000000
ERR2784827_R1.fq.gz	SRR11047633_R1.fq.gz	0.0625491	0	155314/1000000
SRR11047625_R1.fq.gz	SRR11047633_R1.fq.gz	0.0669291	0	139758/1000000
SRR11047626_R1.fq.gz	SRR11047633_R1.fq.gz	0.0537303	0	193012/1000000
SRR11047627_R1.fq.gz	SRR11047633_R1.fq.gz	0.0884562	0	84628/1000000
SRR11047628_R1.fq.gz	SRR11047633_R1.fq.gz	0.0524981	0	199079/1000000
SRR11047629_R1.fq.gz	SRR11047633_R1.fq.gz	0.0582856	0	172369/1000000
SRR11047631_R1.fq.gz	SRR11047633_R1.fq.gz	0.0830432	0	95792/1000000
SRR11047632_R1.fq.gz	SRR11047633_R1.fq.gz	0.0621257	0	156919/1000000
SRR11047633_R1.fq.gz	SRR11047633_R1.fq.gz	0	0	1000000/1000000
SRR11047634_R1.fq.gz	SRR11047633_R1.fq.gz	0.0720285	0	123808/1000000
SRR11047635_R1.fq.gz	SRR11047633_R1.fq.gz	0.0599983	0	165273/1000000
SRR11047636_R1.fq.gz	SRR11047633_R1.fq.gz	0.078978	0	105227/1000000
SRR11047637_R1.fq.gz	SRR11047633_R1.fq.gz	0.0646399	0	147657/1000000
SRR11047639_R1.fq.gz	SRR11047633_R1.fq.gz	0.057693	0	174905/1000000
SRR11047640_R1.fq.gz	SRR11047633_R1.fq.gz	0.0858784	0	89758/1000000
SRR11047641_R1.fq.gz	SRR11047633_R1.fq.gz	0.0597193	0	166406/1000000
SRR11047642_R1.fq.gz	SRR11047633_R1.fq.gz	0.0651695	0	145786/1000000
SRR11047643_R1.fq.gz	SRR11047633_R1.fq.gz	0.0724615	0	122550/1000000
SRR11047644_R1.fq.gz	SRR11047633_R1.fq.gz	0.105662	0	57490/1000000
SRR11047645_R1.fq.gz	SRR11047633_R1.fq.gz	0.057056	0	177679/1000000
SRR11047647_R1.fq.gz	SRR11047633_R1.fq.gz	0.0618937	0	157806/1000000
SRR11047648_R1.fq.gz	SRR11047633_R1.fq.gz	0.0723792	0	122788/1000000
SRR11047649_R1.fq.gz	SRR11047633_R1.fq.gz	0.0661997	0	142222/1000000
SRR11047650_R1.fq.gz	SRR11047633_R1.fq.gz	0.0563051	0	181014/1000000
SRR11047651_R1.fq.gz	SRR11047633_R1.fq.gz	0.0622502	0	156445/1000000
SRR11047653_R1.fq.gz	SRR11047633_R1.fq.gz	0.0810109	0	100388/1000000
SRR11047654_R1.fq.gz	SRR11047633_R1.fq.gz	0.0659046	0	143233/1000000
SRR11047655_R1.fq.gz	SRR11047633_R1.fq.gz	0.0624468	0	155700/1000000
SRR11047656_R1.fq.gz	SRR11047633_R1.fq.gz	0.0630598	0	153403/1000000
SRR11047657_R1.fq.gz	SRR11047633_R1.fq.gz	0.0548944	0	187477/1000000
SRR11047658_R1.fq.gz	SRR11047633_R1.fq.gz	0.0583157	0	172241/1000000
SRR11047659_R1.fq.gz	SRR11047633_R1.fq.gz	0.0677968	0	136889/1000000
SRR11047660_R1.fq.gz	SRR11047633_R1.fq.gz	0.0691406	0	132575/1000000
SRR11047661_R1.fq.gz	SRR11047633_R1.fq.gz	0.0590191	0	169288/1000000
SRR11047662_R1.fq.gz	SRR11047633_R1.fq.gz	0.0620751	0	157112/1000000
SRR11047663_R1.fq.gz	SRR11047633_R1.fq.gz	0.0816492	0	98919/1000000
SRR11047664_R1.fq.gz	SRR11047633_R1.fq.gz	0.0609015	0	161666/1000000
SRR11047665_R1.fq.gz	SRR11047633_R1.fq.gz	0.0587225	0	170526/1000000
SRR11047666_R1.fq.gz	SRR11047633_R1.fq.gz	0.058777	0	170298/1000000
SRR11047667_R1.fq.gz	SRR11047633_R1.fq.gz	0.0650653	0	146152/1000000
SRR11047668_R1.fq.gz	SRR11047633_R1.fq.gz	0.0603991	0	163661/1000000
SRR11047669_R1.fq.gz	SRR11047633_R1.fq.gz	0.061123	0	160795/1000000
SRR11047670_R1.fq.gz	SRR11047633_R1.fq.gz	0.0642928	0	148898/1000000
SRR11047671_R1.fq.gz	SRR11047633_R1.fq.gz	0.0580987	0	173164/1000000
SRR11047672_R1.fq.gz	SRR11047633_R1.fq.gz	0.0585714	0	171161/1000000
SRR11047673_R1.fq.gz	SRR11047633_R1.fq.gz	0.0595878	0	166943/1000000
ERR2784728_R1.fq.gz	SRR11047634_R1.fq.gz	0.100421	0	64610/1000000
ERR2784729_R1.fq.gz	SRR11047634_R1.fq.gz	0.102163	0	62145/1000000
ERR2784730_R1.fq.gz	SRR11047634_R1.fq.gz	0.105351	0	57888/1000000
ERR2784731_R1.fq.gz	SRR11047634_R1.fq.gz	0.106649	0	56244/1000000
ERR2784741_R1.fq.gz	SRR11047634_R1.fq.gz	0.0899821	0	81741/1000000
ERR2784742_R1.fq.gz	SRR11047634_R1.fq.gz	0.0925471	0	77124/1000000
ERR2784743_R1.fq.gz	SRR11047634_R1.fq.gz	0.0937912	0	74986/1000000
ERR2784752_R1.fq.gz	SRR11047634_R1.fq.gz	0.0759078	0	113027/1000000
ERR2784753_R1.fq.gz	SRR11047634_R1.fq.gz	0.0772789	0	109468/1000000
ERR2784754_R1.fq.gz	SRR11047634_R1.fq.gz	0.0793235	0	104387/1000000
ERR2784755_R1.fq.gz	SRR11047634_R1.fq.gz	0.080364	0	101901/1000000
ERR2784756_R1.fq.gz	SRR11047634_R1.fq.gz	0.0940828	0	74494/1000000
ERR2784757_R1.fq.gz	SRR11047634_R1.fq.gz	0.0962241	0	70986/1000000
ERR2784759_R1.fq.gz	SRR11047634_R1.fq.gz	0.100682	0	64234/1000000
ERR2784760_R1.fq.gz	SRR11047634_R1.fq.gz	0.0992336	0	66350/1000000
ERR2784761_R1.fq.gz	SRR11047634_R1.fq.gz	0.100703	0	64205/1000000
ERR2784762_R1.fq.gz	SRR11047634_R1.fq.gz	0.102865	0	61180/1000000
ERR2784763_R1.fq.gz	SRR11047634_R1.fq.gz	0.103845	0	59860/1000000
ERR2784780_R1.fq.gz	SRR11047634_R1.fq.gz	0.0766886	0	110985/1000000
ERR2784781_R1.fq.gz	SRR11047634_R1.fq.gz	0.0782595	0	106998/1000000
ERR2784782_R1.fq.gz	SRR11047634_R1.fq.gz	0.0808049	0	100867/1000000
ERR2784783_R1.fq.gz	SRR11047634_R1.fq.gz	0.0821771	0	97722/1000000
ERR2784796_R1.fq.gz	SRR11047634_R1.fq.gz	0.0985249	0	67412/1000000
ERR2784797_R1.fq.gz	SRR11047634_R1.fq.gz	0.101707	0	62781/1000000
ERR2784798_R1.fq.gz	SRR11047634_R1.fq.gz	0.105434	0	57782/1000000
ERR2784799_R1.fq.gz	SRR11047634_R1.fq.gz	0.107522	0	55166/1000000
ERR2784800_R1.fq.gz	SRR11047634_R1.fq.gz	0.133578	0	31193/1000000
ERR2784801_R1.fq.gz	SRR11047634_R1.fq.gz	0.139107	0	27679/1000000
ERR2784802_R1.fq.gz	SRR11047634_R1.fq.gz	0.14543	0	24154/1000000
ERR2784803_R1.fq.gz	SRR11047634_R1.fq.gz	0.147947	0	22882/1000000
ERR2784804_R1.fq.gz	SRR11047634_R1.fq.gz	0.176946	0	12317/1000000
ERR2784805_R1.fq.gz	SRR11047634_R1.fq.gz	0.184925	0	10397/1000000
ERR2784806_R1.fq.gz	SRR11047634_R1.fq.gz	0.242992	0	3049/1000000
ERR2784807_R1.fq.gz	SRR11047634_R1.fq.gz	0.247532	0	2771/1000000
ERR2784808_R1.fq.gz	SRR11047634_R1.fq.gz	0.100935	0	63872/1000000
ERR2784809_R1.fq.gz	SRR11047634_R1.fq.gz	0.103075	0	60894/1000000
ERR2784810_R1.fq.gz	SRR11047634_R1.fq.gz	0.105524	0	57666/1000000
ERR2784811_R1.fq.gz	SRR11047634_R1.fq.gz	0.106746	0	56123/1000000
ERR2784816_R1.fq.gz	SRR11047634_R1.fq.gz	0.0851351	0	91299/1000000
ERR2784817_R1.fq.gz	SRR11047634_R1.fq.gz	0.0865603	0	88369/1000000
ERR2784818_R1.fq.gz	SRR11047634_R1.fq.gz	0.0884126	0	84712/1000000
ERR2784824_R1.fq.gz	SRR11047634_R1.fq.gz	0.0792735	0	104508/1000000
ERR2784826_R1.fq.gz	SRR11047634_R1.fq.gz	0.0821216	0	97847/1000000
ERR2784827_R1.fq.gz	SRR11047634_R1.fq.gz	0.082953	0	95991/1000000
SRR11047625_R1.fq.gz	SRR11047634_R1.fq.gz	0.0854219	0	90701/1000000
SRR11047626_R1.fq.gz	SRR11047634_R1.fq.gz	0.0884707	0	84600/1000000
SRR11047627_R1.fq.gz	SRR11047634_R1.fq.gz	0.0810324	0	100338/1000000
SRR11047628_R1.fq.gz	SRR11047634_R1.fq.gz	0.0715524	0	125208/1000000
SRR11047629_R1.fq.gz	SRR11047634_R1.fq.gz	0.0757247	0	113512/1000000
SRR11047631_R1.fq.gz	SRR11047634_R1.fq.gz	0.0742394	0	117531/1000000
SRR11047632_R1.fq.gz	SRR11047634_R1.fq.gz	0.0691267	0	132619/1000000
SRR11047633_R1.fq.gz	SRR11047634_R1.fq.gz	0.0720285	0	123808/1000000
SRR11047634_R1.fq.gz	SRR11047634_R1.fq.gz	0	0	1000000/1000000
SRR11047635_R1.fq.gz	SRR11047634_R1.fq.gz	0.0705764	0	128133/1000000
SRR11047636_R1.fq.gz	SRR11047634_R1.fq.gz	0.075796	0	113323/1000000
SRR11047637_R1.fq.gz	SRR11047634_R1.fq.gz	0.0664244	0	141458/1000000
SRR11047639_R1.fq.gz	SRR11047634_R1.fq.gz	0.0675811	0	137596/1000000
SRR11047640_R1.fq.gz	SRR11047634_R1.fq.gz	0.0876431	0	86211/1000000
SRR11047641_R1.fq.gz	SRR11047634_R1.fq.gz	0.0684845	0	134662/1000000
SRR11047642_R1.fq.gz	SRR11047634_R1.fq.gz	0.0751147	0	115144/1000000
SRR11047643_R1.fq.gz	SRR11047634_R1.fq.gz	0.070413	0	128630/1000000
SRR11047644_R1.fq.gz	SRR11047634_R1.fq.gz	0.0967548	0	70144/1000000
SRR11047645_R1.fq.gz	SRR11047634_R1.fq.gz	0.061812	0	158120/1000000
SRR11047647_R1.fq.gz	SRR11047634_R1.fq.gz	0.072153	0	123445/1000000
SRR11047648_R1.fq.gz	SRR11047634_R1.fq.gz	0.0950287	0	72922/1000000
SRR11047649_R1.fq.gz	SRR11047634_R1.fq.gz	0.0854123	0	90721/1000000
SRR11047650_R1.fq.gz	SRR11047634_R1.fq.gz	0.0697545	0	130655/1000000
SRR11047651_R1.fq.gz	SRR11047634_R1.fq.gz	0.0864506	0	88591/1000000
SRR11047653_R1.fq.gz	SRR11047634_R1.fq.gz	0.0736826	0	119078/1000000
SRR11047654_R1.fq.gz	SRR11047634_R1.fq.gz	0.0897635	0	82148/1000000
SRR11047655_R1.fq.gz	SRR11047634_R1.fq.gz	0.0696608	0	130946/1000000
SRR11047656_R1.fq.gz	SRR11047634_R1.fq.gz	0.0755034	0	114101/1000000
SRR11047657_R1.fq.gz	SRR11047634_R1.fq.gz	0.0707467	0	127617/1000000
SRR11047658_R1.fq.gz	SRR11047634_R1.fq.gz	0.0640659	0	149716/1000000
SRR11047659_R1.fq.gz	SRR11047634_R1.fq.gz	0.0692388	0	132266/1000000
SRR11047660_R1.fq.gz	SRR11047634_R1.fq.gz	0.0729268	0	121214/1000000
SRR11047661_R1.fq.gz	SRR11047634_R1.fq.gz	0.0814787	0	99309/1000000
SRR11047662_R1.fq.gz	SRR11047634_R1.fq.gz	0.0633357	0	152382/1000000
SRR11047663_R1.fq.gz	SRR11047634_R1.fq.gz	0.0739066	0	118453/1000000
SRR11047664_R1.fq.gz	SRR11047634_R1.fq.gz	0.0700861	0	129631/1000000
SRR11047665_R1.fq.gz	SRR11047634_R1.fq.gz	0.0872726	0	86943/1000000
SRR11047666_R1.fq.gz	SRR11047634_R1.fq.gz	0.0810277	0	100349/1000000
SRR11047667_R1.fq.gz	SRR11047634_R1.fq.gz	0.0846397	0	92342/1000000
SRR11047668_R1.fq.gz	SRR11047634_R1.fq.gz	0.0760991	0	112523/1000000
SRR11047669_R1.fq.gz	SRR11047634_R1.fq.gz	0.0704451	0	128532/1000000
SRR11047670_R1.fq.gz	SRR11047634_R1.fq.gz	0.0781343	0	107310/1000000
SRR11047671_R1.fq.gz	SRR11047634_R1.fq.gz	0.0853258	0	90901/1000000
SRR11047672_R1.fq.gz	SRR11047634_R1.fq.gz	0.069693	0	130846/1000000
SRR11047673_R1.fq.gz	SRR11047634_R1.fq.gz	0.094068	0	74519/1000000
ERR2784728_R1.fq.gz	SRR11047635_R1.fq.gz	0.0693336	0	131968/1000000
ERR2784729_R1.fq.gz	SRR11047635_R1.fq.gz	0.0705714	0	128148/1000000
ERR2784730_R1.fq.gz	SRR11047635_R1.fq.gz	0.0724587	0	122558/1000000
ERR2784731_R1.fq.gz	SRR11047635_R1.fq.gz	0.0734365	0	119769/1000000
ERR2784741_R1.fq.gz	SRR11047635_R1.fq.gz	0.0661854	0	142271/1000000
ERR2784742_R1.fq.gz	SRR11047635_R1.fq.gz	0.0675422	0	137724/1000000
ERR2784743_R1.fq.gz	SRR11047635_R1.fq.gz	0.068302	0	135249/1000000
ERR2784752_R1.fq.gz	SRR11047635_R1.fq.gz	0.0659569	0	143053/1000000
ERR2784753_R1.fq.gz	SRR11047635_R1.fq.gz	0.0670432	0	139377/1000000
ERR2784754_R1.fq.gz	SRR11047635_R1.fq.gz	0.0684693	0	134711/1000000
ERR2784755_R1.fq.gz	SRR11047635_R1.fq.gz	0.0694642	0	131559/1000000
ERR2784756_R1.fq.gz	SRR11047635_R1.fq.gz	0.0671673	0	138964/1000000
ERR2784757_R1.fq.gz	SRR11047635_R1.fq.gz	0.0677345	0	137093/1000000
ERR2784759_R1.fq.gz	SRR11047635_R1.fq.gz	0.0693289	0	131983/1000000
ERR2784760_R1.fq.gz	SRR11047635_R1.fq.gz	0.0676228	0	137459/1000000
ERR2784761_R1.fq.gz	SRR11047635_R1.fq.gz	0.0687124	0	133933/1000000
ERR2784762_R1.fq.gz	SRR11047635_R1.fq.gz	0.0703252	0	128898/1000000
ERR2784763_R1.fq.gz	SRR11047635_R1.fq.gz	0.0710891	0	126587/1000000
ERR2784780_R1.fq.gz	SRR11047635_R1.fq.gz	0.0750695	0	115266/1000000
ERR2784781_R1.fq.gz	SRR11047635_R1.fq.gz	0.0757911	0	113336/1000000
ERR2784782_R1.fq.gz	SRR11047635_R1.fq.gz	0.0774234	0	109100/1000000
ERR2784783_R1.fq.gz	SRR11047635_R1.fq.gz	0.078309	0	106875/1000000
ERR2784796_R1.fq.gz	SRR11047635_R1.fq.gz	0.0936384	0	75245/1000000
ERR2784797_R1.fq.gz	SRR11047635_R1.fq.gz	0.0950726	0	72850/1000000
ERR2784798_R1.fq.gz	SRR11047635_R1.fq.gz	0.0979929	0	68221/1000000
ERR2784799_R1.fq.gz	SRR11047635_R1.fq.gz	0.0994827	0	65981/1000000
ERR2784800_R1.fq.gz	SRR11047635_R1.fq.gz	0.109741	0	52522/1000000
ERR2784801_R1.fq.gz	SRR11047635_R1.fq.gz	0.114118	0	47690/1000000
ERR2784802_R1.fq.gz	SRR11047635_R1.fq.gz	0.119432	0	42440/1000000
ERR2784803_R1.fq.gz	SRR11047635_R1.fq.gz	0.121859	0	40247/1000000
ERR2784804_R1.fq.gz	SRR11047635_R1.fq.gz	0.162801	0	16648/1000000
ERR2784805_R1.fq.gz	SRR11047635_R1.fq.gz	0.169353	0	14477/1000000
ERR2784806_R1.fq.gz	SRR11047635_R1.fq.gz	0.222262	0	4720/1000000
ERR2784807_R1.fq.gz	SRR11047635_R1.fq.gz	0.230395	0	3976/1000000
ERR2784808_R1.fq.gz	SRR11047635_R1.fq.gz	0.0717088	0	124746/1000000
ERR2784809_R1.fq.gz	SRR11047635_R1.fq.gz	0.0729987	0	121009/1000000
ERR2784810_R1.fq.gz	SRR11047635_R1.fq.gz	0.0745598	0	116651/1000000
ERR2784811_R1.fq.gz	SRR11047635_R1.fq.gz	0.0752596	0	114754/1000000
ERR2784816_R1.fq.gz	SRR11047635_R1.fq.gz	0.0749223	0	115664/1000000
ERR2784817_R1.fq.gz	SRR11047635_R1.fq.gz	0.0759101	0	113021/1000000
ERR2784818_R1.fq.gz	SRR11047635_R1.fq.gz	0.0782475	0	107028/1000000
ERR2784824_R1.fq.gz	SRR11047635_R1.fq.gz	0.0692461	0	132243/1000000
ERR2784826_R1.fq.gz	SRR11047635_R1.fq.gz	0.0713209	0	125895/1000000
ERR2784827_R1.fq.gz	SRR11047635_R1.fq.gz	0.0719297	0	124097/1000000
SRR11047625_R1.fq.gz	SRR11047635_R1.fq.gz	0.073467	0	119683/1000000
SRR11047626_R1.fq.gz	SRR11047635_R1.fq.gz	0.0647643	0	147215/1000000
SRR11047627_R1.fq.gz	SRR11047635_R1.fq.gz	0.0957687	0	71717/1000000
SRR11047628_R1.fq.gz	SRR11047635_R1.fq.gz	0.0562548	0	181240/1000000
SRR11047629_R1.fq.gz	SRR11047635_R1.fq.gz	0.0649025	0	146726/1000000
SRR11047631_R1.fq.gz	SRR11047635_R1.fq.gz	0.0824828	0	97036/1000000
SRR11047632_R1.fq.gz	SRR11047635_R1.fq.gz	0.06204	0	157246/1000000
SRR11047633_R1.fq.gz	SRR11047635_R1.fq.gz	0.0599983	0	165273/1000000
SRR11047634_R1.fq.gz	SRR11047635_R1.fq.gz	0.0705764	0	128133/1000000
SRR11047635_R1.fq.gz	SRR11047635_R1.fq.gz	0	0	1000000/1000000
SRR11047636_R1.fq.gz	SRR11047635_R1.fq.gz	0.0734716	0	119670/1000000
SRR11047637_R1.fq.gz	SRR11047635_R1.fq.gz	0.0698594	0	130330/1000000
SRR11047639_R1.fq.gz	SRR11047635_R1.fq.gz	0.0511071	0	206197/1000000
SRR11047640_R1.fq.gz	SRR11047635_R1.fq.gz	0.0889972	0	83592/1000000
SRR11047641_R1.fq.gz	SRR11047635_R1.fq.gz	0.068105	0	135886/1000000
SRR11047642_R1.fq.gz	SRR11047635_R1.fq.gz	0.0688406	0	133525/1000000
SRR11047643_R1.fq.gz	SRR11047635_R1.fq.gz	0.0670099	0	139488/1000000
SRR11047644_R1.fq.gz	SRR11047635_R1.fq.gz	0.103222	0	60696/1000000
SRR11047645_R1.fq.gz	SRR11047635_R1.fq.gz	0.0589869	0	169422/1000000
SRR11047647_R1.fq.gz	SRR11047635_R1.fq.gz	0.0690643	0	132816/1000000
SRR11047648_R1.fq.gz	SRR11047635_R1.fq.gz	0.0725097	0	122411/1000000
SRR11047649_R1.fq.gz	SRR11047635_R1.fq.gz	0.061675	0	158648/1000000
SRR11047650_R1.fq.gz	SRR11047635_R1.fq.gz	0.0583356	0	172157/1000000
SRR11047651_R1.fq.gz	SRR11047635_R1.fq.gz	0.0596688	0	166612/1000000
SRR11047653_R1.fq.gz	SRR11047635_R1.fq.gz	0.0793128	0	104413/1000000
SRR11047654_R1.fq.gz	SRR11047635_R1.fq.gz	0.06761	0	137501/1000000
SRR11047655_R1.fq.gz	SRR11047635_R1.fq.gz	0.0652797	0	145400/1000000
SRR11047656_R1.fq.gz	SRR11047635_R1.fq.gz	0.0676807	0	137269/1000000
SRR11047657_R1.fq.gz	SRR11047635_R1.fq.gz	0.0582331	0	172592/1000000
SRR11047658_R1.fq.gz	SRR11047635_R1.fq.gz	0.0609205	0	161591/1000000
SRR11047659_R1.fq.gz	SRR11047635_R1.fq.gz	0.0578172	0	174370/1000000
SRR11047660_R1.fq.gz	SRR11047635_R1.fq.gz	0.0702725	0	129059/1000000
SRR11047661_R1.fq.gz	SRR11047635_R1.fq.gz	0.0574128	0	176119/1000000
SRR11047662_R1.fq.gz	SRR11047635_R1.fq.gz	0.0702925	0	128998/1000000
SRR11047663_R1.fq.gz	SRR11047635_R1.fq.gz	0.0711299	0	126465/1000000
SRR11047664_R1.fq.gz	SRR11047635_R1.fq.gz	0.0596587	0	166653/1000000
SRR11047665_R1.fq.gz	SRR11047635_R1.fq.gz	0.0657412	0	143796/1000000
SRR11047666_R1.fq.gz	SRR11047635_R1.fq.gz	0.0636445	0	151248/1000000
SRR11047667_R1.fq.gz	SRR11047635_R1.fq.gz	0.0644094	0	148480/1000000
SRR11047668_R1.fq.gz	SRR11047635_R1.fq.gz	0.0647252	0	147354/1000000
SRR11047669_R1.fq.gz	SRR11047635_R1.fq.gz	0.0678989	0	136556/1000000
SRR11047670_R1.fq.gz	SRR11047635_R1.fq.gz	0.0619477	0	157599/1000000
SRR11047671_R1.fq.gz	SRR11047635_R1.fq.gz	0.0591432	0	168773/1000000
SRR11047672_R1.fq.gz	SRR11047635_R1.fq.gz	0.0604447	0	163479/1000000
SRR11047673_R1.fq.gz	SRR11047635_R1.fq.gz	0.072456	0	122566/1000000
ERR2784728_R1.fq.gz	SRR11047636_R1.fq.gz	0.0973792	0	69167/1000000
ERR2784729_R1.fq.gz	SRR11047636_R1.fq.gz	0.0985931	0	67309/1000000
ERR2784730_R1.fq.gz	SRR11047636_R1.fq.gz	0.100673	0	64248/1000000
ERR2784731_R1.fq.gz	SRR11047636_R1.fq.gz	0.101381	0	63240/1000000
ERR2784741_R1.fq.gz	SRR11047636_R1.fq.gz	0.0904533	0	80871/1000000
ERR2784742_R1.fq.gz	SRR11047636_R1.fq.gz	0.0922085	0	77717/1000000
ERR2784743_R1.fq.gz	SRR11047636_R1.fq.gz	0.0934417	0	75580/1000000
ERR2784752_R1.fq.gz	SRR11047636_R1.fq.gz	0.0805847	0	101382/1000000
ERR2784753_R1.fq.gz	SRR11047636_R1.fq.gz	0.0819041	0	98339/1000000
ERR2784754_R1.fq.gz	SRR11047636_R1.fq.gz	0.0839981	0	93712/1000000
ERR2784755_R1.fq.gz	SRR11047636_R1.fq.gz	0.0850463	0	91485/1000000
ERR2784756_R1.fq.gz	SRR11047636_R1.fq.gz	0.0844894	0	92661/1000000
ERR2784757_R1.fq.gz	SRR11047636_R1.fq.gz	0.0858862	0	89742/1000000
ERR2784759_R1.fq.gz	SRR11047636_R1.fq.gz	0.0895674	0	82515/1000000
ERR2784760_R1.fq.gz	SRR11047636_R1.fq.gz	0.0910758	0	79737/1000000
ERR2784761_R1.fq.gz	SRR11047636_R1.fq.gz	0.092515	0	77180/1000000
ERR2784762_R1.fq.gz	SRR11047636_R1.fq.gz	0.0946187	0	73599/1000000
ERR2784763_R1.fq.gz	SRR11047636_R1.fq.gz	0.0957904	0	71682/1000000
ERR2784780_R1.fq.gz	SRR11047636_R1.fq.gz	0.0878655	0	85775/1000000
ERR2784781_R1.fq.gz	SRR11047636_R1.fq.gz	0.0891779	0	83249/1000000
ERR2784782_R1.fq.gz	SRR11047636_R1.fq.gz	0.0914313	0	79097/1000000
ERR2784783_R1.fq.gz	SRR11047636_R1.fq.gz	0.092659	0	76929/1000000
ERR2784796_R1.fq.gz	SRR11047636_R1.fq.gz	0.0944731	0	73841/1000000
ERR2784797_R1.fq.gz	SRR11047636_R1.fq.gz	0.0969443	0	69846/1000000
ERR2784798_R1.fq.gz	SRR11047636_R1.fq.gz	0.100427	0	64602/1000000
ERR2784799_R1.fq.gz	SRR11047636_R1.fq.gz	0.102086	0	62252/1000000
ERR2784800_R1.fq.gz	SRR11047636_R1.fq.gz	0.130791	0	33135/1000000
ERR2784801_R1.fq.gz	SRR11047636_R1.fq.gz	0.136309	0	29403/1000000
ERR2784802_R1.fq.gz	SRR11047636_R1.fq.gz	0.14195	0	26033/1000000
ERR2784803_R1.fq.gz	SRR11047636_R1.fq.gz	0.144413	0	24688/1000000
ERR2784804_R1.fq.gz	SRR11047636_R1.fq.gz	0.17244	0	13556/1000000
ERR2784805_R1.fq.gz	SRR11047636_R1.fq.gz	0.179124	0	11760/1000000
ERR2784806_R1.fq.gz	SRR11047636_R1.fq.gz	0.236161	0	3521/1000000
ERR2784807_R1.fq.gz	SRR11047636_R1.fq.gz	0.243039	0	3046/1000000
ERR2784808_R1.fq.gz	SRR11047636_R1.fq.gz	0.100737	0	64155/1000000
ERR2784809_R1.fq.gz	SRR11047636_R1.fq.gz	0.102822	0	61239/1000000
ERR2784810_R1.fq.gz	SRR11047636_R1.fq.gz	0.104852	0	58534/1000000
ERR2784811_R1.fq.gz	SRR11047636_R1.fq.gz	0.106022	0	57032/1000000
ERR2784816_R1.fq.gz	SRR11047636_R1.fq.gz	0.090077	0	81565/1000000
ERR2784817_R1.fq.gz	SRR11047636_R1.fq.gz	0.0916254	0	78750/1000000
ERR2784818_R1.fq.gz	SRR11047636_R1.fq.gz	0.094364	0	74023/1000000
ERR2784824_R1.fq.gz	SRR11047636_R1.fq.gz	0.0866853	0	88117/1000000
ERR2784826_R1.fq.gz	SRR11047636_R1.fq.gz	0.090203	0	81332/1000000
ERR2784827_R1.fq.gz	SRR11047636_R1.fq.gz	0.0912282	0	79462/1000000
SRR11047625_R1.fq.gz	SRR11047636_R1.fq.gz	0.0701121	0	129551/1000000
SRR11047626_R1.fq.gz	SRR11047636_R1.fq.gz	0.0811932	0	99966/1000000
SRR11047627_R1.fq.gz	SRR11047636_R1.fq.gz	0.0821966	0	97678/1000000
SRR11047628_R1.fq.gz	SRR11047636_R1.fq.gz	0.0725929	0	122171/1000000
SRR11047629_R1.fq.gz	SRR11047636_R1.fq.gz	0.0664306	0	141437/1000000
SRR11047631_R1.fq.gz	SRR11047636_R1.fq.gz	0.0807441	0	101009/1000000
SRR11047632_R1.fq.gz	SRR11047636_R1.fq.gz	0.0686185	0	134233/1000000
SRR11047633_R1.fq.gz	SRR11047636_R1.fq.gz	0.078978	0	105227/1000000
SRR11047634_R1.fq.gz	SRR11047636_R1.fq.gz	0.075796	0	113323/1000000
SRR11047635_R1.fq.gz	SRR11047636_R1.fq.gz	0.0734716	0	119670/1000000
SRR11047636_R1.fq.gz	SRR11047636_R1.fq.gz	0	0	1000000/1000000
SRR11047637_R1.fq.gz	SRR11047636_R1.fq.gz	0.0742434	0	117520/1000000
SRR11047639_R1.fq.gz	SRR11047636_R1.fq.gz	0.0648256	0	146998/1000000
SRR11047640_R1.fq.gz	SRR11047636_R1.fq.gz	0.0872454	0	86997/1000000
SRR11047641_R1.fq.gz	SRR11047636_R1.fq.gz	0.0779424	0	107790/1000000
SRR11047642_R1.fq.gz	SRR11047636_R1.fq.gz	0.0759605	0	112888/1000000
SRR11047643_R1.fq.gz	SRR11047636_R1.fq.gz	0.0748022	0	115990/1000000
SRR11047644_R1.fq.gz	SRR11047636_R1.fq.gz	0.0905226	0	80744/1000000
SRR11047645_R1.fq.gz	SRR11047636_R1.fq.gz	0.069822	0	130446/1000000
SRR11047647_R1.fq.gz	SRR11047636_R1.fq.gz	0.0685869	0	134334/1000000
SRR11047648_R1.fq.gz	SRR11047636_R1.fq.gz	0.0894205	0	82791/1000000
SRR11047649_R1.fq.gz	SRR11047636_R1.fq.gz	0.0875132	0	86467/1000000
SRR11047650_R1.fq.gz	SRR11047636_R1.fq.gz	0.0671624	0	138980/1000000
SRR11047651_R1.fq.gz	SRR11047636_R1.fq.gz	0.0741894	0	117669/1000000
SRR11047653_R1.fq.gz	SRR11047636_R1.fq.gz	0.0738007	0	118748/1000000
SRR11047654_R1.fq.gz	SRR11047636_R1.fq.gz	0.0785861	0	106189/1000000
SRR11047655_R1.fq.gz	SRR11047636_R1.fq.gz	0.0742372	0	117537/1000000
SRR11047656_R1.fq.gz	SRR11047636_R1.fq.gz	0.0685073	0	134589/1000000
SRR11047657_R1.fq.gz	SRR11047636_R1.fq.gz	0.0700272	0	129812/1000000
SRR11047658_R1.fq.gz	SRR11047636_R1.fq.gz	0.0674888	0	137900/1000000
SRR11047659_R1.fq.gz	SRR11047636_R1.fq.gz	0.0668888	0	139893/1000000
SRR11047660_R1.fq.gz	SRR11047636_R1.fq.gz	0.0786559	0	106017/1000000
SRR11047661_R1.fq.gz	SRR11047636_R1.fq.gz	0.0769894	0	110209/1000000
SRR11047662_R1.fq.gz	SRR11047636_R1.fq.gz	0.0698216	0	130447/1000000
SRR11047663_R1.fq.gz	SRR11047636_R1.fq.gz	0.0753699	0	114458/1000000
SRR11047664_R1.fq.gz	SRR11047636_R1.fq.gz	0.070814	0	127414/1000000
SRR11047665_R1.fq.gz	SRR11047636_R1.fq.gz	0.0795875	0	103750/1000000
SRR11047666_R1.fq.gz	SRR11047636_R1.fq.gz	0.0820424	0	98026/1000000
SRR11047667_R1.fq.gz	SRR11047636_R1.fq.gz	0.0780694	0	107472/1000000
SRR11047668_R1.fq.gz	SRR11047636_R1.fq.gz	0.078686	0	105943/1000000
SRR11047669_R1.fq.gz	SRR11047636_R1.fq.gz	0.0763755	0	111799/1000000
SRR11047670_R1.fq.gz	SRR11047636_R1.fq.gz	0.0746161	0	116497/1000000
SRR11047671_R1.fq.gz	SRR11047636_R1.fq.gz	0.0826441	0	96676/1000000
SRR11047672_R1.fq.gz	SRR11047636_R1.fq.gz	0.0699067	0	130184/1000000
SRR11047673_R1.fq.gz	SRR11047636_R1.fq.gz	0.0875563	0	86382/1000000
ERR2784728_R1.fq.gz	SRR11047637_R1.fq.gz	0.0810812	0	100225/1000000
ERR2784729_R1.fq.gz	SRR11047637_R1.fq.gz	0.082632	0	96703/1000000
ERR2784730_R1.fq.gz	SRR11047637_R1.fq.gz	0.0848228	0	91955/1000000
ERR2784731_R1.fq.gz	SRR11047637_R1.fq.gz	0.0858653	0	89785/1000000
ERR2784741_R1.fq.gz	SRR11047637_R1.fq.gz	0.0690902	0	132734/1000000
ERR2784742_R1.fq.gz	SRR11047637_R1.fq.gz	0.0713199	0	125898/1000000
ERR2784743_R1.fq.gz	SRR11047637_R1.fq.gz	0.0724359	0	122624/1000000
ERR2784752_R1.fq.gz	SRR11047637_R1.fq.gz	0.0611621	0	160642/1000000
ERR2784753_R1.fq.gz	SRR11047637_R1.fq.gz	0.0622702	0	156369/1000000
ERR2784754_R1.fq.gz	SRR11047637_R1.fq.gz	0.0639479	0	150143/1000000
ERR2784755_R1.fq.gz	SRR11047637_R1.fq.gz	0.0648524	0	146903/1000000
ERR2784756_R1.fq.gz	SRR11047637_R1.fq.gz	0.0685756	0	134370/1000000
ERR2784757_R1.fq.gz	SRR11047637_R1.fq.gz	0.0698491	0	130362/1000000
ERR2784759_R1.fq.gz	SRR11047637_R1.fq.gz	0.072611	0	122119/1000000
ERR2784760_R1.fq.gz	SRR11047637_R1.fq.gz	0.0779061	0	107881/1000000
ERR2784761_R1.fq.gz	SRR11047637_R1.fq.gz	0.0788542	0	105530/1000000
ERR2784762_R1.fq.gz	SRR11047637_R1.fq.gz	0.0804497	0	101699/1000000
ERR2784763_R1.fq.gz	SRR11047637_R1.fq.gz	0.0811227	0	100129/1000000
ERR2784780_R1.fq.gz	SRR11047637_R1.fq.gz	0.0740643	0	118015/1000000
ERR2784781_R1.fq.gz	SRR11047637_R1.fq.gz	0.0754181	0	114329/1000000
ERR2784782_R1.fq.gz	SRR11047637_R1.fq.gz	0.0775385	0	108808/1000000
ERR2784783_R1.fq.gz	SRR11047637_R1.fq.gz	0.0788574	0	105522/1000000
ERR2784796_R1.fq.gz	SRR11047637_R1.fq.gz	0.0788783	0	105471/1000000
ERR2784797_R1.fq.gz	SRR11047637_R1.fq.gz	0.0808131	0	100848/1000000
ERR2784798_R1.fq.gz	SRR11047637_R1.fq.gz	0.0841144	0	93462/1000000
ERR2784799_R1.fq.gz	SRR11047637_R1.fq.gz	0.085991	0	89527/1000000
ERR2784800_R1.fq.gz	SRR11047637_R1.fq.gz	0.11734	0	44431/1000000
ERR2784801_R1.fq.gz	SRR11047637_R1.fq.gz	0.123447	0	38875/1000000
ERR2784802_R1.fq.gz	SRR11047637_R1.fq.gz	0.129906	0	33778/1000000
ERR2784803_R1.fq.gz	SRR11047637_R1.fq.gz	0.132572	0	31880/1000000
ERR2784804_R1.fq.gz	SRR11047637_R1.fq.gz	0.163126	0	16533/1000000
ERR2784805_R1.fq.gz	SRR11047637_R1.fq.gz	0.170506	0	14126/1000000
ERR2784806_R1.fq.gz	SRR11047637_R1.fq.gz	0.227875	0	4193/1000000
ERR2784807_R1.fq.gz	SRR11047637_R1.fq.gz	0.233032	0	3761/1000000
ERR2784808_R1.fq.gz	SRR11047637_R1.fq.gz	0.0861216	0	89260/1000000
ERR2784809_R1.fq.gz	SRR11047637_R1.fq.gz	0.0873528	0	86784/1000000
ERR2784810_R1.fq.gz	SRR11047637_R1.fq.gz	0.0890219	0	83545/1000000
ERR2784811_R1.fq.gz	SRR11047637_R1.fq.gz	0.0895216	0	82601/1000000
ERR2784816_R1.fq.gz	SRR11047637_R1.fq.gz	0.0799858	0	102797/1000000
ERR2784817_R1.fq.gz	SRR11047637_R1.fq.gz	0.0813646	0	99571/1000000
ERR2784818_R1.fq.gz	SRR11047637_R1.fq.gz	0.0834348	0	94933/1000000
ERR2784824_R1.fq.gz	SRR11047637_R1.fq.gz	0.0697358	0	130713/1000000
ERR2784826_R1.fq.gz	SRR11047637_R1.fq.gz	0.0726124	0	122115/1000000
ERR2784827_R1.fq.gz	SRR11047637_R1.fq.gz	0.0734152	0	119829/1000000
SRR11047625_R1.fq.gz	SRR11047637_R1.fq.gz	0.0755244	0	114045/1000000
SRR11047626_R1.fq.gz	SRR11047637_R1.fq.gz	0.0685391	0	134487/1000000
SRR11047627_R1.fq.gz	SRR11047637_R1.fq.gz	0.0833309	0	95160/1000000
SRR11047628_R1.fq.gz	SRR11047637_R1.fq.gz	0.0642514	0	149047/1000000
SRR11047629_R1.fq.gz	SRR11047637_R1.fq.gz	0.0642951	0	148890/1000000
SRR11047631_R1.fq.gz	SRR11047637_R1.fq.gz	0.0825611	0	96861/1000000
SRR11047632_R1.fq.gz	SRR11047637_R1.fq.gz	0.0661169	0	142505/1000000
SRR11047633_R1.fq.gz	SRR11047637_R1.fq.gz	0.0646399	0	147657/1000000
SRR11047634_R1.fq.gz	SRR11047637_R1.fq.gz	0.0664244	0	141458/1000000
SRR11047635_R1.fq.gz	SRR11047637_R1.fq.gz	0.0698594	0	130330/1000000
SRR11047636_R1.fq.gz	SRR11047637_R1.fq.gz	0.0742434	0	117520/1000000
SRR11047637_R1.fq.gz	SRR11047637_R1.fq.gz	0	0	1000000/1000000
SRR11047639_R1.fq.gz	SRR11047637_R1.fq.gz	0.0636636	0	151178/1000000
SRR11047640_R1.fq.gz	SRR11047637_R1.fq.gz	0.102602	0	61540/1000000
SRR11047641_R1.fq.gz	SRR11047637_R1.fq.gz	0.065021	0	146308/1000000
SRR11047642_R1.fq.gz	SRR11047637_R1.fq.gz	0.0642981	0	148879/1000000
SRR11047643_R1.fq.gz	SRR11047637_R1.fq.gz	0.0745883	0	116573/1000000
SRR11047644_R1.fq.gz	SRR11047637_R1.fq.gz	0.10831	0	54211/1000000
SRR11047645_R1.fq.gz	SRR11047637_R1.fq.gz	0.0621306	0	156900/1000000
SRR11047647_R1.fq.gz	SRR11047637_R1.fq.gz	0.0635361	0	151645/1000000
SRR11047648_R1.fq.gz	SRR11047637_R1.fq.gz	0.0900721	0	81574/1000000
SRR11047649_R1.fq.gz	SRR11047637_R1.fq.gz	0.0748169	0	115950/1000000
SRR11047650_R1.fq.gz	SRR11047637_R1.fq.gz	0.0633251	0	152421/1000000
SRR11047651_R1.fq.gz	SRR11047637_R1.fq.gz	0.0666326	0	140754/1000000
SRR11047653_R1.fq.gz	SRR11047637_R1.fq.gz	0.0849705	0	91644/1000000
SRR11047654_R1.fq.gz	SRR11047637_R1.fq.gz	0.0776892	0	108427/1000000
SRR11047655_R1.fq.gz	SRR11047637_R1.fq.gz	0.0651812	0	145745/1000000
SRR11047656_R1.fq.gz	SRR11047637_R1.fq.gz	0.0745192	0	116762/1000000
SRR11047657_R1.fq.gz	SRR11047637_R1.fq.gz	0.0564082	0	180552/1000000
SRR11047658_R1.fq.gz	SRR11047637_R1.fq.gz	0.063444	0	151983/1000000
SRR11047659_R1.fq.gz	SRR11047637_R1.fq.gz	0.069166	0	132495/1000000
SRR11047660_R1.fq.gz	SRR11047637_R1.fq.gz	0.0633056	0	152493/1000000
SRR11047661_R1.fq.gz	SRR11047637_R1.fq.gz	0.0750158	0	115411/1000000
SRR11047662_R1.fq.gz	SRR11047637_R1.fq.gz	0.057563	0	175467/1000000
SRR11047663_R1.fq.gz	SRR11047637_R1.fq.gz	0.0791455	0	104819/1000000
SRR11047664_R1.fq.gz	SRR11047637_R1.fq.gz	0.0759495	0	112917/1000000
SRR11047665_R1.fq.gz	SRR11047637_R1.fq.gz	0.0885903	0	84370/1000000
SRR11047666_R1.fq.gz	SRR11047637_R1.fq.gz	0.0754218	0	114319/1000000
SRR11047667_R1.fq.gz	SRR11047637_R1.fq.gz	0.0835798	0	94617/1000000
SRR11047668_R1.fq.gz	SRR11047637_R1.fq.gz	0.0778874	0	107928/1000000
SRR11047669_R1.fq.gz	SRR11047637_R1.fq.gz	0.0657183	0	143875/1000000
SRR11047670_R1.fq.gz	SRR11047637_R1.fq.gz	0.072931	0	121202/1000000
SRR11047671_R1.fq.gz	SRR11047637_R1.fq.gz	0.0782977	0	106903/1000000
SRR11047672_R1.fq.gz	SRR11047637_R1.fq.gz	0.0619981	0	157406/1000000
SRR11047673_R1.fq.gz	SRR11047637_R1.fq.gz	0.0761021	0	112515/1000000
ERR2784728_R1.fq.gz	SRR11047639_R1.fq.gz	0.0723416	0	122897/1000000
ERR2784729_R1.fq.gz	SRR11047639_R1.fq.gz	0.0743102	0	117336/1000000
ERR2784730_R1.fq.gz	SRR11047639_R1.fq.gz	0.0772287	0	109596/1000000
ERR2784731_R1.fq.gz	SRR11047639_R1.fq.gz	0.0785849	0	106192/1000000
ERR2784741_R1.fq.gz	SRR11047639_R1.fq.gz	0.0713441	0	125826/1000000
ERR2784742_R1.fq.gz	SRR11047639_R1.fq.gz	0.0733935	0	119890/1000000
ERR2784743_R1.fq.gz	SRR11047639_R1.fq.gz	0.0745035	0	116805/1000000
ERR2784752_R1.fq.gz	SRR11047639_R1.fq.gz	0.0637118	0	151002/1000000
ERR2784753_R1.fq.gz	SRR11047639_R1.fq.gz	0.0649971	0	146392/1000000
ERR2784754_R1.fq.gz	SRR11047639_R1.fq.gz	0.0667859	0	140238/1000000
ERR2784755_R1.fq.gz	SRR11047639_R1.fq.gz	0.0677543	0	137028/1000000
ERR2784756_R1.fq.gz	SRR11047639_R1.fq.gz	0.0645838	0	147857/1000000
ERR2784757_R1.fq.gz	SRR11047639_R1.fq.gz	0.0659482	0	143083/1000000
ERR2784759_R1.fq.gz	SRR11047639_R1.fq.gz	0.0689729	0	133105/1000000
ERR2784760_R1.fq.gz	SRR11047639_R1.fq.gz	0.070527	0	128283/1000000
ERR2784761_R1.fq.gz	SRR11047639_R1.fq.gz	0.0720439	0	123763/1000000
ERR2784762_R1.fq.gz	SRR11047639_R1.fq.gz	0.0739793	0	118251/1000000
ERR2784763_R1.fq.gz	SRR11047639_R1.fq.gz	0.0748357	0	115899/1000000
ERR2784780_R1.fq.gz	SRR11047639_R1.fq.gz	0.0712092	0	126228/1000000
ERR2784781_R1.fq.gz	SRR11047639_R1.fq.gz	0.0727879	0	121611/1000000
ERR2784782_R1.fq.gz	SRR11047639_R1.fq.gz	0.0753987	0	114381/1000000
ERR2784783_R1.fq.gz	SRR11047639_R1.fq.gz	0.0767585	0	110804/1000000
ERR2784796_R1.fq.gz	SRR11047639_R1.fq.gz	0.0856488	0	90231/1000000
ERR2784797_R1.fq.gz	SRR11047639_R1.fq.gz	0.087867	0	85772/1000000
ERR2784798_R1.fq.gz	SRR11047639_R1.fq.gz	0.0912432	0	79435/1000000
ERR2784799_R1.fq.gz	SRR11047639_R1.fq.gz	0.0930297	0	76287/1000000
ERR2784800_R1.fq.gz	SRR11047639_R1.fq.gz	0.111476	0	50548/1000000
ERR2784801_R1.fq.gz	SRR11047639_R1.fq.gz	0.116721	0	45039/1000000
ERR2784802_R1.fq.gz	SRR11047639_R1.fq.gz	0.12253	0	39661/1000000
ERR2784803_R1.fq.gz	SRR11047639_R1.fq.gz	0.125099	0	37500/1000000
ERR2784804_R1.fq.gz	SRR11047639_R1.fq.gz	0.160558	0	17465/1000000
ERR2784805_R1.fq.gz	SRR11047639_R1.fq.gz	0.167135	0	15178/1000000
ERR2784806_R1.fq.gz	SRR11047639_R1.fq.gz	0.221426	0	4804/1000000
ERR2784807_R1.fq.gz	SRR11047639_R1.fq.gz	0.229147	0	4082/1000000
ERR2784808_R1.fq.gz	SRR11047639_R1.fq.gz	0.0743102	0	117336/1000000
ERR2784809_R1.fq.gz	SRR11047639_R1.fq.gz	0.0759048	0	113035/1000000
ERR2784810_R1.fq.gz	SRR11047639_R1.fq.gz	0.0779348	0	107809/1000000
ERR2784811_R1.fq.gz	SRR11047639_R1.fq.gz	0.078855	0	105528/1000000
ERR2784816_R1.fq.gz	SRR11047639_R1.fq.gz	0.0775168	0	108863/1000000
ERR2784817_R1.fq.gz	SRR11047639_R1.fq.gz	0.0790957	0	104940/1000000
ERR2784818_R1.fq.gz	SRR11047639_R1.fq.gz	0.0819955	0	98132/1000000
ERR2784824_R1.fq.gz	SRR11047639_R1.fq.gz	0.0624259	0	155779/1000000
ERR2784826_R1.fq.gz	SRR11047639_R1.fq.gz	0.0651481	0	145861/1000000
ERR2784827_R1.fq.gz	SRR11047639_R1.fq.gz	0.0659718	0	143002/1000000
SRR11047625_R1.fq.gz	SRR11047639_R1.fq.gz	0.0653679	0	145092/1000000
SRR11047626_R1.fq.gz	SRR11047639_R1.fq.gz	0.0682682	0	135358/1000000
SRR11047627_R1.fq.gz	SRR11047639_R1.fq.gz	0.0779619	0	107741/1000000
SRR11047628_R1.fq.gz	SRR11047639_R1.fq.gz	0.0538565	0	192403/1000000
SRR11047629_R1.fq.gz	SRR11047639_R1.fq.gz	0.0576624	0	175037/1000000
SRR11047631_R1.fq.gz	SRR11047639_R1.fq.gz	0.0690747	0	132783/1000000
SRR11047632_R1.fq.gz	SRR11047639_R1.fq.gz	0.0580437	0	173399/1000000
SRR11047633_R1.fq.gz	SRR11047639_R1.fq.gz	0.057693	0	174905/1000000
SRR11047634_R1.fq.gz	SRR11047639_R1.fq.gz	0.0675811	0	137596/1000000
SRR11047635_R1.fq.gz	SRR11047639_R1.fq.gz	0.0511071	0	206197/1000000
SRR11047636_R1.fq.gz	SRR11047639_R1.fq.gz	0.0648256	0	146998/1000000
SRR11047637_R1.fq.gz	SRR11047639_R1.fq.gz	0.0636636	0	151178/1000000
SRR11047639_R1.fq.gz	SRR11047639_R1.fq.gz	0	0	1000000/1000000
SRR11047640_R1.fq.gz	SRR11047639_R1.fq.gz	0.079194	0	104701/1000000
SRR11047641_R1.fq.gz	SRR11047639_R1.fq.gz	0.0542735	0	190406/1000000
SRR11047642_R1.fq.gz	SRR11047639_R1.fq.gz	0.0551017	0	186511/1000000
SRR11047643_R1.fq.gz	SRR11047639_R1.fq.gz	0.0620814	0	157088/1000000
SRR11047644_R1.fq.gz	SRR11047639_R1.fq.gz	0.0815154	0	99225/1000000
SRR11047645_R1.fq.gz	SRR11047639_R1.fq.gz	0.0546264	0	188735/1000000
SRR11047647_R1.fq.gz	SRR11047639_R1.fq.gz	0.0544923	0	189368/1000000
SRR11047648_R1.fq.gz	SRR11047639_R1.fq.gz	0.0684471	0	134782/1000000
SRR11047649_R1.fq.gz	SRR11047639_R1.fq.gz	0.0604572	0	163429/1000000
SRR11047650_R1.fq.gz	SRR11047639_R1.fq.gz	0.0538677	0	192349/1000000
SRR11047651_R1.fq.gz	SRR11047639_R1.fq.gz	0.0577301	0	174745/1000000
SRR11047653_R1.fq.gz	SRR11047639_R1.fq.gz	0.0642781	0	148951/1000000
SRR11047654_R1.fq.gz	SRR11047639_R1.fq.gz	0.0651168	0	145971/1000000
SRR11047655_R1.fq.gz	SRR11047639_R1.fq.gz	0.050309	0	210415/1000000
SRR11047656_R1.fq.gz	SRR11047639_R1.fq.gz	0.062586	0	155175/1000000
SRR11047657_R1.fq.gz	SRR11047639_R1.fq.gz	0.0554225	0	185027/1000000
SRR11047658_R1.fq.gz	SRR11047639_R1.fq.gz	0.0543137	0	190215/1000000
SRR11047659_R1.fq.gz	SRR11047639_R1.fq.gz	0.0513855	0	204749/1000000
SRR11047660_R1.fq.gz	SRR11047639_R1.fq.gz	0.0656706	0	144040/1000000
SRR11047661_R1.fq.gz	SRR11047639_R1.fq.gz	0.0588284	0	170083/1000000
SRR11047662_R1.fq.gz	SRR11047639_R1.fq.gz	0.0544241	0	189691/1000000
SRR11047663_R1.fq.gz	SRR11047639_R1.fq.gz	0.0635745	0	151504/1000000
SRR11047664_R1.fq.gz	SRR11047639_R1.fq.gz	0.0569859	0	177987/1000000
SRR11047665_R1.fq.gz	SRR11047639_R1.fq.gz	0.0634734	0	151875/1000000
SRR11047666_R1.fq.gz	SRR11047639_R1.fq.gz	0.0583087	0	172271/1000000
SRR11047667_R1.fq.gz	SRR11047639_R1.fq.gz	0.0649251	0	146646/1000000
SRR11047668_R1.fq.gz	SRR11047639_R1.fq.gz	0.0627148	0	154691/1000000
SRR11047669_R1.fq.gz	SRR11047639_R1.fq.gz	0.0566469	0	179487/1000000
SRR11047670_R1.fq.gz	SRR11047639_R1.fq.gz	0.0538474	0	192447/1000000
SRR11047671_R1.fq.gz	SRR11047639_R1.fq.gz	0.0627196	0	154673/1000000
SRR11047672_R1.fq.gz	SRR11047639_R1.fq.gz	0.0546092	0	188816/1000000
SRR11047673_R1.fq.gz	SRR11047639_R1.fq.gz	0.0666851	0	140577/1000000
ERR2784728_R1.fq.gz	SRR11047640_R1.fq.gz	0.108187	0	54359/1000000
ERR2784729_R1.fq.gz	SRR11047640_R1.fq.gz	0.110252	0	51933/1000000
ERR2784730_R1.fq.gz	SRR11047640_R1.fq.gz	0.11269	0	49213/1000000
ERR2784731_R1.fq.gz	SRR11047640_R1.fq.gz	0.113815	0	48009/1000000
ERR2784741_R1.fq.gz	SRR11047640_R1.fq.gz	0.103457	0	60379/1000000
ERR2784742_R1.fq.gz	SRR11047640_R1.fq.gz	0.105398	0	57828/1000000
ERR2784743_R1.fq.gz	SRR11047640_R1.fq.gz	0.106374	0	56588/1000000
ERR2784752_R1.fq.gz	SRR11047640_R1.fq.gz	0.0924835	0	77235/1000000
ERR2784753_R1.fq.gz	SRR11047640_R1.fq.gz	0.0944263	0	73919/1000000
ERR2784754_R1.fq.gz	SRR11047640_R1.fq.gz	0.0971827	0	69473/1000000
ERR2784755_R1.fq.gz	SRR11047640_R1.fq.gz	0.0983294	0	67708/1000000
ERR2784756_R1.fq.gz	SRR11047640_R1.fq.gz	0.108932	0	53470/1000000
ERR2784757_R1.fq.gz	SRR11047640_R1.fq.gz	0.111651	0	50353/1000000
ERR2784759_R1.fq.gz	SRR11047640_R1.fq.gz	0.116908	0	44854/1000000
ERR2784760_R1.fq.gz	SRR11047640_R1.fq.gz	0.115329	0	46437/1000000
ERR2784761_R1.fq.gz	SRR11047640_R1.fq.gz	0.118517	0	43299/1000000
ERR2784762_R1.fq.gz	SRR11047640_R1.fq.gz	0.12227	0	39887/1000000
ERR2784763_R1.fq.gz	SRR11047640_R1.fq.gz	0.124102	0	38324/1000000
ERR2784780_R1.fq.gz	SRR11047640_R1.fq.gz	0.0992538	0	66320/1000000
ERR2784781_R1.fq.gz	SRR11047640_R1.fq.gz	0.101226	0	63458/1000000
ERR2784782_R1.fq.gz	SRR11047640_R1.fq.gz	0.103788	0	59935/1000000
ERR2784783_R1.fq.gz	SRR11047640_R1.fq.gz	0.104908	0	58461/1000000
ERR2784796_R1.fq.gz	SRR11047640_R1.fq.gz	0.10995	0	52280/1000000
ERR2784797_R1.fq.gz	SRR11047640_R1.fq.gz	0.112274	0	49666/1000000
ERR2784798_R1.fq.gz	SRR11047640_R1.fq.gz	0.116141	0	45616/1000000
ERR2784799_R1.fq.gz	SRR11047640_R1.fq.gz	0.117949	0	43842/1000000
ERR2784800_R1.fq.gz	SRR11047640_R1.fq.gz	0.132905	0	31651/1000000
ERR2784801_R1.fq.gz	SRR11047640_R1.fq.gz	0.137221	0	28829/1000000
ERR2784802_R1.fq.gz	SRR11047640_R1.fq.gz	0.141191	0	26462/1000000
ERR2784803_R1.fq.gz	SRR11047640_R1.fq.gz	0.142803	0	25559/1000000
ERR2784804_R1.fq.gz	SRR11047640_R1.fq.gz	0.162081	0	16906/1000000
ERR2784805_R1.fq.gz	SRR11047640_R1.fq.gz	0.165951	0	15566/1000000
ERR2784806_R1.fq.gz	SRR11047640_R1.fq.gz	0.20864	0	6293/1000000
ERR2784807_R1.fq.gz	SRR11047640_R1.fq.gz	0.215501	0	5444/1000000
ERR2784808_R1.fq.gz	SRR11047640_R1.fq.gz	0.109044	0	53338/1000000
ERR2784809_R1.fq.gz	SRR11047640_R1.fq.gz	0.110825	0	51279/1000000
ERR2784810_R1.fq.gz	SRR11047640_R1.fq.gz	0.113049	0	48825/1000000
ERR2784811_R1.fq.gz	SRR11047640_R1.fq.gz	0.113937	0	47880/1000000
ERR2784816_R1.fq.gz	SRR11047640_R1.fq.gz	0.0988657	0	66899/1000000
ERR2784817_R1.fq.gz	SRR11047640_R1.fq.gz	0.100356	0	64705/1000000
ERR2784818_R1.fq.gz	SRR11047640_R1.fq.gz	0.102392	0	61829/1000000
ERR2784824_R1.fq.gz	SRR11047640_R1.fq.gz	0.0990094	0	66684/1000000
ERR2784826_R1.fq.gz	SRR11047640_R1.fq.gz	0.103322	0	60560/1000000
ERR2784827_R1.fq.gz	SRR11047640_R1.fq.gz	0.104565	0	58908/1000000
SRR11047625_R1.fq.gz	SRR11047640_R1.fq.gz	0.0772703	0	109490/1000000
SRR11047626_R1.fq.gz	SRR11047640_R1.fq.gz	0.0937888	0	74990/1000000
SRR11047627_R1.fq.gz	SRR11047640_R1.fq.gz	0.0930871	0	76188/1000000
SRR11047628_R1.fq.gz	SRR11047640_R1.fq.gz	0.0857457	0	90031/1000000
SRR11047629_R1.fq.gz	SRR11047640_R1.fq.gz	0.0824917	0	97016/1000000
SRR11047631_R1.fq.gz	SRR11047640_R1.fq.gz	0.0848892	0	91815/1000000
SRR11047632_R1.fq.gz	SRR11047640_R1.fq.gz	0.0786835	0	105949/1000000
SRR11047633_R1.fq.gz	SRR11047640_R1.fq.gz	0.0858784	0	89758/1000000
SRR11047634_R1.fq.gz	SRR11047640_R1.fq.gz	0.0876431	0	86211/1000000
SRR11047635_R1.fq.gz	SRR11047640_R1.fq.gz	0.0889972	0	83592/1000000
SRR11047636_R1.fq.gz	SRR11047640_R1.fq.gz	0.0872454	0	86997/1000000
SRR11047637_R1.fq.gz	SRR11047640_R1.fq.gz	0.102602	0	61540/1000000
SRR11047639_R1.fq.gz	SRR11047640_R1.fq.gz	0.079194	0	104701/1000000
SRR11047640_R1.fq.gz	SRR11047640_R1.fq.gz	0	0	1000000/1000000
SRR11047641_R1.fq.gz	SRR11047640_R1.fq.gz	0.0813438	0	99619/1000000
SRR11047642_R1.fq.gz	SRR11047640_R1.fq.gz	0.0873578	0	86774/1000000
SRR11047643_R1.fq.gz	SRR11047640_R1.fq.gz	0.0862206	0	89058/1000000
SRR11047644_R1.fq.gz	SRR11047640_R1.fq.gz	0.0923002	0	77556/1000000
SRR11047645_R1.fq.gz	SRR11047640_R1.fq.gz	0.0808865	0	100677/1000000
SRR11047647_R1.fq.gz	SRR11047640_R1.fq.gz	0.0828684	0	96178/1000000
SRR11047648_R1.fq.gz	SRR11047640_R1.fq.gz	0.0853613	0	90827/1000000
SRR11047649_R1.fq.gz	SRR11047640_R1.fq.gz	0.0898203	0	82042/1000000
SRR11047650_R1.fq.gz	SRR11047640_R1.fq.gz	0.0829412	0	96017/1000000
SRR11047651_R1.fq.gz	SRR11047640_R1.fq.gz	0.099299	0	66253/1000000
SRR11047653_R1.fq.gz	SRR11047640_R1.fq.gz	0.0901564	0	81418/1000000
SRR11047654_R1.fq.gz	SRR11047640_R1.fq.gz	0.0942462	0	74220/1000000
SRR11047655_R1.fq.gz	SRR11047640_R1.fq.gz	0.0848228	0	91955/1000000
SRR11047656_R1.fq.gz	SRR11047640_R1.fq.gz	0.0771943	0	109684/1000000
SRR11047657_R1.fq.gz	SRR11047640_R1.fq.gz	0.085752	0	90018/1000000
SRR11047658_R1.fq.gz	SRR11047640_R1.fq.gz	0.0763552	0	111852/1000000
SRR11047659_R1.fq.gz	SRR11047640_R1.fq.gz	0.0883821	0	84771/1000000
SRR11047660_R1.fq.gz	SRR11047640_R1.fq.gz	0.0925579	0	77105/1000000
SRR11047661_R1.fq.gz	SRR11047640_R1.fq.gz	0.0967504	0	70151/1000000
SRR11047662_R1.fq.gz	SRR11047640_R1.fq.gz	0.0775006	0	108904/1000000
SRR11047663_R1.fq.gz	SRR11047640_R1.fq.gz	0.0933335	0	75765/1000000
SRR11047664_R1.fq.gz	SRR11047640_R1.fq.gz	0.077438	0	109063/1000000
SRR11047665_R1.fq.gz	SRR11047640_R1.fq.gz	0.0801943	0	102302/1000000
SRR11047666_R1.fq.gz	SRR11047640_R1.fq.gz	0.101169	0	63540/1000000
SRR11047667_R1.fq.gz	SRR11047640_R1.fq.gz	0.0937074	0	75128/1000000
SRR11047668_R1.fq.gz	SRR11047640_R1.fq.gz	0.0848764	0	91842/1000000
SRR11047669_R1.fq.gz	SRR11047640_R1.fq.gz	0.0920508	0	77995/1000000
SRR11047670_R1.fq.gz	SRR11047640_R1.fq.gz	0.0864525	0	88587/1000000
SRR11047671_R1.fq.gz	SRR11047640_R1.fq.gz	0.0969456	0	69844/1000000
SRR11047672_R1.fq.gz	SRR11047640_R1.fq.gz	0.0844912	0	92657/1000000
SRR11047673_R1.fq.gz	SRR11047640_R1.fq.gz	0.103149	0	60794/1000000
ERR2784728_R1.fq.gz	SRR11047641_R1.fq.gz	0.0772522	0	109536/1000000
ERR2784729_R1.fq.gz	SRR11047641_R1.fq.gz	0.0792764	0	104501/1000000
ERR2784730_R1.fq.gz	SRR11047641_R1.fq.gz	0.0816952	0	98814/1000000
ERR2784731_R1.fq.gz	SRR11047641_R1.fq.gz	0.0828314	0	96260/1000000
ERR2784741_R1.fq.gz	SRR11047641_R1.fq.gz	0.0754032	0	114369/1000000
ERR2784742_R1.fq.gz	SRR11047641_R1.fq.gz	0.0782189	0	107099/1000000
ERR2784743_R1.fq.gz	SRR11047641_R1.fq.gz	0.0794215	0	104150/1000000
ERR2784752_R1.fq.gz	SRR11047641_R1.fq.gz	0.0671375	0	139063/1000000
ERR2784753_R1.fq.gz	SRR11047641_R1.fq.gz	0.068366	0	135043/1000000
ERR2784754_R1.fq.gz	SRR11047641_R1.fq.gz	0.0704547	0	128503/1000000
ERR2784755_R1.fq.gz	SRR11047641_R1.fq.gz	0.0713989	0	125663/1000000
ERR2784756_R1.fq.gz	SRR11047641_R1.fq.gz	0.0723364	0	122912/1000000
ERR2784757_R1.fq.gz	SRR11047641_R1.fq.gz	0.0744098	0	117062/1000000
ERR2784759_R1.fq.gz	SRR11047641_R1.fq.gz	0.0786555	0	106018/1000000
ERR2784760_R1.fq.gz	SRR11047641_R1.fq.gz	0.0901548	0	81421/1000000
ERR2784761_R1.fq.gz	SRR11047641_R1.fq.gz	0.091967	0	78143/1000000
ERR2784762_R1.fq.gz	SRR11047641_R1.fq.gz	0.0942862	0	74153/1000000
ERR2784763_R1.fq.gz	SRR11047641_R1.fq.gz	0.095374	0	72357/1000000
ERR2784780_R1.fq.gz	SRR11047641_R1.fq.gz	0.0695321	0	131347/1000000
ERR2784781_R1.fq.gz	SRR11047641_R1.fq.gz	0.071045	0	126719/1000000
ERR2784782_R1.fq.gz	SRR11047641_R1.fq.gz	0.0732251	0	120366/1000000
ERR2784783_R1.fq.gz	SRR11047641_R1.fq.gz	0.0743876	0	117123/1000000
ERR2784796_R1.fq.gz	SRR11047641_R1.fq.gz	0.0767083	0	110934/1000000
ERR2784797_R1.fq.gz	SRR11047641_R1.fq.gz	0.0791307	0	104855/1000000
ERR2784798_R1.fq.gz	SRR11047641_R1.fq.gz	0.0829322	0	96037/1000000
ERR2784799_R1.fq.gz	SRR11047641_R1.fq.gz	0.0846576	0	92304/1000000
ERR2784800_R1.fq.gz	SRR11047641_R1.fq.gz	0.100197	0	64935/1000000
ERR2784801_R1.fq.gz	SRR11047641_R1.fq.gz	0.104829	0	58563/1000000
ERR2784802_R1.fq.gz	SRR11047641_R1.fq.gz	0.10934	0	52990/1000000
ERR2784803_R1.fq.gz	SRR11047641_R1.fq.gz	0.111475	0	50549/1000000
ERR2784804_R1.fq.gz	SRR11047641_R1.fq.gz	0.136429	0	29327/1000000
ERR2784805_R1.fq.gz	SRR11047641_R1.fq.gz	0.141409	0	26338/1000000
ERR2784806_R1.fq.gz	SRR11047641_R1.fq.gz	0.187979	0	9745/1000000
ERR2784807_R1.fq.gz	SRR11047641_R1.fq.gz	0.195428	0	8322/1000000
ERR2784808_R1.fq.gz	SRR11047641_R1.fq.gz	0.0908882	0	80077/1000000
ERR2784809_R1.fq.gz	SRR11047641_R1.fq.gz	0.0926504	0	76944/1000000
ERR2784810_R1.fq.gz	SRR11047641_R1.fq.gz	0.0945356	0	73737/1000000
ERR2784811_R1.fq.gz	SRR11047641_R1.fq.gz	0.0953882	0	72334/1000000
ERR2784816_R1.fq.gz	SRR11047641_R1.fq.gz	0.0783199	0	106848/1000000
ERR2784817_R1.fq.gz	SRR11047641_R1.fq.gz	0.0800577	0	102626/1000000
ERR2784818_R1.fq.gz	SRR11047641_R1.fq.gz	0.0827985	0	96333/1000000
ERR2784824_R1.fq.gz	SRR11047641_R1.fq.gz	0.0680569	0	136042/1000000
ERR2784826_R1.fq.gz	SRR11047641_R1.fq.gz	0.0719202	0	124125/1000000
ERR2784827_R1.fq.gz	SRR11047641_R1.fq.gz	0.0731165	0	120674/1000000
SRR11047625_R1.fq.gz	SRR11047641_R1.fq.gz	0.0710014	0	126850/1000000
SRR11047626_R1.fq.gz	SRR11047641_R1.fq.gz	0.0639749	0	150045/1000000
SRR11047627_R1.fq.gz	SRR11047641_R1.fq.gz	0.0757439	0	113461/1000000
SRR11047628_R1.fq.gz	SRR11047641_R1.fq.gz	0.058905	0	169763/1000000
SRR11047629_R1.fq.gz	SRR11047641_R1.fq.gz	0.0562955	0	181057/1000000
SRR11047631_R1.fq.gz	SRR11047641_R1.fq.gz	0.0774565	0	109016/1000000
SRR11047632_R1.fq.gz	SRR11047641_R1.fq.gz	0.0553426	0	185395/1000000
SRR11047633_R1.fq.gz	SRR11047641_R1.fq.gz	0.0597193	0	166406/1000000
SRR11047634_R1.fq.gz	SRR11047641_R1.fq.gz	0.0684845	0	134662/1000000
SRR11047635_R1.fq.gz	SRR11047641_R1.fq.gz	0.068105	0	135886/1000000
SRR11047636_R1.fq.gz	SRR11047641_R1.fq.gz	0.0779424	0	107790/1000000
SRR11047637_R1.fq.gz	SRR11047641_R1.fq.gz	0.065021	0	146308/1000000
SRR11047639_R1.fq.gz	SRR11047641_R1.fq.gz	0.0542735	0	190406/1000000
SRR11047640_R1.fq.gz	SRR11047641_R1.fq.gz	0.0813438	0	99619/1000000
SRR11047641_R1.fq.gz	SRR11047641_R1.fq.gz	0	0	1000000/1000000
SRR11047642_R1.fq.gz	SRR11047641_R1.fq.gz	0.0565582	0	179882/1000000
SRR11047643_R1.fq.gz	SRR11047641_R1.fq.gz	0.0622231	0	156548/1000000
SRR11047644_R1.fq.gz	SRR11047641_R1.fq.gz	0.10486	0	58523/1000000
SRR11047645_R1.fq.gz	SRR11047641_R1.fq.gz	0.0534275	0	194483/1000000
SRR11047647_R1.fq.gz	SRR11047641_R1.fq.gz	0.0616641	0	158690/1000000
SRR11047648_R1.fq.gz	SRR11047641_R1.fq.gz	0.0812179	0	99909/1000000
SRR11047649_R1.fq.gz	SRR11047641_R1.fq.gz	0.0703046	0	128961/1000000
SRR11047650_R1.fq.gz	SRR11047641_R1.fq.gz	0.0582809	0	172389/1000000
SRR11047651_R1.fq.gz	SRR11047641_R1.fq.gz	0.0705503	0	128212/1000000
SRR11047653_R1.fq.gz	SRR11047641_R1.fq.gz	0.0771157	0	109885/1000000
SRR11047654_R1.fq.gz	SRR11047641_R1.fq.gz	0.0786242	0	106095/1000000
SRR11047655_R1.fq.gz	SRR11047641_R1.fq.gz	0.0588463	0	170008/1000000
SRR11047656_R1.fq.gz	SRR11047641_R1.fq.gz	0.0603761	0	163753/1000000
SRR11047657_R1.fq.gz	SRR11047641_R1.fq.gz	0.0549227	0	187345/1000000
SRR11047658_R1.fq.gz	SRR11047641_R1.fq.gz	0.055501	0	184666/1000000
SRR11047659_R1.fq.gz	SRR11047641_R1.fq.gz	0.0665032	0	141191/1000000
SRR11047660_R1.fq.gz	SRR11047641_R1.fq.gz	0.0631161	0	153194/1000000
SRR11047661_R1.fq.gz	SRR11047641_R1.fq.gz	0.0756829	0	113623/1000000
SRR11047662_R1.fq.gz	SRR11047641_R1.fq.gz	0.0496988	0	213709/1000000
SRR11047663_R1.fq.gz	SRR11047641_R1.fq.gz	0.0714626	0	125474/1000000
SRR11047664_R1.fq.gz	SRR11047641_R1.fq.gz	0.0646548	0	147604/1000000
SRR11047665_R1.fq.gz	SRR11047641_R1.fq.gz	0.0731122	0	120686/1000000
SRR11047666_R1.fq.gz	SRR11047641_R1.fq.gz	0.0631366	0	153118/1000000
SRR11047667_R1.fq.gz	SRR11047641_R1.fq.gz	0.0742289	0	117560/1000000
SRR11047668_R1.fq.gz	SRR11047641_R1.fq.gz	0.0687391	0	133848/1000000
SRR11047669_R1.fq.gz	SRR11047641_R1.fq.gz	0.0602019	0	164452/1000000
SRR11047670_R1.fq.gz	SRR11047641_R1.fq.gz	0.0730436	0	120881/1000000
SRR11047671_R1.fq.gz	SRR11047641_R1.fq.gz	0.0768806	0	110489/1000000
SRR11047672_R1.fq.gz	SRR11047641_R1.fq.gz	0.0580554	0	173349/1000000
SRR11047673_R1.fq.gz	SRR11047641_R1.fq.gz	0.0810005	0	100412/1000000
ERR2784728_R1.fq.gz	SRR11047642_R1.fq.gz	0.0737595	0	118863/1000000
ERR2784729_R1.fq.gz	SRR11047642_R1.fq.gz	0.0754738	0	114180/1000000
ERR2784730_R1.fq.gz	SRR11047642_R1.fq.gz	0.0776983	0	108404/1000000
ERR2784731_R1.fq.gz	SRR11047642_R1.fq.gz	0.078813	0	105631/1000000
ERR2784741_R1.fq.gz	SRR11047642_R1.fq.gz	0.0712554	0	126090/1000000
ERR2784742_R1.fq.gz	SRR11047642_R1.fq.gz	0.0736148	0	119268/1000000
ERR2784743_R1.fq.gz	SRR11047642_R1.fq.gz	0.0749677	0	115541/1000000
ERR2784752_R1.fq.gz	SRR11047642_R1.fq.gz	0.0733092	0	120128/1000000
ERR2784753_R1.fq.gz	SRR11047642_R1.fq.gz	0.0746736	0	116340/1000000
ERR2784754_R1.fq.gz	SRR11047642_R1.fq.gz	0.0770919	0	109946/1000000
ERR2784755_R1.fq.gz	SRR11047642_R1.fq.gz	0.0782153	0	107108/1000000
ERR2784756_R1.fq.gz	SRR11047642_R1.fq.gz	0.071169	0	126348/1000000
ERR2784757_R1.fq.gz	SRR11047642_R1.fq.gz	0.0728131	0	121539/1000000
ERR2784759_R1.fq.gz	SRR11047642_R1.fq.gz	0.0763445	0	111880/1000000
ERR2784760_R1.fq.gz	SRR11047642_R1.fq.gz	0.0805438	0	101478/1000000
ERR2784761_R1.fq.gz	SRR11047642_R1.fq.gz	0.0817514	0	98686/1000000
ERR2784762_R1.fq.gz	SRR11047642_R1.fq.gz	0.0836055	0	94561/1000000
ERR2784763_R1.fq.gz	SRR11047642_R1.fq.gz	0.0844771	0	92687/1000000
ERR2784780_R1.fq.gz	SRR11047642_R1.fq.gz	0.0730458	0	120875/1000000
ERR2784781_R1.fq.gz	SRR11047642_R1.fq.gz	0.0748202	0	115941/1000000
ERR2784782_R1.fq.gz	SRR11047642_R1.fq.gz	0.0771411	0	109820/1000000
ERR2784783_R1.fq.gz	SRR11047642_R1.fq.gz	0.0784615	0	106497/1000000
ERR2784796_R1.fq.gz	SRR11047642_R1.fq.gz	0.08597	0	89570/1000000
ERR2784797_R1.fq.gz	SRR11047642_R1.fq.gz	0.0890093	0	83569/1000000
ERR2784798_R1.fq.gz	SRR11047642_R1.fq.gz	0.0931162	0	76138/1000000
ERR2784799_R1.fq.gz	SRR11047642_R1.fq.gz	0.0952166	0	72614/1000000
ERR2784800_R1.fq.gz	SRR11047642_R1.fq.gz	0.106943	0	55879/1000000
ERR2784801_R1.fq.gz	SRR11047642_R1.fq.gz	0.112133	0	49821/1000000
ERR2784802_R1.fq.gz	SRR11047642_R1.fq.gz	0.11768	0	44101/1000000
ERR2784803_R1.fq.gz	SRR11047642_R1.fq.gz	0.120175	0	41756/1000000
ERR2784804_R1.fq.gz	SRR11047642_R1.fq.gz	0.148128	0	22793/1000000
ERR2784805_R1.fq.gz	SRR11047642_R1.fq.gz	0.153496	0	20314/1000000
ERR2784806_R1.fq.gz	SRR11047642_R1.fq.gz	0.203576	0	7004/1000000
ERR2784807_R1.fq.gz	SRR11047642_R1.fq.gz	0.209094	0	6233/1000000
ERR2784808_R1.fq.gz	SRR11047642_R1.fq.gz	0.0886851	0	84188/1000000
ERR2784809_R1.fq.gz	SRR11047642_R1.fq.gz	0.0902235	0	81294/1000000
ERR2784810_R1.fq.gz	SRR11047642_R1.fq.gz	0.0920355	0	78022/1000000
ERR2784811_R1.fq.gz	SRR11047642_R1.fq.gz	0.092878	0	76549/1000000
ERR2784816_R1.fq.gz	SRR11047642_R1.fq.gz	0.0764453	0	111617/1000000
ERR2784817_R1.fq.gz	SRR11047642_R1.fq.gz	0.0781495	0	107272/1000000
ERR2784818_R1.fq.gz	SRR11047642_R1.fq.gz	0.0811201	0	100135/1000000
ERR2784824_R1.fq.gz	SRR11047642_R1.fq.gz	0.0654686	0	144741/1000000
ERR2784826_R1.fq.gz	SRR11047642_R1.fq.gz	0.0688233	0	133580/1000000
ERR2784827_R1.fq.gz	SRR11047642_R1.fq.gz	0.0700019	0	129890/1000000
SRR11047625_R1.fq.gz	SRR11047642_R1.fq.gz	0.0692636	0	132188/1000000
SRR11047626_R1.fq.gz	SRR11047642_R1.fq.gz	0.0701196	0	129528/1000000
SRR11047627_R1.fq.gz	SRR11047642_R1.fq.gz	0.0781215	0	107342/1000000
SRR11047628_R1.fq.gz	SRR11047642_R1.fq.gz	0.0607037	0	162448/1000000
SRR11047629_R1.fq.gz	SRR11047642_R1.fq.gz	0.0616713	0	158662/1000000
SRR11047631_R1.fq.gz	SRR11047642_R1.fq.gz	0.0803076	0	102034/1000000
SRR11047632_R1.fq.gz	SRR11047642_R1.fq.gz	0.0623842	0	155937/1000000
SRR11047633_R1.fq.gz	SRR11047642_R1.fq.gz	0.0651695	0	145786/1000000
SRR11047634_R1.fq.gz	SRR11047642_R1.fq.gz	0.0751147	0	115144/1000000
SRR11047635_R1.fq.gz	SRR11047642_R1.fq.gz	0.0688406	0	133525/1000000
SRR11047636_R1.fq.gz	SRR11047642_R1.fq.gz	0.0759605	0	112888/1000000
SRR11047637_R1.fq.gz	SRR11047642_R1.fq.gz	0.0642981	0	148879/1000000
SRR11047639_R1.fq.gz	SRR11047642_R1.fq.gz	0.0551017	0	186511/1000000
SRR11047640_R1.fq.gz	SRR11047642_R1.fq.gz	0.0873578	0	86774/1000000
SRR11047641_R1.fq.gz	SRR11047642_R1.fq.gz	0.0565582	0	179882/1000000
SRR11047642_R1.fq.gz	SRR11047642_R1.fq.gz	0	0	1000000/1000000
SRR11047643_R1.fq.gz	SRR11047642_R1.fq.gz	0.0648832	0	146794/1000000
SRR11047644_R1.fq.gz	SRR11047642_R1.fq.gz	0.104516	0	58973/1000000
SRR11047645_R1.fq.gz	SRR11047642_R1.fq.gz	0.0598766	0	165766/1000000
SRR11047647_R1.fq.gz	SRR11047642_R1.fq.gz	0.061204	0	160478/1000000
SRR11047648_R1.fq.gz	SRR11047642_R1.fq.gz	0.0826967	0	96559/1000000
SRR11047649_R1.fq.gz	SRR11047642_R1.fq.gz	0.0748302	0	115914/1000000
SRR11047650_R1.fq.gz	SRR11047642_R1.fq.gz	0.0594448	0	167529/1000000
SRR11047651_R1.fq.gz	SRR11047642_R1.fq.gz	0.0732424	0	120317/1000000
SRR11047653_R1.fq.gz	SRR11047642_R1.fq.gz	0.0839136	0	93894/1000000
SRR11047654_R1.fq.gz	SRR11047642_R1.fq.gz	0.0771282	0	109853/1000000
SRR11047655_R1.fq.gz	SRR11047642_R1.fq.gz	0.0644044	0	148498/1000000
SRR11047656_R1.fq.gz	SRR11047642_R1.fq.gz	0.069493	0	131469/1000000
SRR11047657_R1.fq.gz	SRR11047642_R1.fq.gz	0.0564791	0	180235/1000000
SRR11047658_R1.fq.gz	SRR11047642_R1.fq.gz	0.0609781	0	161364/1000000
SRR11047659_R1.fq.gz	SRR11047642_R1.fq.gz	0.0683563	0	135074/1000000
SRR11047660_R1.fq.gz	SRR11047642_R1.fq.gz	0.0617188	0	158479/1000000
SRR11047661_R1.fq.gz	SRR11047642_R1.fq.gz	0.0734091	0	119846/1000000
SRR11047662_R1.fq.gz	SRR11047642_R1.fq.gz	0.0545556	0	189069/1000000
SRR11047663_R1.fq.gz	SRR11047642_R1.fq.gz	0.0729313	0	121201/1000000
SRR11047664_R1.fq.gz	SRR11047642_R1.fq.gz	0.065371	0	145081/1000000
SRR11047665_R1.fq.gz	SRR11047642_R1.fq.gz	0.0771978	0	109675/1000000
SRR11047666_R1.fq.gz	SRR11047642_R1.fq.gz	0.0705053	0	128349/1000000
SRR11047667_R1.fq.gz	SRR11047642_R1.fq.gz	0.082418	0	97181/1000000
SRR11047668_R1.fq.gz	SRR11047642_R1.fq.gz	0.071912	0	124149/1000000
SRR11047669_R1.fq.gz	SRR11047642_R1.fq.gz	0.058767	0	170340/1000000
SRR11047670_R1.fq.gz	SRR11047642_R1.fq.gz	0.0746132	0	116505/1000000
SRR11047671_R1.fq.gz	SRR11047642_R1.fq.gz	0.0734698	0	119675/1000000
SRR11047672_R1.fq.gz	SRR11047642_R1.fq.gz	0.0593896	0	167756/1000000
SRR11047673_R1.fq.gz	SRR11047642_R1.fq.gz	0.0808375	0	100791/1000000
ERR2784728_R1.fq.gz	SRR11047643_R1.fq.gz	0.0971641	0	69502/1000000
ERR2784729_R1.fq.gz	SRR11047643_R1.fq.gz	0.0993853	0	66125/1000000
ERR2784730_R1.fq.gz	SRR11047643_R1.fq.gz	0.102334	0	61909/1000000
ERR2784731_R1.fq.gz	SRR11047643_R1.fq.gz	0.104034	0	59608/1000000
ERR2784741_R1.fq.gz	SRR11047643_R1.fq.gz	0.088424	0	84690/1000000
ERR2784742_R1.fq.gz	SRR11047643_R1.fq.gz	0.0908315	0	80180/1000000
ERR2784743_R1.fq.gz	SRR11047643_R1.fq.gz	0.0924063	0	77370/1000000
ERR2784752_R1.fq.gz	SRR11047643_R1.fq.gz	0.074644	0	116421/1000000
ERR2784753_R1.fq.gz	SRR11047643_R1.fq.gz	0.0761817	0	112306/1000000
ERR2784754_R1.fq.gz	SRR11047643_R1.fq.gz	0.0783573	0	106755/1000000
ERR2784755_R1.fq.gz	SRR11047643_R1.fq.gz	0.0795709	0	103790/1000000
ERR2784756_R1.fq.gz	SRR11047643_R1.fq.gz	0.0863746	0	88745/1000000
ERR2784757_R1.fq.gz	SRR11047643_R1.fq.gz	0.0885356	0	84475/1000000
ERR2784759_R1.fq.gz	SRR11047643_R1.fq.gz	0.0932221	0	75956/1000000
ERR2784760_R1.fq.gz	SRR11047643_R1.fq.gz	0.0992457	0	66332/1000000
ERR2784761_R1.fq.gz	SRR11047643_R1.fq.gz	0.101291	0	63366/1000000
ERR2784762_R1.fq.gz	SRR11047643_R1.fq.gz	0.104231	0	59347/1000000
ERR2784763_R1.fq.gz	SRR11047643_R1.fq.gz	0.105614	0	57551/1000000
ERR2784780_R1.fq.gz	SRR11047643_R1.fq.gz	0.0801871	0	102319/1000000
ERR2784781_R1.fq.gz	SRR11047643_R1.fq.gz	0.0817444	0	98702/1000000
ERR2784782_R1.fq.gz	SRR11047643_R1.fq.gz	0.0846926	0	92230/1000000
ERR2784783_R1.fq.gz	SRR11047643_R1.fq.gz	0.0860726	0	89360/1000000
ERR2784796_R1.fq.gz	SRR11047643_R1.fq.gz	0.0903603	0	81042/1000000
ERR2784797_R1.fq.gz	SRR11047643_R1.fq.gz	0.0933049	0	75814/1000000
ERR2784798_R1.fq.gz	SRR11047643_R1.fq.gz	0.0977752	0	68555/1000000
ERR2784799_R1.fq.gz	SRR11047643_R1.fq.gz	0.100072	0	65116/1000000
ERR2784800_R1.fq.gz	SRR11047643_R1.fq.gz	0.117554	0	44223/1000000
ERR2784801_R1.fq.gz	SRR11047643_R1.fq.gz	0.123535	0	38801/1000000
ERR2784802_R1.fq.gz	SRR11047643_R1.fq.gz	0.129218	0	34286/1000000
ERR2784803_R1.fq.gz	SRR11047643_R1.fq.gz	0.131777	0	32434/1000000
ERR2784804_R1.fq.gz	SRR11047643_R1.fq.gz	0.155773	0	19347/1000000
ERR2784805_R1.fq.gz	SRR11047643_R1.fq.gz	0.162256	0	16843/1000000
ERR2784806_R1.fq.gz	SRR11047643_R1.fq.gz	0.218882	0	5069/1000000
ERR2784807_R1.fq.gz	SRR11047643_R1.fq.gz	0.225215	0	4435/1000000
ERR2784808_R1.fq.gz	SRR11047643_R1.fq.gz	0.0905471	0	80699/1000000
ERR2784809_R1.fq.gz	SRR11047643_R1.fq.gz	0.0927436	0	76782/1000000
ERR2784810_R1.fq.gz	SRR11047643_R1.fq.gz	0.0950647	0	72863/1000000
ERR2784811_R1.fq.gz	SRR11047643_R1.fq.gz	0.0961871	0	71045/1000000
ERR2784816_R1.fq.gz	SRR11047643_R1.fq.gz	0.0859101	0	89693/1000000
ERR2784817_R1.fq.gz	SRR11047643_R1.fq.gz	0.0874276	0	86636/1000000
ERR2784818_R1.fq.gz	SRR11047643_R1.fq.gz	0.0901218	0	81482/1000000
ERR2784824_R1.fq.gz	SRR11047643_R1.fq.gz	0.0731792	0	120496/1000000
ERR2784826_R1.fq.gz	SRR11047643_R1.fq.gz	0.0769148	0	110401/1000000
ERR2784827_R1.fq.gz	SRR11047643_R1.fq.gz	0.0779615	0	107742/1000000
SRR11047625_R1.fq.gz	SRR11047643_R1.fq.gz	0.0793049	0	104432/1000000
SRR11047626_R1.fq.gz	SRR11047643_R1.fq.gz	0.0823425	0	97350/1000000
SRR11047627_R1.fq.gz	SRR11047643_R1.fq.gz	0.0712521	0	126100/1000000
SRR11047628_R1.fq.gz	SRR11047643_R1.fq.gz	0.0682704	0	135351/1000000
SRR11047629_R1.fq.gz	SRR11047643_R1.fq.gz	0.064894	0	146756/1000000
SRR11047631_R1.fq.gz	SRR11047643_R1.fq.gz	0.0770939	0	109941/1000000
SRR11047632_R1.fq.gz	SRR11047643_R1.fq.gz	0.0580084	0	173550/1000000
SRR11047633_R1.fq.gz	SRR11047643_R1.fq.gz	0.0724615	0	122550/1000000
SRR11047634_R1.fq.gz	SRR11047643_R1.fq.gz	0.070413	0	128630/1000000
SRR11047635_R1.fq.gz	SRR11047643_R1.fq.gz	0.0670099	0	139488/1000000
SRR11047636_R1.fq.gz	SRR11047643_R1.fq.gz	0.0748022	0	115990/1000000
SRR11047637_R1.fq.gz	SRR11047643_R1.fq.gz	0.0745883	0	116573/1000000
SRR11047639_R1.fq.gz	SRR11047643_R1.fq.gz	0.0620814	0	157088/1000000
SRR11047640_R1.fq.gz	SRR11047643_R1.fq.gz	0.0862206	0	89058/1000000
SRR11047641_R1.fq.gz	SRR11047643_R1.fq.gz	0.0622231	0	156548/1000000
SRR11047642_R1.fq.gz	SRR11047643_R1.fq.gz	0.0648832	0	146794/1000000
SRR11047643_R1.fq.gz	SRR11047643_R1.fq.gz	0	0	1000000/1000000
SRR11047644_R1.fq.gz	SRR11047643_R1.fq.gz	0.089189	0	83228/1000000
SRR11047645_R1.fq.gz	SRR11047643_R1.fq.gz	0.058109	0	173120/1000000
SRR11047647_R1.fq.gz	SRR11047643_R1.fq.gz	0.0619263	0	157681/1000000
SRR11047648_R1.fq.gz	SRR11047643_R1.fq.gz	0.0892096	0	83189/1000000
SRR11047649_R1.fq.gz	SRR11047643_R1.fq.gz	0.0809045	0	100635/1000000
SRR11047650_R1.fq.gz	SRR11047643_R1.fq.gz	0.0623398	0	156105/1000000
SRR11047651_R1.fq.gz	SRR11047643_R1.fq.gz	0.0767311	0	110875/1000000
SRR11047653_R1.fq.gz	SRR11047643_R1.fq.gz	0.0763303	0	111917/1000000
SRR11047654_R1.fq.gz	SRR11047643_R1.fq.gz	0.085706	0	90113/1000000
SRR11047655_R1.fq.gz	SRR11047643_R1.fq.gz	0.0711459	0	126417/1000000
SRR11047656_R1.fq.gz	SRR11047643_R1.fq.gz	0.0692992	0	132076/1000000
SRR11047657_R1.fq.gz	SRR11047643_R1.fq.gz	0.0689783	0	133088/1000000
SRR11047658_R1.fq.gz	SRR11047643_R1.fq.gz	0.0589725	0	169482/1000000
SRR11047659_R1.fq.gz	SRR11047643_R1.fq.gz	0.0686397	0	134165/1000000
SRR11047660_R1.fq.gz	SRR11047643_R1.fq.gz	0.0723699	0	122815/1000000
SRR11047661_R1.fq.gz	SRR11047643_R1.fq.gz	0.0814748	0	99318/1000000
SRR11047662_R1.fq.gz	SRR11047643_R1.fq.gz	0.0625855	0	155177/1000000
SRR11047663_R1.fq.gz	SRR11047643_R1.fq.gz	0.0769988	0	110185/1000000
SRR11047664_R1.fq.gz	SRR11047643_R1.fq.gz	0.063073	0	153354/1000000
SRR11047665_R1.fq.gz	SRR11047643_R1.fq.gz	0.0736715	0	119109/1000000
SRR11047666_R1.fq.gz	SRR11047643_R1.fq.gz	0.0677329	0	137098/1000000
SRR11047667_R1.fq.gz	SRR11047643_R1.fq.gz	0.078606	0	106140/1000000
SRR11047668_R1.fq.gz	SRR11047643_R1.fq.gz	0.0776817	0	108446/1000000
SRR11047669_R1.fq.gz	SRR11047643_R1.fq.gz	0.0726235	0	122083/1000000
SRR11047670_R1.fq.gz	SRR11047643_R1.fq.gz	0.0766257	0	111148/1000000
SRR11047671_R1.fq.gz	SRR11047643_R1.fq.gz	0.081089	0	100207/1000000
SRR11047672_R1.fq.gz	SRR11047643_R1.fq.gz	0.0619532	0	157578/1000000
SRR11047673_R1.fq.gz	SRR11047643_R1.fq.gz	0.0927459	0	76778/1000000
ERR2784728_R1.fq.gz	SRR11047644_R1.fq.gz	0.13049	0	33352/1000000
ERR2784729_R1.fq.gz	SRR11047644_R1.fq.gz	0.132957	0	31615/1000000
ERR2784730_R1.fq.gz	SRR11047644_R1.fq.gz	0.136347	0	29379/1000000
ERR2784731_R1.fq.gz	SRR11047644_R1.fq.gz	0.137655	0	28560/1000000
ERR2784741_R1.fq.gz	SRR11047644_R1.fq.gz	0.129985	0	33720/1000000
ERR2784742_R1.fq.gz	SRR11047644_R1.fq.gz	0.133448	0	31281/1000000
ERR2784743_R1.fq.gz	SRR11047644_R1.fq.gz	0.135525	0	29906/1000000
ERR2784752_R1.fq.gz	SRR11047644_R1.fq.gz	0.104224	0	59357/1000000
ERR2784753_R1.fq.gz	SRR11047644_R1.fq.gz	0.106284	0	56701/1000000
ERR2784754_R1.fq.gz	SRR11047644_R1.fq.gz	0.10898	0	53413/1000000
ERR2784755_R1.fq.gz	SRR11047644_R1.fq.gz	0.11017	0	52027/1000000
ERR2784756_R1.fq.gz	SRR11047644_R1.fq.gz	0.106629	0	56269/1000000
ERR2784757_R1.fq.gz	SRR11047644_R1.fq.gz	0.108844	0	53574/1000000
ERR2784759_R1.fq.gz	SRR11047644_R1.fq.gz	0.113574	0	48264/1000000
ERR2784760_R1.fq.gz	SRR11047644_R1.fq.gz	0.118122	0	43676/1000000
ERR2784761_R1.fq.gz	SRR11047644_R1.fq.gz	0.121934	0	40181/1000000
ERR2784762_R1.fq.gz	SRR11047644_R1.fq.gz	0.126084	0	36704/1000000
ERR2784763_R1.fq.gz	SRR11047644_R1.fq.gz	0.128695	0	34678/1000000
ERR2784780_R1.fq.gz	SRR11047644_R1.fq.gz	0.111785	0	50205/1000000
ERR2784781_R1.fq.gz	SRR11047644_R1.fq.gz	0.113429	0	48418/1000000
ERR2784782_R1.fq.gz	SRR11047644_R1.fq.gz	0.116305	0	45452/1000000
ERR2784783_R1.fq.gz	SRR11047644_R1.fq.gz	0.11749	0	44285/1000000
ERR2784796_R1.fq.gz	SRR11047644_R1.fq.gz	0.124447	0	38037/1000000
ERR2784797_R1.fq.gz	SRR11047644_R1.fq.gz	0.126495	0	36377/1000000
ERR2784798_R1.fq.gz	SRR11047644_R1.fq.gz	0.129416	0	34139/1000000
ERR2784799_R1.fq.gz	SRR11047644_R1.fq.gz	0.130772	0	33149/1000000
ERR2784800_R1.fq.gz	SRR11047644_R1.fq.gz	0.152209	0	20882/1000000
ERR2784801_R1.fq.gz	SRR11047644_R1.fq.gz	0.156935	0	18872/1000000
ERR2784802_R1.fq.gz	SRR11047644_R1.fq.gz	0.161863	0	16985/1000000
ERR2784803_R1.fq.gz	SRR11047644_R1.fq.gz	0.163579	0	16374/1000000
ERR2784804_R1.fq.gz	SRR11047644_R1.fq.gz	0.175016	0	12833/1000000
ERR2784805_R1.fq.gz	SRR11047644_R1.fq.gz	0.180923	0	11319/1000000
ERR2784806_R1.fq.gz	SRR11047644_R1.fq.gz	0.233936	0	3690/1000000
ERR2784807_R1.fq.gz	SRR11047644_R1.fq.gz	0.24134	0	3157/1000000
ERR2784808_R1.fq.gz	SRR11047644_R1.fq.gz	0.113951	0	47865/1000000
ERR2784809_R1.fq.gz	SRR11047644_R1.fq.gz	0.115929	0	45829/1000000
ERR2784810_R1.fq.gz	SRR11047644_R1.fq.gz	0.118447	0	43366/1000000
ERR2784811_R1.fq.gz	SRR11047644_R1.fq.gz	0.119772	0	42126/1000000
ERR2784816_R1.fq.gz	SRR11047644_R1.fq.gz	0.117982	0	43810/1000000
ERR2784817_R1.fq.gz	SRR11047644_R1.fq.gz	0.119587	0	42297/1000000
ERR2784818_R1.fq.gz	SRR11047644_R1.fq.gz	0.121572	0	40500/1000000
ERR2784824_R1.fq.gz	SRR11047644_R1.fq.gz	0.098398	0	67604/1000000
ERR2784826_R1.fq.gz	SRR11047644_R1.fq.gz	0.101183	0	63520/1000000
ERR2784827_R1.fq.gz	SRR11047644_R1.fq.gz	0.102193	0	62104/1000000
SRR11047625_R1.fq.gz	SRR11047644_R1.fq.gz	0.0872298	0	87028/1000000
SRR11047626_R1.fq.gz	SRR11047644_R1.fq.gz	0.103778	0	59949/1000000
SRR11047627_R1.fq.gz	SRR11047644_R1.fq.gz	0.0922899	0	77574/1000000
SRR11047628_R1.fq.gz	SRR11047644_R1.fq.gz	0.0884925	0	84558/1000000
SRR11047629_R1.fq.gz	SRR11047644_R1.fq.gz	0.0938911	0	74817/1000000
SRR11047631_R1.fq.gz	SRR11047644_R1.fq.gz	0.0888388	0	83894/1000000
SRR11047632_R1.fq.gz	SRR11047644_R1.fq.gz	0.0957377	0	71767/1000000
SRR11047633_R1.fq.gz	SRR11047644_R1.fq.gz	0.105662	0	57490/1000000
SRR11047634_R1.fq.gz	SRR11047644_R1.fq.gz	0.0967548	0	70144/1000000
SRR11047635_R1.fq.gz	SRR11047644_R1.fq.gz	0.103222	0	60696/1000000
SRR11047636_R1.fq.gz	SRR11047644_R1.fq.gz	0.0905226	0	80744/1000000
SRR11047637_R1.fq.gz	SRR11047644_R1.fq.gz	0.10831	0	54211/1000000
SRR11047639_R1.fq.gz	SRR11047644_R1.fq.gz	0.0815154	0	99225/1000000
SRR11047640_R1.fq.gz	SRR11047644_R1.fq.gz	0.0923002	0	77556/1000000
SRR11047641_R1.fq.gz	SRR11047644_R1.fq.gz	0.10486	0	58523/1000000
SRR11047642_R1.fq.gz	SRR11047644_R1.fq.gz	0.104516	0	58973/1000000
SRR11047643_R1.fq.gz	SRR11047644_R1.fq.gz	0.089189	0	83228/1000000
SRR11047644_R1.fq.gz	SRR11047644_R1.fq.gz	0	0	1000000/1000000
SRR11047645_R1.fq.gz	SRR11047644_R1.fq.gz	0.0931359	0	76104/1000000
SRR11047647_R1.fq.gz	SRR11047644_R1.fq.gz	0.0857977	0	89924/1000000
SRR11047648_R1.fq.gz	SRR11047644_R1.fq.gz	0.109407	0	52911/1000000
SRR11047649_R1.fq.gz	SRR11047644_R1.fq.gz	0.0944827	0	73825/1000000
SRR11047650_R1.fq.gz	SRR11047644_R1.fq.gz	0.0940079	0	74620/1000000
SRR11047651_R1.fq.gz	SRR11047644_R1.fq.gz	0.101309	0	63341/1000000
SRR11047653_R1.fq.gz	SRR11047644_R1.fq.gz	0.0885024	0	84539/1000000
SRR11047654_R1.fq.gz	SRR11047644_R1.fq.gz	0.0838913	0	93942/1000000
SRR11047655_R1.fq.gz	SRR11047644_R1.fq.gz	0.0821633	0	97753/1000000
SRR11047656_R1.fq.gz	SRR11047644_R1.fq.gz	0.087954	0	85602/1000000
SRR11047657_R1.fq.gz	SRR11047644_R1.fq.gz	0.100912	0	63906/1000000
SRR11047658_R1.fq.gz	SRR11047644_R1.fq.gz	0.0913277	0	79283/1000000
SRR11047659_R1.fq.gz	SRR11047644_R1.fq.gz	0.0831285	0	95604/1000000
SRR11047660_R1.fq.gz	SRR11047644_R1.fq.gz	0.0966313	0	70339/1000000
SRR11047661_R1.fq.gz	SRR11047644_R1.fq.gz	0.0943053	0	74121/1000000
SRR11047662_R1.fq.gz	SRR11047644_R1.fq.gz	0.0895924	0	82468/1000000
SRR11047663_R1.fq.gz	SRR11047644_R1.fq.gz	0.0931266	0	76120/1000000
SRR11047664_R1.fq.gz	SRR11047644_R1.fq.gz	0.0930639	0	76228/1000000
SRR11047665_R1.fq.gz	SRR11047644_R1.fq.gz	0.0846543	0	92311/1000000
SRR11047666_R1.fq.gz	SRR11047644_R1.fq.gz	0.0982676	0	67802/1000000
SRR11047667_R1.fq.gz	SRR11047644_R1.fq.gz	0.0985831	0	67324/1000000
SRR11047668_R1.fq.gz	SRR11047644_R1.fq.gz	0.104285	0	59276/1000000
SRR11047669_R1.fq.gz	SRR11047644_R1.fq.gz	0.109382	0	52941/1000000
SRR11047670_R1.fq.gz	SRR11047644_R1.fq.gz	0.076848	0	110573/1000000
SRR11047671_R1.fq.gz	SRR11047644_R1.fq.gz	0.0862693	0	88959/1000000
SRR11047672_R1.fq.gz	SRR11047644_R1.fq.gz	0.087058	0	87370/1000000
SRR11047673_R1.fq.gz	SRR11047644_R1.fq.gz	0.0930546	0	76244/1000000
ERR2784728_R1.fq.gz	SRR11047645_R1.fq.gz	0.0863766	0	88741/1000000
ERR2784729_R1.fq.gz	SRR11047645_R1.fq.gz	0.0886387	0	84277/1000000
ERR2784730_R1.fq.gz	SRR11047645_R1.fq.gz	0.0917348	0	78555/1000000
ERR2784731_R1.fq.gz	SRR11047645_R1.fq.gz	0.0930912	0	76181/1000000
ERR2784741_R1.fq.gz	SRR11047645_R1.fq.gz	0.0702863	0	129017/1000000
ERR2784742_R1.fq.gz	SRR11047645_R1.fq.gz	0.0725773	0	122216/1000000
ERR2784743_R1.fq.gz	SRR11047645_R1.fq.gz	0.0738391	0	118641/1000000
ERR2784752_R1.fq.gz	SRR11047645_R1.fq.gz	0.0595868	0	166947/1000000
ERR2784753_R1.fq.gz	SRR11047645_R1.fq.gz	0.0609053	0	161651/1000000
ERR2784754_R1.fq.gz	SRR11047645_R1.fq.gz	0.0627247	0	154654/1000000
ERR2784755_R1.fq.gz	SRR11047645_R1.fq.gz	0.0637587	0	150831/1000000
ERR2784756_R1.fq.gz	SRR11047645_R1.fq.gz	0.0644027	0	148504/1000000
ERR2784757_R1.fq.gz	SRR11047645_R1.fq.gz	0.06604	0	142768/1000000
ERR2784759_R1.fq.gz	SRR11047645_R1.fq.gz	0.0694243	0	131684/1000000
ERR2784760_R1.fq.gz	SRR11047645_R1.fq.gz	0.0790321	0	105095/1000000
ERR2784761_R1.fq.gz	SRR11047645_R1.fq.gz	0.0804531	0	101691/1000000
ERR2784762_R1.fq.gz	SRR11047645_R1.fq.gz	0.0824917	0	97016/1000000
ERR2784763_R1.fq.gz	SRR11047645_R1.fq.gz	0.0833606	0	95095/1000000
ERR2784780_R1.fq.gz	SRR11047645_R1.fq.gz	0.0692178	0	132332/1000000
ERR2784781_R1.fq.gz	SRR11047645_R1.fq.gz	0.0709674	0	126952/1000000
ERR2784782_R1.fq.gz	SRR11047645_R1.fq.gz	0.0733995	0	119873/1000000
ERR2784783_R1.fq.gz	SRR11047645_R1.fq.gz	0.0746132	0	116505/1000000
ERR2784796_R1.fq.gz	SRR11047645_R1.fq.gz	0.0808955	0	100656/1000000
ERR2784797_R1.fq.gz	SRR11047645_R1.fq.gz	0.0834783	0	94838/1000000
ERR2784798_R1.fq.gz	SRR11047645_R1.fq.gz	0.0874914	0	86510/1000000
ERR2784799_R1.fq.gz	SRR11047645_R1.fq.gz	0.0893277	0	82966/1000000
ERR2784800_R1.fq.gz	SRR11047645_R1.fq.gz	0.113396	0	48454/1000000
ERR2784801_R1.fq.gz	SRR11047645_R1.fq.gz	0.119342	0	42524/1000000
ERR2784802_R1.fq.gz	SRR11047645_R1.fq.gz	0.125578	0	37111/1000000
ERR2784803_R1.fq.gz	SRR11047645_R1.fq.gz	0.128453	0	34861/1000000
ERR2784804_R1.fq.gz	SRR11047645_R1.fq.gz	0.164767	0	15964/1000000
ERR2784805_R1.fq.gz	SRR11047645_R1.fq.gz	0.171879	0	13719/1000000
ERR2784806_R1.fq.gz	SRR11047645_R1.fq.gz	0.227717	0	4207/1000000
ERR2784807_R1.fq.gz	SRR11047645_R1.fq.gz	0.233847	0	3697/1000000
ERR2784808_R1.fq.gz	SRR11047645_R1.fq.gz	0.0838335	0	94067/1000000
ERR2784809_R1.fq.gz	SRR11047645_R1.fq.gz	0.0854104	0	90725/1000000
ERR2784810_R1.fq.gz	SRR11047645_R1.fq.gz	0.0875152	0	86463/1000000
ERR2784811_R1.fq.gz	SRR11047645_R1.fq.gz	0.0883396	0	84853/1000000
ERR2784816_R1.fq.gz	SRR11047645_R1.fq.gz	0.0726332	0	122055/1000000
ERR2784817_R1.fq.gz	SRR11047645_R1.fq.gz	0.0743342	0	117270/1000000
ERR2784818_R1.fq.gz	SRR11047645_R1.fq.gz	0.0771165	0	109883/1000000
ERR2784824_R1.fq.gz	SRR11047645_R1.fq.gz	0.0665846	0	140916/1000000
ERR2784826_R1.fq.gz	SRR11047645_R1.fq.gz	0.0703966	0	128680/1000000
ERR2784827_R1.fq.gz	SRR11047645_R1.fq.gz	0.0715399	0	125245/1000000
SRR11047625_R1.fq.gz	SRR11047645_R1.fq.gz	0.0707653	0	127561/1000000
SRR11047626_R1.fq.gz	SRR11047645_R1.fq.gz	0.0680705	0	135998/1000000
SRR11047627_R1.fq.gz	SRR11047645_R1.fq.gz	0.0694822	0	131503/1000000
SRR11047628_R1.fq.gz	SRR11047645_R1.fq.gz	0.0573785	0	176268/1000000
SRR11047629_R1.fq.gz	SRR11047645_R1.fq.gz	0.0578188	0	174363/1000000
SRR11047631_R1.fq.gz	SRR11047645_R1.fq.gz	0.0696843	0	130873/1000000
SRR11047632_R1.fq.gz	SRR11047645_R1.fq.gz	0.052353	0	199808/1000000
SRR11047633_R1.fq.gz	SRR11047645_R1.fq.gz	0.057056	0	177679/1000000
SRR11047634_R1.fq.gz	SRR11047645_R1.fq.gz	0.061812	0	158120/1000000
SRR11047635_R1.fq.gz	SRR11047645_R1.fq.gz	0.0589869	0	169422/1000000
SRR11047636_R1.fq.gz	SRR11047645_R1.fq.gz	0.069822	0	130446/1000000
SRR11047637_R1.fq.gz	SRR11047645_R1.fq.gz	0.0621306	0	156900/1000000
SRR11047639_R1.fq.gz	SRR11047645_R1.fq.gz	0.0546264	0	188735/1000000
SRR11047640_R1.fq.gz	SRR11047645_R1.fq.gz	0.0808865	0	100677/1000000
SRR11047641_R1.fq.gz	SRR11047645_R1.fq.gz	0.0534275	0	194483/1000000
SRR11047642_R1.fq.gz	SRR11047645_R1.fq.gz	0.0598766	0	165766/1000000
SRR11047643_R1.fq.gz	SRR11047645_R1.fq.gz	0.058109	0	173120/1000000
SRR11047644_R1.fq.gz	SRR11047645_R1.fq.gz	0.0931359	0	76104/1000000
SRR11047645_R1.fq.gz	SRR11047645_R1.fq.gz	0	0	1000000/1000000
SRR11047647_R1.fq.gz	SRR11047645_R1.fq.gz	0.0560716	0	182066/1000000
SRR11047648_R1.fq.gz	SRR11047645_R1.fq.gz	0.0795468	0	103848/1000000
SRR11047649_R1.fq.gz	SRR11047645_R1.fq.gz	0.0646891	0	147482/1000000
SRR11047650_R1.fq.gz	SRR11047645_R1.fq.gz	0.0561848	0	181555/1000000
SRR11047651_R1.fq.gz	SRR11047645_R1.fq.gz	0.0612656	0	160237/1000000
SRR11047653_R1.fq.gz	SRR11047645_R1.fq.gz	0.0719489	0	124041/1000000
SRR11047654_R1.fq.gz	SRR11047645_R1.fq.gz	0.070813	0	127417/1000000
SRR11047655_R1.fq.gz	SRR11047645_R1.fq.gz	0.0603467	0	163871/1000000
SRR11047656_R1.fq.gz	SRR11047645_R1.fq.gz	0.0569142	0	178303/1000000
SRR11047657_R1.fq.gz	SRR11047645_R1.fq.gz	0.0523699	0	199723/1000000
SRR11047658_R1.fq.gz	SRR11047645_R1.fq.gz	0.0521358	0	200905/1000000
SRR11047659_R1.fq.gz	SRR11047645_R1.fq.gz	0.0620614	0	157164/1000000
SRR11047660_R1.fq.gz	SRR11047645_R1.fq.gz	0.0613759	0	159807/1000000
SRR11047661_R1.fq.gz	SRR11047645_R1.fq.gz	0.0724307	0	122639/1000000
SRR11047662_R1.fq.gz	SRR11047645_R1.fq.gz	0.0519674	0	201760/1000000
SRR11047663_R1.fq.gz	SRR11047645_R1.fq.gz	0.0665626	0	140990/1000000
SRR11047664_R1.fq.gz	SRR11047645_R1.fq.gz	0.0595782	0	166982/1000000
SRR11047665_R1.fq.gz	SRR11047645_R1.fq.gz	0.073407	0	119852/1000000
SRR11047666_R1.fq.gz	SRR11047645_R1.fq.gz	0.0637354	0	150916/1000000
SRR11047667_R1.fq.gz	SRR11047645_R1.fq.gz	0.0687112	0	133937/1000000
SRR11047668_R1.fq.gz	SRR11047645_R1.fq.gz	0.0677262	0	137120/1000000
SRR11047669_R1.fq.gz	SRR11047645_R1.fq.gz	0.0591013	0	168947/1000000
SRR11047670_R1.fq.gz	SRR11047645_R1.fq.gz	0.0662302	0	142118/1000000
SRR11047671_R1.fq.gz	SRR11047645_R1.fq.gz	0.0755597	0	113951/1000000
SRR11047672_R1.fq.gz	SRR11047645_R1.fq.gz	0.0566062	0	179668/1000000
SRR11047673_R1.fq.gz	SRR11047645_R1.fq.gz	0.08025	0	102170/1000000
ERR2784728_R1.fq.gz	SRR11047647_R1.fq.gz	0.0775942	0	108667/1000000
ERR2784729_R1.fq.gz	SRR11047647_R1.fq.gz	0.0791064	0	104914/1000000
ERR2784730_R1.fq.gz	SRR11047647_R1.fq.gz	0.0814269	0	99428/1000000
ERR2784731_R1.fq.gz	SRR11047647_R1.fq.gz	0.0823898	0	97244/1000000
ERR2784741_R1.fq.gz	SRR11047647_R1.fq.gz	0.0709754	0	126928/1000000
ERR2784742_R1.fq.gz	SRR11047647_R1.fq.gz	0.073857	0	118591/1000000
ERR2784743_R1.fq.gz	SRR11047647_R1.fq.gz	0.0753319	0	114560/1000000
ERR2784752_R1.fq.gz	SRR11047647_R1.fq.gz	0.0643575	0	148666/1000000
ERR2784753_R1.fq.gz	SRR11047647_R1.fq.gz	0.0655915	0	144314/1000000
ERR2784754_R1.fq.gz	SRR11047647_R1.fq.gz	0.0674921	0	137889/1000000
ERR2784755_R1.fq.gz	SRR11047647_R1.fq.gz	0.0684173	0	134878/1000000
ERR2784756_R1.fq.gz	SRR11047647_R1.fq.gz	0.065927	0	143156/1000000
ERR2784757_R1.fq.gz	SRR11047647_R1.fq.gz	0.0671778	0	138929/1000000
ERR2784759_R1.fq.gz	SRR11047647_R1.fq.gz	0.0701065	0	129568/1000000
ERR2784760_R1.fq.gz	SRR11047647_R1.fq.gz	0.0730212	0	120945/1000000
ERR2784761_R1.fq.gz	SRR11047647_R1.fq.gz	0.0741492	0	117780/1000000
ERR2784762_R1.fq.gz	SRR11047647_R1.fq.gz	0.0759184	0	112999/1000000
ERR2784763_R1.fq.gz	SRR11047647_R1.fq.gz	0.0767771	0	110756/1000000
ERR2784780_R1.fq.gz	SRR11047647_R1.fq.gz	0.0710817	0	126609/1000000
ERR2784781_R1.fq.gz	SRR11047647_R1.fq.gz	0.0723582	0	122849/1000000
ERR2784782_R1.fq.gz	SRR11047647_R1.fq.gz	0.0746491	0	116407/1000000
ERR2784783_R1.fq.gz	SRR11047647_R1.fq.gz	0.0758469	0	113188/1000000
ERR2784796_R1.fq.gz	SRR11047647_R1.fq.gz	0.0809149	0	100611/1000000
ERR2784797_R1.fq.gz	SRR11047647_R1.fq.gz	0.0830813	0	95708/1000000
ERR2784798_R1.fq.gz	SRR11047647_R1.fq.gz	0.0866699	0	88148/1000000
ERR2784799_R1.fq.gz	SRR11047647_R1.fq.gz	0.0883407	0	84851/1000000
ERR2784800_R1.fq.gz	SRR11047647_R1.fq.gz	0.109186	0	53171/1000000
ERR2784801_R1.fq.gz	SRR11047647_R1.fq.gz	0.114537	0	47252/1000000
ERR2784802_R1.fq.gz	SRR11047647_R1.fq.gz	0.120167	0	41763/1000000
ERR2784803_R1.fq.gz	SRR11047647_R1.fq.gz	0.122543	0	39650/1000000
ERR2784804_R1.fq.gz	SRR11047647_R1.fq.gz	0.172174	0	13633/1000000
ERR2784805_R1.fq.gz	SRR11047647_R1.fq.gz	0.178948	0	11804/1000000
ERR2784806_R1.fq.gz	SRR11047647_R1.fq.gz	0.232319	0	3818/1000000
ERR2784807_R1.fq.gz	SRR11047647_R1.fq.gz	0.239266	0	3298/1000000
ERR2784808_R1.fq.gz	SRR11047647_R1.fq.gz	0.0889547	0	83673/1000000
ERR2784809_R1.fq.gz	SRR11047647_R1.fq.gz	0.0907255	0	80373/1000000
ERR2784810_R1.fq.gz	SRR11047647_R1.fq.gz	0.0930407	0	76268/1000000
ERR2784811_R1.fq.gz	SRR11047647_R1.fq.gz	0.0939901	0	74650/1000000
ERR2784816_R1.fq.gz	SRR11047647_R1.fq.gz	0.0845713	0	92487/1000000
ERR2784817_R1.fq.gz	SRR11047647_R1.fq.gz	0.0860408	0	89425/1000000
ERR2784818_R1.fq.gz	SRR11047647_R1.fq.gz	0.0888781	0	83819/1000000
ERR2784824_R1.fq.gz	SRR11047647_R1.fq.gz	0.0611603	0	160649/1000000
ERR2784826_R1.fq.gz	SRR11047647_R1.fq.gz	0.0638856	0	150369/1000000
ERR2784827_R1.fq.gz	SRR11047647_R1.fq.gz	0.0647855	0	147140/1000000
SRR11047625_R1.fq.gz	SRR11047647_R1.fq.gz	0.0627242	0	154656/1000000
SRR11047626_R1.fq.gz	SRR11047647_R1.fq.gz	0.0678621	0	136676/1000000
SRR11047627_R1.fq.gz	SRR11047647_R1.fq.gz	0.0725176	0	122388/1000000
SRR11047628_R1.fq.gz	SRR11047647_R1.fq.gz	0.0577117	0	174824/1000000
SRR11047629_R1.fq.gz	SRR11047647_R1.fq.gz	0.0608548	0	161850/1000000
SRR11047631_R1.fq.gz	SRR11047647_R1.fq.gz	0.0703497	0	128823/1000000
SRR11047632_R1.fq.gz	SRR11047647_R1.fq.gz	0.0616983	0	158558/1000000
SRR11047633_R1.fq.gz	SRR11047647_R1.fq.gz	0.0618937	0	157806/1000000
SRR11047634_R1.fq.gz	SRR11047647_R1.fq.gz	0.072153	0	123445/1000000
SRR11047635_R1.fq.gz	SRR11047647_R1.fq.gz	0.0690643	0	132816/1000000
SRR11047636_R1.fq.gz	SRR11047647_R1.fq.gz	0.0685869	0	134334/1000000
SRR11047637_R1.fq.gz	SRR11047647_R1.fq.gz	0.0635361	0	151645/1000000
SRR11047639_R1.fq.gz	SRR11047647_R1.fq.gz	0.0544923	0	189368/1000000
SRR11047640_R1.fq.gz	SRR11047647_R1.fq.gz	0.0828684	0	96178/1000000
SRR11047641_R1.fq.gz	SRR11047647_R1.fq.gz	0.0616641	0	158690/1000000
SRR11047642_R1.fq.gz	SRR11047647_R1.fq.gz	0.061204	0	160478/1000000
SRR11047643_R1.fq.gz	SRR11047647_R1.fq.gz	0.0619263	0	157681/1000000
SRR11047644_R1.fq.gz	SRR11047647_R1.fq.gz	0.0857977	0	89924/1000000
SRR11047645_R1.fq.gz	SRR11047647_R1.fq.gz	0.0560716	0	182066/1000000
SRR11047647_R1.fq.gz	SRR11047647_R1.fq.gz	0	0	1000000/1000000
SRR11047648_R1.fq.gz	SRR11047647_R1.fq.gz	0.0874635	0	86565/1000000
SRR11047649_R1.fq.gz	SRR11047647_R1.fq.gz	0.0703298	0	128884/1000000
SRR11047650_R1.fq.gz	SRR11047647_R1.fq.gz	0.0603045	0	164040/1000000
SRR11047651_R1.fq.gz	SRR11047647_R1.fq.gz	0.0657849	0	143645/1000000
SRR11047653_R1.fq.gz	SRR11047647_R1.fq.gz	0.078268	0	106977/1000000
SRR11047654_R1.fq.gz	SRR11047647_R1.fq.gz	0.0663746	0	141627/1000000
SRR11047655_R1.fq.gz	SRR11047647_R1.fq.gz	0.0584209	0	171796/1000000
SRR11047656_R1.fq.gz	SRR11047647_R1.fq.gz	0.0658192	0	143527/1000000
SRR11047657_R1.fq.gz	SRR11047647_R1.fq.gz	0.0617795	0	158245/1000000
SRR11047658_R1.fq.gz	SRR11047647_R1.fq.gz	0.0577505	0	174657/1000000
SRR11047659_R1.fq.gz	SRR11047647_R1.fq.gz	0.0618825	0	157849/1000000
SRR11047660_R1.fq.gz	SRR11047647_R1.fq.gz	0.0664176	0	141481/1000000
SRR11047661_R1.fq.gz	SRR11047647_R1.fq.gz	0.0708561	0	127287/1000000
SRR11047662_R1.fq.gz	SRR11047647_R1.fq.gz	0.0555511	0	184436/1000000
SRR11047663_R1.fq.gz	SRR11047647_R1.fq.gz	0.0738506	0	118609/1000000
SRR11047664_R1.fq.gz	SRR11047647_R1.fq.gz	0.0671426	0	139046/1000000
SRR11047665_R1.fq.gz	SRR11047647_R1.fq.gz	0.0807077	0	101094/1000000
SRR11047666_R1.fq.gz	SRR11047647_R1.fq.gz	0.0663807	0	141606/1000000
SRR11047667_R1.fq.gz	SRR11047647_R1.fq.gz	0.0692321	0	132287/1000000
SRR11047668_R1.fq.gz	SRR11047647_R1.fq.gz	0.0717836	0	124526/1000000
SRR11047669_R1.fq.gz	SRR11047647_R1.fq.gz	0.0624344	0	155747/1000000
SRR11047670_R1.fq.gz	SRR11047647_R1.fq.gz	0.0640611	0	149733/1000000
SRR11047671_R1.fq.gz	SRR11047647_R1.fq.gz	0.0676765	0	137283/1000000
SRR11047672_R1.fq.gz	SRR11047647_R1.fq.gz	0.0571015	0	177479/1000000
SRR11047673_R1.fq.gz	SRR11047647_R1.fq.gz	0.0788171	0	105621/1000000
ERR2784728_R1.fq.gz	SRR11047648_R1.fq.gz	0.0908997	0	80056/1000000
ERR2784729_R1.fq.gz	SRR11047648_R1.fq.gz	0.0924371	0	77316/1000000
ERR2784730_R1.fq.gz	SRR11047648_R1.fq.gz	0.0945639	0	73690/1000000
ERR2784731_R1.fq.gz	SRR11047648_R1.fq.gz	0.0956691	0	71878/1000000
ERR2784741_R1.fq.gz	SRR11047648_R1.fq.gz	0.0853387	0	90874/1000000
ERR2784742_R1.fq.gz	SRR11047648_R1.fq.gz	0.0866734	0	88141/1000000
ERR2784743_R1.fq.gz	SRR11047648_R1.fq.gz	0.0874321	0	86627/1000000
ERR2784752_R1.fq.gz	SRR11047648_R1.fq.gz	0.0893531	0	82918/1000000
ERR2784753_R1.fq.gz	SRR11047648_R1.fq.gz	0.0898557	0	81976/1000000
ERR2784754_R1.fq.gz	SRR11047648_R1.fq.gz	0.0910979	0	79697/1000000
ERR2784755_R1.fq.gz	SRR11047648_R1.fq.gz	0.0916601	0	78688/1000000
ERR2784756_R1.fq.gz	SRR11047648_R1.fq.gz	0.0902832	0	81184/1000000
ERR2784757_R1.fq.gz	SRR11047648_R1.fq.gz	0.0911151	0	79666/1000000
ERR2784759_R1.fq.gz	SRR11047648_R1.fq.gz	0.0932436	0	75919/1000000
ERR2784760_R1.fq.gz	SRR11047648_R1.fq.gz	0.102889	0	61147/1000000
ERR2784761_R1.fq.gz	SRR11047648_R1.fq.gz	0.104121	0	59493/1000000
ERR2784762_R1.fq.gz	SRR11047648_R1.fq.gz	0.106483	0	56451/1000000
ERR2784763_R1.fq.gz	SRR11047648_R1.fq.gz	0.107426	0	55283/1000000
ERR2784780_R1.fq.gz	SRR11047648_R1.fq.gz	0.0925493	0	77120/1000000
ERR2784781_R1.fq.gz	SRR11047648_R1.fq.gz	0.0933183	0	75791/1000000
ERR2784782_R1.fq.gz	SRR11047648_R1.fq.gz	0.0944659	0	73853/1000000
ERR2784783_R1.fq.gz	SRR11047648_R1.fq.gz	0.0952643	0	72536/1000000
ERR2784796_R1.fq.gz	SRR11047648_R1.fq.gz	0.104376	0	59156/1000000
ERR2784797_R1.fq.gz	SRR11047648_R1.fq.gz	0.105182	0	58106/1000000
ERR2784798_R1.fq.gz	SRR11047648_R1.fq.gz	0.10791	0	54694/1000000
ERR2784799_R1.fq.gz	SRR11047648_R1.fq.gz	0.109134	0	53232/1000000
ERR2784800_R1.fq.gz	SRR11047648_R1.fq.gz	0.128465	0	34852/1000000
ERR2784801_R1.fq.gz	SRR11047648_R1.fq.gz	0.132563	0	31886/1000000
ERR2784802_R1.fq.gz	SRR11047648_R1.fq.gz	0.137652	0	28562/1000000
ERR2784803_R1.fq.gz	SRR11047648_R1.fq.gz	0.139909	0	27204/1000000
ERR2784804_R1.fq.gz	SRR11047648_R1.fq.gz	0.176185	0	12518/1000000
ERR2784805_R1.fq.gz	SRR11047648_R1.fq.gz	0.181349	0	11217/1000000
ERR2784806_R1.fq.gz	SRR11047648_R1.fq.gz	0.232269	0	3822/1000000
ERR2784807_R1.fq.gz	SRR11047648_R1.fq.gz	0.239065	0	3312/1000000
ERR2784808_R1.fq.gz	SRR11047648_R1.fq.gz	0.102989	0	61012/1000000
ERR2784809_R1.fq.gz	SRR11047648_R1.fq.gz	0.104439	0	59073/1000000
ERR2784810_R1.fq.gz	SRR11047648_R1.fq.gz	0.106575	0	56336/1000000
ERR2784811_R1.fq.gz	SRR11047648_R1.fq.gz	0.10741	0	55303/1000000
ERR2784816_R1.fq.gz	SRR11047648_R1.fq.gz	0.0884437	0	84652/1000000
ERR2784817_R1.fq.gz	SRR11047648_R1.fq.gz	0.0890267	0	83536/1000000
ERR2784818_R1.fq.gz	SRR11047648_R1.fq.gz	0.0905128	0	80762/1000000
ERR2784824_R1.fq.gz	SRR11047648_R1.fq.gz	0.086496	0	88499/1000000
ERR2784826_R1.fq.gz	SRR11047648_R1.fq.gz	0.0899036	0	81887/1000000
ERR2784827_R1.fq.gz	SRR11047648_R1.fq.gz	0.0909962	0	79881/1000000
SRR11047625_R1.fq.gz	SRR11047648_R1.fq.gz	0.0798956	0	103012/1000000
SRR11047626_R1.fq.gz	SRR11047648_R1.fq.gz	0.0777435	0	108290/1000000
SRR11047627_R1.fq.gz	SRR11047648_R1.fq.gz	0.114777	0	47004/1000000
SRR11047628_R1.fq.gz	SRR11047648_R1.fq.gz	0.0686053	0	134275/1000000
SRR11047629_R1.fq.gz	SRR11047648_R1.fq.gz	0.0758058	0	113297/1000000
SRR11047631_R1.fq.gz	SRR11047648_R1.fq.gz	0.0882616	0	85004/1000000
SRR11047632_R1.fq.gz	SRR11047648_R1.fq.gz	0.0844165	0	92816/1000000
SRR11047633_R1.fq.gz	SRR11047648_R1.fq.gz	0.0723792	0	122788/1000000
SRR11047634_R1.fq.gz	SRR11047648_R1.fq.gz	0.0950287	0	72922/1000000
SRR11047635_R1.fq.gz	SRR11047648_R1.fq.gz	0.0725097	0	122411/1000000
SRR11047636_R1.fq.gz	SRR11047648_R1.fq.gz	0.0894205	0	82791/1000000
SRR11047637_R1.fq.gz	SRR11047648_R1.fq.gz	0.0900721	0	81574/1000000
SRR11047639_R1.fq.gz	SRR11047648_R1.fq.gz	0.0684471	0	134782/1000000
SRR11047640_R1.fq.gz	SRR11047648_R1.fq.gz	0.0853613	0	90827/1000000
SRR11047641_R1.fq.gz	SRR11047648_R1.fq.gz	0.0812179	0	99909/1000000
SRR11047642_R1.fq.gz	SRR11047648_R1.fq.gz	0.0826967	0	96559/1000000
SRR11047643_R1.fq.gz	SRR11047648_R1.fq.gz	0.0892096	0	83189/1000000
SRR11047644_R1.fq.gz	SRR11047648_R1.fq.gz	0.109407	0	52911/1000000
SRR11047645_R1.fq.gz	SRR11047648_R1.fq.gz	0.0795468	0	103848/1000000
SRR11047647_R1.fq.gz	SRR11047648_R1.fq.gz	0.0874635	0	86565/1000000
SRR11047648_R1.fq.gz	SRR11047648_R1.fq.gz	0	0	1000000/1000000
SRR11047649_R1.fq.gz	SRR11047648_R1.fq.gz	0.0783404	0	106797/1000000
SRR11047650_R1.fq.gz	SRR11047648_R1.fq.gz	0.0764568	0	111587/1000000
SRR11047651_R1.fq.gz	SRR11047648_R1.fq.gz	0.078011	0	107618/1000000
SRR11047653_R1.fq.gz	SRR11047648_R1.fq.gz	0.0896063	0	82442/1000000
SRR11047654_R1.fq.gz	SRR11047648_R1.fq.gz	0.075506	0	114094/1000000
SRR11047655_R1.fq.gz	SRR11047648_R1.fq.gz	0.0844616	0	92720/1000000
SRR11047656_R1.fq.gz	SRR11047648_R1.fq.gz	0.0752138	0	114877/1000000
SRR11047657_R1.fq.gz	SRR11047648_R1.fq.gz	0.0753864	0	114414/1000000
SRR11047658_R1.fq.gz	SRR11047648_R1.fq.gz	0.0686325	0	134188/1000000
SRR11047659_R1.fq.gz	SRR11047648_R1.fq.gz	0.0764737	0	111543/1000000
SRR11047660_R1.fq.gz	SRR11047648_R1.fq.gz	0.0828292	0	96265/1000000
SRR11047661_R1.fq.gz	SRR11047648_R1.fq.gz	0.0753375	0	114545/1000000
SRR11047662_R1.fq.gz	SRR11047648_R1.fq.gz	0.0821327	0	97822/1000000
SRR11047663_R1.fq.gz	SRR11047648_R1.fq.gz	0.0756795	0	113632/1000000
SRR11047664_R1.fq.gz	SRR11047648_R1.fq.gz	0.0789789	0	105225/1000000
SRR11047665_R1.fq.gz	SRR11047648_R1.fq.gz	0.0747643	0	116093/1000000
SRR11047666_R1.fq.gz	SRR11047648_R1.fq.gz	0.0783481	0	106778/1000000
SRR11047667_R1.fq.gz	SRR11047648_R1.fq.gz	0.0636913	0	151077/1000000
SRR11047668_R1.fq.gz	SRR11047648_R1.fq.gz	0.0733085	0	120130/1000000
SRR11047669_R1.fq.gz	SRR11047648_R1.fq.gz	0.0805399	0	101487/1000000
SRR11047670_R1.fq.gz	SRR11047648_R1.fq.gz	0.0715514	0	125211/1000000
SRR11047671_R1.fq.gz	SRR11047648_R1.fq.gz	0.0804684	0	101655/1000000
SRR11047672_R1.fq.gz	SRR11047648_R1.fq.gz	0.07794	0	107796/1000000
SRR11047673_R1.fq.gz	SRR11047648_R1.fq.gz	0.0949679	0	73022/1000000
ERR2784728_R1.fq.gz	SRR11047649_R1.fq.gz	0.0780762	0	107455/1000000
ERR2784729_R1.fq.gz	SRR11047649_R1.fq.gz	0.0795422	0	103859/1000000
ERR2784730_R1.fq.gz	SRR11047649_R1.fq.gz	0.08147	0	99329/1000000
ERR2784731_R1.fq.gz	SRR11047649_R1.fq.gz	0.0824533	0	97102/1000000
ERR2784741_R1.fq.gz	SRR11047649_R1.fq.gz	0.0688204	0	133589/1000000
ERR2784742_R1.fq.gz	SRR11047649_R1.fq.gz	0.0702395	0	129160/1000000
ERR2784743_R1.fq.gz	SRR11047649_R1.fq.gz	0.0708936	0	127174/1000000
ERR2784752_R1.fq.gz	SRR11047649_R1.fq.gz	0.0650201	0	146311/1000000
ERR2784753_R1.fq.gz	SRR11047649_R1.fq.gz	0.0662035	0	142209/1000000
ERR2784754_R1.fq.gz	SRR11047649_R1.fq.gz	0.0676838	0	137259/1000000
ERR2784755_R1.fq.gz	SRR11047649_R1.fq.gz	0.0685185	0	134553/1000000
ERR2784756_R1.fq.gz	SRR11047649_R1.fq.gz	0.0624961	0	155514/1000000
ERR2784757_R1.fq.gz	SRR11047649_R1.fq.gz	0.063478	0	151858/1000000
ERR2784759_R1.fq.gz	SRR11047649_R1.fq.gz	0.0651997	0	145680/1000000
ERR2784760_R1.fq.gz	SRR11047649_R1.fq.gz	0.0686595	0	134102/1000000
ERR2784761_R1.fq.gz	SRR11047649_R1.fq.gz	0.0692617	0	132194/1000000
ERR2784762_R1.fq.gz	SRR11047649_R1.fq.gz	0.070051	0	129739/1000000
ERR2784763_R1.fq.gz	SRR11047649_R1.fq.gz	0.0705217	0	128299/1000000
ERR2784780_R1.fq.gz	SRR11047649_R1.fq.gz	0.0796037	0	103711/1000000
ERR2784781_R1.fq.gz	SRR11047649_R1.fq.gz	0.080485	0	101616/1000000
ERR2784782_R1.fq.gz	SRR11047649_R1.fq.gz	0.0818292	0	98509/1000000
ERR2784783_R1.fq.gz	SRR11047649_R1.fq.gz	0.0826927	0	96568/1000000
ERR2784796_R1.fq.gz	SRR11047649_R1.fq.gz	0.0883795	0	84776/1000000
ERR2784797_R1.fq.gz	SRR11047649_R1.fq.gz	0.089529	0	82587/1000000
ERR2784798_R1.fq.gz	SRR11047649_R1.fq.gz	0.092129	0	77857/1000000
ERR2784799_R1.fq.gz	SRR11047649_R1.fq.gz	0.0933049	0	75814/1000000
ERR2784800_R1.fq.gz	SRR11047649_R1.fq.gz	0.116845	0	44916/1000000
ERR2784801_R1.fq.gz	SRR11047649_R1.fq.gz	0.121877	0	40231/1000000
ERR2784802_R1.fq.gz	SRR11047649_R1.fq.gz	0.127034	0	35953/1000000
ERR2784803_R1.fq.gz	SRR11047649_R1.fq.gz	0.12954	0	34047/1000000
ERR2784804_R1.fq.gz	SRR11047649_R1.fq.gz	0.179777	0	11598/1000000
ERR2784805_R1.fq.gz	SRR11047649_R1.fq.gz	0.185564	0	10257/1000000
ERR2784806_R1.fq.gz	SRR11047649_R1.fq.gz	0.237362	0	3433/1000000
ERR2784807_R1.fq.gz	SRR11047649_R1.fq.gz	0.243841	0	2995/1000000
ERR2784808_R1.fq.gz	SRR11047649_R1.fq.gz	0.094835	0	73241/1000000
ERR2784809_R1.fq.gz	SRR11047649_R1.fq.gz	0.0962805	0	70896/1000000
ERR2784810_R1.fq.gz	SRR11047649_R1.fq.gz	0.0980053	0	68202/1000000
ERR2784811_R1.fq.gz	SRR11047649_R1.fq.gz	0.0986309	0	67252/1000000
ERR2784816_R1.fq.gz	SRR11047649_R1.fq.gz	0.0838895	0	93946/1000000
ERR2784817_R1.fq.gz	SRR11047649_R1.fq.gz	0.0849206	0	91749/1000000
ERR2784818_R1.fq.gz	SRR11047649_R1.fq.gz	0.0867474	0	87992/1000000
ERR2784824_R1.fq.gz	SRR11047649_R1.fq.gz	0.0646529	0	147611/1000000
ERR2784826_R1.fq.gz	SRR11047649_R1.fq.gz	0.0662522	0	142043/1000000
ERR2784827_R1.fq.gz	SRR11047649_R1.fq.gz	0.0667362	0	140405/1000000
SRR11047625_R1.fq.gz	SRR11047649_R1.fq.gz	0.0802272	0	102224/1000000
SRR11047626_R1.fq.gz	SRR11047649_R1.fq.gz	0.0686544	0	134118/1000000
SRR11047627_R1.fq.gz	SRR11047649_R1.fq.gz	0.0974327	0	69084/1000000
SRR11047628_R1.fq.gz	SRR11047649_R1.fq.gz	0.0621351	0	156883/1000000
SRR11047629_R1.fq.gz	SRR11047649_R1.fq.gz	0.0674278	0	138101/1000000
SRR11047631_R1.fq.gz	SRR11047649_R1.fq.gz	0.0813307	0	99649/1000000
SRR11047632_R1.fq.gz	SRR11047649_R1.fq.gz	0.0694073	0	131737/1000000
SRR11047633_R1.fq.gz	SRR11047649_R1.fq.gz	0.0661997	0	142222/1000000
SRR11047634_R1.fq.gz	SRR11047649_R1.fq.gz	0.0854123	0	90721/1000000
SRR11047635_R1.fq.gz	SRR11047649_R1.fq.gz	0.061675	0	158648/1000000
SRR11047636_R1.fq.gz	SRR11047649_R1.fq.gz	0.0875132	0	86467/1000000
SRR11047637_R1.fq.gz	SRR11047649_R1.fq.gz	0.0748169	0	115950/1000000
SRR11047639_R1.fq.gz	SRR11047649_R1.fq.gz	0.0604572	0	163429/1000000
SRR11047640_R1.fq.gz	SRR11047649_R1.fq.gz	0.0898203	0	82042/1000000
SRR11047641_R1.fq.gz	SRR11047649_R1.fq.gz	0.0703046	0	128961/1000000
SRR11047642_R1.fq.gz	SRR11047649_R1.fq.gz	0.0748302	0	115914/1000000
SRR11047643_R1.fq.gz	SRR11047649_R1.fq.gz	0.0809045	0	100635/1000000
SRR11047644_R1.fq.gz	SRR11047649_R1.fq.gz	0.0944827	0	73825/1000000
SRR11047645_R1.fq.gz	SRR11047649_R1.fq.gz	0.0646891	0	147482/1000000
SRR11047647_R1.fq.gz	SRR11047649_R1.fq.gz	0.0703298	0	128884/1000000
SRR11047648_R1.fq.gz	SRR11047649_R1.fq.gz	0.0783404	0	106797/1000000
SRR11047649_R1.fq.gz	SRR11047649_R1.fq.gz	0	0	1000000/1000000
SRR11047650_R1.fq.gz	SRR11047649_R1.fq.gz	0.0673936	0	138214/1000000
SRR11047651_R1.fq.gz	SRR11047649_R1.fq.gz	0.056995	0	177947/1000000
SRR11047653_R1.fq.gz	SRR11047649_R1.fq.gz	0.0905106	0	80766/1000000
SRR11047654_R1.fq.gz	SRR11047649_R1.fq.gz	0.0594455	0	167526/1000000
SRR11047655_R1.fq.gz	SRR11047649_R1.fq.gz	0.0632173	0	152819/1000000
SRR11047656_R1.fq.gz	SRR11047649_R1.fq.gz	0.0773055	0	109400/1000000
SRR11047657_R1.fq.gz	SRR11047649_R1.fq.gz	0.065738	0	143807/1000000
SRR11047658_R1.fq.gz	SRR11047649_R1.fq.gz	0.0737362	0	118928/1000000
SRR11047659_R1.fq.gz	SRR11047649_R1.fq.gz	0.0679114	0	136515/1000000
SRR11047660_R1.fq.gz	SRR11047649_R1.fq.gz	0.0786405	0	106055/1000000
SRR11047661_R1.fq.gz	SRR11047649_R1.fq.gz	0.0736016	0	119305/1000000
SRR11047662_R1.fq.gz	SRR11047649_R1.fq.gz	0.0691555	0	132528/1000000
SRR11047663_R1.fq.gz	SRR11047649_R1.fq.gz	0.0916904	0	78634/1000000
SRR11047664_R1.fq.gz	SRR11047649_R1.fq.gz	0.0759605	0	112888/1000000
SRR11047665_R1.fq.gz	SRR11047649_R1.fq.gz	0.0802712	0	102120/1000000
SRR11047666_R1.fq.gz	SRR11047649_R1.fq.gz	0.0697868	0	130555/1000000
SRR11047667_R1.fq.gz	SRR11047649_R1.fq.gz	0.0703026	0	128967/1000000
SRR11047668_R1.fq.gz	SRR11047649_R1.fq.gz	0.0779987	0	107649/1000000
SRR11047669_R1.fq.gz	SRR11047649_R1.fq.gz	0.0694841	0	131497/1000000
SRR11047670_R1.fq.gz	SRR11047649_R1.fq.gz	0.0670408	0	139385/1000000
SRR11047671_R1.fq.gz	SRR11047649_R1.fq.gz	0.0673727	0	138283/1000000
SRR11047672_R1.fq.gz	SRR11047649_R1.fq.gz	0.0695693	0	131231/1000000
SRR11047673_R1.fq.gz	SRR11047649_R1.fq.gz	0.0648476	0	146920/1000000
ERR2784728_R1.fq.gz	SRR11047650_R1.fq.gz	0.0721193	0	123543/1000000
ERR2784729_R1.fq.gz	SRR11047650_R1.fq.gz	0.0736283	0	119230/1000000
ERR2784730_R1.fq.gz	SRR11047650_R1.fq.gz	0.0760527	0	112645/1000000
ERR2784731_R1.fq.gz	SRR11047650_R1.fq.gz	0.0769762	0	110243/1000000
ERR2784741_R1.fq.gz	SRR11047650_R1.fq.gz	0.0691029	0	132694/1000000
ERR2784742_R1.fq.gz	SRR11047650_R1.fq.gz	0.0711379	0	126441/1000000
ERR2784743_R1.fq.gz	SRR11047650_R1.fq.gz	0.0722823	0	123069/1000000
ERR2784752_R1.fq.gz	SRR11047650_R1.fq.gz	0.0673252	0	138440/1000000
ERR2784753_R1.fq.gz	SRR11047650_R1.fq.gz	0.0687121	0	133934/1000000
ERR2784754_R1.fq.gz	SRR11047650_R1.fq.gz	0.0706176	0	128008/1000000
ERR2784755_R1.fq.gz	SRR11047650_R1.fq.gz	0.0717119	0	124737/1000000
ERR2784756_R1.fq.gz	SRR11047650_R1.fq.gz	0.0766064	0	111198/1000000
ERR2784757_R1.fq.gz	SRR11047650_R1.fq.gz	0.0779771	0	107703/1000000
ERR2784759_R1.fq.gz	SRR11047650_R1.fq.gz	0.0808745	0	100705/1000000
ERR2784760_R1.fq.gz	SRR11047650_R1.fq.gz	0.0793537	0	104314/1000000
ERR2784761_R1.fq.gz	SRR11047650_R1.fq.gz	0.0802467	0	102178/1000000
ERR2784762_R1.fq.gz	SRR11047650_R1.fq.gz	0.0816111	0	99006/1000000
ERR2784763_R1.fq.gz	SRR11047650_R1.fq.gz	0.0821744	0	97728/1000000
ERR2784780_R1.fq.gz	SRR11047650_R1.fq.gz	0.0720665	0	123697/1000000
ERR2784781_R1.fq.gz	SRR11047650_R1.fq.gz	0.0731193	0	120666/1000000
ERR2784782_R1.fq.gz	SRR11047650_R1.fq.gz	0.0752149	0	114874/1000000
ERR2784783_R1.fq.gz	SRR11047650_R1.fq.gz	0.0762691	0	112077/1000000
ERR2784796_R1.fq.gz	SRR11047650_R1.fq.gz	0.0808882	0	100673/1000000
ERR2784797_R1.fq.gz	SRR11047650_R1.fq.gz	0.0831226	0	95617/1000000
ERR2784798_R1.fq.gz	SRR11047650_R1.fq.gz	0.0865886	0	88312/1000000
ERR2784799_R1.fq.gz	SRR11047650_R1.fq.gz	0.0882337	0	85058/1000000
ERR2784800_R1.fq.gz	SRR11047650_R1.fq.gz	0.10619	0	56820/1000000
ERR2784801_R1.fq.gz	SRR11047650_R1.fq.gz	0.110857	0	51243/1000000
ERR2784802_R1.fq.gz	SRR11047650_R1.fq.gz	0.11619	0	45567/1000000
ERR2784803_R1.fq.gz	SRR11047650_R1.fq.gz	0.118465	0	43349/1000000
ERR2784804_R1.fq.gz	SRR11047650_R1.fq.gz	0.149977	0	21906/1000000
ERR2784805_R1.fq.gz	SRR11047650_R1.fq.gz	0.156083	0	19219/1000000
ERR2784806_R1.fq.gz	SRR11047650_R1.fq.gz	0.209177	0	6222/1000000
ERR2784807_R1.fq.gz	SRR11047650_R1.fq.gz	0.217628	0	5205/1000000
ERR2784808_R1.fq.gz	SRR11047650_R1.fq.gz	0.0858366	0	89844/1000000
ERR2784809_R1.fq.gz	SRR11047650_R1.fq.gz	0.0874564	0	86579/1000000
ERR2784810_R1.fq.gz	SRR11047650_R1.fq.gz	0.0892091	0	83190/1000000
ERR2784811_R1.fq.gz	SRR11047650_R1.fq.gz	0.0901305	0	81466/1000000
ERR2784816_R1.fq.gz	SRR11047650_R1.fq.gz	0.0737942	0	118766/1000000
ERR2784817_R1.fq.gz	SRR11047650_R1.fq.gz	0.0750598	0	115292/1000000
ERR2784818_R1.fq.gz	SRR11047650_R1.fq.gz	0.0773464	0	109296/1000000
ERR2784824_R1.fq.gz	SRR11047650_R1.fq.gz	0.0646051	0	147781/1000000
ERR2784826_R1.fq.gz	SRR11047650_R1.fq.gz	0.0676844	0	137257/1000000
ERR2784827_R1.fq.gz	SRR11047650_R1.fq.gz	0.0687777	0	133725/1000000
SRR11047625_R1.fq.gz	SRR11047650_R1.fq.gz	0.0672827	0	138581/1000000
SRR11047626_R1.fq.gz	SRR11047650_R1.fq.gz	0.0681905	0	135609/1000000
SRR11047627_R1.fq.gz	SRR11047650_R1.fq.gz	0.0779971	0	107653/1000000
SRR11047628_R1.fq.gz	SRR11047650_R1.fq.gz	0.0544325	0	189651/1000000
SRR11047629_R1.fq.gz	SRR11047650_R1.fq.gz	0.058853	0	169980/1000000
SRR11047631_R1.fq.gz	SRR11047650_R1.fq.gz	0.0746491	0	116407/1000000
SRR11047632_R1.fq.gz	SRR11047650_R1.fq.gz	0.053984	0	191790/1000000
SRR11047633_R1.fq.gz	SRR11047650_R1.fq.gz	0.0563051	0	181014/1000000
SRR11047634_R1.fq.gz	SRR11047650_R1.fq.gz	0.0697545	0	130655/1000000
SRR11047635_R1.fq.gz	SRR11047650_R1.fq.gz	0.0583356	0	172157/1000000
SRR11047636_R1.fq.gz	SRR11047650_R1.fq.gz	0.0671624	0	138980/1000000
SRR11047637_R1.fq.gz	SRR11047650_R1.fq.gz	0.0633251	0	152421/1000000
SRR11047639_R1.fq.gz	SRR11047650_R1.fq.gz	0.0538677	0	192349/1000000
SRR11047640_R1.fq.gz	SRR11047650_R1.fq.gz	0.0829412	0	96017/1000000
SRR11047641_R1.fq.gz	SRR11047650_R1.fq.gz	0.0582809	0	172389/1000000
SRR11047642_R1.fq.gz	SRR11047650_R1.fq.gz	0.0594448	0	167529/1000000
SRR11047643_R1.fq.gz	SRR11047650_R1.fq.gz	0.0623398	0	156105/1000000
SRR11047644_R1.fq.gz	SRR11047650_R1.fq.gz	0.0940079	0	74620/1000000
SRR11047645_R1.fq.gz	SRR11047650_R1.fq.gz	0.0561848	0	181555/1000000
SRR11047647_R1.fq.gz	SRR11047650_R1.fq.gz	0.0603045	0	164040/1000000
SRR11047648_R1.fq.gz	SRR11047650_R1.fq.gz	0.0764568	0	111587/1000000
SRR11047649_R1.fq.gz	SRR11047650_R1.fq.gz	0.0673936	0	138214/1000000
SRR11047650_R1.fq.gz	SRR11047650_R1.fq.gz	0	0	1000000/1000000
SRR11047651_R1.fq.gz	SRR11047650_R1.fq.gz	0.065924	0	143166/1000000
SRR11047653_R1.fq.gz	SRR11047650_R1.fq.gz	0.0774242	0	109098/1000000
SRR11047654_R1.fq.gz	SRR11047650_R1.fq.gz	0.0715429	0	125236/1000000
SRR11047655_R1.fq.gz	SRR11047650_R1.fq.gz	0.058358	0	172062/1000000
SRR11047656_R1.fq.gz	SRR11047650_R1.fq.gz	0.0643661	0	148635/1000000
SRR11047657_R1.fq.gz	SRR11047650_R1.fq.gz	0.0542525	0	190506/1000000
SRR11047658_R1.fq.gz	SRR11047650_R1.fq.gz	0.057956	0	173774/1000000
SRR11047659_R1.fq.gz	SRR11047650_R1.fq.gz	0.0635797	0	151485/1000000
SRR11047660_R1.fq.gz	SRR11047650_R1.fq.gz	0.0609365	0	161528/1000000
SRR11047661_R1.fq.gz	SRR11047650_R1.fq.gz	0.0702343	0	129176/1000000
SRR11047662_R1.fq.gz	SRR11047650_R1.fq.gz	0.055669	0	183896/1000000
SRR11047663_R1.fq.gz	SRR11047650_R1.fq.gz	0.0730159	0	120960/1000000
SRR11047664_R1.fq.gz	SRR11047650_R1.fq.gz	0.0575272	0	175622/1000000
SRR11047665_R1.fq.gz	SRR11047650_R1.fq.gz	0.0675228	0	137788/1000000
SRR11047666_R1.fq.gz	SRR11047650_R1.fq.gz	0.0638939	0	150339/1000000
SRR11047667_R1.fq.gz	SRR11047650_R1.fq.gz	0.0707067	0	127738/1000000
SRR11047668_R1.fq.gz	SRR11047650_R1.fq.gz	0.070201	0	129278/1000000
SRR11047669_R1.fq.gz	SRR11047650_R1.fq.gz	0.0629309	0	153883/1000000
SRR11047670_R1.fq.gz	SRR11047650_R1.fq.gz	0.0672501	0	138689/1000000
SRR11047671_R1.fq.gz	SRR11047650_R1.fq.gz	0.0691051	0	132687/1000000
SRR11047672_R1.fq.gz	SRR11047650_R1.fq.gz	0.0561819	0	181568/1000000
SRR11047673_R1.fq.gz	SRR11047650_R1.fq.gz	0.073703	0	119021/1000000
ERR2784728_R1.fq.gz	SRR11047651_R1.fq.gz	0.0767481	0	110831/1000000
ERR2784729_R1.fq.gz	SRR11047651_R1.fq.gz	0.077954	0	107761/1000000
ERR2784730_R1.fq.gz	SRR11047651_R1.fq.gz	0.0799476	0	102888/1000000
ERR2784731_R1.fq.gz	SRR11047651_R1.fq.gz	0.0809842	0	100450/1000000
ERR2784741_R1.fq.gz	SRR11047651_R1.fq.gz	0.0672637	0	138644/1000000
ERR2784742_R1.fq.gz	SRR11047651_R1.fq.gz	0.0686519	0	134126/1000000
ERR2784743_R1.fq.gz	SRR11047651_R1.fq.gz	0.0693422	0	131941/1000000
ERR2784752_R1.fq.gz	SRR11047651_R1.fq.gz	0.0637499	0	150863/1000000
ERR2784753_R1.fq.gz	SRR11047651_R1.fq.gz	0.0644231	0	148431/1000000
ERR2784754_R1.fq.gz	SRR11047651_R1.fq.gz	0.0659246	0	143164/1000000
ERR2784755_R1.fq.gz	SRR11047651_R1.fq.gz	0.0667413	0	140388/1000000
ERR2784756_R1.fq.gz	SRR11047651_R1.fq.gz	0.0621821	0	156704/1000000
ERR2784757_R1.fq.gz	SRR11047651_R1.fq.gz	0.0626642	0	154881/1000000
ERR2784759_R1.fq.gz	SRR11047651_R1.fq.gz	0.0645414	0	148008/1000000
ERR2784760_R1.fq.gz	SRR11047651_R1.fq.gz	0.0706113	0	128027/1000000
ERR2784761_R1.fq.gz	SRR11047651_R1.fq.gz	0.0709395	0	127036/1000000
ERR2784762_R1.fq.gz	SRR11047651_R1.fq.gz	0.0719718	0	123974/1000000
ERR2784763_R1.fq.gz	SRR11047651_R1.fq.gz	0.0722788	0	123079/1000000
ERR2784780_R1.fq.gz	SRR11047651_R1.fq.gz	0.0793499	0	104323/1000000
ERR2784781_R1.fq.gz	SRR11047651_R1.fq.gz	0.0800682	0	102601/1000000
ERR2784782_R1.fq.gz	SRR11047651_R1.fq.gz	0.0815193	0	99216/1000000
ERR2784783_R1.fq.gz	SRR11047651_R1.fq.gz	0.0822126	0	97642/1000000
ERR2784796_R1.fq.gz	SRR11047651_R1.fq.gz	0.0852605	0	91037/1000000
ERR2784797_R1.fq.gz	SRR11047651_R1.fq.gz	0.0862	0	89100/1000000
ERR2784798_R1.fq.gz	SRR11047651_R1.fq.gz	0.0888775	0	83820/1000000
ERR2784799_R1.fq.gz	SRR11047651_R1.fq.gz	0.09007	0	81578/1000000
ERR2784800_R1.fq.gz	SRR11047651_R1.fq.gz	0.107095	0	55690/1000000
ERR2784801_R1.fq.gz	SRR11047651_R1.fq.gz	0.111472	0	50553/1000000
ERR2784802_R1.fq.gz	SRR11047651_R1.fq.gz	0.116413	0	45344/1000000
ERR2784803_R1.fq.gz	SRR11047651_R1.fq.gz	0.11887	0	42966/1000000
ERR2784804_R1.fq.gz	SRR11047651_R1.fq.gz	0.167073	0	15198/1000000
ERR2784805_R1.fq.gz	SRR11047651_R1.fq.gz	0.172736	0	13471/1000000
ERR2784806_R1.fq.gz	SRR11047651_R1.fq.gz	0.224325	0	4519/1000000
ERR2784807_R1.fq.gz	SRR11047651_R1.fq.gz	0.232543	0	3800/1000000
ERR2784808_R1.fq.gz	SRR11047651_R1.fq.gz	0.0871127	0	87261/1000000
ERR2784809_R1.fq.gz	SRR11047651_R1.fq.gz	0.0878936	0	85720/1000000
ERR2784810_R1.fq.gz	SRR11047651_R1.fq.gz	0.0892953	0	83027/1000000
ERR2784811_R1.fq.gz	SRR11047651_R1.fq.gz	0.0900004	0	81707/1000000
ERR2784816_R1.fq.gz	SRR11047651_R1.fq.gz	0.0864486	0	88595/1000000
ERR2784817_R1.fq.gz	SRR11047651_R1.fq.gz	0.0872026	0	87082/1000000
ERR2784818_R1.fq.gz	SRR11047651_R1.fq.gz	0.0890798	0	83435/1000000
ERR2784824_R1.fq.gz	SRR11047651_R1.fq.gz	0.0606425	0	162691/1000000
ERR2784826_R1.fq.gz	SRR11047651_R1.fq.gz	0.0621876	0	156683/1000000
ERR2784827_R1.fq.gz	SRR11047651_R1.fq.gz	0.062832	0	154252/1000000
SRR11047625_R1.fq.gz	SRR11047651_R1.fq.gz	0.0788881	0	105447/1000000
SRR11047626_R1.fq.gz	SRR11047651_R1.fq.gz	0.0682252	0	135497/1000000
SRR11047627_R1.fq.gz	SRR11047651_R1.fq.gz	0.0937551	0	75047/1000000
SRR11047628_R1.fq.gz	SRR11047651_R1.fq.gz	0.0710547	0	126690/1000000
SRR11047629_R1.fq.gz	SRR11047651_R1.fq.gz	0.0656648	0	144060/1000000
SRR11047631_R1.fq.gz	SRR11047651_R1.fq.gz	0.0744951	0	116828/1000000
SRR11047632_R1.fq.gz	SRR11047651_R1.fq.gz	0.0685251	0	134532/1000000
SRR11047633_R1.fq.gz	SRR11047651_R1.fq.gz	0.0622502	0	156445/1000000
SRR11047634_R1.fq.gz	SRR11047651_R1.fq.gz	0.0864506	0	88591/1000000
SRR11047635_R1.fq.gz	SRR11047651_R1.fq.gz	0.0596688	0	166612/1000000
SRR11047636_R1.fq.gz	SRR11047651_R1.fq.gz	0.0741894	0	117669/1000000
SRR11047637_R1.fq.gz	SRR11047651_R1.fq.gz	0.0666326	0	140754/1000000
SRR11047639_R1.fq.gz	SRR11047651_R1.fq.gz	0.0577301	0	174745/1000000
SRR11047640_R1.fq.gz	SRR11047651_R1.fq.gz	0.099299	0	66253/1000000
SRR11047641_R1.fq.gz	SRR11047651_R1.fq.gz	0.0705503	0	128212/1000000
SRR11047642_R1.fq.gz	SRR11047651_R1.fq.gz	0.0732424	0	120317/1000000
SRR11047643_R1.fq.gz	SRR11047651_R1.fq.gz	0.0767311	0	110875/1000000
SRR11047644_R1.fq.gz	SRR11047651_R1.fq.gz	0.101309	0	63341/1000000
SRR11047645_R1.fq.gz	SRR11047651_R1.fq.gz	0.0612656	0	160237/1000000
SRR11047647_R1.fq.gz	SRR11047651_R1.fq.gz	0.0657849	0	143645/1000000
SRR11047648_R1.fq.gz	SRR11047651_R1.fq.gz	0.078011	0	107618/1000000
SRR11047649_R1.fq.gz	SRR11047651_R1.fq.gz	0.056995	0	177947/1000000
SRR11047650_R1.fq.gz	SRR11047651_R1.fq.gz	0.065924	0	143166/1000000
SRR11047651_R1.fq.gz	SRR11047651_R1.fq.gz	0	0	1000000/1000000
SRR11047653_R1.fq.gz	SRR11047651_R1.fq.gz	0.0843255	0	93010/1000000
SRR11047654_R1.fq.gz	SRR11047651_R1.fq.gz	0.060543	0	163087/1000000
SRR11047655_R1.fq.gz	SRR11047651_R1.fq.gz	0.063656	0	151206/1000000
SRR11047656_R1.fq.gz	SRR11047651_R1.fq.gz	0.0758311	0	113230/1000000
SRR11047657_R1.fq.gz	SRR11047651_R1.fq.gz	0.0558385	0	183123/1000000
SRR11047658_R1.fq.gz	SRR11047651_R1.fq.gz	0.0704222	0	128602/1000000
SRR11047659_R1.fq.gz	SRR11047651_R1.fq.gz	0.066104	0	142549/1000000
SRR11047660_R1.fq.gz	SRR11047651_R1.fq.gz	0.0781635	0	107237/1000000
SRR11047661_R1.fq.gz	SRR11047651_R1.fq.gz	0.064994	0	146403/1000000
SRR11047662_R1.fq.gz	SRR11047651_R1.fq.gz	0.0629046	0	153981/1000000
SRR11047663_R1.fq.gz	SRR11047651_R1.fq.gz	0.0868515	0	87783/1000000
SRR11047664_R1.fq.gz	SRR11047651_R1.fq.gz	0.0708836	0	127204/1000000
SRR11047665_R1.fq.gz	SRR11047651_R1.fq.gz	0.0772863	0	109449/1000000
SRR11047666_R1.fq.gz	SRR11047651_R1.fq.gz	0.0689196	0	133274/1000000
SRR11047667_R1.fq.gz	SRR11047651_R1.fq.gz	0.0659593	0	143045/1000000
SRR11047668_R1.fq.gz	SRR11047651_R1.fq.gz	0.0708484	0	127310/1000000
SRR11047669_R1.fq.gz	SRR11047651_R1.fq.gz	0.0639543	0	150120/1000000
SRR11047670_R1.fq.gz	SRR11047651_R1.fq.gz	0.0626208	0	155044/1000000
SRR11047671_R1.fq.gz	SRR11047651_R1.fq.gz	0.0675641	0	137652/1000000
SRR11047672_R1.fq.gz	SRR11047651_R1.fq.gz	0.0672637	0	138644/1000000
SRR11047673_R1.fq.gz	SRR11047651_R1.fq.gz	0.0579663	0	173730/1000000
ERR2784728_R1.fq.gz	SRR11047653_R1.fq.gz	0.107716	0	54929/1000000
ERR2784729_R1.fq.gz	SRR11047653_R1.fq.gz	0.110263	0	51920/1000000
ERR2784730_R1.fq.gz	SRR11047653_R1.fq.gz	0.114095	0	47714/1000000
ERR2784731_R1.fq.gz	SRR11047653_R1.fq.gz	0.115545	0	46217/1000000
ERR2784741_R1.fq.gz	SRR11047653_R1.fq.gz	0.110936	0	51154/1000000
ERR2784742_R1.fq.gz	SRR11047653_R1.fq.gz	0.114808	0	46972/1000000
ERR2784743_R1.fq.gz	SRR11047653_R1.fq.gz	0.116769	0	44991/1000000
ERR2784752_R1.fq.gz	SRR11047653_R1.fq.gz	0.0872147	0	87058/1000000
ERR2784753_R1.fq.gz	SRR11047653_R1.fq.gz	0.0892514	0	83110/1000000
ERR2784754_R1.fq.gz	SRR11047653_R1.fq.gz	0.0923481	0	77472/1000000
ERR2784755_R1.fq.gz	SRR11047653_R1.fq.gz	0.0937427	0	75068/1000000
ERR2784756_R1.fq.gz	SRR11047653_R1.fq.gz	0.101841	0	62594/1000000
ERR2784757_R1.fq.gz	SRR11047653_R1.fq.gz	0.104175	0	59421/1000000
ERR2784759_R1.fq.gz	SRR11047653_R1.fq.gz	0.109296	0	53041/1000000
ERR2784760_R1.fq.gz	SRR11047653_R1.fq.gz	0.1103	0	51877/1000000
ERR2784761_R1.fq.gz	SRR11047653_R1.fq.gz	0.113724	0	48105/1000000
ERR2784762_R1.fq.gz	SRR11047653_R1.fq.gz	0.118125	0	43673/1000000
ERR2784763_R1.fq.gz	SRR11047653_R1.fq.gz	0.120263	0	41676/1000000
ERR2784780_R1.fq.gz	SRR11047653_R1.fq.gz	0.0928624	0	76576/1000000
ERR2784781_R1.fq.gz	SRR11047653_R1.fq.gz	0.0949236	0	73095/1000000
ERR2784782_R1.fq.gz	SRR11047653_R1.fq.gz	0.0980537	0	68128/1000000
ERR2784783_R1.fq.gz	SRR11047653_R1.fq.gz	0.0997919	0	65526/1000000
ERR2784796_R1.fq.gz	SRR11047653_R1.fq.gz	0.109556	0	52738/1000000
ERR2784797_R1.fq.gz	SRR11047653_R1.fq.gz	0.111982	0	49987/1000000
ERR2784798_R1.fq.gz	SRR11047653_R1.fq.gz	0.115669	0	46091/1000000
ERR2784799_R1.fq.gz	SRR11047653_R1.fq.gz	0.117794	0	43991/1000000
ERR2784800_R1.fq.gz	SRR11047653_R1.fq.gz	0.137037	0	28944/1000000
ERR2784801_R1.fq.gz	SRR11047653_R1.fq.gz	0.142448	0	25755/1000000
ERR2784802_R1.fq.gz	SRR11047653_R1.fq.gz	0.148605	0	22561/1000000
ERR2784803_R1.fq.gz	SRR11047653_R1.fq.gz	0.150966	0	21446/1000000
ERR2784804_R1.fq.gz	SRR11047653_R1.fq.gz	0.173216	0	13334/1000000
ERR2784805_R1.fq.gz	SRR11047653_R1.fq.gz	0.179752	0	11604/1000000
ERR2784806_R1.fq.gz	SRR11047653_R1.fq.gz	0.235545	0	3567/1000000
ERR2784807_R1.fq.gz	SRR11047653_R1.fq.gz	0.243055	0	3045/1000000
ERR2784808_R1.fq.gz	SRR11047653_R1.fq.gz	0.106044	0	57004/1000000
ERR2784809_R1.fq.gz	SRR11047653_R1.fq.gz	0.108856	0	53560/1000000
ERR2784810_R1.fq.gz	SRR11047653_R1.fq.gz	0.111778	0	50212/1000000
ERR2784811_R1.fq.gz	SRR11047653_R1.fq.gz	0.11336	0	48492/1000000
ERR2784816_R1.fq.gz	SRR11047653_R1.fq.gz	0.100551	0	64423/1000000
ERR2784817_R1.fq.gz	SRR11047653_R1.fq.gz	0.10282	0	61242/1000000
ERR2784818_R1.fq.gz	SRR11047653_R1.fq.gz	0.1065	0	56430/1000000
ERR2784824_R1.fq.gz	SRR11047653_R1.fq.gz	0.0959705	0	71392/1000000
ERR2784826_R1.fq.gz	SRR11047653_R1.fq.gz	0.100455	0	64561/1000000
ERR2784827_R1.fq.gz	SRR11047653_R1.fq.gz	0.101945	0	62448/1000000
SRR11047625_R1.fq.gz	SRR11047653_R1.fq.gz	0.0848816	0	91831/1000000
SRR11047626_R1.fq.gz	SRR11047653_R1.fq.gz	0.0911051	0	79684/1000000
SRR11047627_R1.fq.gz	SRR11047653_R1.fq.gz	0.0892244	0	83161/1000000
SRR11047628_R1.fq.gz	SRR11047653_R1.fq.gz	0.0756603	0	113683/1000000
SRR11047629_R1.fq.gz	SRR11047653_R1.fq.gz	0.079028	0	105105/1000000
SRR11047631_R1.fq.gz	SRR11047653_R1.fq.gz	0.0880022	0	85508/1000000
SRR11047632_R1.fq.gz	SRR11047653_R1.fq.gz	0.0742449	0	117516/1000000
SRR11047633_R1.fq.gz	SRR11047653_R1.fq.gz	0.0810109	0	100388/1000000
SRR11047634_R1.fq.gz	SRR11047653_R1.fq.gz	0.0736826	0	119078/1000000
SRR11047635_R1.fq.gz	SRR11047653_R1.fq.gz	0.0793128	0	104413/1000000
SRR11047636_R1.fq.gz	SRR11047653_R1.fq.gz	0.0738007	0	118748/1000000
SRR11047637_R1.fq.gz	SRR11047653_R1.fq.gz	0.0849705	0	91644/1000000
SRR11047639_R1.fq.gz	SRR11047653_R1.fq.gz	0.0642781	0	148951/1000000
SRR11047640_R1.fq.gz	SRR11047653_R1.fq.gz	0.0901564	0	81418/1000000
SRR11047641_R1.fq.gz	SRR11047653_R1.fq.gz	0.0771157	0	109885/1000000
SRR11047642_R1.fq.gz	SRR11047653_R1.fq.gz	0.0839136	0	93894/1000000
SRR11047643_R1.fq.gz	SRR11047653_R1.fq.gz	0.0763303	0	111917/1000000
SRR11047644_R1.fq.gz	SRR11047653_R1.fq.gz	0.0885024	0	84539/1000000
SRR11047645_R1.fq.gz	SRR11047653_R1.fq.gz	0.0719489	0	124041/1000000
SRR11047647_R1.fq.gz	SRR11047653_R1.fq.gz	0.078268	0	106977/1000000
SRR11047648_R1.fq.gz	SRR11047653_R1.fq.gz	0.0896063	0	82442/1000000
SRR11047649_R1.fq.gz	SRR11047653_R1.fq.gz	0.0905106	0	80766/1000000
SRR11047650_R1.fq.gz	SRR11047653_R1.fq.gz	0.0774242	0	109098/1000000
SRR11047651_R1.fq.gz	SRR11047653_R1.fq.gz	0.0843255	0	93010/1000000
SRR11047653_R1.fq.gz	SRR11047653_R1.fq.gz	0	0	1000000/1000000
SRR11047654_R1.fq.gz	SRR11047653_R1.fq.gz	0.0779552	0	107758/1000000
SRR11047655_R1.fq.gz	SRR11047653_R1.fq.gz	0.0728071	0	121556/1000000
SRR11047656_R1.fq.gz	SRR11047653_R1.fq.gz	0.0713158	0	125910/1000000
SRR11047657_R1.fq.gz	SRR11047653_R1.fq.gz	0.0818618	0	98435/1000000
SRR11047658_R1.fq.gz	SRR11047653_R1.fq.gz	0.0688198	0	133591/1000000
SRR11047659_R1.fq.gz	SRR11047653_R1.fq.gz	0.0665056	0	141183/1000000
SRR11047660_R1.fq.gz	SRR11047653_R1.fq.gz	0.0823497	0	97334/1000000
SRR11047661_R1.fq.gz	SRR11047653_R1.fq.gz	0.0860208	0	89466/1000000
SRR11047662_R1.fq.gz	SRR11047653_R1.fq.gz	0.0728732	0	121367/1000000
SRR11047663_R1.fq.gz	SRR11047653_R1.fq.gz	0.0764522	0	111599/1000000
SRR11047664_R1.fq.gz	SRR11047653_R1.fq.gz	0.0700097	0	129866/1000000
SRR11047665_R1.fq.gz	SRR11047653_R1.fq.gz	0.0817585	0	98670/1000000
SRR11047666_R1.fq.gz	SRR11047653_R1.fq.gz	0.0731979	0	120443/1000000
SRR11047667_R1.fq.gz	SRR11047653_R1.fq.gz	0.0790329	0	105093/1000000
SRR11047668_R1.fq.gz	SRR11047653_R1.fq.gz	0.0793648	0	104287/1000000
SRR11047669_R1.fq.gz	SRR11047653_R1.fq.gz	0.0808629	0	100732/1000000
SRR11047670_R1.fq.gz	SRR11047653_R1.fq.gz	0.0767729	0	110767/1000000
SRR11047671_R1.fq.gz	SRR11047653_R1.fq.gz	0.0839832	0	93744/1000000
SRR11047672_R1.fq.gz	SRR11047653_R1.fq.gz	0.0741576	0	117757/1000000
SRR11047673_R1.fq.gz	SRR11047653_R1.fq.gz	0.106705	0	56174/1000000
ERR2784728_R1.fq.gz	SRR11047654_R1.fq.gz	0.0814343	0	99411/1000000
ERR2784729_R1.fq.gz	SRR11047654_R1.fq.gz	0.083069	0	95735/1000000
ERR2784730_R1.fq.gz	SRR11047654_R1.fq.gz	0.0854542	0	90634/1000000
ERR2784731_R1.fq.gz	SRR11047654_R1.fq.gz	0.0864614	0	88569/1000000
ERR2784741_R1.fq.gz	SRR11047654_R1.fq.gz	0.0733354	0	120054/1000000
ERR2784742_R1.fq.gz	SRR11047654_R1.fq.gz	0.0753651	0	114471/1000000
ERR2784743_R1.fq.gz	SRR11047654_R1.fq.gz	0.0762695	0	112076/1000000
ERR2784752_R1.fq.gz	SRR11047654_R1.fq.gz	0.0711011	0	126551/1000000
ERR2784753_R1.fq.gz	SRR11047654_R1.fq.gz	0.07222	0	123250/1000000
ERR2784754_R1.fq.gz	SRR11047654_R1.fq.gz	0.0737255	0	118958/1000000
ERR2784755_R1.fq.gz	SRR11047654_R1.fq.gz	0.0748707	0	115804/1000000
ERR2784756_R1.fq.gz	SRR11047654_R1.fq.gz	0.0766357	0	111122/1000000
ERR2784757_R1.fq.gz	SRR11047654_R1.fq.gz	0.0777292	0	108326/1000000
ERR2784759_R1.fq.gz	SRR11047654_R1.fq.gz	0.0801664	0	102368/1000000
ERR2784760_R1.fq.gz	SRR11047654_R1.fq.gz	0.0701332	0	129486/1000000
ERR2784761_R1.fq.gz	SRR11047654_R1.fq.gz	0.071415	0	125615/1000000
ERR2784762_R1.fq.gz	SRR11047654_R1.fq.gz	0.0734166	0	119825/1000000
ERR2784763_R1.fq.gz	SRR11047654_R1.fq.gz	0.0744364	0	116989/1000000
ERR2784780_R1.fq.gz	SRR11047654_R1.fq.gz	0.0929427	0	76437/1000000
ERR2784781_R1.fq.gz	SRR11047654_R1.fq.gz	0.0938455	0	74894/1000000
ERR2784782_R1.fq.gz	SRR11047654_R1.fq.gz	0.095804	0	71660/1000000
ERR2784783_R1.fq.gz	SRR11047654_R1.fq.gz	0.0965851	0	70412/1000000
ERR2784796_R1.fq.gz	SRR11047654_R1.fq.gz	0.0982748	0	67791/1000000
ERR2784797_R1.fq.gz	SRR11047654_R1.fq.gz	0.0992902	0	66266/1000000
ERR2784798_R1.fq.gz	SRR11047654_R1.fq.gz	0.101628	0	62891/1000000
ERR2784799_R1.fq.gz	SRR11047654_R1.fq.gz	0.102879	0	61161/1000000
ERR2784800_R1.fq.gz	SRR11047654_R1.fq.gz	0.12423	0	38217/1000000
ERR2784801_R1.fq.gz	SRR11047654_R1.fq.gz	0.128953	0	34484/1000000
ERR2784802_R1.fq.gz	SRR11047654_R1.fq.gz	0.133996	0	30912/1000000
ERR2784803_R1.fq.gz	SRR11047654_R1.fq.gz	0.136538	0	29258/1000000
ERR2784804_R1.fq.gz	SRR11047654_R1.fq.gz	0.180484	0	11425/1000000
ERR2784805_R1.fq.gz	SRR11047654_R1.fq.gz	0.186073	0	10147/1000000
ERR2784806_R1.fq.gz	SRR11047654_R1.fq.gz	0.235412	0	3577/1000000
ERR2784807_R1.fq.gz	SRR11047654_R1.fq.gz	0.242682	0	3069/1000000
ERR2784808_R1.fq.gz	SRR11047654_R1.fq.gz	0.1114	0	50633/1000000
ERR2784809_R1.fq.gz	SRR11047654_R1.fq.gz	0.114775	0	47006/1000000
ERR2784810_R1.fq.gz	SRR11047654_R1.fq.gz	0.118926	0	42913/1000000
ERR2784811_R1.fq.gz	SRR11047654_R1.fq.gz	0.12095	0	41054/1000000
ERR2784816_R1.fq.gz	SRR11047654_R1.fq.gz	0.0995769	0	65842/1000000
ERR2784817_R1.fq.gz	SRR11047654_R1.fq.gz	0.100884	0	63945/1000000
ERR2784818_R1.fq.gz	SRR11047654_R1.fq.gz	0.10396	0	59707/1000000
ERR2784824_R1.fq.gz	SRR11047654_R1.fq.gz	0.07778	0	108198/1000000
ERR2784826_R1.fq.gz	SRR11047654_R1.fq.gz	0.0805958	0	101356/1000000
ERR2784827_R1.fq.gz	SRR11047654_R1.fq.gz	0.0812964	0	99728/1000000
SRR11047625_R1.fq.gz	SRR11047654_R1.fq.gz	0.0695485	0	131296/1000000
SRR11047626_R1.fq.gz	SRR11047654_R1.fq.gz	0.0650599	0	146171/1000000
SRR11047627_R1.fq.gz	SRR11047654_R1.fq.gz	0.0947691	0	73350/1000000
SRR11047628_R1.fq.gz	SRR11047654_R1.fq.gz	0.0623836	0	155939/1000000
SRR11047629_R1.fq.gz	SRR11047654_R1.fq.gz	0.0672064	0	138834/1000000
SRR11047631_R1.fq.gz	SRR11047654_R1.fq.gz	0.0888566	0	83860/1000000
SRR11047632_R1.fq.gz	SRR11047654_R1.fq.gz	0.0763525	0	111859/1000000
SRR11047633_R1.fq.gz	SRR11047654_R1.fq.gz	0.0659046	0	143233/1000000
SRR11047634_R1.fq.gz	SRR11047654_R1.fq.gz	0.0897635	0	82148/1000000
SRR11047635_R1.fq.gz	SRR11047654_R1.fq.gz	0.06761	0	137501/1000000
SRR11047636_R1.fq.gz	SRR11047654_R1.fq.gz	0.0785861	0	106189/1000000
SRR11047637_R1.fq.gz	SRR11047654_R1.fq.gz	0.0776892	0	108427/1000000
SRR11047639_R1.fq.gz	SRR11047654_R1.fq.gz	0.0651168	0	145971/1000000
SRR11047640_R1.fq.gz	SRR11047654_R1.fq.gz	0.0942462	0	74220/1000000
SRR11047641_R1.fq.gz	SRR11047654_R1.fq.gz	0.0786242	0	106095/1000000
SRR11047642_R1.fq.gz	SRR11047654_R1.fq.gz	0.0771282	0	109853/1000000
SRR11047643_R1.fq.gz	SRR11047654_R1.fq.gz	0.085706	0	90113/1000000
SRR11047644_R1.fq.gz	SRR11047654_R1.fq.gz	0.0838913	0	93942/1000000
SRR11047645_R1.fq.gz	SRR11047654_R1.fq.gz	0.070813	0	127417/1000000
SRR11047647_R1.fq.gz	SRR11047654_R1.fq.gz	0.0663746	0	141627/1000000
SRR11047648_R1.fq.gz	SRR11047654_R1.fq.gz	0.075506	0	114094/1000000
SRR11047649_R1.fq.gz	SRR11047654_R1.fq.gz	0.0594455	0	167526/1000000
SRR11047650_R1.fq.gz	SRR11047654_R1.fq.gz	0.0715429	0	125236/1000000
SRR11047651_R1.fq.gz	SRR11047654_R1.fq.gz	0.060543	0	163087/1000000
SRR11047653_R1.fq.gz	SRR11047654_R1.fq.gz	0.0779552	0	107758/1000000
SRR11047654_R1.fq.gz	SRR11047654_R1.fq.gz	0	0	1000000/1000000
SRR11047655_R1.fq.gz	SRR11047654_R1.fq.gz	0.0647753	0	147176/1000000
SRR11047656_R1.fq.gz	SRR11047654_R1.fq.gz	0.0769183	0	110392/1000000
SRR11047657_R1.fq.gz	SRR11047654_R1.fq.gz	0.0674224	0	138119/1000000
SRR11047658_R1.fq.gz	SRR11047654_R1.fq.gz	0.0702539	0	129116/1000000
SRR11047659_R1.fq.gz	SRR11047654_R1.fq.gz	0.0610493	0	161084/1000000
SRR11047660_R1.fq.gz	SRR11047654_R1.fq.gz	0.0802441	0	102184/1000000
SRR11047661_R1.fq.gz	SRR11047654_R1.fq.gz	0.0565404	0	179961/1000000
SRR11047662_R1.fq.gz	SRR11047654_R1.fq.gz	0.0697088	0	130797/1000000
SRR11047663_R1.fq.gz	SRR11047654_R1.fq.gz	0.0816619	0	98890/1000000
SRR11047664_R1.fq.gz	SRR11047654_R1.fq.gz	0.0800463	0	102653/1000000
SRR11047665_R1.fq.gz	SRR11047654_R1.fq.gz	0.0760793	0	112575/1000000
SRR11047666_R1.fq.gz	SRR11047654_R1.fq.gz	0.0752157	0	114872/1000000
SRR11047667_R1.fq.gz	SRR11047654_R1.fq.gz	0.0697913	0	130541/1000000
SRR11047668_R1.fq.gz	SRR11047654_R1.fq.gz	0.0760896	0	112548/1000000
SRR11047669_R1.fq.gz	SRR11047654_R1.fq.gz	0.075292	0	114667/1000000
SRR11047670_R1.fq.gz	SRR11047654_R1.fq.gz	0.0594667	0	167439/1000000
SRR11047671_R1.fq.gz	SRR11047654_R1.fq.gz	0.0565456	0	179938/1000000
SRR11047672_R1.fq.gz	SRR11047654_R1.fq.gz	0.0723364	0	122912/1000000
SRR11047673_R1.fq.gz	SRR11047654_R1.fq.gz	0.0644832	0	148216/1000000
ERR2784728_R1.fq.gz	SRR11047655_R1.fq.gz	0.0802002	0	102288/1000000
ERR2784729_R1.fq.gz	SRR11047655_R1.fq.gz	0.0824394	0	97133/1000000
ERR2784730_R1.fq.gz	SRR11047655_R1.fq.gz	0.0852667	0	91024/1000000
ERR2784731_R1.fq.gz	SRR11047655_R1.fq.gz	0.0868455	0	87795/1000000
ERR2784741_R1.fq.gz	SRR11047655_R1.fq.gz	0.0739728	0	118269/1000000
ERR2784742_R1.fq.gz	SRR11047655_R1.fq.gz	0.0761314	0	112438/1000000
ERR2784743_R1.fq.gz	SRR11047655_R1.fq.gz	0.0773252	0	109350/1000000
ERR2784752_R1.fq.gz	SRR11047655_R1.fq.gz	0.067692	0	137232/1000000
ERR2784753_R1.fq.gz	SRR11047655_R1.fq.gz	0.0692124	0	132349/1000000
ERR2784754_R1.fq.gz	SRR11047655_R1.fq.gz	0.0713007	0	125955/1000000
ERR2784755_R1.fq.gz	SRR11047655_R1.fq.gz	0.0723917	0	122752/1000000
ERR2784756_R1.fq.gz	SRR11047655_R1.fq.gz	0.0784247	0	106588/1000000
ERR2784757_R1.fq.gz	SRR11047655_R1.fq.gz	0.0798529	0	103114/1000000
ERR2784759_R1.fq.gz	SRR11047655_R1.fq.gz	0.083045	0	95788/1000000
ERR2784760_R1.fq.gz	SRR11047655_R1.fq.gz	0.0782334	0	107063/1000000
ERR2784761_R1.fq.gz	SRR11047655_R1.fq.gz	0.0797738	0	103303/1000000
ERR2784762_R1.fq.gz	SRR11047655_R1.fq.gz	0.0814888	0	99286/1000000
ERR2784763_R1.fq.gz	SRR11047655_R1.fq.gz	0.0823376	0	97361/1000000
ERR2784780_R1.fq.gz	SRR11047655_R1.fq.gz	0.0750339	0	115362/1000000
ERR2784781_R1.fq.gz	SRR11047655_R1.fq.gz	0.0766727	0	111026/1000000
ERR2784782_R1.fq.gz	SRR11047655_R1.fq.gz	0.0792983	0	104448/1000000
ERR2784783_R1.fq.gz	SRR11047655_R1.fq.gz	0.0807278	0	101047/1000000
ERR2784796_R1.fq.gz	SRR11047655_R1.fq.gz	0.0902149	0	81310/1000000
ERR2784797_R1.fq.gz	SRR11047655_R1.fq.gz	0.092424	0	77339/1000000
ERR2784798_R1.fq.gz	SRR11047655_R1.fq.gz	0.0960784	0	71219/1000000
ERR2784799_R1.fq.gz	SRR11047655_R1.fq.gz	0.0976214	0	68792/1000000
ERR2784800_R1.fq.gz	SRR11047655_R1.fq.gz	0.111304	0	50740/1000000
ERR2784801_R1.fq.gz	SRR11047655_R1.fq.gz	0.116181	0	45576/1000000
ERR2784802_R1.fq.gz	SRR11047655_R1.fq.gz	0.121282	0	40757/1000000
ERR2784803_R1.fq.gz	SRR11047655_R1.fq.gz	0.12355	0	38788/1000000
ERR2784804_R1.fq.gz	SRR11047655_R1.fq.gz	0.148427	0	22647/1000000
ERR2784805_R1.fq.gz	SRR11047655_R1.fq.gz	0.153486	0	20318/1000000
ERR2784806_R1.fq.gz	SRR11047655_R1.fq.gz	0.200614	0	7457/1000000
ERR2784807_R1.fq.gz	SRR11047655_R1.fq.gz	0.20671	0	6555/1000000
ERR2784808_R1.fq.gz	SRR11047655_R1.fq.gz	0.086318	0	88860/1000000
ERR2784809_R1.fq.gz	SRR11047655_R1.fq.gz	0.0881739	0	85174/1000000
ERR2784810_R1.fq.gz	SRR11047655_R1.fq.gz	0.0903228	0	81111/1000000
ERR2784811_R1.fq.gz	SRR11047655_R1.fq.gz	0.0913511	0	79241/1000000
ERR2784816_R1.fq.gz	SRR11047655_R1.fq.gz	0.0874402	0	86611/1000000
ERR2784817_R1.fq.gz	SRR11047655_R1.fq.gz	0.088951	0	83680/1000000
ERR2784818_R1.fq.gz	SRR11047655_R1.fq.gz	0.0916742	0	78663/1000000
ERR2784824_R1.fq.gz	SRR11047655_R1.fq.gz	0.0648233	0	147006/1000000
ERR2784826_R1.fq.gz	SRR11047655_R1.fq.gz	0.0677131	0	137163/1000000
ERR2784827_R1.fq.gz	SRR11047655_R1.fq.gz	0.0685566	0	134431/1000000
SRR11047625_R1.fq.gz	SRR11047655_R1.fq.gz	0.0767767	0	110757/1000000
SRR11047626_R1.fq.gz	SRR11047655_R1.fq.gz	0.0715811	0	125123/1000000
SRR11047627_R1.fq.gz	SRR11047655_R1.fq.gz	0.0801833	0	102328/1000000
SRR11047628_R1.fq.gz	SRR11047655_R1.fq.gz	0.0567395	0	179076/1000000
SRR11047629_R1.fq.gz	SRR11047655_R1.fq.gz	0.0636617	0	151185/1000000
SRR11047631_R1.fq.gz	SRR11047655_R1.fq.gz	0.073253	0	120287/1000000
SRR11047632_R1.fq.gz	SRR11047655_R1.fq.gz	0.0618084	0	158134/1000000
SRR11047633_R1.fq.gz	SRR11047655_R1.fq.gz	0.0624468	0	155700/1000000
SRR11047634_R1.fq.gz	SRR11047655_R1.fq.gz	0.0696608	0	130946/1000000
SRR11047635_R1.fq.gz	SRR11047655_R1.fq.gz	0.0652797	0	145400/1000000
SRR11047636_R1.fq.gz	SRR11047655_R1.fq.gz	0.0742372	0	117537/1000000
SRR11047637_R1.fq.gz	SRR11047655_R1.fq.gz	0.0651812	0	145745/1000000
SRR11047639_R1.fq.gz	SRR11047655_R1.fq.gz	0.050309	0	210415/1000000
SRR11047640_R1.fq.gz	SRR11047655_R1.fq.gz	0.0848228	0	91955/1000000
SRR11047641_R1.fq.gz	SRR11047655_R1.fq.gz	0.0588463	0	170008/1000000
SRR11047642_R1.fq.gz	SRR11047655_R1.fq.gz	0.0644044	0	148498/1000000
SRR11047643_R1.fq.gz	SRR11047655_R1.fq.gz	0.0711459	0	126417/1000000
SRR11047644_R1.fq.gz	SRR11047655_R1.fq.gz	0.0821633	0	97753/1000000
SRR11047645_R1.fq.gz	SRR11047655_R1.fq.gz	0.0603467	0	163871/1000000
SRR11047647_R1.fq.gz	SRR11047655_R1.fq.gz	0.0584209	0	171796/1000000
SRR11047648_R1.fq.gz	SRR11047655_R1.fq.gz	0.0844616	0	92720/1000000
SRR11047649_R1.fq.gz	SRR11047655_R1.fq.gz	0.0632173	0	152819/1000000
SRR11047650_R1.fq.gz	SRR11047655_R1.fq.gz	0.058358	0	172062/1000000
SRR11047651_R1.fq.gz	SRR11047655_R1.fq.gz	0.063656	0	151206/1000000
SRR11047653_R1.fq.gz	SRR11047655_R1.fq.gz	0.0728071	0	121556/1000000
SRR11047654_R1.fq.gz	SRR11047655_R1.fq.gz	0.0647753	0	147176/1000000
SRR11047655_R1.fq.gz	SRR11047655_R1.fq.gz	0	0	1000000/1000000
SRR11047656_R1.fq.gz	SRR11047655_R1.fq.gz	0.065412	0	144938/1000000
SRR11047657_R1.fq.gz	SRR11047655_R1.fq.gz	0.0623253	0	156160/1000000
SRR11047658_R1.fq.gz	SRR11047655_R1.fq.gz	0.0645361	0	148027/1000000
SRR11047659_R1.fq.gz	SRR11047655_R1.fq.gz	0.0593515	0	167913/1000000
SRR11047660_R1.fq.gz	SRR11047655_R1.fq.gz	0.0685566	0	134431/1000000
SRR11047661_R1.fq.gz	SRR11047655_R1.fq.gz	0.0696255	0	131056/1000000
SRR11047662_R1.fq.gz	SRR11047655_R1.fq.gz	0.0573707	0	176302/1000000
SRR11047663_R1.fq.gz	SRR11047655_R1.fq.gz	0.0793925	0	104220/1000000
SRR11047664_R1.fq.gz	SRR11047655_R1.fq.gz	0.0660041	0	142891/1000000
SRR11047665_R1.fq.gz	SRR11047655_R1.fq.gz	0.073738	0	118923/1000000
SRR11047666_R1.fq.gz	SRR11047655_R1.fq.gz	0.0686789	0	134040/1000000
SRR11047667_R1.fq.gz	SRR11047655_R1.fq.gz	0.077608	0	108632/1000000
SRR11047668_R1.fq.gz	SRR11047655_R1.fq.gz	0.0729552	0	121133/1000000
SRR11047669_R1.fq.gz	SRR11047655_R1.fq.gz	0.0685241	0	134535/1000000
SRR11047670_R1.fq.gz	SRR11047655_R1.fq.gz	0.0582361	0	172579/1000000
SRR11047671_R1.fq.gz	SRR11047655_R1.fq.gz	0.0704136	0	128628/1000000
SRR11047672_R1.fq.gz	SRR11047655_R1.fq.gz	0.0589624	0	169524/1000000
SRR11047673_R1.fq.gz	SRR11047655_R1.fq.gz	0.0752343	0	114822/1000000
ERR2784728_R1.fq.gz	SRR11047656_R1.fq.gz	0.0861451	0	89212/1000000
ERR2784729_R1.fq.gz	SRR11047656_R1.fq.gz	0.087821	0	85862/1000000
ERR2784730_R1.fq.gz	SRR11047656_R1.fq.gz	0.0902636	0	81220/1000000
ERR2784731_R1.fq.gz	SRR11047656_R1.fq.gz	0.0912999	0	79333/1000000
ERR2784741_R1.fq.gz	SRR11047656_R1.fq.gz	0.0832328	0	95375/1000000
ERR2784742_R1.fq.gz	SRR11047656_R1.fq.gz	0.0847887	0	92027/1000000
ERR2784743_R1.fq.gz	SRR11047656_R1.fq.gz	0.0855526	0	90430/1000000
ERR2784752_R1.fq.gz	SRR11047656_R1.fq.gz	0.0701391	0	129468/1000000
ERR2784753_R1.fq.gz	SRR11047656_R1.fq.gz	0.071411	0	125627/1000000
ERR2784754_R1.fq.gz	SRR11047656_R1.fq.gz	0.0736855	0	119070/1000000
ERR2784755_R1.fq.gz	SRR11047656_R1.fq.gz	0.0746048	0	116528/1000000
ERR2784756_R1.fq.gz	SRR11047656_R1.fq.gz	0.0768581	0	110547/1000000
ERR2784757_R1.fq.gz	SRR11047656_R1.fq.gz	0.0781331	0	107313/1000000
ERR2784759_R1.fq.gz	SRR11047656_R1.fq.gz	0.0810411	0	100318/1000000
ERR2784760_R1.fq.gz	SRR11047656_R1.fq.gz	0.0860677	0	89370/1000000
ERR2784761_R1.fq.gz	SRR11047656_R1.fq.gz	0.0881399	0	85240/1000000
ERR2784762_R1.fq.gz	SRR11047656_R1.fq.gz	0.0910233	0	79832/1000000
ERR2784763_R1.fq.gz	SRR11047656_R1.fq.gz	0.0922831	0	77586/1000000
ERR2784780_R1.fq.gz	SRR11047656_R1.fq.gz	0.0728365	0	121472/1000000
ERR2784781_R1.fq.gz	SRR11047656_R1.fq.gz	0.0738592	0	118585/1000000
ERR2784782_R1.fq.gz	SRR11047656_R1.fq.gz	0.0758009	0	113310/1000000
ERR2784783_R1.fq.gz	SRR11047656_R1.fq.gz	0.0766917	0	110977/1000000
ERR2784796_R1.fq.gz	SRR11047656_R1.fq.gz	0.0842497	0	93172/1000000
ERR2784797_R1.fq.gz	SRR11047656_R1.fq.gz	0.0858984	0	89717/1000000
ERR2784798_R1.fq.gz	SRR11047656_R1.fq.gz	0.089121	0	83357/1000000
ERR2784799_R1.fq.gz	SRR11047656_R1.fq.gz	0.0903701	0	81024/1000000
ERR2784800_R1.fq.gz	SRR11047656_R1.fq.gz	0.118568	0	43251/1000000
ERR2784801_R1.fq.gz	SRR11047656_R1.fq.gz	0.123253	0	39040/1000000
ERR2784802_R1.fq.gz	SRR11047656_R1.fq.gz	0.128664	0	34701/1000000
ERR2784803_R1.fq.gz	SRR11047656_R1.fq.gz	0.130932	0	33034/1000000
ERR2784804_R1.fq.gz	SRR11047656_R1.fq.gz	0.168757	0	14662/1000000
ERR2784805_R1.fq.gz	SRR11047656_R1.fq.gz	0.175178	0	12789/1000000
ERR2784806_R1.fq.gz	SRR11047656_R1.fq.gz	0.227909	0	4190/1000000
ERR2784807_R1.fq.gz	SRR11047656_R1.fq.gz	0.234688	0	3632/1000000
ERR2784808_R1.fq.gz	SRR11047656_R1.fq.gz	0.0884764	0	84589/1000000
ERR2784809_R1.fq.gz	SRR11047656_R1.fq.gz	0.0899929	0	81721/1000000
ERR2784810_R1.fq.gz	SRR11047656_R1.fq.gz	0.0920355	0	78022/1000000
ERR2784811_R1.fq.gz	SRR11047656_R1.fq.gz	0.0928283	0	76635/1000000
ERR2784816_R1.fq.gz	SRR11047656_R1.fq.gz	0.0807788	0	100928/1000000
ERR2784817_R1.fq.gz	SRR11047656_R1.fq.gz	0.0822535	0	97550/1000000
ERR2784818_R1.fq.gz	SRR11047656_R1.fq.gz	0.0845435	0	92546/1000000
ERR2784824_R1.fq.gz	SRR11047656_R1.fq.gz	0.0770338	0	110095/1000000
ERR2784826_R1.fq.gz	SRR11047656_R1.fq.gz	0.0805523	0	101458/1000000
ERR2784827_R1.fq.gz	SRR11047656_R1.fq.gz	0.0816383	0	98944/1000000
SRR11047625_R1.fq.gz	SRR11047656_R1.fq.gz	0.0629279	0	153894/1000000
SRR11047626_R1.fq.gz	SRR11047656_R1.fq.gz	0.0679532	0	136379/1000000
SRR11047627_R1.fq.gz	SRR11047656_R1.fq.gz	0.0886887	0	84181/1000000
SRR11047628_R1.fq.gz	SRR11047656_R1.fq.gz	0.060563	0	163007/1000000
SRR11047629_R1.fq.gz	SRR11047656_R1.fq.gz	0.061492	0	159356/1000000
SRR11047631_R1.fq.gz	SRR11047656_R1.fq.gz	0.0805881	0	101374/1000000
SRR11047632_R1.fq.gz	SRR11047656_R1.fq.gz	0.0620395	0	157248/1000000
SRR11047633_R1.fq.gz	SRR11047656_R1.fq.gz	0.0630598	0	153403/1000000
SRR11047634_R1.fq.gz	SRR11047656_R1.fq.gz	0.0755034	0	114101/1000000
SRR11047635_R1.fq.gz	SRR11047656_R1.fq.gz	0.0676807	0	137269/1000000
SRR11047636_R1.fq.gz	SRR11047656_R1.fq.gz	0.0685073	0	134589/1000000
SRR11047637_R1.fq.gz	SRR11047656_R1.fq.gz	0.0745192	0	116762/1000000
SRR11047639_R1.fq.gz	SRR11047656_R1.fq.gz	0.062586	0	155175/1000000
SRR11047640_R1.fq.gz	SRR11047656_R1.fq.gz	0.0771943	0	109684/1000000
SRR11047641_R1.fq.gz	SRR11047656_R1.fq.gz	0.0603761	0	163753/1000000
SRR11047642_R1.fq.gz	SRR11047656_R1.fq.gz	0.069493	0	131469/1000000
SRR11047643_R1.fq.gz	SRR11047656_R1.fq.gz	0.0692992	0	132076/1000000
SRR11047644_R1.fq.gz	SRR11047656_R1.fq.gz	0.087954	0	85602/1000000
SRR11047645_R1.fq.gz	SRR11047656_R1.fq.gz	0.0569142	0	178303/1000000
SRR11047647_R1.fq.gz	SRR11047656_R1.fq.gz	0.0658192	0	143527/1000000
SRR11047648_R1.fq.gz	SRR11047656_R1.fq.gz	0.0752138	0	114877/1000000
SRR11047649_R1.fq.gz	SRR11047656_R1.fq.gz	0.0773055	0	109400/1000000
SRR11047650_R1.fq.gz	SRR11047656_R1.fq.gz	0.0643661	0	148635/1000000
SRR11047651_R1.fq.gz	SRR11047656_R1.fq.gz	0.0758311	0	113230/1000000
SRR11047653_R1.fq.gz	SRR11047656_R1.fq.gz	0.0713158	0	125910/1000000
SRR11047654_R1.fq.gz	SRR11047656_R1.fq.gz	0.0769183	0	110392/1000000
SRR11047655_R1.fq.gz	SRR11047656_R1.fq.gz	0.065412	0	144938/1000000
SRR11047656_R1.fq.gz	SRR11047656_R1.fq.gz	0	0	1000000/1000000
SRR11047657_R1.fq.gz	SRR11047656_R1.fq.gz	0.0633609	0	152289/1000000
SRR11047658_R1.fq.gz	SRR11047656_R1.fq.gz	0.0542882	0	190336/1000000
SRR11047659_R1.fq.gz	SRR11047656_R1.fq.gz	0.0640266	0	149858/1000000
SRR11047660_R1.fq.gz	SRR11047656_R1.fq.gz	0.07134	0	125838/1000000
SRR11047661_R1.fq.gz	SRR11047656_R1.fq.gz	0.0763713	0	111810/1000000
SRR11047662_R1.fq.gz	SRR11047656_R1.fq.gz	0.0602081	0	164427/1000000
SRR11047663_R1.fq.gz	SRR11047656_R1.fq.gz	0.0693646	0	131871/1000000
SRR11047664_R1.fq.gz	SRR11047656_R1.fq.gz	0.0659922	0	142932/1000000
SRR11047665_R1.fq.gz	SRR11047656_R1.fq.gz	0.0677586	0	137014/1000000
SRR11047666_R1.fq.gz	SRR11047656_R1.fq.gz	0.0712782	0	126022/1000000
SRR11047667_R1.fq.gz	SRR11047656_R1.fq.gz	0.0705787	0	128126/1000000
SRR11047668_R1.fq.gz	SRR11047656_R1.fq.gz	0.0725027	0	122431/1000000
SRR11047669_R1.fq.gz	SRR11047656_R1.fq.gz	0.0712035	0	126245/1000000
SRR11047670_R1.fq.gz	SRR11047656_R1.fq.gz	0.0685213	0	134544/1000000
SRR11047671_R1.fq.gz	SRR11047656_R1.fq.gz	0.0753811	0	114428/1000000
SRR11047672_R1.fq.gz	SRR11047656_R1.fq.gz	0.0631142	0	153201/1000000
SRR11047673_R1.fq.gz	SRR11047656_R1.fq.gz	0.0822602	0	97535/1000000
ERR2784728_R1.fq.gz	SRR11047657_R1.fq.gz	0.0662898	0	141915/1000000
ERR2784729_R1.fq.gz	SRR11047657_R1.fq.gz	0.0677491	0	137045/1000000
ERR2784730_R1.fq.gz	SRR11047657_R1.fq.gz	0.0699429	0	130072/1000000
ERR2784731_R1.fq.gz	SRR11047657_R1.fq.gz	0.0709448	0	127020/1000000
ERR2784741_R1.fq.gz	SRR11047657_R1.fq.gz	0.0565932	0	179726/1000000
ERR2784742_R1.fq.gz	SRR11047657_R1.fq.gz	0.0584353	0	171735/1000000
ERR2784743_R1.fq.gz	SRR11047657_R1.fq.gz	0.0594575	0	167477/1000000
ERR2784752_R1.fq.gz	SRR11047657_R1.fq.gz	0.0600107	0	165223/1000000
ERR2784753_R1.fq.gz	SRR11047657_R1.fq.gz	0.0610702	0	161002/1000000
ERR2784754_R1.fq.gz	SRR11047657_R1.fq.gz	0.0627119	0	154702/1000000
ERR2784755_R1.fq.gz	SRR11047657_R1.fq.gz	0.0636453	0	151245/1000000
ERR2784756_R1.fq.gz	SRR11047657_R1.fq.gz	0.0594108	0	167669/1000000
ERR2784757_R1.fq.gz	SRR11047657_R1.fq.gz	0.0603889	0	163702/1000000
ERR2784759_R1.fq.gz	SRR11047657_R1.fq.gz	0.0628505	0	154183/1000000
ERR2784760_R1.fq.gz	SRR11047657_R1.fq.gz	0.0702333	0	129179/1000000
ERR2784761_R1.fq.gz	SRR11047657_R1.fq.gz	0.0711763	0	126326/1000000
ERR2784762_R1.fq.gz	SRR11047657_R1.fq.gz	0.0728431	0	121453/1000000
ERR2784763_R1.fq.gz	SRR11047657_R1.fq.gz	0.0735182	0	119539/1000000
ERR2784780_R1.fq.gz	SRR11047657_R1.fq.gz	0.0733549	0	119999/1000000
ERR2784781_R1.fq.gz	SRR11047657_R1.fq.gz	0.0746366	0	116441/1000000
ERR2784782_R1.fq.gz	SRR11047657_R1.fq.gz	0.0766234	0	111154/1000000
ERR2784783_R1.fq.gz	SRR11047657_R1.fq.gz	0.0778504	0	108021/1000000
ERR2784796_R1.fq.gz	SRR11047657_R1.fq.gz	0.07784	0	108047/1000000
ERR2784797_R1.fq.gz	SRR11047657_R1.fq.gz	0.0797341	0	103398/1000000
ERR2784798_R1.fq.gz	SRR11047657_R1.fq.gz	0.0833272	0	95168/1000000
ERR2784799_R1.fq.gz	SRR11047657_R1.fq.gz	0.0850601	0	91456/1000000
ERR2784800_R1.fq.gz	SRR11047657_R1.fq.gz	0.103072	0	60899/1000000
ERR2784801_R1.fq.gz	SRR11047657_R1.fq.gz	0.108274	0	54255/1000000
ERR2784802_R1.fq.gz	SRR11047657_R1.fq.gz	0.114353	0	47444/1000000
ERR2784803_R1.fq.gz	SRR11047657_R1.fq.gz	0.116973	0	44790/1000000
ERR2784804_R1.fq.gz	SRR11047657_R1.fq.gz	0.166851	0	15270/1000000
ERR2784805_R1.fq.gz	SRR11047657_R1.fq.gz	0.173343	0	13298/1000000
ERR2784806_R1.fq.gz	SRR11047657_R1.fq.gz	0.227425	0	4233/1000000
ERR2784807_R1.fq.gz	SRR11047657_R1.fq.gz	0.232869	0	3774/1000000
ERR2784808_R1.fq.gz	SRR11047657_R1.fq.gz	0.079201	0	104684/1000000
ERR2784809_R1.fq.gz	SRR11047657_R1.fq.gz	0.080502	0	101576/1000000
ERR2784810_R1.fq.gz	SRR11047657_R1.fq.gz	0.0819999	0	98122/1000000
ERR2784811_R1.fq.gz	SRR11047657_R1.fq.gz	0.0827201	0	96507/1000000
ERR2784816_R1.fq.gz	SRR11047657_R1.fq.gz	0.0683812	0	134994/1000000
ERR2784817_R1.fq.gz	SRR11047657_R1.fq.gz	0.0692852	0	132120/1000000
ERR2784818_R1.fq.gz	SRR11047657_R1.fq.gz	0.0712289	0	126169/1000000
ERR2784824_R1.fq.gz	SRR11047657_R1.fq.gz	0.059135	0	168807/1000000
ERR2784826_R1.fq.gz	SRR11047657_R1.fq.gz	0.0621094	0	156981/1000000
ERR2784827_R1.fq.gz	SRR11047657_R1.fq.gz	0.0630935	0	153278/1000000
SRR11047625_R1.fq.gz	SRR11047657_R1.fq.gz	0.0675246	0	137782/1000000
SRR11047626_R1.fq.gz	SRR11047657_R1.fq.gz	0.0566937	0	179279/1000000
SRR11047627_R1.fq.gz	SRR11047657_R1.fq.gz	0.0891241	0	83351/1000000
SRR11047628_R1.fq.gz	SRR11047657_R1.fq.gz	0.0599677	0	165397/1000000
SRR11047629_R1.fq.gz	SRR11047657_R1.fq.gz	0.0580313	0	173452/1000000
SRR11047631_R1.fq.gz	SRR11047657_R1.fq.gz	0.0810208	0	100365/1000000
SRR11047632_R1.fq.gz	SRR11047657_R1.fq.gz	0.0571832	0	177121/1000000
SRR11047633_R1.fq.gz	SRR11047657_R1.fq.gz	0.0548944	0	187477/1000000
SRR11047634_R1.fq.gz	SRR11047657_R1.fq.gz	0.0707467	0	127617/1000000
SRR11047635_R1.fq.gz	SRR11047657_R1.fq.gz	0.0582331	0	172592/1000000
SRR11047636_R1.fq.gz	SRR11047657_R1.fq.gz	0.0700272	0	129812/1000000
SRR11047637_R1.fq.gz	SRR11047657_R1.fq.gz	0.0564082	0	180552/1000000
SRR11047639_R1.fq.gz	SRR11047657_R1.fq.gz	0.0554225	0	185027/1000000
SRR11047640_R1.fq.gz	SRR11047657_R1.fq.gz	0.085752	0	90018/1000000
SRR11047641_R1.fq.gz	SRR11047657_R1.fq.gz	0.0549227	0	187345/1000000
SRR11047642_R1.fq.gz	SRR11047657_R1.fq.gz	0.0564791	0	180235/1000000
SRR11047643_R1.fq.gz	SRR11047657_R1.fq.gz	0.0689783	0	133088/1000000
SRR11047644_R1.fq.gz	SRR11047657_R1.fq.gz	0.100912	0	63906/1000000
SRR11047645_R1.fq.gz	SRR11047657_R1.fq.gz	0.0523699	0	199723/1000000
SRR11047647_R1.fq.gz	SRR11047657_R1.fq.gz	0.0617795	0	158245/1000000
SRR11047648_R1.fq.gz	SRR11047657_R1.fq.gz	0.0753864	0	114414/1000000
SRR11047649_R1.fq.gz	SRR11047657_R1.fq.gz	0.065738	0	143807/1000000
SRR11047650_R1.fq.gz	SRR11047657_R1.fq.gz	0.0542525	0	190506/1000000
SRR11047651_R1.fq.gz	SRR11047657_R1.fq.gz	0.0558385	0	183123/1000000
SRR11047653_R1.fq.gz	SRR11047657_R1.fq.gz	0.0818618	0	98435/1000000
SRR11047654_R1.fq.gz	SRR11047657_R1.fq.gz	0.0674224	0	138119/1000000
SRR11047655_R1.fq.gz	SRR11047657_R1.fq.gz	0.0623253	0	156160/1000000
SRR11047656_R1.fq.gz	SRR11047657_R1.fq.gz	0.0633609	0	152289/1000000
SRR11047657_R1.fq.gz	SRR11047657_R1.fq.gz	0	0	1000000/1000000
SRR11047658_R1.fq.gz	SRR11047657_R1.fq.gz	0.0581323	0	173021/1000000
SRR11047659_R1.fq.gz	SRR11047657_R1.fq.gz	0.0646326	0	147683/1000000
SRR11047660_R1.fq.gz	SRR11047657_R1.fq.gz	0.0699646	0	130005/1000000
SRR11047661_R1.fq.gz	SRR11047657_R1.fq.gz	0.0671823	0	138914/1000000
SRR11047662_R1.fq.gz	SRR11047657_R1.fq.gz	0.0513756	0	204800/1000000
SRR11047663_R1.fq.gz	SRR11047657_R1.fq.gz	0.0748029	0	115988/1000000
SRR11047664_R1.fq.gz	SRR11047657_R1.fq.gz	0.0640786	0	149670/1000000
SRR11047665_R1.fq.gz	SRR11047657_R1.fq.gz	0.069701	0	130821/1000000
SRR11047666_R1.fq.gz	SRR11047657_R1.fq.gz	0.0690475	0	132869/1000000
SRR11047667_R1.fq.gz	SRR11047657_R1.fq.gz	0.0764084	0	111713/1000000
SRR11047668_R1.fq.gz	SRR11047657_R1.fq.gz	0.0652063	0	145657/1000000
SRR11047669_R1.fq.gz	SRR11047657_R1.fq.gz	0.0614706	0	159439/1000000
SRR11047670_R1.fq.gz	SRR11047657_R1.fq.gz	0.0702882	0	129011/1000000
SRR11047671_R1.fq.gz	SRR11047657_R1.fq.gz	0.0697923	0	130538/1000000
SRR11047672_R1.fq.gz	SRR11047657_R1.fq.gz	0.0575625	0	175469/1000000
SRR11047673_R1.fq.gz	SRR11047657_R1.fq.gz	0.0658889	0	143287/1000000
ERR2784728_R1.fq.gz	SRR11047658_R1.fq.gz	0.0785484	0	106282/1000000
ERR2784729_R1.fq.gz	SRR11047658_R1.fq.gz	0.0803351	0	101969/1000000
ERR2784730_R1.fq.gz	SRR11047658_R1.fq.gz	0.0829362	0	96028/1000000
ERR2784731_R1.fq.gz	SRR11047658_R1.fq.gz	0.0840352	0	93632/1000000
ERR2784741_R1.fq.gz	SRR11047658_R1.fq.gz	0.0782491	0	107024/1000000
ERR2784742_R1.fq.gz	SRR11047658_R1.fq.gz	0.0810018	0	100409/1000000
ERR2784743_R1.fq.gz	SRR11047658_R1.fq.gz	0.0825714	0	96838/1000000
ERR2784752_R1.fq.gz	SRR11047658_R1.fq.gz	0.0688113	0	133618/1000000
ERR2784753_R1.fq.gz	SRR11047658_R1.fq.gz	0.0701925	0	129304/1000000
ERR2784754_R1.fq.gz	SRR11047658_R1.fq.gz	0.0726315	0	122060/1000000
ERR2784755_R1.fq.gz	SRR11047658_R1.fq.gz	0.0737391	0	118920/1000000
ERR2784756_R1.fq.gz	SRR11047658_R1.fq.gz	0.0717312	0	124680/1000000
ERR2784757_R1.fq.gz	SRR11047658_R1.fq.gz	0.0736001	0	119309/1000000
ERR2784759_R1.fq.gz	SRR11047658_R1.fq.gz	0.0775034	0	108897/1000000
ERR2784760_R1.fq.gz	SRR11047658_R1.fq.gz	0.0891906	0	83225/1000000
ERR2784761_R1.fq.gz	SRR11047658_R1.fq.gz	0.0913015	0	79330/1000000
ERR2784762_R1.fq.gz	SRR11047658_R1.fq.gz	0.0940745	0	74508/1000000
ERR2784763_R1.fq.gz	SRR11047658_R1.fq.gz	0.0953642	0	72373/1000000
ERR2784780_R1.fq.gz	SRR11047658_R1.fq.gz	0.0731711	0	120519/1000000
ERR2784781_R1.fq.gz	SRR11047658_R1.fq.gz	0.0745627	0	116643/1000000
ERR2784782_R1.fq.gz	SRR11047658_R1.fq.gz	0.0767063	0	110939/1000000
ERR2784783_R1.fq.gz	SRR11047658_R1.fq.gz	0.0778206	0	108096/1000000
ERR2784796_R1.fq.gz	SRR11047658_R1.fq.gz	0.0881132	0	85292/1000000
ERR2784797_R1.fq.gz	SRR11047658_R1.fq.gz	0.0906444	0	80521/1000000
ERR2784798_R1.fq.gz	SRR11047658_R1.fq.gz	0.094582	0	73660/1000000
ERR2784799_R1.fq.gz	SRR11047658_R1.fq.gz	0.0964155	0	70681/1000000
ERR2784800_R1.fq.gz	SRR11047658_R1.fq.gz	0.118679	0	43146/1000000
ERR2784801_R1.fq.gz	SRR11047658_R1.fq.gz	0.124507	0	37987/1000000
ERR2784802_R1.fq.gz	SRR11047658_R1.fq.gz	0.130626	0	33254/1000000
ERR2784803_R1.fq.gz	SRR11047658_R1.fq.gz	0.133174	0	31467/1000000
ERR2784804_R1.fq.gz	SRR11047658_R1.fq.gz	0.164317	0	16118/1000000
ERR2784805_R1.fq.gz	SRR11047658_R1.fq.gz	0.170466	0	14138/1000000
ERR2784806_R1.fq.gz	SRR11047658_R1.fq.gz	0.22699	0	4272/1000000
ERR2784807_R1.fq.gz	SRR11047658_R1.fq.gz	0.234337	0	3659/1000000
ERR2784808_R1.fq.gz	SRR11047658_R1.fq.gz	0.0912554	0	79413/1000000
ERR2784809_R1.fq.gz	SRR11047658_R1.fq.gz	0.0934078	0	75638/1000000
ERR2784810_R1.fq.gz	SRR11047658_R1.fq.gz	0.0957656	0	71722/1000000
ERR2784811_R1.fq.gz	SRR11047658_R1.fq.gz	0.0968742	0	69956/1000000
ERR2784816_R1.fq.gz	SRR11047658_R1.fq.gz	0.0797834	0	103280/1000000
ERR2784817_R1.fq.gz	SRR11047658_R1.fq.gz	0.0820339	0	98045/1000000
ERR2784818_R1.fq.gz	SRR11047658_R1.fq.gz	0.084991	0	91601/1000000
ERR2784824_R1.fq.gz	SRR11047658_R1.fq.gz	0.0714619	0	125476/1000000
ERR2784826_R1.fq.gz	SRR11047658_R1.fq.gz	0.0761021	0	112515/1000000
ERR2784827_R1.fq.gz	SRR11047658_R1.fq.gz	0.0773401	0	109312/1000000
SRR11047625_R1.fq.gz	SRR11047658_R1.fq.gz	0.0662798	0	141949/1000000
SRR11047626_R1.fq.gz	SRR11047658_R1.fq.gz	0.0644351	0	148388/1000000
SRR11047627_R1.fq.gz	SRR11047658_R1.fq.gz	0.0777082	0	108379/1000000
SRR11047628_R1.fq.gz	SRR11047658_R1.fq.gz	0.0563216	0	180940/1000000
SRR11047629_R1.fq.gz	SRR11047658_R1.fq.gz	0.0573501	0	176392/1000000
SRR11047631_R1.fq.gz	SRR11047658_R1.fq.gz	0.0799955	0	102774/1000000
SRR11047632_R1.fq.gz	SRR11047658_R1.fq.gz	0.0595404	0	167137/1000000
SRR11047633_R1.fq.gz	SRR11047658_R1.fq.gz	0.0583157	0	172241/1000000
SRR11047634_R1.fq.gz	SRR11047658_R1.fq.gz	0.0640659	0	149716/1000000
SRR11047635_R1.fq.gz	SRR11047658_R1.fq.gz	0.0609205	0	161591/1000000
SRR11047636_R1.fq.gz	SRR11047658_R1.fq.gz	0.0674888	0	137900/1000000
SRR11047637_R1.fq.gz	SRR11047658_R1.fq.gz	0.063444	0	151983/1000000
SRR11047639_R1.fq.gz	SRR11047658_R1.fq.gz	0.0543137	0	190215/1000000
SRR11047640_R1.fq.gz	SRR11047658_R1.fq.gz	0.0763552	0	111852/1000000
SRR11047641_R1.fq.gz	SRR11047658_R1.fq.gz	0.055501	0	184666/1000000
SRR11047642_R1.fq.gz	SRR11047658_R1.fq.gz	0.0609781	0	161364/1000000
SRR11047643_R1.fq.gz	SRR11047658_R1.fq.gz	0.0589725	0	169482/1000000
SRR11047644_R1.fq.gz	SRR11047658_R1.fq.gz	0.0913277	0	79283/1000000
SRR11047645_R1.fq.gz	SRR11047658_R1.fq.gz	0.0521358	0	200905/1000000
SRR11047647_R1.fq.gz	SRR11047658_R1.fq.gz	0.0577505	0	174657/1000000
SRR11047648_R1.fq.gz	SRR11047658_R1.fq.gz	0.0686325	0	134188/1000000
SRR11047649_R1.fq.gz	SRR11047658_R1.fq.gz	0.0737362	0	118928/1000000
SRR11047650_R1.fq.gz	SRR11047658_R1.fq.gz	0.057956	0	173774/1000000
SRR11047651_R1.fq.gz	SRR11047658_R1.fq.gz	0.0704222	0	128602/1000000
SRR11047653_R1.fq.gz	SRR11047658_R1.fq.gz	0.0688198	0	133591/1000000
SRR11047654_R1.fq.gz	SRR11047658_R1.fq.gz	0.0702539	0	129116/1000000
SRR11047655_R1.fq.gz	SRR11047658_R1.fq.gz	0.0645361	0	148027/1000000
SRR11047656_R1.fq.gz	SRR11047658_R1.fq.gz	0.0542882	0	190336/1000000
SRR11047657_R1.fq.gz	SRR11047658_R1.fq.gz	0.0581323	0	173021/1000000
SRR11047658_R1.fq.gz	SRR11047658_R1.fq.gz	0	0	1000000/1000000
SRR11047659_R1.fq.gz	SRR11047658_R1.fq.gz	0.057692	0	174909/1000000
SRR11047660_R1.fq.gz	SRR11047658_R1.fq.gz	0.0634955	0	151794/1000000
SRR11047661_R1.fq.gz	SRR11047658_R1.fq.gz	0.0651732	0	145773/1000000
SRR11047662_R1.fq.gz	SRR11047658_R1.fq.gz	0.0538816	0	192282/1000000
SRR11047663_R1.fq.gz	SRR11047658_R1.fq.gz	0.0667597	0	140326/1000000
SRR11047664_R1.fq.gz	SRR11047658_R1.fq.gz	0.0638163	0	150621/1000000
SRR11047665_R1.fq.gz	SRR11047658_R1.fq.gz	0.0661423	0	142418/1000000
SRR11047666_R1.fq.gz	SRR11047658_R1.fq.gz	0.0645134	0	148108/1000000
SRR11047667_R1.fq.gz	SRR11047658_R1.fq.gz	0.0650761	0	146114/1000000
SRR11047668_R1.fq.gz	SRR11047658_R1.fq.gz	0.0676317	0	137430/1000000
SRR11047669_R1.fq.gz	SRR11047658_R1.fq.gz	0.0605701	0	162979/1000000
SRR11047670_R1.fq.gz	SRR11047658_R1.fq.gz	0.065092	0	146058/1000000
SRR11047671_R1.fq.gz	SRR11047658_R1.fq.gz	0.0707838	0	127505/1000000
SRR11047672_R1.fq.gz	SRR11047658_R1.fq.gz	0.0530765	0	196204/1000000
SRR11047673_R1.fq.gz	SRR11047658_R1.fq.gz	0.0788097	0	105639/1000000
ERR2784728_R1.fq.gz	SRR11047659_R1.fq.gz	0.0845063	0	92625/1000000
ERR2784729_R1.fq.gz	SRR11047659_R1.fq.gz	0.0866347	0	88219/1000000
ERR2784730_R1.fq.gz	SRR11047659_R1.fq.gz	0.0894264	0	82780/1000000
ERR2784731_R1.fq.gz	SRR11047659_R1.fq.gz	0.0908337	0	80176/1000000
ERR2784741_R1.fq.gz	SRR11047659_R1.fq.gz	0.0777689	0	108226/1000000
ERR2784742_R1.fq.gz	SRR11047659_R1.fq.gz	0.0794368	0	104113/1000000
ERR2784743_R1.fq.gz	SRR11047659_R1.fq.gz	0.0803869	0	101847/1000000
ERR2784752_R1.fq.gz	SRR11047659_R1.fq.gz	0.0724065	0	122709/1000000
ERR2784753_R1.fq.gz	SRR11047659_R1.fq.gz	0.0734965	0	119600/1000000
ERR2784754_R1.fq.gz	SRR11047659_R1.fq.gz	0.0750402	0	115345/1000000
ERR2784755_R1.fq.gz	SRR11047659_R1.fq.gz	0.0758129	0	113278/1000000
ERR2784756_R1.fq.gz	SRR11047659_R1.fq.gz	0.0800055	0	102750/1000000
ERR2784757_R1.fq.gz	SRR11047659_R1.fq.gz	0.0813412	0	99625/1000000
ERR2784759_R1.fq.gz	SRR11047659_R1.fq.gz	0.0848607	0	91875/1000000
ERR2784760_R1.fq.gz	SRR11047659_R1.fq.gz	0.0835081	0	94773/1000000
ERR2784761_R1.fq.gz	SRR11047659_R1.fq.gz	0.085052	0	91473/1000000
ERR2784762_R1.fq.gz	SRR11047659_R1.fq.gz	0.0872902	0	86908/1000000
ERR2784763_R1.fq.gz	SRR11047659_R1.fq.gz	0.0882544	0	85018/1000000
ERR2784780_R1.fq.gz	SRR11047659_R1.fq.gz	0.0796453	0	103611/1000000
ERR2784781_R1.fq.gz	SRR11047659_R1.fq.gz	0.0806436	0	101244/1000000
ERR2784782_R1.fq.gz	SRR11047659_R1.fq.gz	0.0827035	0	96544/1000000
ERR2784783_R1.fq.gz	SRR11047659_R1.fq.gz	0.0838103	0	94117/1000000
ERR2784796_R1.fq.gz	SRR11047659_R1.fq.gz	0.0901207	0	81484/1000000
ERR2784797_R1.fq.gz	SRR11047659_R1.fq.gz	0.0915682	0	78852/1000000
ERR2784798_R1.fq.gz	SRR11047659_R1.fq.gz	0.0946422	0	73560/1000000
ERR2784799_R1.fq.gz	SRR11047659_R1.fq.gz	0.0958971	0	71510/1000000
ERR2784800_R1.fq.gz	SRR11047659_R1.fq.gz	0.122232	0	39920/1000000
ERR2784801_R1.fq.gz	SRR11047659_R1.fq.gz	0.127699	0	35437/1000000
ERR2784802_R1.fq.gz	SRR11047659_R1.fq.gz	0.133414	0	31304/1000000
ERR2784803_R1.fq.gz	SRR11047659_R1.fq.gz	0.135726	0	29776/1000000
ERR2784804_R1.fq.gz	SRR11047659_R1.fq.gz	0.166664	0	15331/1000000
ERR2784805_R1.fq.gz	SRR11047659_R1.fq.gz	0.172305	0	13595/1000000
ERR2784806_R1.fq.gz	SRR11047659_R1.fq.gz	0.225806	0	4380/1000000
ERR2784807_R1.fq.gz	SRR11047659_R1.fq.gz	0.233121	0	3754/1000000
ERR2784808_R1.fq.gz	SRR11047659_R1.fq.gz	0.089545	0	82557/1000000
ERR2784809_R1.fq.gz	SRR11047659_R1.fq.gz	0.0917264	0	78570/1000000
ERR2784810_R1.fq.gz	SRR11047659_R1.fq.gz	0.0941793	0	74332/1000000
ERR2784811_R1.fq.gz	SRR11047659_R1.fq.gz	0.0952698	0	72527/1000000
ERR2784816_R1.fq.gz	SRR11047659_R1.fq.gz	0.0873104	0	86868/1000000
ERR2784817_R1.fq.gz	SRR11047659_R1.fq.gz	0.0886194	0	84314/1000000
ERR2784818_R1.fq.gz	SRR11047659_R1.fq.gz	0.0910553	0	79774/1000000
ERR2784824_R1.fq.gz	SRR11047659_R1.fq.gz	0.0702523	0	129121/1000000
ERR2784826_R1.fq.gz	SRR11047659_R1.fq.gz	0.0733007	0	120152/1000000
ERR2784827_R1.fq.gz	SRR11047659_R1.fq.gz	0.0740914	0	117940/1000000
SRR11047625_R1.fq.gz	SRR11047659_R1.fq.gz	0.0686253	0	134211/1000000
SRR11047626_R1.fq.gz	SRR11047659_R1.fq.gz	0.0728557	0	121417/1000000
SRR11047627_R1.fq.gz	SRR11047659_R1.fq.gz	0.084783	0	92039/1000000
SRR11047628_R1.fq.gz	SRR11047659_R1.fq.gz	0.0527689	0	197727/1000000
SRR11047629_R1.fq.gz	SRR11047659_R1.fq.gz	0.0665319	0	141094/1000000
SRR11047631_R1.fq.gz	SRR11047659_R1.fq.gz	0.0764073	0	111716/1000000
SRR11047632_R1.fq.gz	SRR11047659_R1.fq.gz	0.0657204	0	143868/1000000
SRR11047633_R1.fq.gz	SRR11047659_R1.fq.gz	0.0677968	0	136889/1000000
SRR11047634_R1.fq.gz	SRR11047659_R1.fq.gz	0.0692388	0	132266/1000000
SRR11047635_R1.fq.gz	SRR11047659_R1.fq.gz	0.0578172	0	174370/1000000
SRR11047636_R1.fq.gz	SRR11047659_R1.fq.gz	0.0668888	0	139893/1000000
SRR11047637_R1.fq.gz	SRR11047659_R1.fq.gz	0.069166	0	132495/1000000
SRR11047639_R1.fq.gz	SRR11047659_R1.fq.gz	0.0513855	0	204749/1000000
SRR11047640_R1.fq.gz	SRR11047659_R1.fq.gz	0.0883821	0	84771/1000000
SRR11047641_R1.fq.gz	SRR11047659_R1.fq.gz	0.0665032	0	141191/1000000
SRR11047642_R1.fq.gz	SRR11047659_R1.fq.gz	0.0683563	0	135074/1000000
SRR11047643_R1.fq.gz	SRR11047659_R1.fq.gz	0.0686397	0	134165/1000000
SRR11047644_R1.fq.gz	SRR11047659_R1.fq.gz	0.0831285	0	95604/1000000
SRR11047645_R1.fq.gz	SRR11047659_R1.fq.gz	0.0620614	0	157164/1000000
SRR11047647_R1.fq.gz	SRR11047659_R1.fq.gz	0.0618825	0	157849/1000000
SRR11047648_R1.fq.gz	SRR11047659_R1.fq.gz	0.0764737	0	111543/1000000
SRR11047649_R1.fq.gz	SRR11047659_R1.fq.gz	0.0679114	0	136515/1000000
SRR11047650_R1.fq.gz	SRR11047659_R1.fq.gz	0.0635797	0	151485/1000000
SRR11047651_R1.fq.gz	SRR11047659_R1.fq.gz	0.066104	0	142549/1000000
SRR11047653_R1.fq.gz	SRR11047659_R1.fq.gz	0.0665056	0	141183/1000000
SRR11047654_R1.fq.gz	SRR11047659_R1.fq.gz	0.0610493	0	161084/1000000
SRR11047655_R1.fq.gz	SRR11047659_R1.fq.gz	0.0593515	0	167913/1000000
SRR11047656_R1.fq.gz	SRR11047659_R1.fq.gz	0.0640266	0	149858/1000000
SRR11047657_R1.fq.gz	SRR11047659_R1.fq.gz	0.0646326	0	147683/1000000
SRR11047658_R1.fq.gz	SRR11047659_R1.fq.gz	0.057692	0	174909/1000000
SRR11047659_R1.fq.gz	SRR11047659_R1.fq.gz	0	0	1000000/1000000
SRR11047660_R1.fq.gz	SRR11047659_R1.fq.gz	0.0651003	0	146029/1000000
SRR11047661_R1.fq.gz	SRR11047659_R1.fq.gz	0.0587438	0	170437/1000000
SRR11047662_R1.fq.gz	SRR11047659_R1.fq.gz	0.065184	0	145735/1000000
SRR11047663_R1.fq.gz	SRR11047659_R1.fq.gz	0.06271	0	154709/1000000
SRR11047664_R1.fq.gz	SRR11047659_R1.fq.gz	0.0602153	0	164398/1000000
SRR11047665_R1.fq.gz	SRR11047659_R1.fq.gz	0.0708047	0	127442/1000000
SRR11047666_R1.fq.gz	SRR11047659_R1.fq.gz	0.0612913	0	160137/1000000
SRR11047667_R1.fq.gz	SRR11047659_R1.fq.gz	0.0650454	0	146222/1000000
SRR11047668_R1.fq.gz	SRR11047659_R1.fq.gz	0.0658633	0	143375/1000000
SRR11047669_R1.fq.gz	SRR11047659_R1.fq.gz	0.0735033	0	119581/1000000
SRR11047670_R1.fq.gz	SRR11047659_R1.fq.gz	0.0536221	0	193536/1000000
SRR11047671_R1.fq.gz	SRR11047659_R1.fq.gz	0.0636841	0	151103/1000000
SRR11047672_R1.fq.gz	SRR11047659_R1.fq.gz	0.0597821	0	166150/1000000
SRR11047673_R1.fq.gz	SRR11047659_R1.fq.gz	0.0714626	0	125474/1000000
ERR2784728_R1.fq.gz	SRR11047660_R1.fq.gz	0.088106	0	85306/1000000
ERR2784729_R1.fq.gz	SRR11047660_R1.fq.gz	0.0898735	0	81943/1000000
ERR2784730_R1.fq.gz	SRR11047660_R1.fq.gz	0.0927395	0	76789/1000000
ERR2784731_R1.fq.gz	SRR11047660_R1.fq.gz	0.0941376	0	74402/1000000
ERR2784741_R1.fq.gz	SRR11047660_R1.fq.gz	0.0802564	0	102155/1000000
ERR2784742_R1.fq.gz	SRR11047660_R1.fq.gz	0.0825293	0	96932/1000000
ERR2784743_R1.fq.gz	SRR11047660_R1.fq.gz	0.0836894	0	94379/1000000
ERR2784752_R1.fq.gz	SRR11047660_R1.fq.gz	0.0734418	0	119754/1000000
ERR2784753_R1.fq.gz	SRR11047660_R1.fq.gz	0.074648	0	116410/1000000
ERR2784754_R1.fq.gz	SRR11047660_R1.fq.gz	0.0766778	0	111013/1000000
ERR2784755_R1.fq.gz	SRR11047660_R1.fq.gz	0.0775879	0	108683/1000000
ERR2784756_R1.fq.gz	SRR11047660_R1.fq.gz	0.0821735	0	97730/1000000
ERR2784757_R1.fq.gz	SRR11047660_R1.fq.gz	0.0836898	0	94378/1000000
ERR2784759_R1.fq.gz	SRR11047660_R1.fq.gz	0.0870355	0	87415/1000000
ERR2784760_R1.fq.gz	SRR11047660_R1.fq.gz	0.09594	0	71441/1000000
ERR2784761_R1.fq.gz	SRR11047660_R1.fq.gz	0.0973438	0	69222/1000000
ERR2784762_R1.fq.gz	SRR11047660_R1.fq.gz	0.0994678	0	66003/1000000
ERR2784763_R1.fq.gz	SRR11047660_R1.fq.gz	0.100342	0	64724/1000000
ERR2784780_R1.fq.gz	SRR11047660_R1.fq.gz	0.0805386	0	101490/1000000
ERR2784781_R1.fq.gz	SRR11047660_R1.fq.gz	0.081976	0	98176/1000000
ERR2784782_R1.fq.gz	SRR11047660_R1.fq.gz	0.0843893	0	92874/1000000
ERR2784783_R1.fq.gz	SRR11047660_R1.fq.gz	0.085721	0	90082/1000000
ERR2784796_R1.fq.gz	SRR11047660_R1.fq.gz	0.081007	0	100397/1000000
ERR2784797_R1.fq.gz	SRR11047660_R1.fq.gz	0.0835582	0	94664/1000000
ERR2784798_R1.fq.gz	SRR11047660_R1.fq.gz	0.0872892	0	86910/1000000
ERR2784799_R1.fq.gz	SRR11047660_R1.fq.gz	0.0891057	0	83386/1000000
ERR2784800_R1.fq.gz	SRR11047660_R1.fq.gz	0.117143	0	44624/1000000
ERR2784801_R1.fq.gz	SRR11047660_R1.fq.gz	0.122809	0	39420/1000000
ERR2784802_R1.fq.gz	SRR11047660_R1.fq.gz	0.129199	0	34300/1000000
ERR2784803_R1.fq.gz	SRR11047660_R1.fq.gz	0.131907	0	32343/1000000
ERR2784804_R1.fq.gz	SRR11047660_R1.fq.gz	0.151526	0	21190/1000000
ERR2784805_R1.fq.gz	SRR11047660_R1.fq.gz	0.158851	0	18114/1000000
ERR2784806_R1.fq.gz	SRR11047660_R1.fq.gz	0.216344	0	5348/1000000
ERR2784807_R1.fq.gz	SRR11047660_R1.fq.gz	0.222092	0	4737/1000000
ERR2784808_R1.fq.gz	SRR11047660_R1.fq.gz	0.110903	0	51191/1000000
ERR2784809_R1.fq.gz	SRR11047660_R1.fq.gz	0.112835	0	49056/1000000
ERR2784810_R1.fq.gz	SRR11047660_R1.fq.gz	0.115179	0	46590/1000000
ERR2784811_R1.fq.gz	SRR11047660_R1.fq.gz	0.116175	0	45582/1000000
ERR2784816_R1.fq.gz	SRR11047660_R1.fq.gz	0.0834343	0	94934/1000000
ERR2784817_R1.fq.gz	SRR11047660_R1.fq.gz	0.0852696	0	91018/1000000
ERR2784818_R1.fq.gz	SRR11047660_R1.fq.gz	0.0880715	0	85373/1000000
ERR2784824_R1.fq.gz	SRR11047660_R1.fq.gz	0.0707629	0	127568/1000000
ERR2784826_R1.fq.gz	SRR11047660_R1.fq.gz	0.0743211	0	117306/1000000
ERR2784827_R1.fq.gz	SRR11047660_R1.fq.gz	0.0755139	0	114073/1000000
SRR11047625_R1.fq.gz	SRR11047660_R1.fq.gz	0.0806222	0	101294/1000000
SRR11047626_R1.fq.gz	SRR11047660_R1.fq.gz	0.073917	0	118424/1000000
SRR11047627_R1.fq.gz	SRR11047660_R1.fq.gz	0.0713965	0	125670/1000000
SRR11047628_R1.fq.gz	SRR11047660_R1.fq.gz	0.063731	0	150932/1000000
SRR11047629_R1.fq.gz	SRR11047660_R1.fq.gz	0.0684419	0	134799/1000000
SRR11047631_R1.fq.gz	SRR11047660_R1.fq.gz	0.0783203	0	106847/1000000
SRR11047632_R1.fq.gz	SRR11047660_R1.fq.gz	0.0676801	0	137271/1000000
SRR11047633_R1.fq.gz	SRR11047660_R1.fq.gz	0.0691406	0	132575/1000000
SRR11047634_R1.fq.gz	SRR11047660_R1.fq.gz	0.0729268	0	121214/1000000
SRR11047635_R1.fq.gz	SRR11047660_R1.fq.gz	0.0702725	0	129059/1000000
SRR11047636_R1.fq.gz	SRR11047660_R1.fq.gz	0.0786559	0	106017/1000000
SRR11047637_R1.fq.gz	SRR11047660_R1.fq.gz	0.0633056	0	152493/1000000
SRR11047639_R1.fq.gz	SRR11047660_R1.fq.gz	0.0656706	0	144040/1000000
SRR11047640_R1.fq.gz	SRR11047660_R1.fq.gz	0.0925579	0	77105/1000000
SRR11047641_R1.fq.gz	SRR11047660_R1.fq.gz	0.0631161	0	153194/1000000
SRR11047642_R1.fq.gz	SRR11047660_R1.fq.gz	0.0617188	0	158479/1000000
SRR11047643_R1.fq.gz	SRR11047660_R1.fq.gz	0.0723699	0	122815/1000000
SRR11047644_R1.fq.gz	SRR11047660_R1.fq.gz	0.0966313	0	70339/1000000
SRR11047645_R1.fq.gz	SRR11047660_R1.fq.gz	0.0613759	0	159807/1000000
SRR11047647_R1.fq.gz	SRR11047660_R1.fq.gz	0.0664176	0	141481/1000000
SRR11047648_R1.fq.gz	SRR11047660_R1.fq.gz	0.0828292	0	96265/1000000
SRR11047649_R1.fq.gz	SRR11047660_R1.fq.gz	0.0786405	0	106055/1000000
SRR11047650_R1.fq.gz	SRR11047660_R1.fq.gz	0.0609365	0	161528/1000000
SRR11047651_R1.fq.gz	SRR11047660_R1.fq.gz	0.0781635	0	107237/1000000
SRR11047653_R1.fq.gz	SRR11047660_R1.fq.gz	0.0823497	0	97334/1000000
SRR11047654_R1.fq.gz	SRR11047660_R1.fq.gz	0.0802441	0	102184/1000000
SRR11047655_R1.fq.gz	SRR11047660_R1.fq.gz	0.0685566	0	134431/1000000
SRR11047656_R1.fq.gz	SRR11047660_R1.fq.gz	0.07134	0	125838/1000000
SRR11047657_R1.fq.gz	SRR11047660_R1.fq.gz	0.0699646	0	130005/1000000
SRR11047658_R1.fq.gz	SRR11047660_R1.fq.gz	0.0634955	0	151794/1000000
SRR11047659_R1.fq.gz	SRR11047660_R1.fq.gz	0.0651003	0	146029/1000000
SRR11047660_R1.fq.gz	SRR11047660_R1.fq.gz	0	0	1000000/1000000
SRR11047661_R1.fq.gz	SRR11047660_R1.fq.gz	0.077559	0	108756/1000000
SRR11047662_R1.fq.gz	SRR11047660_R1.fq.gz	0.0596394	0	166732/1000000
SRR11047663_R1.fq.gz	SRR11047660_R1.fq.gz	0.0742307	0	117555/1000000
SRR11047664_R1.fq.gz	SRR11047660_R1.fq.gz	0.0680501	0	136064/1000000
SRR11047665_R1.fq.gz	SRR11047660_R1.fq.gz	0.0840999	0	93493/1000000
SRR11047666_R1.fq.gz	SRR11047660_R1.fq.gz	0.0673394	0	138393/1000000
SRR11047667_R1.fq.gz	SRR11047660_R1.fq.gz	0.0772381	0	109572/1000000
SRR11047668_R1.fq.gz	SRR11047660_R1.fq.gz	0.0769233	0	110379/1000000
SRR11047669_R1.fq.gz	SRR11047660_R1.fq.gz	0.0739375	0	118367/1000000
SRR11047670_R1.fq.gz	SRR11047660_R1.fq.gz	0.0692859	0	132118/1000000
SRR11047671_R1.fq.gz	SRR11047660_R1.fq.gz	0.0750583	0	115296/1000000
SRR11047672_R1.fq.gz	SRR11047660_R1.fq.gz	0.0674624	0	137987/1000000
SRR11047673_R1.fq.gz	SRR11047660_R1.fq.gz	0.094112	0	74445/1000000
ERR2784728_R1.fq.gz	SRR11047661_R1.fq.gz	0.0739782	0	118254/1000000
ERR2784729_R1.fq.gz	SRR11047661_R1.fq.gz	0.0747654	0	116090/1000000
ERR2784730_R1.fq.gz	SRR11047661_R1.fq.gz	0.0763387	0	111895/1000000
ERR2784731_R1.fq.gz	SRR11047661_R1.fq.gz	0.0770993	0	109927/1000000
ERR2784741_R1.fq.gz	SRR11047661_R1.fq.gz	0.0624156	0	155818/1000000
ERR2784742_R1.fq.gz	SRR11047661_R1.fq.gz	0.0637749	0	150772/1000000
ERR2784743_R1.fq.gz	SRR11047661_R1.fq.gz	0.0646858	0	147494/1000000
ERR2784752_R1.fq.gz	SRR11047661_R1.fq.gz	0.0666385	0	140734/1000000
ERR2784753_R1.fq.gz	SRR11047661_R1.fq.gz	0.067009	0	139491/1000000
ERR2784754_R1.fq.gz	SRR11047661_R1.fq.gz	0.0677415	0	137070/1000000
ERR2784755_R1.fq.gz	SRR11047661_R1.fq.gz	0.0683523	0	135087/1000000
ERR2784756_R1.fq.gz	SRR11047661_R1.fq.gz	0.0751121	0	115151/1000000
ERR2784757_R1.fq.gz	SRR11047661_R1.fq.gz	0.0755863	0	113880/1000000
ERR2784759_R1.fq.gz	SRR11047661_R1.fq.gz	0.0772001	0	109669/1000000
ERR2784760_R1.fq.gz	SRR11047661_R1.fq.gz	0.0666246	0	140781/1000000
ERR2784761_R1.fq.gz	SRR11047661_R1.fq.gz	0.067264	0	138643/1000000
ERR2784762_R1.fq.gz	SRR11047661_R1.fq.gz	0.0684319	0	134831/1000000
ERR2784763_R1.fq.gz	SRR11047661_R1.fq.gz	0.0690785	0	132771/1000000
ERR2784780_R1.fq.gz	SRR11047661_R1.fq.gz	0.0801791	0	102338/1000000
ERR2784781_R1.fq.gz	SRR11047661_R1.fq.gz	0.0802818	0	102095/1000000
ERR2784782_R1.fq.gz	SRR11047661_R1.fq.gz	0.0809192	0	100601/1000000
ERR2784783_R1.fq.gz	SRR11047661_R1.fq.gz	0.0813812	0	99533/1000000
ERR2784796_R1.fq.gz	SRR11047661_R1.fq.gz	0.100174	0	64969/1000000
ERR2784797_R1.fq.gz	SRR11047661_R1.fq.gz	0.100712	0	64192/1000000
ERR2784798_R1.fq.gz	SRR11047661_R1.fq.gz	0.102617	0	61520/1000000
ERR2784799_R1.fq.gz	SRR11047661_R1.fq.gz	0.10366	0	60107/1000000
ERR2784800_R1.fq.gz	SRR11047661_R1.fq.gz	0.116784	0	44976/1000000
ERR2784801_R1.fq.gz	SRR11047661_R1.fq.gz	0.120972	0	41034/1000000
ERR2784802_R1.fq.gz	SRR11047661_R1.fq.gz	0.125636	0	37064/1000000
ERR2784803_R1.fq.gz	SRR11047661_R1.fq.gz	0.128019	0	35191/1000000
ERR2784804_R1.fq.gz	SRR11047661_R1.fq.gz	0.173051	0	13381/1000000
ERR2784805_R1.fq.gz	SRR11047661_R1.fq.gz	0.17802	0	12039/1000000
ERR2784806_R1.fq.gz	SRR11047661_R1.fq.gz	0.225871	0	4374/1000000
ERR2784807_R1.fq.gz	SRR11047661_R1.fq.gz	0.234285	0	3663/1000000
ERR2784808_R1.fq.gz	SRR11047661_R1.fq.gz	0.0864792	0	88533/1000000
ERR2784809_R1.fq.gz	SRR11047661_R1.fq.gz	0.0880304	0	85453/1000000
ERR2784810_R1.fq.gz	SRR11047661_R1.fq.gz	0.0902436	0	81257/1000000
ERR2784811_R1.fq.gz	SRR11047661_R1.fq.gz	0.0912871	0	79356/1000000
ERR2784816_R1.fq.gz	SRR11047661_R1.fq.gz	0.0951928	0	72653/1000000
ERR2784817_R1.fq.gz	SRR11047661_R1.fq.gz	0.0960515	0	71262/1000000
ERR2784818_R1.fq.gz	SRR11047661_R1.fq.gz	0.0974759	0	69017/1000000
ERR2784824_R1.fq.gz	SRR11047661_R1.fq.gz	0.0754944	0	114125/1000000
ERR2784826_R1.fq.gz	SRR11047661_R1.fq.gz	0.0766234	0	111154/1000000
ERR2784827_R1.fq.gz	SRR11047661_R1.fq.gz	0.0771399	0	109823/1000000
SRR11047625_R1.fq.gz	SRR11047661_R1.fq.gz	0.0647711	0	147191/1000000
SRR11047626_R1.fq.gz	SRR11047661_R1.fq.gz	0.0616532	0	158732/1000000
SRR11047627_R1.fq.gz	SRR11047661_R1.fq.gz	0.111757	0	50236/1000000
SRR11047628_R1.fq.gz	SRR11047661_R1.fq.gz	0.0533675	0	194776/1000000
SRR11047629_R1.fq.gz	SRR11047661_R1.fq.gz	0.0643112	0	148832/1000000
SRR11047631_R1.fq.gz	SRR11047661_R1.fq.gz	0.0934037	0	75645/1000000
SRR11047632_R1.fq.gz	SRR11047661_R1.fq.gz	0.074344	0	117243/1000000
SRR11047633_R1.fq.gz	SRR11047661_R1.fq.gz	0.0590191	0	169288/1000000
SRR11047634_R1.fq.gz	SRR11047661_R1.fq.gz	0.0814787	0	99309/1000000
SRR11047635_R1.fq.gz	SRR11047661_R1.fq.gz	0.0574128	0	176119/1000000
SRR11047636_R1.fq.gz	SRR11047661_R1.fq.gz	0.0769894	0	110209/1000000
SRR11047637_R1.fq.gz	SRR11047661_R1.fq.gz	0.0750158	0	115411/1000000
SRR11047639_R1.fq.gz	SRR11047661_R1.fq.gz	0.0588284	0	170083/1000000
SRR11047640_R1.fq.gz	SRR11047661_R1.fq.gz	0.0967504	0	70151/1000000
SRR11047641_R1.fq.gz	SRR11047661_R1.fq.gz	0.0756829	0	113623/1000000
SRR11047642_R1.fq.gz	SRR11047661_R1.fq.gz	0.0734091	0	119846/1000000
SRR11047643_R1.fq.gz	SRR11047661_R1.fq.gz	0.0814748	0	99318/1000000
SRR11047644_R1.fq.gz	SRR11047661_R1.fq.gz	0.0943053	0	74121/1000000
SRR11047645_R1.fq.gz	SRR11047661_R1.fq.gz	0.0724307	0	122639/1000000
SRR11047647_R1.fq.gz	SRR11047661_R1.fq.gz	0.0708561	0	127287/1000000
SRR11047648_R1.fq.gz	SRR11047661_R1.fq.gz	0.0753375	0	114545/1000000
SRR11047649_R1.fq.gz	SRR11047661_R1.fq.gz	0.0736016	0	119305/1000000
SRR11047650_R1.fq.gz	SRR11047661_R1.fq.gz	0.0702343	0	129176/1000000
SRR11047651_R1.fq.gz	SRR11047661_R1.fq.gz	0.064994	0	146403/1000000
SRR11047653_R1.fq.gz	SRR11047661_R1.fq.gz	0.0860208	0	89466/1000000
SRR11047654_R1.fq.gz	SRR11047661_R1.fq.gz	0.0565404	0	179961/1000000
SRR11047655_R1.fq.gz	SRR11047661_R1.fq.gz	0.0696255	0	131056/1000000
SRR11047656_R1.fq.gz	SRR11047661_R1.fq.gz	0.0763713	0	111810/1000000
SRR11047657_R1.fq.gz	SRR11047661_R1.fq.gz	0.0671823	0	138914/1000000
SRR11047658_R1.fq.gz	SRR11047661_R1.fq.gz	0.0651732	0	145773/1000000
SRR11047659_R1.fq.gz	SRR11047661_R1.fq.gz	0.0587438	0	170437/1000000
SRR11047660_R1.fq.gz	SRR11047661_R1.fq.gz	0.077559	0	108756/1000000
SRR11047661_R1.fq.gz	SRR11047661_R1.fq.gz	0	0	1000000/1000000
SRR11047662_R1.fq.gz	SRR11047661_R1.fq.gz	0.0767029	0	110948/1000000
SRR11047663_R1.fq.gz	SRR11047661_R1.fq.gz	0.0744484	0	116956/1000000
SRR11047664_R1.fq.gz	SRR11047661_R1.fq.gz	0.0666222	0	140789/1000000
SRR11047665_R1.fq.gz	SRR11047661_R1.fq.gz	0.0657123	0	143896/1000000
SRR11047666_R1.fq.gz	SRR11047661_R1.fq.gz	0.0706489	0	127913/1000000
SRR11047667_R1.fq.gz	SRR11047661_R1.fq.gz	0.0636768	0	151130/1000000
SRR11047668_R1.fq.gz	SRR11047661_R1.fq.gz	0.0706773	0	127827/1000000
SRR11047669_R1.fq.gz	SRR11047661_R1.fq.gz	0.0756558	0	113695/1000000
SRR11047670_R1.fq.gz	SRR11047661_R1.fq.gz	0.0587777	0	170295/1000000
SRR11047671_R1.fq.gz	SRR11047661_R1.fq.gz	0.0518874	0	202168/1000000
SRR11047672_R1.fq.gz	SRR11047661_R1.fq.gz	0.068531	0	134513/1000000
SRR11047673_R1.fq.gz	SRR11047661_R1.fq.gz	0.0700123	0	129858/1000000
ERR2784728_R1.fq.gz	SRR11047662_R1.fq.gz	0.0777312	0	108321/1000000
ERR2784729_R1.fq.gz	SRR11047662_R1.fq.gz	0.0798788	0	103052/1000000
ERR2784730_R1.fq.gz	SRR11047662_R1.fq.gz	0.0826801	0	96596/1000000
ERR2784731_R1.fq.gz	SRR11047662_R1.fq.gz	0.0837988	0	94142/1000000
ERR2784741_R1.fq.gz	SRR11047662_R1.fq.gz	0.076486	0	111511/1000000
ERR2784742_R1.fq.gz	SRR11047662_R1.fq.gz	0.079575	0	103780/1000000
ERR2784743_R1.fq.gz	SRR11047662_R1.fq.gz	0.0811876	0	99979/1000000
ERR2784752_R1.fq.gz	SRR11047662_R1.fq.gz	0.0623868	0	155927/1000000
ERR2784753_R1.fq.gz	SRR11047662_R1.fq.gz	0.0639242	0	150229/1000000
ERR2784754_R1.fq.gz	SRR11047662_R1.fq.gz	0.0664677	0	141311/1000000
ERR2784755_R1.fq.gz	SRR11047662_R1.fq.gz	0.0677161	0	137153/1000000
ERR2784756_R1.fq.gz	SRR11047662_R1.fq.gz	0.0744426	0	116972/1000000
ERR2784757_R1.fq.gz	SRR11047662_R1.fq.gz	0.0766917	0	110977/1000000
ERR2784759_R1.fq.gz	SRR11047662_R1.fq.gz	0.0815071	0	99244/1000000
ERR2784760_R1.fq.gz	SRR11047662_R1.fq.gz	0.08537	0	90809/1000000
ERR2784761_R1.fq.gz	SRR11047662_R1.fq.gz	0.0872545	0	86979/1000000
ERR2784762_R1.fq.gz	SRR11047662_R1.fq.gz	0.0899191	0	81858/1000000
ERR2784763_R1.fq.gz	SRR11047662_R1.fq.gz	0.0912254	0	79467/1000000
ERR2784780_R1.fq.gz	SRR11047662_R1.fq.gz	0.0722499	0	123163/1000000
ERR2784781_R1.fq.gz	SRR11047662_R1.fq.gz	0.0740838	0	117961/1000000
ERR2784782_R1.fq.gz	SRR11047662_R1.fq.gz	0.0769622	0	110279/1000000
ERR2784783_R1.fq.gz	SRR11047662_R1.fq.gz	0.078512	0	106372/1000000
ERR2784796_R1.fq.gz	SRR11047662_R1.fq.gz	0.0805046	0	101570/1000000
ERR2784797_R1.fq.gz	SRR11047662_R1.fq.gz	0.0834563	0	94886/1000000
ERR2784798_R1.fq.gz	SRR11047662_R1.fq.gz	0.0877032	0	86093/1000000
ERR2784799_R1.fq.gz	SRR11047662_R1.fq.gz	0.0896832	0	82298/1000000
ERR2784800_R1.fq.gz	SRR11047662_R1.fq.gz	0.112145	0	49808/1000000
ERR2784801_R1.fq.gz	SRR11047662_R1.fq.gz	0.118119	0	43679/1000000
ERR2784802_R1.fq.gz	SRR11047662_R1.fq.gz	0.124211	0	38233/1000000
ERR2784803_R1.fq.gz	SRR11047662_R1.fq.gz	0.12708	0	35917/1000000
ERR2784804_R1.fq.gz	SRR11047662_R1.fq.gz	0.156381	0	19097/1000000
ERR2784805_R1.fq.gz	SRR11047662_R1.fq.gz	0.163203	0	16506/1000000
ERR2784806_R1.fq.gz	SRR11047662_R1.fq.gz	0.21996	0	4955/1000000
ERR2784807_R1.fq.gz	SRR11047662_R1.fq.gz	0.226835	0	4286/1000000
ERR2784808_R1.fq.gz	SRR11047662_R1.fq.gz	0.0889342	0	83712/1000000
ERR2784809_R1.fq.gz	SRR11047662_R1.fq.gz	0.0907277	0	80369/1000000
ERR2784810_R1.fq.gz	SRR11047662_R1.fq.gz	0.0930221	0	76300/1000000
ERR2784811_R1.fq.gz	SRR11047662_R1.fq.gz	0.094106	0	74455/1000000
ERR2784816_R1.fq.gz	SRR11047662_R1.fq.gz	0.0779787	0	107699/1000000
ERR2784817_R1.fq.gz	SRR11047662_R1.fq.gz	0.0799283	0	102934/1000000
ERR2784818_R1.fq.gz	SRR11047662_R1.fq.gz	0.0829077	0	96091/1000000
ERR2784824_R1.fq.gz	SRR11047662_R1.fq.gz	0.0667487	0	140363/1000000
ERR2784826_R1.fq.gz	SRR11047662_R1.fq.gz	0.0701092	0	129560/1000000
ERR2784827_R1.fq.gz	SRR11047662_R1.fq.gz	0.0712407	0	126134/1000000
SRR11047625_R1.fq.gz	SRR11047662_R1.fq.gz	0.0679366	0	136433/1000000
SRR11047626_R1.fq.gz	SRR11047662_R1.fq.gz	0.067157	0	138998/1000000
SRR11047627_R1.fq.gz	SRR11047662_R1.fq.gz	0.0749973	0	115461/1000000
SRR11047628_R1.fq.gz	SRR11047662_R1.fq.gz	0.0671176	0	139129/1000000
SRR11047629_R1.fq.gz	SRR11047662_R1.fq.gz	0.0540361	0	191540/1000000
SRR11047631_R1.fq.gz	SRR11047662_R1.fq.gz	0.0705069	0	128344/1000000
SRR11047632_R1.fq.gz	SRR11047662_R1.fq.gz	0.0548722	0	187581/1000000
SRR11047633_R1.fq.gz	SRR11047662_R1.fq.gz	0.0620751	0	157112/1000000
SRR11047634_R1.fq.gz	SRR11047662_R1.fq.gz	0.0633357	0	152382/1000000
SRR11047635_R1.fq.gz	SRR11047662_R1.fq.gz	0.0702925	0	128998/1000000
SRR11047636_R1.fq.gz	SRR11047662_R1.fq.gz	0.0698216	0	130447/1000000
SRR11047637_R1.fq.gz	SRR11047662_R1.fq.gz	0.057563	0	175467/1000000
SRR11047639_R1.fq.gz	SRR11047662_R1.fq.gz	0.0544241	0	189691/1000000
SRR11047640_R1.fq.gz	SRR11047662_R1.fq.gz	0.0775006	0	108904/1000000
SRR11047641_R1.fq.gz	SRR11047662_R1.fq.gz	0.0496988	0	213709/1000000
SRR11047642_R1.fq.gz	SRR11047662_R1.fq.gz	0.0545556	0	189069/1000000
SRR11047643_R1.fq.gz	SRR11047662_R1.fq.gz	0.0625855	0	155177/1000000
SRR11047644_R1.fq.gz	SRR11047662_R1.fq.gz	0.0895924	0	82468/1000000
SRR11047645_R1.fq.gz	SRR11047662_R1.fq.gz	0.0519674	0	201760/1000000
SRR11047647_R1.fq.gz	SRR11047662_R1.fq.gz	0.0555511	0	184436/1000000
SRR11047648_R1.fq.gz	SRR11047662_R1.fq.gz	0.0821327	0	97822/1000000
SRR11047649_R1.fq.gz	SRR11047662_R1.fq.gz	0.0691555	0	132528/1000000
SRR11047650_R1.fq.gz	SRR11047662_R1.fq.gz	0.055669	0	183896/1000000
SRR11047651_R1.fq.gz	SRR11047662_R1.fq.gz	0.0629046	0	153981/1000000
SRR11047653_R1.fq.gz	SRR11047662_R1.fq.gz	0.0728732	0	121367/1000000
SRR11047654_R1.fq.gz	SRR11047662_R1.fq.gz	0.0697088	0	130797/1000000
SRR11047655_R1.fq.gz	SRR11047662_R1.fq.gz	0.0573707	0	176302/1000000
SRR11047656_R1.fq.gz	SRR11047662_R1.fq.gz	0.0602081	0	164427/1000000
SRR11047657_R1.fq.gz	SRR11047662_R1.fq.gz	0.0513756	0	204800/1000000
SRR11047658_R1.fq.gz	SRR11047662_R1.fq.gz	0.0538816	0	192282/1000000
SRR11047659_R1.fq.gz	SRR11047662_R1.fq.gz	0.065184	0	145735/1000000
SRR11047660_R1.fq.gz	SRR11047662_R1.fq.gz	0.0596394	0	166732/1000000
SRR11047661_R1.fq.gz	SRR11047662_R1.fq.gz	0.0767029	0	110948/1000000
SRR11047662_R1.fq.gz	SRR11047662_R1.fq.gz	0	0	1000000/1000000
SRR11047663_R1.fq.gz	SRR11047662_R1.fq.gz	0.0726284	0	122069/1000000
SRR11047664_R1.fq.gz	SRR11047662_R1.fq.gz	0.0662071	0	142197/1000000
SRR11047665_R1.fq.gz	SRR11047662_R1.fq.gz	0.0783448	0	106786/1000000
SRR11047666_R1.fq.gz	SRR11047662_R1.fq.gz	0.0690206	0	132954/1000000
SRR11047667_R1.fq.gz	SRR11047662_R1.fq.gz	0.0787002	0	105908/1000000
SRR11047668_R1.fq.gz	SRR11047662_R1.fq.gz	0.0699556	0	130033/1000000
SRR11047669_R1.fq.gz	SRR11047662_R1.fq.gz	0.0584789	0	171551/1000000
SRR11047670_R1.fq.gz	SRR11047662_R1.fq.gz	0.0676969	0	137216/1000000
SRR11047671_R1.fq.gz	SRR11047662_R1.fq.gz	0.0711168	0	126504/1000000
SRR11047672_R1.fq.gz	SRR11047662_R1.fq.gz	0.0522661	0	200246/1000000
SRR11047673_R1.fq.gz	SRR11047662_R1.fq.gz	0.0718643	0	124289/1000000
ERR2784728_R1.fq.gz	SRR11047663_R1.fq.gz	0.0984336	0	67550/1000000
ERR2784729_R1.fq.gz	SRR11047663_R1.fq.gz	0.100191	0	64943/1000000
ERR2784730_R1.fq.gz	SRR11047663_R1.fq.gz	0.103132	0	60818/1000000
ERR2784731_R1.fq.gz	SRR11047663_R1.fq.gz	0.104197	0	59393/1000000
ERR2784741_R1.fq.gz	SRR11047663_R1.fq.gz	0.100545	0	64431/1000000
ERR2784742_R1.fq.gz	SRR11047663_R1.fq.gz	0.102994	0	61004/1000000
ERR2784743_R1.fq.gz	SRR11047663_R1.fq.gz	0.104382	0	59148/1000000
ERR2784752_R1.fq.gz	SRR11047663_R1.fq.gz	0.0841013	0	93490/1000000
ERR2784753_R1.fq.gz	SRR11047663_R1.fq.gz	0.0849563	0	91674/1000000
ERR2784754_R1.fq.gz	SRR11047663_R1.fq.gz	0.0863381	0	88819/1000000
ERR2784755_R1.fq.gz	SRR11047663_R1.fq.gz	0.0871026	0	87281/1000000
ERR2784756_R1.fq.gz	SRR11047663_R1.fq.gz	0.0800973	0	102532/1000000
ERR2784757_R1.fq.gz	SRR11047663_R1.fq.gz	0.0814779	0	99311/1000000
ERR2784759_R1.fq.gz	SRR11047663_R1.fq.gz	0.0850797	0	91415/1000000
ERR2784760_R1.fq.gz	SRR11047663_R1.fq.gz	0.0979922	0	68222/1000000
ERR2784761_R1.fq.gz	SRR11047663_R1.fq.gz	0.0998048	0	65507/1000000
ERR2784762_R1.fq.gz	SRR11047663_R1.fq.gz	0.102498	0	61683/1000000
ERR2784763_R1.fq.gz	SRR11047663_R1.fq.gz	0.103919	0	59761/1000000
ERR2784780_R1.fq.gz	SRR11047663_R1.fq.gz	0.0839832	0	93744/1000000
ERR2784781_R1.fq.gz	SRR11047663_R1.fq.gz	0.0851284	0	91313/1000000
ERR2784782_R1.fq.gz	SRR11047663_R1.fq.gz	0.0871654	0	87156/1000000
ERR2784783_R1.fq.gz	SRR11047663_R1.fq.gz	0.088226	0	85073/1000000
ERR2784796_R1.fq.gz	SRR11047663_R1.fq.gz	0.0960359	0	71287/1000000
ERR2784797_R1.fq.gz	SRR11047663_R1.fq.gz	0.0974469	0	69062/1000000
ERR2784798_R1.fq.gz	SRR11047663_R1.fq.gz	0.100026	0	65183/1000000
ERR2784799_R1.fq.gz	SRR11047663_R1.fq.gz	0.101217	0	63471/1000000
ERR2784800_R1.fq.gz	SRR11047663_R1.fq.gz	0.127546	0	35555/1000000
ERR2784801_R1.fq.gz	SRR11047663_R1.fq.gz	0.13235	0	32034/1000000
ERR2784802_R1.fq.gz	SRR11047663_R1.fq.gz	0.137704	0	28530/1000000
ERR2784803_R1.fq.gz	SRR11047663_R1.fq.gz	0.139695	0	27330/1000000
ERR2784804_R1.fq.gz	SRR11047663_R1.fq.gz	0.156982	0	18853/1000000
ERR2784805_R1.fq.gz	SRR11047663_R1.fq.gz	0.162624	0	16711/1000000
ERR2784806_R1.fq.gz	SRR11047663_R1.fq.gz	0.215894	0	5399/1000000
ERR2784807_R1.fq.gz	SRR11047663_R1.fq.gz	0.222132	0	4733/1000000
ERR2784808_R1.fq.gz	SRR11047663_R1.fq.gz	0.100572	0	64393/1000000
ERR2784809_R1.fq.gz	SRR11047663_R1.fq.gz	0.102191	0	62106/1000000
ERR2784810_R1.fq.gz	SRR11047663_R1.fq.gz	0.104438	0	59075/1000000
ERR2784811_R1.fq.gz	SRR11047663_R1.fq.gz	0.105631	0	57529/1000000
ERR2784816_R1.fq.gz	SRR11047663_R1.fq.gz	0.0887634	0	84038/1000000
ERR2784817_R1.fq.gz	SRR11047663_R1.fq.gz	0.0898128	0	82056/1000000
ERR2784818_R1.fq.gz	SRR11047663_R1.fq.gz	0.0924263	0	77335/1000000
ERR2784824_R1.fq.gz	SRR11047663_R1.fq.gz	0.0825791	0	96821/1000000
ERR2784826_R1.fq.gz	SRR11047663_R1.fq.gz	0.0858414	0	89834/1000000
ERR2784827_R1.fq.gz	SRR11047663_R1.fq.gz	0.086869	0	87748/1000000
SRR11047625_R1.fq.gz	SRR11047663_R1.fq.gz	0.0816151	0	98997/1000000
SRR11047626_R1.fq.gz	SRR11047663_R1.fq.gz	0.0914285	0	79102/1000000
SRR11047627_R1.fq.gz	SRR11047663_R1.fq.gz	0.087066	0	87354/1000000
SRR11047628_R1.fq.gz	SRR11047663_R1.fq.gz	0.070881	0	127212/1000000
SRR11047629_R1.fq.gz	SRR11047663_R1.fq.gz	0.0714811	0	125419/1000000
SRR11047631_R1.fq.gz	SRR11047663_R1.fq.gz	0.0794783	0	104013/1000000
SRR11047632_R1.fq.gz	SRR11047663_R1.fq.gz	0.0727088	0	121838/1000000
SRR11047633_R1.fq.gz	SRR11047663_R1.fq.gz	0.0816492	0	98919/1000000
SRR11047634_R1.fq.gz	SRR11047663_R1.fq.gz	0.0739066	0	118453/1000000
SRR11047635_R1.fq.gz	SRR11047663_R1.fq.gz	0.0711299	0	126465/1000000
SRR11047636_R1.fq.gz	SRR11047663_R1.fq.gz	0.0753699	0	114458/1000000
SRR11047637_R1.fq.gz	SRR11047663_R1.fq.gz	0.0791455	0	104819/1000000
SRR11047639_R1.fq.gz	SRR11047663_R1.fq.gz	0.0635745	0	151504/1000000
SRR11047640_R1.fq.gz	SRR11047663_R1.fq.gz	0.0933335	0	75765/1000000
SRR11047641_R1.fq.gz	SRR11047663_R1.fq.gz	0.0714626	0	125474/1000000
SRR11047642_R1.fq.gz	SRR11047663_R1.fq.gz	0.0729313	0	121201/1000000
SRR11047643_R1.fq.gz	SRR11047663_R1.fq.gz	0.0769988	0	110185/1000000
SRR11047644_R1.fq.gz	SRR11047663_R1.fq.gz	0.0931266	0	76120/1000000
SRR11047645_R1.fq.gz	SRR11047663_R1.fq.gz	0.0665626	0	140990/1000000
SRR11047647_R1.fq.gz	SRR11047663_R1.fq.gz	0.0738506	0	118609/1000000
SRR11047648_R1.fq.gz	SRR11047663_R1.fq.gz	0.0756795	0	113632/1000000
SRR11047649_R1.fq.gz	SRR11047663_R1.fq.gz	0.0916904	0	78634/1000000
SRR11047650_R1.fq.gz	SRR11047663_R1.fq.gz	0.0730159	0	120960/1000000
SRR11047651_R1.fq.gz	SRR11047663_R1.fq.gz	0.0868515	0	87783/1000000
SRR11047653_R1.fq.gz	SRR11047663_R1.fq.gz	0.0764522	0	111599/1000000
SRR11047654_R1.fq.gz	SRR11047663_R1.fq.gz	0.0816619	0	98890/1000000
SRR11047655_R1.fq.gz	SRR11047663_R1.fq.gz	0.0793925	0	104220/1000000
SRR11047656_R1.fq.gz	SRR11047663_R1.fq.gz	0.0693646	0	131871/1000000
SRR11047657_R1.fq.gz	SRR11047663_R1.fq.gz	0.0748029	0	115988/1000000
SRR11047658_R1.fq.gz	SRR11047663_R1.fq.gz	0.0667597	0	140326/1000000
SRR11047659_R1.fq.gz	SRR11047663_R1.fq.gz	0.06271	0	154709/1000000
SRR11047660_R1.fq.gz	SRR11047663_R1.fq.gz	0.0742307	0	117555/1000000
SRR11047661_R1.fq.gz	SRR11047663_R1.fq.gz	0.0744484	0	116956/1000000
SRR11047662_R1.fq.gz	SRR11047663_R1.fq.gz	0.0726284	0	122069/1000000
SRR11047663_R1.fq.gz	SRR11047663_R1.fq.gz	0	0	1000000/1000000
SRR11047664_R1.fq.gz	SRR11047663_R1.fq.gz	0.070128	0	129502/1000000
SRR11047665_R1.fq.gz	SRR11047663_R1.fq.gz	0.0744995	0	116816/1000000
SRR11047666_R1.fq.gz	SRR11047663_R1.fq.gz	0.0690383	0	132898/1000000
SRR11047667_R1.fq.gz	SRR11047663_R1.fq.gz	0.0770989	0	109928/1000000
SRR11047668_R1.fq.gz	SRR11047663_R1.fq.gz	0.0747985	0	116000/1000000
SRR11047669_R1.fq.gz	SRR11047663_R1.fq.gz	0.0747592	0	116107/1000000
SRR11047670_R1.fq.gz	SRR11047663_R1.fq.gz	0.0793223	0	104390/1000000
SRR11047671_R1.fq.gz	SRR11047663_R1.fq.gz	0.0853099	0	90934/1000000
SRR11047672_R1.fq.gz	SRR11047663_R1.fq.gz	0.0673521	0	138351/1000000
SRR11047673_R1.fq.gz	SRR11047663_R1.fq.gz	0.102618	0	61518/1000000
ERR2784728_R1.fq.gz	SRR11047664_R1.fq.gz	0.0886152	0	84322/1000000
ERR2784729_R1.fq.gz	SRR11047664_R1.fq.gz	0.0905548	0	80685/1000000
ERR2784730_R1.fq.gz	SRR11047664_R1.fq.gz	0.0935285	0	75432/1000000
ERR2784731_R1.fq.gz	SRR11047664_R1.fq.gz	0.0948157	0	73273/1000000
ERR2784741_R1.fq.gz	SRR11047664_R1.fq.gz	0.0704704	0	128455/1000000
ERR2784742_R1.fq.gz	SRR11047664_R1.fq.gz	0.0723996	0	122729/1000000
ERR2784743_R1.fq.gz	SRR11047664_R1.fq.gz	0.0735086	0	119566/1000000
ERR2784752_R1.fq.gz	SRR11047664_R1.fq.gz	0.0725214	0	122377/1000000
ERR2784753_R1.fq.gz	SRR11047664_R1.fq.gz	0.0739274	0	118395/1000000
ERR2784754_R1.fq.gz	SRR11047664_R1.fq.gz	0.0760109	0	112755/1000000
ERR2784755_R1.fq.gz	SRR11047664_R1.fq.gz	0.0770241	0	110120/1000000
ERR2784756_R1.fq.gz	SRR11047664_R1.fq.gz	0.0831549	0	95546/1000000
ERR2784757_R1.fq.gz	SRR11047664_R1.fq.gz	0.0847583	0	92091/1000000
ERR2784759_R1.fq.gz	SRR11047664_R1.fq.gz	0.0883624	0	84809/1000000
ERR2784760_R1.fq.gz	SRR11047664_R1.fq.gz	0.0857127	0	90099/1000000
ERR2784761_R1.fq.gz	SRR11047664_R1.fq.gz	0.0869424	0	87601/1000000
ERR2784762_R1.fq.gz	SRR11047664_R1.fq.gz	0.0890051	0	83577/1000000
ERR2784763_R1.fq.gz	SRR11047664_R1.fq.gz	0.0899299	0	81838/1000000
ERR2784780_R1.fq.gz	SRR11047664_R1.fq.gz	0.0792558	0	104551/1000000
ERR2784781_R1.fq.gz	SRR11047664_R1.fq.gz	0.0806825	0	101153/1000000
ERR2784782_R1.fq.gz	SRR11047664_R1.fq.gz	0.0829901	0	95909/1000000
ERR2784783_R1.fq.gz	SRR11047664_R1.fq.gz	0.084231	0	93212/1000000
ERR2784796_R1.fq.gz	SRR11047664_R1.fq.gz	0.0903722	0	81020/1000000
ERR2784797_R1.fq.gz	SRR11047664_R1.fq.gz	0.0924103	0	77363/1000000
ERR2784798_R1.fq.gz	SRR11047664_R1.fq.gz	0.0960353	0	71288/1000000
ERR2784799_R1.fq.gz	SRR11047664_R1.fq.gz	0.0977706	0	68562/1000000
ERR2784800_R1.fq.gz	SRR11047664_R1.fq.gz	0.114607	0	47180/1000000
ERR2784801_R1.fq.gz	SRR11047664_R1.fq.gz	0.120163	0	41767/1000000
ERR2784802_R1.fq.gz	SRR11047664_R1.fq.gz	0.126057	0	36726/1000000
ERR2784803_R1.fq.gz	SRR11047664_R1.fq.gz	0.128533	0	34800/1000000
ERR2784804_R1.fq.gz	SRR11047664_R1.fq.gz	0.160465	0	17500/1000000
ERR2784805_R1.fq.gz	SRR11047664_R1.fq.gz	0.166784	0	15292/1000000
ERR2784806_R1.fq.gz	SRR11047664_R1.fq.gz	0.221407	0	4806/1000000
ERR2784807_R1.fq.gz	SRR11047664_R1.fq.gz	0.22931	0	4068/1000000
ERR2784808_R1.fq.gz	SRR11047664_R1.fq.gz	0.0900916	0	81538/1000000
ERR2784809_R1.fq.gz	SRR11047664_R1.fq.gz	0.091817	0	78409/1000000
ERR2784810_R1.fq.gz	SRR11047664_R1.fq.gz	0.0937339	0	75083/1000000
ERR2784811_R1.fq.gz	SRR11047664_R1.fq.gz	0.0946434	0	73558/1000000
ERR2784816_R1.fq.gz	SRR11047664_R1.fq.gz	0.07828	0	106947/1000000
ERR2784817_R1.fq.gz	SRR11047664_R1.fq.gz	0.0795488	0	103843/1000000
ERR2784818_R1.fq.gz	SRR11047664_R1.fq.gz	0.0817167	0	98765/1000000
ERR2784824_R1.fq.gz	SRR11047664_R1.fq.gz	0.0743356	0	117266/1000000
ERR2784826_R1.fq.gz	SRR11047664_R1.fq.gz	0.0778902	0	107921/1000000
ERR2784827_R1.fq.gz	SRR11047664_R1.fq.gz	0.0790863	0	104963/1000000
SRR11047625_R1.fq.gz	SRR11047664_R1.fq.gz	0.0698074	0	130491/1000000
SRR11047626_R1.fq.gz	SRR11047664_R1.fq.gz	0.0742111	0	117609/1000000
SRR11047627_R1.fq.gz	SRR11047664_R1.fq.gz	0.0816501	0	98917/1000000
SRR11047628_R1.fq.gz	SRR11047664_R1.fq.gz	0.0629781	0	153707/1000000
SRR11047629_R1.fq.gz	SRR11047664_R1.fq.gz	0.0610353	0	161139/1000000
SRR11047631_R1.fq.gz	SRR11047664_R1.fq.gz	0.0742217	0	117580/1000000
SRR11047632_R1.fq.gz	SRR11047664_R1.fq.gz	0.0649265	0	146641/1000000
SRR11047633_R1.fq.gz	SRR11047664_R1.fq.gz	0.0609015	0	161666/1000000
SRR11047634_R1.fq.gz	SRR11047664_R1.fq.gz	0.0700861	0	129631/1000000
SRR11047635_R1.fq.gz	SRR11047664_R1.fq.gz	0.0596587	0	166653/1000000
SRR11047636_R1.fq.gz	SRR11047664_R1.fq.gz	0.070814	0	127414/1000000
SRR11047637_R1.fq.gz	SRR11047664_R1.fq.gz	0.0759495	0	112917/1000000
SRR11047639_R1.fq.gz	SRR11047664_R1.fq.gz	0.0569859	0	177987/1000000
SRR11047640_R1.fq.gz	SRR11047664_R1.fq.gz	0.077438	0	109063/1000000
SRR11047641_R1.fq.gz	SRR11047664_R1.fq.gz	0.0646548	0	147604/1000000
SRR11047642_R1.fq.gz	SRR11047664_R1.fq.gz	0.065371	0	145081/1000000
SRR11047643_R1.fq.gz	SRR11047664_R1.fq.gz	0.063073	0	153354/1000000
SRR11047644_R1.fq.gz	SRR11047664_R1.fq.gz	0.0930639	0	76228/1000000
SRR11047645_R1.fq.gz	SRR11047664_R1.fq.gz	0.0595782	0	166982/1000000
SRR11047647_R1.fq.gz	SRR11047664_R1.fq.gz	0.0671426	0	139046/1000000
SRR11047648_R1.fq.gz	SRR11047664_R1.fq.gz	0.0789789	0	105225/1000000
SRR11047649_R1.fq.gz	SRR11047664_R1.fq.gz	0.0759605	0	112888/1000000
SRR11047650_R1.fq.gz	SRR11047664_R1.fq.gz	0.0575272	0	175622/1000000
SRR11047651_R1.fq.gz	SRR11047664_R1.fq.gz	0.0708836	0	127204/1000000
SRR11047653_R1.fq.gz	SRR11047664_R1.fq.gz	0.0700097	0	129866/1000000
SRR11047654_R1.fq.gz	SRR11047664_R1.fq.gz	0.0800463	0	102653/1000000
SRR11047655_R1.fq.gz	SRR11047664_R1.fq.gz	0.0660041	0	142891/1000000
SRR11047656_R1.fq.gz	SRR11047664_R1.fq.gz	0.0659922	0	142932/1000000
SRR11047657_R1.fq.gz	SRR11047664_R1.fq.gz	0.0640786	0	149670/1000000
SRR11047658_R1.fq.gz	SRR11047664_R1.fq.gz	0.0638163	0	150621/1000000
SRR11047659_R1.fq.gz	SRR11047664_R1.fq.gz	0.0602153	0	164398/1000000
SRR11047660_R1.fq.gz	SRR11047664_R1.fq.gz	0.0680501	0	136064/1000000
SRR11047661_R1.fq.gz	SRR11047664_R1.fq.gz	0.0666222	0	140789/1000000
SRR11047662_R1.fq.gz	SRR11047664_R1.fq.gz	0.0662071	0	142197/1000000
SRR11047663_R1.fq.gz	SRR11047664_R1.fq.gz	0.070128	0	129502/1000000
SRR11047664_R1.fq.gz	SRR11047664_R1.fq.gz	0	0	1000000/1000000
SRR11047665_R1.fq.gz	SRR11047664_R1.fq.gz	0.0661904	0	142254/1000000
SRR11047666_R1.fq.gz	SRR11047664_R1.fq.gz	0.0631361	0	153120/1000000
SRR11047667_R1.fq.gz	SRR11047664_R1.fq.gz	0.0687648	0	133766/1000000
SRR11047668_R1.fq.gz	SRR11047664_R1.fq.gz	0.0643182	0	148807/1000000
SRR11047669_R1.fq.gz	SRR11047664_R1.fq.gz	0.0692181	0	132331/1000000
SRR11047670_R1.fq.gz	SRR11047664_R1.fq.gz	0.0704632	0	128477/1000000
SRR11047671_R1.fq.gz	SRR11047664_R1.fq.gz	0.0733067	0	120135/1000000
SRR11047672_R1.fq.gz	SRR11047664_R1.fq.gz	0.0618515	0	157968/1000000
SRR11047673_R1.fq.gz	SRR11047664_R1.fq.gz	0.0859086	0	89696/1000000
ERR2784728_R1.fq.gz	SRR11047665_R1.fq.gz	0.0873119	0	86865/1000000
ERR2784729_R1.fq.gz	SRR11047665_R1.fq.gz	0.0885211	0	84503/1000000
ERR2784730_R1.fq.gz	SRR11047665_R1.fq.gz	0.090557	0	80681/1000000
ERR2784731_R1.fq.gz	SRR11047665_R1.fq.gz	0.0913538	0	79236/1000000
ERR2784741_R1.fq.gz	SRR11047665_R1.fq.gz	0.0742742	0	117435/1000000
ERR2784742_R1.fq.gz	SRR11047665_R1.fq.gz	0.0754211	0	114321/1000000
ERR2784743_R1.fq.gz	SRR11047665_R1.fq.gz	0.0761322	0	112436/1000000
ERR2784752_R1.fq.gz	SRR11047665_R1.fq.gz	0.0780918	0	107416/1000000
ERR2784753_R1.fq.gz	SRR11047665_R1.fq.gz	0.0792022	0	104681/1000000
ERR2784754_R1.fq.gz	SRR11047665_R1.fq.gz	0.0807141	0	101079/1000000
ERR2784755_R1.fq.gz	SRR11047665_R1.fq.gz	0.081419	0	99446/1000000
ERR2784756_R1.fq.gz	SRR11047665_R1.fq.gz	0.0832752	0	95282/1000000
ERR2784757_R1.fq.gz	SRR11047665_R1.fq.gz	0.0842656	0	93138/1000000
ERR2784759_R1.fq.gz	SRR11047665_R1.fq.gz	0.0866764	0	88135/1000000
ERR2784760_R1.fq.gz	SRR11047665_R1.fq.gz	0.0961927	0	71036/1000000
ERR2784761_R1.fq.gz	SRR11047665_R1.fq.gz	0.0986694	0	67194/1000000
ERR2784762_R1.fq.gz	SRR11047665_R1.fq.gz	0.102103	0	62229/1000000
ERR2784763_R1.fq.gz	SRR11047665_R1.fq.gz	0.103929	0	59748/1000000
ERR2784780_R1.fq.gz	SRR11047665_R1.fq.gz	0.0918863	0	78286/1000000
ERR2784781_R1.fq.gz	SRR11047665_R1.fq.gz	0.0927234	0	76817/1000000
ERR2784782_R1.fq.gz	SRR11047665_R1.fq.gz	0.094632	0	73577/1000000
ERR2784783_R1.fq.gz	SRR11047665_R1.fq.gz	0.0954908	0	72167/1000000
ERR2784796_R1.fq.gz	SRR11047665_R1.fq.gz	0.102544	0	61620/1000000
ERR2784797_R1.fq.gz	SRR11047665_R1.fq.gz	0.10403	0	59613/1000000
ERR2784798_R1.fq.gz	SRR11047665_R1.fq.gz	0.107027	0	55775/1000000
ERR2784799_R1.fq.gz	SRR11047665_R1.fq.gz	0.108179	0	54369/1000000
ERR2784800_R1.fq.gz	SRR11047665_R1.fq.gz	0.126122	0	36674/1000000
ERR2784801_R1.fq.gz	SRR11047665_R1.fq.gz	0.130701	0	33200/1000000
ERR2784802_R1.fq.gz	SRR11047665_R1.fq.gz	0.135539	0	29897/1000000
ERR2784803_R1.fq.gz	SRR11047665_R1.fq.gz	0.137811	0	28464/1000000
ERR2784804_R1.fq.gz	SRR11047665_R1.fq.gz	0.167438	0	15080/1000000
ERR2784805_R1.fq.gz	SRR11047665_R1.fq.gz	0.173068	0	13376/1000000
ERR2784806_R1.fq.gz	SRR11047665_R1.fq.gz	0.224673	0	4486/1000000
ERR2784807_R1.fq.gz	SRR11047665_R1.fq.gz	0.231947	0	3848/1000000
ERR2784808_R1.fq.gz	SRR11047665_R1.fq.gz	0.0838974	0	93929/1000000
ERR2784809_R1.fq.gz	SRR11047665_R1.fq.gz	0.0855164	0	90505/1000000
ERR2784810_R1.fq.gz	SRR11047665_R1.fq.gz	0.0872867	0	86915/1000000
ERR2784811_R1.fq.gz	SRR11047665_R1.fq.gz	0.0881399	0	85240/1000000
ERR2784816_R1.fq.gz	SRR11047665_R1.fq.gz	0.08894	0	83701/1000000
ERR2784817_R1.fq.gz	SRR11047665_R1.fq.gz	0.0896576	0	82346/1000000
ERR2784818_R1.fq.gz	SRR11047665_R1.fq.gz	0.0911046	0	79685/1000000
ERR2784824_R1.fq.gz	SRR11047665_R1.fq.gz	0.0780102	0	107620/1000000
ERR2784826_R1.fq.gz	SRR11047665_R1.fq.gz	0.0814234	0	99436/1000000
ERR2784827_R1.fq.gz	SRR11047665_R1.fq.gz	0.0826801	0	96596/1000000
SRR11047625_R1.fq.gz	SRR11047665_R1.fq.gz	0.0677085	0	137178/1000000
SRR11047626_R1.fq.gz	SRR11047665_R1.fq.gz	0.0717095	0	124744/1000000
SRR11047627_R1.fq.gz	SRR11047665_R1.fq.gz	0.0979021	0	68360/1000000
SRR11047628_R1.fq.gz	SRR11047665_R1.fq.gz	0.0588262	0	170092/1000000
SRR11047629_R1.fq.gz	SRR11047665_R1.fq.gz	0.0693187	0	132015/1000000
SRR11047631_R1.fq.gz	SRR11047665_R1.fq.gz	0.0946591	0	73532/1000000
SRR11047632_R1.fq.gz	SRR11047665_R1.fq.gz	0.0744364	0	116989/1000000
SRR11047633_R1.fq.gz	SRR11047665_R1.fq.gz	0.0587225	0	170526/1000000
SRR11047634_R1.fq.gz	SRR11047665_R1.fq.gz	0.0872726	0	86943/1000000
SRR11047635_R1.fq.gz	SRR11047665_R1.fq.gz	0.0657412	0	143796/1000000
SRR11047636_R1.fq.gz	SRR11047665_R1.fq.gz	0.0795875	0	103750/1000000
SRR11047637_R1.fq.gz	SRR11047665_R1.fq.gz	0.0885903	0	84370/1000000
SRR11047639_R1.fq.gz	SRR11047665_R1.fq.gz	0.0634734	0	151875/1000000
SRR11047640_R1.fq.gz	SRR11047665_R1.fq.gz	0.0801943	0	102302/1000000
SRR11047641_R1.fq.gz	SRR11047665_R1.fq.gz	0.0731122	0	120686/1000000
SRR11047642_R1.fq.gz	SRR11047665_R1.fq.gz	0.0771978	0	109675/1000000
SRR11047643_R1.fq.gz	SRR11047665_R1.fq.gz	0.0736715	0	119109/1000000
SRR11047644_R1.fq.gz	SRR11047665_R1.fq.gz	0.0846543	0	92311/1000000
SRR11047645_R1.fq.gz	SRR11047665_R1.fq.gz	0.073407	0	119852/1000000
SRR11047647_R1.fq.gz	SRR11047665_R1.fq.gz	0.0807077	0	101094/1000000
SRR11047648_R1.fq.gz	SRR11047665_R1.fq.gz	0.0747643	0	116093/1000000
SRR11047649_R1.fq.gz	SRR11047665_R1.fq.gz	0.0802712	0	102120/1000000
SRR11047650_R1.fq.gz	SRR11047665_R1.fq.gz	0.0675228	0	137788/1000000
SRR11047651_R1.fq.gz	SRR11047665_R1.fq.gz	0.0772863	0	109449/1000000
SRR11047653_R1.fq.gz	SRR11047665_R1.fq.gz	0.0817585	0	98670/1000000
SRR11047654_R1.fq.gz	SRR11047665_R1.fq.gz	0.0760793	0	112575/1000000
SRR11047655_R1.fq.gz	SRR11047665_R1.fq.gz	0.073738	0	118923/1000000
SRR11047656_R1.fq.gz	SRR11047665_R1.fq.gz	0.0677586	0	137014/1000000
SRR11047657_R1.fq.gz	SRR11047665_R1.fq.gz	0.069701	0	130821/1000000
SRR11047658_R1.fq.gz	SRR11047665_R1.fq.gz	0.0661423	0	142418/1000000
SRR11047659_R1.fq.gz	SRR11047665_R1.fq.gz	0.0708047	0	127442/1000000
SRR11047660_R1.fq.gz	SRR11047665_R1.fq.gz	0.0840999	0	93493/1000000
SRR11047661_R1.fq.gz	SRR11047665_R1.fq.gz	0.0657123	0	143896/1000000
SRR11047662_R1.fq.gz	SRR11047665_R1.fq.gz	0.0783448	0	106786/1000000
SRR11047663_R1.fq.gz	SRR11047665_R1.fq.gz	0.0744995	0	116816/1000000
SRR11047664_R1.fq.gz	SRR11047665_R1.fq.gz	0.0661904	0	142254/1000000
SRR11047665_R1.fq.gz	SRR11047665_R1.fq.gz	0	0	1000000/1000000
SRR11047666_R1.fq.gz	SRR11047665_R1.fq.gz	0.0757123	0	113545/1000000
SRR11047667_R1.fq.gz	SRR11047665_R1.fq.gz	0.0634919	0	151807/1000000
SRR11047668_R1.fq.gz	SRR11047665_R1.fq.gz	0.0621432	0	156852/1000000
SRR11047669_R1.fq.gz	SRR11047665_R1.fq.gz	0.0764207	0	111681/1000000
SRR11047670_R1.fq.gz	SRR11047665_R1.fq.gz	0.0645199	0	148085/1000000
SRR11047671_R1.fq.gz	SRR11047665_R1.fq.gz	0.0682571	0	135394/1000000
SRR11047672_R1.fq.gz	SRR11047665_R1.fq.gz	0.0698714	0	130293/1000000
SRR11047673_R1.fq.gz	SRR11047665_R1.fq.gz	0.0707775	0	127524/1000000
ERR2784728_R1.fq.gz	SRR11047666_R1.fq.gz	0.0817343	0	98725/1000000
ERR2784729_R1.fq.gz	SRR11047666_R1.fq.gz	0.0832875	0	95255/1000000
ERR2784730_R1.fq.gz	SRR11047666_R1.fq.gz	0.085406	0	90734/1000000
ERR2784731_R1.fq.gz	SRR11047666_R1.fq.gz	0.0864698	0	88552/1000000
ERR2784741_R1.fq.gz	SRR11047666_R1.fq.gz	0.0765402	0	111370/1000000
ERR2784742_R1.fq.gz	SRR11047666_R1.fq.gz	0.0787918	0	105683/1000000
ERR2784743_R1.fq.gz	SRR11047666_R1.fq.gz	0.0796858	0	103514/1000000
ERR2784752_R1.fq.gz	SRR11047666_R1.fq.gz	0.0649127	0	146690/1000000
ERR2784753_R1.fq.gz	SRR11047666_R1.fq.gz	0.0657496	0	143767/1000000
ERR2784754_R1.fq.gz	SRR11047666_R1.fq.gz	0.0669758	0	139602/1000000
ERR2784755_R1.fq.gz	SRR11047666_R1.fq.gz	0.0678173	0	136822/1000000
ERR2784756_R1.fq.gz	SRR11047666_R1.fq.gz	0.0722571	0	123142/1000000
ERR2784757_R1.fq.gz	SRR11047666_R1.fq.gz	0.073045	0	120877/1000000
ERR2784759_R1.fq.gz	SRR11047666_R1.fq.gz	0.0751395	0	115077/1000000
ERR2784760_R1.fq.gz	SRR11047666_R1.fq.gz	0.0706512	0	127906/1000000
ERR2784761_R1.fq.gz	SRR11047666_R1.fq.gz	0.0720837	0	123647/1000000
ERR2784762_R1.fq.gz	SRR11047666_R1.fq.gz	0.074016	0	118149/1000000
ERR2784763_R1.fq.gz	SRR11047666_R1.fq.gz	0.0747658	0	116089/1000000
ERR2784780_R1.fq.gz	SRR11047666_R1.fq.gz	0.0729184	0	121238/1000000
ERR2784781_R1.fq.gz	SRR11047666_R1.fq.gz	0.0735766	0	119375/1000000
ERR2784782_R1.fq.gz	SRR11047666_R1.fq.gz	0.0750099	0	115427/1000000
ERR2784783_R1.fq.gz	SRR11047666_R1.fq.gz	0.0758583	0	113158/1000000
ERR2784796_R1.fq.gz	SRR11047666_R1.fq.gz	0.0878409	0	85823/1000000
ERR2784797_R1.fq.gz	SRR11047666_R1.fq.gz	0.0894721	0	82694/1000000
ERR2784798_R1.fq.gz	SRR11047666_R1.fq.gz	0.0922956	0	77564/1000000
ERR2784799_R1.fq.gz	SRR11047666_R1.fq.gz	0.0937746	0	75014/1000000
ERR2784800_R1.fq.gz	SRR11047666_R1.fq.gz	0.113743	0	48085/1000000
ERR2784801_R1.fq.gz	SRR11047666_R1.fq.gz	0.118413	0	43398/1000000
ERR2784802_R1.fq.gz	SRR11047666_R1.fq.gz	0.123254	0	39039/1000000
ERR2784803_R1.fq.gz	SRR11047666_R1.fq.gz	0.125863	0	36881/1000000
ERR2784804_R1.fq.gz	SRR11047666_R1.fq.gz	0.164512	0	16051/1000000
ERR2784805_R1.fq.gz	SRR11047666_R1.fq.gz	0.169977	0	14286/1000000
ERR2784806_R1.fq.gz	SRR11047666_R1.fq.gz	0.219902	0	4961/1000000
ERR2784807_R1.fq.gz	SRR11047666_R1.fq.gz	0.227279	0	4246/1000000
ERR2784808_R1.fq.gz	SRR11047666_R1.fq.gz	0.0982143	0	67883/1000000
ERR2784809_R1.fq.gz	SRR11047666_R1.fq.gz	0.100071	0	65118/1000000
ERR2784810_R1.fq.gz	SRR11047666_R1.fq.gz	0.102501	0	61678/1000000
ERR2784811_R1.fq.gz	SRR11047666_R1.fq.gz	0.103588	0	60203/1000000
ERR2784816_R1.fq.gz	SRR11047666_R1.fq.gz	0.0815228	0	99208/1000000
ERR2784817_R1.fq.gz	SRR11047666_R1.fq.gz	0.0825419	0	96904/1000000
ERR2784818_R1.fq.gz	SRR11047666_R1.fq.gz	0.0847489	0	92111/1000000
ERR2784824_R1.fq.gz	SRR11047666_R1.fq.gz	0.0645611	0	147938/1000000
ERR2784826_R1.fq.gz	SRR11047666_R1.fq.gz	0.0674933	0	137885/1000000
ERR2784827_R1.fq.gz	SRR11047666_R1.fq.gz	0.0683312	0	135155/1000000
SRR11047625_R1.fq.gz	SRR11047666_R1.fq.gz	0.0763866	0	111770/1000000
SRR11047626_R1.fq.gz	SRR11047666_R1.fq.gz	0.0669809	0	139585/1000000
SRR11047627_R1.fq.gz	SRR11047666_R1.fq.gz	0.0828034	0	96322/1000000
SRR11047628_R1.fq.gz	SRR11047666_R1.fq.gz	0.0609337	0	161539/1000000
SRR11047629_R1.fq.gz	SRR11047666_R1.fq.gz	0.0599959	0	165283/1000000
SRR11047631_R1.fq.gz	SRR11047666_R1.fq.gz	0.0820101	0	98099/1000000
SRR11047632_R1.fq.gz	SRR11047666_R1.fq.gz	0.0716332	0	124969/1000000
SRR11047633_R1.fq.gz	SRR11047666_R1.fq.gz	0.058777	0	170298/1000000
SRR11047634_R1.fq.gz	SRR11047666_R1.fq.gz	0.0810277	0	100349/1000000
SRR11047635_R1.fq.gz	SRR11047666_R1.fq.gz	0.0636445	0	151248/1000000
SRR11047636_R1.fq.gz	SRR11047666_R1.fq.gz	0.0820424	0	98026/1000000
SRR11047637_R1.fq.gz	SRR11047666_R1.fq.gz	0.0754218	0	114319/1000000
SRR11047639_R1.fq.gz	SRR11047666_R1.fq.gz	0.0583087	0	172271/1000000
SRR11047640_R1.fq.gz	SRR11047666_R1.fq.gz	0.101169	0	63540/1000000
SRR11047641_R1.fq.gz	SRR11047666_R1.fq.gz	0.0631366	0	153118/1000000
SRR11047642_R1.fq.gz	SRR11047666_R1.fq.gz	0.0705053	0	128349/1000000
SRR11047643_R1.fq.gz	SRR11047666_R1.fq.gz	0.0677329	0	137098/1000000
SRR11047644_R1.fq.gz	SRR11047666_R1.fq.gz	0.0982676	0	67802/1000000
SRR11047645_R1.fq.gz	SRR11047666_R1.fq.gz	0.0637354	0	150916/1000000
SRR11047647_R1.fq.gz	SRR11047666_R1.fq.gz	0.0663807	0	141606/1000000
SRR11047648_R1.fq.gz	SRR11047666_R1.fq.gz	0.0783481	0	106778/1000000
SRR11047649_R1.fq.gz	SRR11047666_R1.fq.gz	0.0697868	0	130555/1000000
SRR11047650_R1.fq.gz	SRR11047666_R1.fq.gz	0.0638939	0	150339/1000000
SRR11047651_R1.fq.gz	SRR11047666_R1.fq.gz	0.0689196	0	133274/1000000
SRR11047653_R1.fq.gz	SRR11047666_R1.fq.gz	0.0731979	0	120443/1000000
SRR11047654_R1.fq.gz	SRR11047666_R1.fq.gz	0.0752157	0	114872/1000000
SRR11047655_R1.fq.gz	SRR11047666_R1.fq.gz	0.0686789	0	134040/1000000
SRR11047656_R1.fq.gz	SRR11047666_R1.fq.gz	0.0712782	0	126022/1000000
SRR11047657_R1.fq.gz	SRR11047666_R1.fq.gz	0.0690475	0	132869/1000000
SRR11047658_R1.fq.gz	SRR11047666_R1.fq.gz	0.0645134	0	148108/1000000
SRR11047659_R1.fq.gz	SRR11047666_R1.fq.gz	0.0612913	0	160137/1000000
SRR11047660_R1.fq.gz	SRR11047666_R1.fq.gz	0.0673394	0	138393/1000000
SRR11047661_R1.fq.gz	SRR11047666_R1.fq.gz	0.0706489	0	127913/1000000
SRR11047662_R1.fq.gz	SRR11047666_R1.fq.gz	0.0690206	0	132954/1000000
SRR11047663_R1.fq.gz	SRR11047666_R1.fq.gz	0.0690383	0	132898/1000000
SRR11047664_R1.fq.gz	SRR11047666_R1.fq.gz	0.0631361	0	153120/1000000
SRR11047665_R1.fq.gz	SRR11047666_R1.fq.gz	0.0757123	0	113545/1000000
SRR11047666_R1.fq.gz	SRR11047666_R1.fq.gz	0	0	1000000/1000000
SRR11047667_R1.fq.gz	SRR11047666_R1.fq.gz	0.0714548	0	125497/1000000
SRR11047668_R1.fq.gz	SRR11047666_R1.fq.gz	0.0694914	0	131474/1000000
SRR11047669_R1.fq.gz	SRR11047666_R1.fq.gz	0.0669468	0	139699/1000000
SRR11047670_R1.fq.gz	SRR11047666_R1.fq.gz	0.0750036	0	115444/1000000
SRR11047671_R1.fq.gz	SRR11047666_R1.fq.gz	0.0677516	0	137037/1000000
SRR11047672_R1.fq.gz	SRR11047666_R1.fq.gz	0.0618094	0	158130/1000000
SRR11047673_R1.fq.gz	SRR11047666_R1.fq.gz	0.0795239	0	103903/1000000
ERR2784728_R1.fq.gz	SRR11047667_R1.fq.gz	0.0894019	0	82826/1000000
ERR2784729_R1.fq.gz	SRR11047667_R1.fq.gz	0.090875	0	80101/1000000
ERR2784730_R1.fq.gz	SRR11047667_R1.fq.gz	0.0930575	0	76239/1000000
ERR2784731_R1.fq.gz	SRR11047667_R1.fq.gz	0.0938858	0	74826/1000000
ERR2784741_R1.fq.gz	SRR11047667_R1.fq.gz	0.0769089	0	110416/1000000
ERR2784742_R1.fq.gz	SRR11047667_R1.fq.gz	0.0785363	0	106312/1000000
ERR2784743_R1.fq.gz	SRR11047667_R1.fq.gz	0.0791668	0	104767/1000000
ERR2784752_R1.fq.gz	SRR11047667_R1.fq.gz	0.0696216	0	131068/1000000
ERR2784753_R1.fq.gz	SRR11047667_R1.fq.gz	0.070336	0	128865/1000000
ERR2784754_R1.fq.gz	SRR11047667_R1.fq.gz	0.0717299	0	124684/1000000
ERR2784755_R1.fq.gz	SRR11047667_R1.fq.gz	0.072491	0	122465/1000000
ERR2784756_R1.fq.gz	SRR11047667_R1.fq.gz	0.0784142	0	106614/1000000
ERR2784757_R1.fq.gz	SRR11047667_R1.fq.gz	0.0793909	0	104224/1000000
ERR2784759_R1.fq.gz	SRR11047667_R1.fq.gz	0.0816103	0	99008/1000000
ERR2784760_R1.fq.gz	SRR11047667_R1.fq.gz	0.077786	0	108183/1000000
ERR2784761_R1.fq.gz	SRR11047667_R1.fq.gz	0.0787946	0	105676/1000000
ERR2784762_R1.fq.gz	SRR11047667_R1.fq.gz	0.0804506	0	101697/1000000
ERR2784763_R1.fq.gz	SRR11047667_R1.fq.gz	0.0811201	0	100135/1000000
ERR2784780_R1.fq.gz	SRR11047667_R1.fq.gz	0.0867385	0	88010/1000000
ERR2784781_R1.fq.gz	SRR11047667_R1.fq.gz	0.0870856	0	87315/1000000
ERR2784782_R1.fq.gz	SRR11047667_R1.fq.gz	0.088409	0	84719/1000000
ERR2784783_R1.fq.gz	SRR11047667_R1.fq.gz	0.0889815	0	83622/1000000
ERR2784796_R1.fq.gz	SRR11047667_R1.fq.gz	0.0918654	0	78323/1000000
ERR2784797_R1.fq.gz	SRR11047667_R1.fq.gz	0.0929752	0	76381/1000000
ERR2784798_R1.fq.gz	SRR11047667_R1.fq.gz	0.0956845	0	71853/1000000
ERR2784799_R1.fq.gz	SRR11047667_R1.fq.gz	0.0968482	0	69997/1000000
ERR2784800_R1.fq.gz	SRR11047667_R1.fq.gz	0.120123	0	41803/1000000
ERR2784801_R1.fq.gz	SRR11047667_R1.fq.gz	0.124855	0	37700/1000000
ERR2784802_R1.fq.gz	SRR11047667_R1.fq.gz	0.130315	0	33479/1000000
ERR2784803_R1.fq.gz	SRR11047667_R1.fq.gz	0.133038	0	31560/1000000
ERR2784804_R1.fq.gz	SRR11047667_R1.fq.gz	0.174369	0	13011/1000000
ERR2784805_R1.fq.gz	SRR11047667_R1.fq.gz	0.180221	0	11489/1000000
ERR2784806_R1.fq.gz	SRR11047667_R1.fq.gz	0.231347	0	3897/1000000
ERR2784807_R1.fq.gz	SRR11047667_R1.fq.gz	0.238623	0	3343/1000000
ERR2784808_R1.fq.gz	SRR11047667_R1.fq.gz	0.106444	0	56500/1000000
ERR2784809_R1.fq.gz	SRR11047667_R1.fq.gz	0.108976	0	53418/1000000
ERR2784810_R1.fq.gz	SRR11047667_R1.fq.gz	0.112149	0	49803/1000000
ERR2784811_R1.fq.gz	SRR11047667_R1.fq.gz	0.113401	0	48448/1000000
ERR2784816_R1.fq.gz	SRR11047667_R1.fq.gz	0.0916086	0	78780/1000000
ERR2784817_R1.fq.gz	SRR11047667_R1.fq.gz	0.0925964	0	77038/1000000
ERR2784818_R1.fq.gz	SRR11047667_R1.fq.gz	0.0950531	0	72882/1000000
ERR2784824_R1.fq.gz	SRR11047667_R1.fq.gz	0.0822322	0	97598/1000000
ERR2784826_R1.fq.gz	SRR11047667_R1.fq.gz	0.0858643	0	89787/1000000
ERR2784827_R1.fq.gz	SRR11047667_R1.fq.gz	0.086871	0	87744/1000000
SRR11047625_R1.fq.gz	SRR11047667_R1.fq.gz	0.0711004	0	126553/1000000
SRR11047626_R1.fq.gz	SRR11047667_R1.fq.gz	0.0705859	0	128104/1000000
SRR11047627_R1.fq.gz	SRR11047667_R1.fq.gz	0.0975806	0	68855/1000000
SRR11047628_R1.fq.gz	SRR11047667_R1.fq.gz	0.0619102	0	157743/1000000
SRR11047629_R1.fq.gz	SRR11047667_R1.fq.gz	0.0684067	0	134912/1000000
SRR11047631_R1.fq.gz	SRR11047667_R1.fq.gz	0.0928549	0	76589/1000000
SRR11047632_R1.fq.gz	SRR11047667_R1.fq.gz	0.0740438	0	118072/1000000
SRR11047633_R1.fq.gz	SRR11047667_R1.fq.gz	0.0650653	0	146152/1000000
SRR11047634_R1.fq.gz	SRR11047667_R1.fq.gz	0.0846397	0	92342/1000000
SRR11047635_R1.fq.gz	SRR11047667_R1.fq.gz	0.0644094	0	148480/1000000
SRR11047636_R1.fq.gz	SRR11047667_R1.fq.gz	0.0780694	0	107472/1000000
SRR11047637_R1.fq.gz	SRR11047667_R1.fq.gz	0.0835798	0	94617/1000000
SRR11047639_R1.fq.gz	SRR11047667_R1.fq.gz	0.0649251	0	146646/1000000
SRR11047640_R1.fq.gz	SRR11047667_R1.fq.gz	0.0937074	0	75128/1000000
SRR11047641_R1.fq.gz	SRR11047667_R1.fq.gz	0.0742289	0	117560/1000000
SRR11047642_R1.fq.gz	SRR11047667_R1.fq.gz	0.082418	0	97181/1000000
SRR11047643_R1.fq.gz	SRR11047667_R1.fq.gz	0.078606	0	106140/1000000
SRR11047644_R1.fq.gz	SRR11047667_R1.fq.gz	0.0985831	0	67324/1000000
SRR11047645_R1.fq.gz	SRR11047667_R1.fq.gz	0.0687112	0	133937/1000000
SRR11047647_R1.fq.gz	SRR11047667_R1.fq.gz	0.0692321	0	132287/1000000
SRR11047648_R1.fq.gz	SRR11047667_R1.fq.gz	0.0636913	0	151077/1000000
SRR11047649_R1.fq.gz	SRR11047667_R1.fq.gz	0.0703026	0	128967/1000000
SRR11047650_R1.fq.gz	SRR11047667_R1.fq.gz	0.0707067	0	127738/1000000
SRR11047651_R1.fq.gz	SRR11047667_R1.fq.gz	0.0659593	0	143045/1000000
SRR11047653_R1.fq.gz	SRR11047667_R1.fq.gz	0.0790329	0	105093/1000000
SRR11047654_R1.fq.gz	SRR11047667_R1.fq.gz	0.0697913	0	130541/1000000
SRR11047655_R1.fq.gz	SRR11047667_R1.fq.gz	0.077608	0	108632/1000000
SRR11047656_R1.fq.gz	SRR11047667_R1.fq.gz	0.0705787	0	128126/1000000
SRR11047657_R1.fq.gz	SRR11047667_R1.fq.gz	0.0764084	0	111713/1000000
SRR11047658_R1.fq.gz	SRR11047667_R1.fq.gz	0.0650761	0	146114/1000000
SRR11047659_R1.fq.gz	SRR11047667_R1.fq.gz	0.0650454	0	146222/1000000
SRR11047660_R1.fq.gz	SRR11047667_R1.fq.gz	0.0772381	0	109572/1000000
SRR11047661_R1.fq.gz	SRR11047667_R1.fq.gz	0.0636768	0	151130/1000000
SRR11047662_R1.fq.gz	SRR11047667_R1.fq.gz	0.0787002	0	105908/1000000
SRR11047663_R1.fq.gz	SRR11047667_R1.fq.gz	0.0770989	0	109928/1000000
SRR11047664_R1.fq.gz	SRR11047667_R1.fq.gz	0.0687648	0	133766/1000000
SRR11047665_R1.fq.gz	SRR11047667_R1.fq.gz	0.0634919	0	151807/1000000
SRR11047666_R1.fq.gz	SRR11047667_R1.fq.gz	0.0714548	0	125497/1000000
SRR11047667_R1.fq.gz	SRR11047667_R1.fq.gz	0	0	1000000/1000000
SRR11047668_R1.fq.gz	SRR11047667_R1.fq.gz	0.0697839	0	130564/1000000
SRR11047669_R1.fq.gz	SRR11047667_R1.fq.gz	0.0731404	0	120606/1000000
SRR11047670_R1.fq.gz	SRR11047667_R1.fq.gz	0.0674096	0	138161/1000000
SRR11047671_R1.fq.gz	SRR11047667_R1.fq.gz	0.0662153	0	142169/1000000
SRR11047672_R1.fq.gz	SRR11047667_R1.fq.gz	0.0780842	0	107435/1000000
SRR11047673_R1.fq.gz	SRR11047667_R1.fq.gz	0.0781904	0	107170/1000000
ERR2784728_R1.fq.gz	SRR11047668_R1.fq.gz	0.0901992	0	81339/1000000
ERR2784729_R1.fq.gz	SRR11047668_R1.fq.gz	0.0921483	0	77823/1000000
ERR2784730_R1.fq.gz	SRR11047668_R1.fq.gz	0.095325	0	72437/1000000
ERR2784731_R1.fq.gz	SRR11047668_R1.fq.gz	0.0964873	0	70567/1000000
ERR2784741_R1.fq.gz	SRR11047668_R1.fq.gz	0.0725947	0	122166/1000000
ERR2784742_R1.fq.gz	SRR11047668_R1.fq.gz	0.0740679	0	118005/1000000
ERR2784743_R1.fq.gz	SRR11047668_R1.fq.gz	0.0751871	0	114949/1000000
ERR2784752_R1.fq.gz	SRR11047668_R1.fq.gz	0.0719489	0	124041/1000000
ERR2784753_R1.fq.gz	SRR11047668_R1.fq.gz	0.0729023	0	121284/1000000
ERR2784754_R1.fq.gz	SRR11047668_R1.fq.gz	0.0745411	0	116702/1000000
ERR2784755_R1.fq.gz	SRR11047668_R1.fq.gz	0.0752153	0	114873/1000000
ERR2784756_R1.fq.gz	SRR11047668_R1.fq.gz	0.0762302	0	112179/1000000
ERR2784757_R1.fq.gz	SRR11047668_R1.fq.gz	0.0776848	0	108438/1000000
ERR2784759_R1.fq.gz	SRR11047668_R1.fq.gz	0.0813394	0	99629/1000000
ERR2784760_R1.fq.gz	SRR11047668_R1.fq.gz	0.0830055	0	95875/1000000
ERR2784761_R1.fq.gz	SRR11047668_R1.fq.gz	0.0844461	0	92753/1000000
ERR2784762_R1.fq.gz	SRR11047668_R1.fq.gz	0.0865509	0	88388/1000000
ERR2784763_R1.fq.gz	SRR11047668_R1.fq.gz	0.0874549	0	86582/1000000
ERR2784780_R1.fq.gz	SRR11047668_R1.fq.gz	0.0823492	0	97335/1000000
ERR2784781_R1.fq.gz	SRR11047668_R1.fq.gz	0.0833629	0	95090/1000000
ERR2784782_R1.fq.gz	SRR11047668_R1.fq.gz	0.0854566	0	90629/1000000
ERR2784783_R1.fq.gz	SRR11047668_R1.fq.gz	0.0863199	0	88856/1000000
ERR2784796_R1.fq.gz	SRR11047668_R1.fq.gz	0.0956054	0	71981/1000000
ERR2784797_R1.fq.gz	SRR11047668_R1.fq.gz	0.0971314	0	69553/1000000
ERR2784798_R1.fq.gz	SRR11047668_R1.fq.gz	0.100258	0	64847/1000000
ERR2784799_R1.fq.gz	SRR11047668_R1.fq.gz	0.101666	0	62838/1000000
ERR2784800_R1.fq.gz	SRR11047668_R1.fq.gz	0.122329	0	39836/1000000
ERR2784801_R1.fq.gz	SRR11047668_R1.fq.gz	0.127567	0	35539/1000000
ERR2784802_R1.fq.gz	SRR11047668_R1.fq.gz	0.133046	0	31554/1000000
ERR2784803_R1.fq.gz	SRR11047668_R1.fq.gz	0.135936	0	29641/1000000
ERR2784804_R1.fq.gz	SRR11047668_R1.fq.gz	0.175369	0	12737/1000000
ERR2784805_R1.fq.gz	SRR11047668_R1.fq.gz	0.181737	0	11125/1000000
ERR2784806_R1.fq.gz	SRR11047668_R1.fq.gz	0.235253	0	3589/1000000
ERR2784807_R1.fq.gz	SRR11047668_R1.fq.gz	0.240995	0	3180/1000000
ERR2784808_R1.fq.gz	SRR11047668_R1.fq.gz	0.0971698	0	69493/1000000
ERR2784809_R1.fq.gz	SRR11047668_R1.fq.gz	0.0989612	0	66756/1000000
ERR2784810_R1.fq.gz	SRR11047668_R1.fq.gz	0.101465	0	63121/1000000
ERR2784811_R1.fq.gz	SRR11047668_R1.fq.gz	0.10265	0	61474/1000000
ERR2784816_R1.fq.gz	SRR11047668_R1.fq.gz	0.0823925	0	97238/1000000
ERR2784817_R1.fq.gz	SRR11047668_R1.fq.gz	0.08356	0	94660/1000000
ERR2784818_R1.fq.gz	SRR11047668_R1.fq.gz	0.0857118	0	90101/1000000
ERR2784824_R1.fq.gz	SRR11047668_R1.fq.gz	0.0787975	0	105669/1000000
ERR2784826_R1.fq.gz	SRR11047668_R1.fq.gz	0.0820791	0	97943/1000000
ERR2784827_R1.fq.gz	SRR11047668_R1.fq.gz	0.0831304	0	95600/1000000
SRR11047625_R1.fq.gz	SRR11047668_R1.fq.gz	0.0717024	0	124765/1000000
SRR11047626_R1.fq.gz	SRR11047668_R1.fq.gz	0.0667609	0	140322/1000000
SRR11047627_R1.fq.gz	SRR11047668_R1.fq.gz	0.0908002	0	80237/1000000
SRR11047628_R1.fq.gz	SRR11047668_R1.fq.gz	0.0634524	0	151952/1000000
SRR11047629_R1.fq.gz	SRR11047668_R1.fq.gz	0.0631253	0	153160/1000000
SRR11047631_R1.fq.gz	SRR11047668_R1.fq.gz	0.0798098	0	103217/1000000
SRR11047632_R1.fq.gz	SRR11047668_R1.fq.gz	0.0710694	0	126646/1000000
SRR11047633_R1.fq.gz	SRR11047668_R1.fq.gz	0.0603991	0	163661/1000000
SRR11047634_R1.fq.gz	SRR11047668_R1.fq.gz	0.0760991	0	112523/1000000
SRR11047635_R1.fq.gz	SRR11047668_R1.fq.gz	0.0647252	0	147354/1000000
SRR11047636_R1.fq.gz	SRR11047668_R1.fq.gz	0.078686	0	105943/1000000
SRR11047637_R1.fq.gz	SRR11047668_R1.fq.gz	0.0778874	0	107928/1000000
SRR11047639_R1.fq.gz	SRR11047668_R1.fq.gz	0.0627148	0	154691/1000000
SRR11047640_R1.fq.gz	SRR11047668_R1.fq.gz	0.0848764	0	91842/1000000
SRR11047641_R1.fq.gz	SRR11047668_R1.fq.gz	0.0687391	0	133848/1000000
SRR11047642_R1.fq.gz	SRR11047668_R1.fq.gz	0.071912	0	124149/1000000
SRR11047643_R1.fq.gz	SRR11047668_R1.fq.gz	0.0776817	0	108446/1000000
SRR11047644_R1.fq.gz	SRR11047668_R1.fq.gz	0.104285	0	59276/1000000
SRR11047645_R1.fq.gz	SRR11047668_R1.fq.gz	0.0677262	0	137120/1000000
SRR11047647_R1.fq.gz	SRR11047668_R1.fq.gz	0.0717836	0	124526/1000000
SRR11047648_R1.fq.gz	SRR11047668_R1.fq.gz	0.0733085	0	120130/1000000
SRR11047649_R1.fq.gz	SRR11047668_R1.fq.gz	0.0779987	0	107649/1000000
SRR11047650_R1.fq.gz	SRR11047668_R1.fq.gz	0.070201	0	129278/1000000
SRR11047651_R1.fq.gz	SRR11047668_R1.fq.gz	0.0708484	0	127310/1000000
SRR11047653_R1.fq.gz	SRR11047668_R1.fq.gz	0.0793648	0	104287/1000000
SRR11047654_R1.fq.gz	SRR11047668_R1.fq.gz	0.0760896	0	112548/1000000
SRR11047655_R1.fq.gz	SRR11047668_R1.fq.gz	0.0729552	0	121133/1000000
SRR11047656_R1.fq.gz	SRR11047668_R1.fq.gz	0.0725027	0	122431/1000000
SRR11047657_R1.fq.gz	SRR11047668_R1.fq.gz	0.0652063	0	145657/1000000
SRR11047658_R1.fq.gz	SRR11047668_R1.fq.gz	0.0676317	0	137430/1000000
SRR11047659_R1.fq.gz	SRR11047668_R1.fq.gz	0.0658633	0	143375/1000000
SRR11047660_R1.fq.gz	SRR11047668_R1.fq.gz	0.0769233	0	110379/1000000
SRR11047661_R1.fq.gz	SRR11047668_R1.fq.gz	0.0706773	0	127827/1000000
SRR11047662_R1.fq.gz	SRR11047668_R1.fq.gz	0.0699556	0	130033/1000000
SRR11047663_R1.fq.gz	SRR11047668_R1.fq.gz	0.0747985	0	116000/1000000
SRR11047664_R1.fq.gz	SRR11047668_R1.fq.gz	0.0643182	0	148807/1000000
SRR11047665_R1.fq.gz	SRR11047668_R1.fq.gz	0.0621432	0	156852/1000000
SRR11047666_R1.fq.gz	SRR11047668_R1.fq.gz	0.0694914	0	131474/1000000
SRR11047667_R1.fq.gz	SRR11047668_R1.fq.gz	0.0697839	0	130564/1000000
SRR11047668_R1.fq.gz	SRR11047668_R1.fq.gz	0	0	1000000/1000000
SRR11047669_R1.fq.gz	SRR11047668_R1.fq.gz	0.0673068	0	138501/1000000
SRR11047670_R1.fq.gz	SRR11047668_R1.fq.gz	0.0729748	0	121077/1000000
SRR11047671_R1.fq.gz	SRR11047668_R1.fq.gz	0.071006	0	126836/1000000
SRR11047672_R1.fq.gz	SRR11047668_R1.fq.gz	0.0700649	0	129696/1000000
SRR11047673_R1.fq.gz	SRR11047668_R1.fq.gz	0.0753598	0	114485/1000000
ERR2784728_R1.fq.gz	SRR11047669_R1.fq.gz	0.0764817	0	111522/1000000
ERR2784729_R1.fq.gz	SRR11047669_R1.fq.gz	0.0781407	0	107294/1000000
ERR2784730_R1.fq.gz	SRR11047669_R1.fq.gz	0.0804586	0	101678/1000000
ERR2784731_R1.fq.gz	SRR11047669_R1.fq.gz	0.0813394	0	99629/1000000
ERR2784741_R1.fq.gz	SRR11047669_R1.fq.gz	0.0699351	0	130096/1000000
ERR2784742_R1.fq.gz	SRR11047669_R1.fq.gz	0.0724349	0	122627/1000000
ERR2784743_R1.fq.gz	SRR11047669_R1.fq.gz	0.0737076	0	119008/1000000
ERR2784752_R1.fq.gz	SRR11047669_R1.fq.gz	0.069254	0	132218/1000000
ERR2784753_R1.fq.gz	SRR11047669_R1.fq.gz	0.0702457	0	129141/1000000
ERR2784754_R1.fq.gz	SRR11047669_R1.fq.gz	0.0718878	0	124220/1000000
ERR2784755_R1.fq.gz	SRR11047669_R1.fq.gz	0.0728592	0	121407/1000000
ERR2784756_R1.fq.gz	SRR11047669_R1.fq.gz	0.0738804	0	118526/1000000
ERR2784757_R1.fq.gz	SRR11047669_R1.fq.gz	0.075349	0	114514/1000000
ERR2784759_R1.fq.gz	SRR11047669_R1.fq.gz	0.078514	0	106367/1000000
ERR2784760_R1.fq.gz	SRR11047669_R1.fq.gz	0.0792397	0	104590/1000000
ERR2784761_R1.fq.gz	SRR11047669_R1.fq.gz	0.0801748	0	102348/1000000
ERR2784762_R1.fq.gz	SRR11047669_R1.fq.gz	0.081879	0	98396/1000000
ERR2784763_R1.fq.gz	SRR11047669_R1.fq.gz	0.0826724	0	96613/1000000
ERR2784780_R1.fq.gz	SRR11047669_R1.fq.gz	0.068121	0	135834/1000000
ERR2784781_R1.fq.gz	SRR11047669_R1.fq.gz	0.0691397	0	132578/1000000
ERR2784782_R1.fq.gz	SRR11047669_R1.fq.gz	0.070999	0	126857/1000000
ERR2784783_R1.fq.gz	SRR11047669_R1.fq.gz	0.0718973	0	124192/1000000
ERR2784796_R1.fq.gz	SRR11047669_R1.fq.gz	0.0861235	0	89256/1000000
ERR2784797_R1.fq.gz	SRR11047669_R1.fq.gz	0.0880864	0	85344/1000000
ERR2784798_R1.fq.gz	SRR11047669_R1.fq.gz	0.091524	0	78931/1000000
ERR2784799_R1.fq.gz	SRR11047669_R1.fq.gz	0.0931935	0	76005/1000000
ERR2784800_R1.fq.gz	SRR11047669_R1.fq.gz	0.114766	0	47015/1000000
ERR2784801_R1.fq.gz	SRR11047669_R1.fq.gz	0.119978	0	41936/1000000
ERR2784802_R1.fq.gz	SRR11047669_R1.fq.gz	0.125029	0	37557/1000000
ERR2784803_R1.fq.gz	SRR11047669_R1.fq.gz	0.12807	0	35152/1000000
ERR2784804_R1.fq.gz	SRR11047669_R1.fq.gz	0.164785	0	15958/1000000
ERR2784805_R1.fq.gz	SRR11047669_R1.fq.gz	0.172033	0	13674/1000000
ERR2784806_R1.fq.gz	SRR11047669_R1.fq.gz	0.228102	0	4173/1000000
ERR2784807_R1.fq.gz	SRR11047669_R1.fq.gz	0.23413	0	3675/1000000
ERR2784808_R1.fq.gz	SRR11047669_R1.fq.gz	0.0890156	0	83557/1000000
ERR2784809_R1.fq.gz	SRR11047669_R1.fq.gz	0.0903755	0	81014/1000000
ERR2784810_R1.fq.gz	SRR11047669_R1.fq.gz	0.0920746	0	77953/1000000
ERR2784811_R1.fq.gz	SRR11047669_R1.fq.gz	0.0929167	0	76482/1000000
ERR2784816_R1.fq.gz	SRR11047669_R1.fq.gz	0.0775966	0	108661/1000000
ERR2784817_R1.fq.gz	SRR11047669_R1.fq.gz	0.0787824	0	105706/1000000
ERR2784818_R1.fq.gz	SRR11047669_R1.fq.gz	0.080979	0	100462/1000000
ERR2784824_R1.fq.gz	SRR11047669_R1.fq.gz	0.0672462	0	138702/1000000
ERR2784826_R1.fq.gz	SRR11047669_R1.fq.gz	0.0698342	0	130408/1000000
ERR2784827_R1.fq.gz	SRR11047669_R1.fq.gz	0.0706713	0	127845/1000000
SRR11047625_R1.fq.gz	SRR11047669_R1.fq.gz	0.06962	0	131073/1000000
SRR11047626_R1.fq.gz	SRR11047669_R1.fq.gz	0.0685163	0	134560/1000000
SRR11047627_R1.fq.gz	SRR11047669_R1.fq.gz	0.0811642	0	100033/1000000
SRR11047628_R1.fq.gz	SRR11047669_R1.fq.gz	0.065367	0	145095/1000000
SRR11047629_R1.fq.gz	SRR11047669_R1.fq.gz	0.0585652	0	171187/1000000
SRR11047631_R1.fq.gz	SRR11047669_R1.fq.gz	0.0759351	0	112955/1000000
SRR11047632_R1.fq.gz	SRR11047669_R1.fq.gz	0.0628494	0	154187/1000000
SRR11047633_R1.fq.gz	SRR11047669_R1.fq.gz	0.061123	0	160795/1000000
SRR11047634_R1.fq.gz	SRR11047669_R1.fq.gz	0.0704451	0	128532/1000000
SRR11047635_R1.fq.gz	SRR11047669_R1.fq.gz	0.0678989	0	136556/1000000
SRR11047636_R1.fq.gz	SRR11047669_R1.fq.gz	0.0763755	0	111799/1000000
SRR11047637_R1.fq.gz	SRR11047669_R1.fq.gz	0.0657183	0	143875/1000000
SRR11047639_R1.fq.gz	SRR11047669_R1.fq.gz	0.0566469	0	179487/1000000
SRR11047640_R1.fq.gz	SRR11047669_R1.fq.gz	0.0920508	0	77995/1000000
SRR11047641_R1.fq.gz	SRR11047669_R1.fq.gz	0.0602019	0	164452/1000000
SRR11047642_R1.fq.gz	SRR11047669_R1.fq.gz	0.058767	0	170340/1000000
SRR11047643_R1.fq.gz	SRR11047669_R1.fq.gz	0.0726235	0	122083/1000000
SRR11047644_R1.fq.gz	SRR11047669_R1.fq.gz	0.109382	0	52941/1000000
SRR11047645_R1.fq.gz	SRR11047669_R1.fq.gz	0.0591013	0	168947/1000000
SRR11047647_R1.fq.gz	SRR11047669_R1.fq.gz	0.0624344	0	155747/1000000
SRR11047648_R1.fq.gz	SRR11047669_R1.fq.gz	0.0805399	0	101487/1000000
SRR11047649_R1.fq.gz	SRR11047669_R1.fq.gz	0.0694841	0	131497/1000000
SRR11047650_R1.fq.gz	SRR11047669_R1.fq.gz	0.0629309	0	153883/1000000
SRR11047651_R1.fq.gz	SRR11047669_R1.fq.gz	0.0639543	0	150120/1000000
SRR11047653_R1.fq.gz	SRR11047669_R1.fq.gz	0.0808629	0	100732/1000000
SRR11047654_R1.fq.gz	SRR11047669_R1.fq.gz	0.075292	0	114667/1000000
SRR11047655_R1.fq.gz	SRR11047669_R1.fq.gz	0.0685241	0	134535/1000000
SRR11047656_R1.fq.gz	SRR11047669_R1.fq.gz	0.0712035	0	126245/1000000
SRR11047657_R1.fq.gz	SRR11047669_R1.fq.gz	0.0614706	0	159439/1000000
SRR11047658_R1.fq.gz	SRR11047669_R1.fq.gz	0.0605701	0	162979/1000000
SRR11047659_R1.fq.gz	SRR11047669_R1.fq.gz	0.0735033	0	119581/1000000
SRR11047660_R1.fq.gz	SRR11047669_R1.fq.gz	0.0739375	0	118367/1000000
SRR11047661_R1.fq.gz	SRR11047669_R1.fq.gz	0.0756558	0	113695/1000000
SRR11047662_R1.fq.gz	SRR11047669_R1.fq.gz	0.0584789	0	171551/1000000
SRR11047663_R1.fq.gz	SRR11047669_R1.fq.gz	0.0747592	0	116107/1000000
SRR11047664_R1.fq.gz	SRR11047669_R1.fq.gz	0.0692181	0	132331/1000000
SRR11047665_R1.fq.gz	SRR11047669_R1.fq.gz	0.0764207	0	111681/1000000
SRR11047666_R1.fq.gz	SRR11047669_R1.fq.gz	0.0669468	0	139699/1000000
SRR11047667_R1.fq.gz	SRR11047669_R1.fq.gz	0.0731404	0	120606/1000000
SRR11047668_R1.fq.gz	SRR11047669_R1.fq.gz	0.0673068	0	138501/1000000
SRR11047669_R1.fq.gz	SRR11047669_R1.fq.gz	0	0	1000000/1000000
SRR11047670_R1.fq.gz	SRR11047669_R1.fq.gz	0.0820446	0	98021/1000000
SRR11047671_R1.fq.gz	SRR11047669_R1.fq.gz	0.0741644	0	117738/1000000
SRR11047672_R1.fq.gz	SRR11047669_R1.fq.gz	0.0619112	0	157739/1000000
SRR11047673_R1.fq.gz	SRR11047669_R1.fq.gz	0.0777328	0	108317/1000000
ERR2784728_R1.fq.gz	SRR11047670_R1.fq.gz	0.086879	0	87728/1000000
ERR2784729_R1.fq.gz	SRR11047670_R1.fq.gz	0.0888817	0	83812/1000000
ERR2784730_R1.fq.gz	SRR11047670_R1.fq.gz	0.0916439	0	78717/1000000
ERR2784731_R1.fq.gz	SRR11047670_R1.fq.gz	0.0930825	0	76196/1000000
ERR2784741_R1.fq.gz	SRR11047670_R1.fq.gz	0.0747294	0	116188/1000000
ERR2784742_R1.fq.gz	SRR11047670_R1.fq.gz	0.0764326	0	111650/1000000
ERR2784743_R1.fq.gz	SRR11047670_R1.fq.gz	0.0773103	0	109388/1000000
ERR2784752_R1.fq.gz	SRR11047670_R1.fq.gz	0.0678504	0	136714/1000000
ERR2784753_R1.fq.gz	SRR11047670_R1.fq.gz	0.0690285	0	132929/1000000
ERR2784754_R1.fq.gz	SRR11047670_R1.fq.gz	0.0709757	0	126927/1000000
ERR2784755_R1.fq.gz	SRR11047670_R1.fq.gz	0.071755	0	124610/1000000
ERR2784756_R1.fq.gz	SRR11047670_R1.fq.gz	0.0766326	0	111130/1000000
ERR2784757_R1.fq.gz	SRR11047670_R1.fq.gz	0.0777407	0	108297/1000000
ERR2784759_R1.fq.gz	SRR11047670_R1.fq.gz	0.0800779	0	102578/1000000
ERR2784760_R1.fq.gz	SRR11047670_R1.fq.gz	0.0868246	0	87837/1000000
ERR2784761_R1.fq.gz	SRR11047670_R1.fq.gz	0.0886882	0	84182/1000000
ERR2784762_R1.fq.gz	SRR11047670_R1.fq.gz	0.0911312	0	79637/1000000
ERR2784763_R1.fq.gz	SRR11047670_R1.fq.gz	0.0922848	0	77583/1000000
ERR2784780_R1.fq.gz	SRR11047670_R1.fq.gz	0.0819262	0	98289/1000000
ERR2784781_R1.fq.gz	SRR11047670_R1.fq.gz	0.0828273	0	96269/1000000
ERR2784782_R1.fq.gz	SRR11047670_R1.fq.gz	0.0847323	0	92146/1000000
ERR2784783_R1.fq.gz	SRR11047670_R1.fq.gz	0.0856502	0	90228/1000000
ERR2784796_R1.fq.gz	SRR11047670_R1.fq.gz	0.101429	0	63172/1000000
ERR2784797_R1.fq.gz	SRR11047670_R1.fq.gz	0.102568	0	61586/1000000
ERR2784798_R1.fq.gz	SRR11047670_R1.fq.gz	0.105688	0	57457/1000000
ERR2784799_R1.fq.gz	SRR11047670_R1.fq.gz	0.107108	0	55674/1000000
ERR2784800_R1.fq.gz	SRR11047670_R1.fq.gz	0.119393	0	42477/1000000
ERR2784801_R1.fq.gz	SRR11047670_R1.fq.gz	0.124554	0	37948/1000000
ERR2784802_R1.fq.gz	SRR11047670_R1.fq.gz	0.129847	0	33821/1000000
ERR2784803_R1.fq.gz	SRR11047670_R1.fq.gz	0.132409	0	31993/1000000
ERR2784804_R1.fq.gz	SRR11047670_R1.fq.gz	0.176657	0	12393/1000000
ERR2784805_R1.fq.gz	SRR11047670_R1.fq.gz	0.182376	0	10975/1000000
ERR2784806_R1.fq.gz	SRR11047670_R1.fq.gz	0.234441	0	3651/1000000
ERR2784807_R1.fq.gz	SRR11047670_R1.fq.gz	0.241025	0	3178/1000000
ERR2784808_R1.fq.gz	SRR11047670_R1.fq.gz	0.0837512	0	94245/1000000
ERR2784809_R1.fq.gz	SRR11047670_R1.fq.gz	0.0854171	0	90711/1000000
ERR2784810_R1.fq.gz	SRR11047670_R1.fq.gz	0.0874165	0	86658/1000000
ERR2784811_R1.fq.gz	SRR11047670_R1.fq.gz	0.0884282	0	84682/1000000
ERR2784816_R1.fq.gz	SRR11047670_R1.fq.gz	0.0954644	0	72210/1000000
ERR2784817_R1.fq.gz	SRR11047670_R1.fq.gz	0.0967358	0	70174/1000000
ERR2784818_R1.fq.gz	SRR11047670_R1.fq.gz	0.0991502	0	66474/1000000
ERR2784824_R1.fq.gz	SRR11047670_R1.fq.gz	0.0706998	0	127759/1000000
ERR2784826_R1.fq.gz	SRR11047670_R1.fq.gz	0.072937	0	121185/1000000
ERR2784827_R1.fq.gz	SRR11047670_R1.fq.gz	0.0736554	0	119154/1000000
SRR11047625_R1.fq.gz	SRR11047670_R1.fq.gz	0.070316	0	128926/1000000
SRR11047626_R1.fq.gz	SRR11047670_R1.fq.gz	0.0648878	0	146778/1000000
SRR11047627_R1.fq.gz	SRR11047670_R1.fq.gz	0.0975716	0	68869/1000000
SRR11047628_R1.fq.gz	SRR11047670_R1.fq.gz	0.0531246	0	195967/1000000
SRR11047629_R1.fq.gz	SRR11047670_R1.fq.gz	0.0668951	0	139872/1000000
SRR11047631_R1.fq.gz	SRR11047670_R1.fq.gz	0.0817897	0	98599/1000000
SRR11047632_R1.fq.gz	SRR11047670_R1.fq.gz	0.0714939	0	125381/1000000
SRR11047633_R1.fq.gz	SRR11047670_R1.fq.gz	0.0642928	0	148898/1000000
SRR11047634_R1.fq.gz	SRR11047670_R1.fq.gz	0.0781343	0	107310/1000000
SRR11047635_R1.fq.gz	SRR11047670_R1.fq.gz	0.0619477	0	157599/1000000
SRR11047636_R1.fq.gz	SRR11047670_R1.fq.gz	0.0746161	0	116497/1000000
SRR11047637_R1.fq.gz	SRR11047670_R1.fq.gz	0.072931	0	121202/1000000
SRR11047639_R1.fq.gz	SRR11047670_R1.fq.gz	0.0538474	0	192447/1000000
SRR11047640_R1.fq.gz	SRR11047670_R1.fq.gz	0.0864525	0	88587/1000000
SRR11047641_R1.fq.gz	SRR11047670_R1.fq.gz	0.0730436	0	120881/1000000
SRR11047642_R1.fq.gz	SRR11047670_R1.fq.gz	0.0746132	0	116505/1000000
SRR11047643_R1.fq.gz	SRR11047670_R1.fq.gz	0.0766257	0	111148/1000000
SRR11047644_R1.fq.gz	SRR11047670_R1.fq.gz	0.076848	0	110573/1000000
SRR11047645_R1.fq.gz	SRR11047670_R1.fq.gz	0.0662302	0	142118/1000000
SRR11047647_R1.fq.gz	SRR11047670_R1.fq.gz	0.0640611	0	149733/1000000
SRR11047648_R1.fq.gz	SRR11047670_R1.fq.gz	0.0715514	0	125211/1000000
SRR11047649_R1.fq.gz	SRR11047670_R1.fq.gz	0.0670408	0	139385/1000000
SRR11047650_R1.fq.gz	SRR11047670_R1.fq.gz	0.0672501	0	138689/1000000
SRR11047651_R1.fq.gz	SRR11047670_R1.fq.gz	0.0626208	0	155044/1000000
SRR11047653_R1.fq.gz	SRR11047670_R1.fq.gz	0.0767729	0	110767/1000000
SRR11047654_R1.fq.gz	SRR11047670_R1.fq.gz	0.0594667	0	167439/1000000
SRR11047655_R1.fq.gz	SRR11047670_R1.fq.gz	0.0582361	0	172579/1000000
SRR11047656_R1.fq.gz	SRR11047670_R1.fq.gz	0.0685213	0	134544/1000000
SRR11047657_R1.fq.gz	SRR11047670_R1.fq.gz	0.0702882	0	129011/1000000
SRR11047658_R1.fq.gz	SRR11047670_R1.fq.gz	0.065092	0	146058/1000000
SRR11047659_R1.fq.gz	SRR11047670_R1.fq.gz	0.0536221	0	193536/1000000
SRR11047660_R1.fq.gz	SRR11047670_R1.fq.gz	0.0692859	0	132118/1000000
SRR11047661_R1.fq.gz	SRR11047670_R1.fq.gz	0.0587777	0	170295/1000000
SRR11047662_R1.fq.gz	SRR11047670_R1.fq.gz	0.0676969	0	137216/1000000
SRR11047663_R1.fq.gz	SRR11047670_R1.fq.gz	0.0793223	0	104390/1000000
SRR11047664_R1.fq.gz	SRR11047670_R1.fq.gz	0.0704632	0	128477/1000000
SRR11047665_R1.fq.gz	SRR11047670_R1.fq.gz	0.0645199	0	148085/1000000
SRR11047666_R1.fq.gz	SRR11047670_R1.fq.gz	0.0750036	0	115444/1000000
SRR11047667_R1.fq.gz	SRR11047670_R1.fq.gz	0.0674096	0	138161/1000000
SRR11047668_R1.fq.gz	SRR11047670_R1.fq.gz	0.0729748	0	121077/1000000
SRR11047669_R1.fq.gz	SRR11047670_R1.fq.gz	0.0820446	0	98021/1000000
SRR11047670_R1.fq.gz	SRR11047670_R1.fq.gz	0	0	1000000/1000000
SRR11047671_R1.fq.gz	SRR11047670_R1.fq.gz	0.0625202	0	155423/1000000
SRR11047672_R1.fq.gz	SRR11047670_R1.fq.gz	0.0647976	0	147097/1000000
SRR11047673_R1.fq.gz	SRR11047670_R1.fq.gz	0.0668858	0	139903/1000000
ERR2784728_R1.fq.gz	SRR11047671_R1.fq.gz	0.0725992	0	122153/1000000
ERR2784729_R1.fq.gz	SRR11047671_R1.fq.gz	0.0734606	0	119701/1000000
ERR2784730_R1.fq.gz	SRR11047671_R1.fq.gz	0.0750809	0	115235/1000000
ERR2784731_R1.fq.gz	SRR11047671_R1.fq.gz	0.0757926	0	113332/1000000
ERR2784741_R1.fq.gz	SRR11047671_R1.fq.gz	0.0676384	0	137408/1000000
ERR2784742_R1.fq.gz	SRR11047671_R1.fq.gz	0.0690336	0	132913/1000000
ERR2784743_R1.fq.gz	SRR11047671_R1.fq.gz	0.0699734	0	129978/1000000
ERR2784752_R1.fq.gz	SRR11047671_R1.fq.gz	0.0642689	0	148984/1000000
ERR2784753_R1.fq.gz	SRR11047671_R1.fq.gz	0.0649345	0	146613/1000000
ERR2784754_R1.fq.gz	SRR11047671_R1.fq.gz	0.065811	0	143555/1000000
ERR2784755_R1.fq.gz	SRR11047671_R1.fq.gz	0.0664796	0	141271/1000000
ERR2784756_R1.fq.gz	SRR11047671_R1.fq.gz	0.070371	0	128758/1000000
ERR2784757_R1.fq.gz	SRR11047671_R1.fq.gz	0.0705767	0	128132/1000000
ERR2784759_R1.fq.gz	SRR11047671_R1.fq.gz	0.071249	0	126109/1000000
ERR2784760_R1.fq.gz	SRR11047671_R1.fq.gz	0.067003	0	139511/1000000
ERR2784761_R1.fq.gz	SRR11047671_R1.fq.gz	0.0680467	0	136075/1000000
ERR2784762_R1.fq.gz	SRR11047671_R1.fq.gz	0.0694128	0	131720/1000000
ERR2784763_R1.fq.gz	SRR11047671_R1.fq.gz	0.0701994	0	129283/1000000
ERR2784780_R1.fq.gz	SRR11047671_R1.fq.gz	0.0855299	0	90477/1000000
ERR2784781_R1.fq.gz	SRR11047671_R1.fq.gz	0.0858332	0	89851/1000000
ERR2784782_R1.fq.gz	SRR11047671_R1.fq.gz	0.0869224	0	87641/1000000
ERR2784783_R1.fq.gz	SRR11047671_R1.fq.gz	0.0875167	0	86460/1000000
ERR2784796_R1.fq.gz	SRR11047671_R1.fq.gz	0.0978064	0	68507/1000000
ERR2784797_R1.fq.gz	SRR11047671_R1.fq.gz	0.0989479	0	66776/1000000
ERR2784798_R1.fq.gz	SRR11047671_R1.fq.gz	0.100905	0	63916/1000000
ERR2784799_R1.fq.gz	SRR11047671_R1.fq.gz	0.10202	0	62344/1000000
ERR2784800_R1.fq.gz	SRR11047671_R1.fq.gz	0.122585	0	39614/1000000
ERR2784801_R1.fq.gz	SRR11047671_R1.fq.gz	0.126415	0	36441/1000000
ERR2784802_R1.fq.gz	SRR11047671_R1.fq.gz	0.131327	0	32752/1000000
ERR2784803_R1.fq.gz	SRR11047671_R1.fq.gz	0.133905	0	30973/1000000
ERR2784804_R1.fq.gz	SRR11047671_R1.fq.gz	0.188957	0	9545/1000000
ERR2784805_R1.fq.gz	SRR11047671_R1.fq.gz	0.194735	0	8445/1000000
ERR2784806_R1.fq.gz	SRR11047671_R1.fq.gz	0.242466	0	3083/1000000
ERR2784807_R1.fq.gz	SRR11047671_R1.fq.gz	0.249904	0	2636/1000000
ERR2784808_R1.fq.gz	SRR11047671_R1.fq.gz	0.0830495	0	95778/1000000
ERR2784809_R1.fq.gz	SRR11047671_R1.fq.gz	0.0840981	0	93497/1000000
ERR2784810_R1.fq.gz	SRR11047671_R1.fq.gz	0.0860726	0	89360/1000000
ERR2784811_R1.fq.gz	SRR11047671_R1.fq.gz	0.0869074	0	87671/1000000
ERR2784816_R1.fq.gz	SRR11047671_R1.fq.gz	0.0956981	0	71831/1000000
ERR2784817_R1.fq.gz	SRR11047671_R1.fq.gz	0.0968991	0	69917/1000000
ERR2784818_R1.fq.gz	SRR11047671_R1.fq.gz	0.099303	0	66247/1000000
ERR2784824_R1.fq.gz	SRR11047671_R1.fq.gz	0.0729391	0	121179/1000000
ERR2784826_R1.fq.gz	SRR11047671_R1.fq.gz	0.0739105	0	118442/1000000
ERR2784827_R1.fq.gz	SRR11047671_R1.fq.gz	0.0743749	0	117158/1000000
SRR11047625_R1.fq.gz	SRR11047671_R1.fq.gz	0.0689493	0	133180/1000000
SRR11047626_R1.fq.gz	SRR11047671_R1.fq.gz	0.0590911	0	168989/1000000
SRR11047627_R1.fq.gz	SRR11047671_R1.fq.gz	0.0984468	0	67530/1000000
SRR11047628_R1.fq.gz	SRR11047671_R1.fq.gz	0.0589581	0	169542/1000000
SRR11047629_R1.fq.gz	SRR11047671_R1.fq.gz	0.0647677	0	147203/1000000
SRR11047631_R1.fq.gz	SRR11047671_R1.fq.gz	0.0880839	0	85349/1000000
SRR11047632_R1.fq.gz	SRR11047671_R1.fq.gz	0.0806034	0	101338/1000000
SRR11047633_R1.fq.gz	SRR11047671_R1.fq.gz	0.0580987	0	173164/1000000
SRR11047634_R1.fq.gz	SRR11047671_R1.fq.gz	0.0853258	0	90901/1000000
SRR11047635_R1.fq.gz	SRR11047671_R1.fq.gz	0.0591432	0	168773/1000000
SRR11047636_R1.fq.gz	SRR11047671_R1.fq.gz	0.0826441	0	96676/1000000
SRR11047637_R1.fq.gz	SRR11047671_R1.fq.gz	0.0782977	0	106903/1000000
SRR11047639_R1.fq.gz	SRR11047671_R1.fq.gz	0.0627196	0	154673/1000000
SRR11047640_R1.fq.gz	SRR11047671_R1.fq.gz	0.0969456	0	69844/1000000
SRR11047641_R1.fq.gz	SRR11047671_R1.fq.gz	0.0768806	0	110489/1000000
SRR11047642_R1.fq.gz	SRR11047671_R1.fq.gz	0.0734698	0	119675/1000000
SRR11047643_R1.fq.gz	SRR11047671_R1.fq.gz	0.081089	0	100207/1000000
SRR11047644_R1.fq.gz	SRR11047671_R1.fq.gz	0.0862693	0	88959/1000000
SRR11047645_R1.fq.gz	SRR11047671_R1.fq.gz	0.0755597	0	113951/1000000
SRR11047647_R1.fq.gz	SRR11047671_R1.fq.gz	0.0676765	0	137283/1000000
SRR11047648_R1.fq.gz	SRR11047671_R1.fq.gz	0.0804684	0	101655/1000000
SRR11047649_R1.fq.gz	SRR11047671_R1.fq.gz	0.0673727	0	138283/1000000
SRR11047650_R1.fq.gz	SRR11047671_R1.fq.gz	0.0691051	0	132687/1000000
SRR11047651_R1.fq.gz	SRR11047671_R1.fq.gz	0.0675641	0	137652/1000000
SRR11047653_R1.fq.gz	SRR11047671_R1.fq.gz	0.0839832	0	93744/1000000
SRR11047654_R1.fq.gz	SRR11047671_R1.fq.gz	0.0565456	0	179938/1000000
SRR11047655_R1.fq.gz	SRR11047671_R1.fq.gz	0.0704136	0	128628/1000000
SRR11047656_R1.fq.gz	SRR11047671_R1.fq.gz	0.0753811	0	114428/1000000
SRR11047657_R1.fq.gz	SRR11047671_R1.fq.gz	0.0697923	0	130538/1000000
SRR11047658_R1.fq.gz	SRR11047671_R1.fq.gz	0.0707838	0	127505/1000000
SRR11047659_R1.fq.gz	SRR11047671_R1.fq.gz	0.0636841	0	151103/1000000
SRR11047660_R1.fq.gz	SRR11047671_R1.fq.gz	0.0750583	0	115296/1000000
SRR11047661_R1.fq.gz	SRR11047671_R1.fq.gz	0.0518874	0	202168/1000000
SRR11047662_R1.fq.gz	SRR11047671_R1.fq.gz	0.0711168	0	126504/1000000
SRR11047663_R1.fq.gz	SRR11047671_R1.fq.gz	0.0853099	0	90934/1000000
SRR11047664_R1.fq.gz	SRR11047671_R1.fq.gz	0.0733067	0	120135/1000000
SRR11047665_R1.fq.gz	SRR11047671_R1.fq.gz	0.0682571	0	135394/1000000
SRR11047666_R1.fq.gz	SRR11047671_R1.fq.gz	0.0677516	0	137037/1000000
SRR11047667_R1.fq.gz	SRR11047671_R1.fq.gz	0.0662153	0	142169/1000000
SRR11047668_R1.fq.gz	SRR11047671_R1.fq.gz	0.071006	0	126836/1000000
SRR11047669_R1.fq.gz	SRR11047671_R1.fq.gz	0.0741644	0	117738/1000000
SRR11047670_R1.fq.gz	SRR11047671_R1.fq.gz	0.0625202	0	155423/1000000
SRR11047671_R1.fq.gz	SRR11047671_R1.fq.gz	0	0	1000000/1000000
SRR11047672_R1.fq.gz	SRR11047671_R1.fq.gz	0.07749	0	108931/1000000
SRR11047673_R1.fq.gz	SRR11047671_R1.fq.gz	0.0601614	0	164615/1000000
ERR2784728_R1.fq.gz	SRR11047672_R1.fq.gz	0.0770502	0	110053/1000000
ERR2784729_R1.fq.gz	SRR11047672_R1.fq.gz	0.0788546	0	105529/1000000
ERR2784730_R1.fq.gz	SRR11047672_R1.fq.gz	0.0814604	0	99351/1000000
ERR2784731_R1.fq.gz	SRR11047672_R1.fq.gz	0.0828016	0	96326/1000000
ERR2784741_R1.fq.gz	SRR11047672_R1.fq.gz	0.0694041	0	131747/1000000
ERR2784742_R1.fq.gz	SRR11047672_R1.fq.gz	0.071662	0	124884/1000000
ERR2784743_R1.fq.gz	SRR11047672_R1.fq.gz	0.0729163	0	121244/1000000
ERR2784752_R1.fq.gz	SRR11047672_R1.fq.gz	0.0658784	0	143323/1000000
ERR2784753_R1.fq.gz	SRR11047672_R1.fq.gz	0.0671441	0	139041/1000000
ERR2784754_R1.fq.gz	SRR11047672_R1.fq.gz	0.0693828	0	131814/1000000
ERR2784755_R1.fq.gz	SRR11047672_R1.fq.gz	0.0704133	0	128629/1000000
ERR2784756_R1.fq.gz	SRR11047672_R1.fq.gz	0.0732173	0	120388/1000000
ERR2784757_R1.fq.gz	SRR11047672_R1.fq.gz	0.0750365	0	115355/1000000
ERR2784759_R1.fq.gz	SRR11047672_R1.fq.gz	0.0789011	0	105415/1000000
ERR2784760_R1.fq.gz	SRR11047672_R1.fq.gz	0.0824233	0	97169/1000000
ERR2784761_R1.fq.gz	SRR11047672_R1.fq.gz	0.0842661	0	93137/1000000
ERR2784762_R1.fq.gz	SRR11047672_R1.fq.gz	0.08638	0	88734/1000000
ERR2784763_R1.fq.gz	SRR11047672_R1.fq.gz	0.0873892	0	86712/1000000
ERR2784780_R1.fq.gz	SRR11047672_R1.fq.gz	0.0667779	0	140265/1000000
ERR2784781_R1.fq.gz	SRR11047672_R1.fq.gz	0.0680415	0	136092/1000000
ERR2784782_R1.fq.gz	SRR11047672_R1.fq.gz	0.0699251	0	130127/1000000
ERR2784783_R1.fq.gz	SRR11047672_R1.fq.gz	0.0709964	0	126865/1000000
ERR2784796_R1.fq.gz	SRR11047672_R1.fq.gz	0.0830391	0	95801/1000000
ERR2784797_R1.fq.gz	SRR11047672_R1.fq.gz	0.0851313	0	91307/1000000
ERR2784798_R1.fq.gz	SRR11047672_R1.fq.gz	0.0886684	0	84220/1000000
ERR2784799_R1.fq.gz	SRR11047672_R1.fq.gz	0.0902783	0	81193/1000000
ERR2784800_R1.fq.gz	SRR11047672_R1.fq.gz	0.104437	0	59076/1000000
ERR2784801_R1.fq.gz	SRR11047672_R1.fq.gz	0.109407	0	52911/1000000
ERR2784802_R1.fq.gz	SRR11047672_R1.fq.gz	0.114605	0	47182/1000000
ERR2784803_R1.fq.gz	SRR11047672_R1.fq.gz	0.117012	0	44752/1000000
ERR2784804_R1.fq.gz	SRR11047672_R1.fq.gz	0.148965	0	22387/1000000
ERR2784805_R1.fq.gz	SRR11047672_R1.fq.gz	0.154988	0	19675/1000000
ERR2784806_R1.fq.gz	SRR11047672_R1.fq.gz	0.20962	0	6164/1000000
ERR2784807_R1.fq.gz	SRR11047672_R1.fq.gz	0.217283	0	5243/1000000
ERR2784808_R1.fq.gz	SRR11047672_R1.fq.gz	0.0715216	0	125299/1000000
ERR2784809_R1.fq.gz	SRR11047672_R1.fq.gz	0.0728064	0	121558/1000000
ERR2784810_R1.fq.gz	SRR11047672_R1.fq.gz	0.0743243	0	117297/1000000
ERR2784811_R1.fq.gz	SRR11047672_R1.fq.gz	0.075085	0	115224/1000000
ERR2784816_R1.fq.gz	SRR11047672_R1.fq.gz	0.0787861	0	105697/1000000
ERR2784817_R1.fq.gz	SRR11047672_R1.fq.gz	0.0800943	0	102539/1000000
ERR2784818_R1.fq.gz	SRR11047672_R1.fq.gz	0.0826994	0	96553/1000000
ERR2784824_R1.fq.gz	SRR11047672_R1.fq.gz	0.0621123	0	156970/1000000
ERR2784826_R1.fq.gz	SRR11047672_R1.fq.gz	0.0653455	0	145170/1000000
ERR2784827_R1.fq.gz	SRR11047672_R1.fq.gz	0.066346	0	141724/1000000
SRR11047625_R1.fq.gz	SRR11047672_R1.fq.gz	0.0685763	0	134368/1000000
SRR11047626_R1.fq.gz	SRR11047672_R1.fq.gz	0.0676317	0	137430/1000000
SRR11047627_R1.fq.gz	SRR11047672_R1.fq.gz	0.0801322	0	102449/1000000
SRR11047628_R1.fq.gz	SRR11047672_R1.fq.gz	0.0580491	0	173376/1000000
SRR11047629_R1.fq.gz	SRR11047672_R1.fq.gz	0.0554492	0	184904/1000000
SRR11047631_R1.fq.gz	SRR11047672_R1.fq.gz	0.0690466	0	132872/1000000
SRR11047632_R1.fq.gz	SRR11047672_R1.fq.gz	0.0591715	0	168656/1000000
SRR11047633_R1.fq.gz	SRR11047672_R1.fq.gz	0.0585714	0	171161/1000000
SRR11047634_R1.fq.gz	SRR11047672_R1.fq.gz	0.069693	0	130846/1000000
SRR11047635_R1.fq.gz	SRR11047672_R1.fq.gz	0.0604447	0	163479/1000000
SRR11047636_R1.fq.gz	SRR11047672_R1.fq.gz	0.0699067	0	130184/1000000
SRR11047637_R1.fq.gz	SRR11047672_R1.fq.gz	0.0619981	0	157406/1000000
SRR11047639_R1.fq.gz	SRR11047672_R1.fq.gz	0.0546092	0	188816/1000000
SRR11047640_R1.fq.gz	SRR11047672_R1.fq.gz	0.0844912	0	92657/1000000
SRR11047641_R1.fq.gz	SRR11047672_R1.fq.gz	0.0580554	0	173349/1000000
SRR11047642_R1.fq.gz	SRR11047672_R1.fq.gz	0.0593896	0	167756/1000000
SRR11047643_R1.fq.gz	SRR11047672_R1.fq.gz	0.0619532	0	157578/1000000
SRR11047644_R1.fq.gz	SRR11047672_R1.fq.gz	0.087058	0	87370/1000000
SRR11047645_R1.fq.gz	SRR11047672_R1.fq.gz	0.0566062	0	179668/1000000
SRR11047647_R1.fq.gz	SRR11047672_R1.fq.gz	0.0571015	0	177479/1000000
SRR11047648_R1.fq.gz	SRR11047672_R1.fq.gz	0.07794	0	107796/1000000
SRR11047649_R1.fq.gz	SRR11047672_R1.fq.gz	0.0695693	0	131231/1000000
SRR11047650_R1.fq.gz	SRR11047672_R1.fq.gz	0.0561819	0	181568/1000000
SRR11047651_R1.fq.gz	SRR11047672_R1.fq.gz	0.0672637	0	138644/1000000
SRR11047653_R1.fq.gz	SRR11047672_R1.fq.gz	0.0741576	0	117757/1000000
SRR11047654_R1.fq.gz	SRR11047672_R1.fq.gz	0.0723364	0	122912/1000000
SRR11047655_R1.fq.gz	SRR11047672_R1.fq.gz	0.0589624	0	169524/1000000
SRR11047656_R1.fq.gz	SRR11047672_R1.fq.gz	0.0631142	0	153201/1000000
SRR11047657_R1.fq.gz	SRR11047672_R1.fq.gz	0.0575625	0	175469/1000000
SRR11047658_R1.fq.gz	SRR11047672_R1.fq.gz	0.0530765	0	196204/1000000
SRR11047659_R1.fq.gz	SRR11047672_R1.fq.gz	0.0597821	0	166150/1000000
SRR11047660_R1.fq.gz	SRR11047672_R1.fq.gz	0.0674624	0	137987/1000000
SRR11047661_R1.fq.gz	SRR11047672_R1.fq.gz	0.068531	0	134513/1000000
SRR11047662_R1.fq.gz	SRR11047672_R1.fq.gz	0.0522661	0	200246/1000000
SRR11047663_R1.fq.gz	SRR11047672_R1.fq.gz	0.0673521	0	138351/1000000
SRR11047664_R1.fq.gz	SRR11047672_R1.fq.gz	0.0618515	0	157968/1000000
SRR11047665_R1.fq.gz	SRR11047672_R1.fq.gz	0.0698714	0	130293/1000000
SRR11047666_R1.fq.gz	SRR11047672_R1.fq.gz	0.0618094	0	158130/1000000
SRR11047667_R1.fq.gz	SRR11047672_R1.fq.gz	0.0780842	0	107435/1000000
SRR11047668_R1.fq.gz	SRR11047672_R1.fq.gz	0.0700649	0	129696/1000000
SRR11047669_R1.fq.gz	SRR11047672_R1.fq.gz	0.0619112	0	157739/1000000
SRR11047670_R1.fq.gz	SRR11047672_R1.fq.gz	0.0647976	0	147097/1000000
SRR11047671_R1.fq.gz	SRR11047672_R1.fq.gz	0.07749	0	108931/1000000
SRR11047672_R1.fq.gz	SRR11047672_R1.fq.gz	0	0	1000000/1000000
SRR11047673_R1.fq.gz	SRR11047672_R1.fq.gz	0.0778997	0	107897/1000000
ERR2784728_R1.fq.gz	SRR11047673_R1.fq.gz	0.0683197	0	135192/1000000
ERR2784729_R1.fq.gz	SRR11047673_R1.fq.gz	0.0691787	0	132455/1000000
ERR2784730_R1.fq.gz	SRR11047673_R1.fq.gz	0.070413	0	128630/1000000
ERR2784731_R1.fq.gz	SRR11047673_R1.fq.gz	0.0712115	0	126221/1000000
ERR2784741_R1.fq.gz	SRR11047673_R1.fq.gz	0.0738068	0	118731/1000000
ERR2784742_R1.fq.gz	SRR11047673_R1.fq.gz	0.0751228	0	115122/1000000
ERR2784743_R1.fq.gz	SRR11047673_R1.fq.gz	0.0758791	0	113103/1000000
ERR2784752_R1.fq.gz	SRR11047673_R1.fq.gz	0.0679861	0	136272/1000000
ERR2784753_R1.fq.gz	SRR11047673_R1.fq.gz	0.0686642	0	134087/1000000
ERR2784754_R1.fq.gz	SRR11047673_R1.fq.gz	0.0696219	0	131067/1000000
ERR2784755_R1.fq.gz	SRR11047673_R1.fq.gz	0.0702683	0	129072/1000000
ERR2784756_R1.fq.gz	SRR11047673_R1.fq.gz	0.0639733	0	150051/1000000
ERR2784757_R1.fq.gz	SRR11047673_R1.fq.gz	0.0642392	0	149091/1000000
ERR2784759_R1.fq.gz	SRR11047673_R1.fq.gz	0.0651809	0	145746/1000000
ERR2784760_R1.fq.gz	SRR11047673_R1.fq.gz	0.0638119	0	150637/1000000
ERR2784761_R1.fq.gz	SRR11047673_R1.fq.gz	0.0642736	0	148967/1000000
ERR2784762_R1.fq.gz	SRR11047673_R1.fq.gz	0.0651108	0	145992/1000000
ERR2784763_R1.fq.gz	SRR11047673_R1.fq.gz	0.0655878	0	144327/1000000
ERR2784780_R1.fq.gz	SRR11047673_R1.fq.gz	0.092766	0	76743/1000000
ERR2784781_R1.fq.gz	SRR11047673_R1.fq.gz	0.0935127	0	75459/1000000
ERR2784782_R1.fq.gz	SRR11047673_R1.fq.gz	0.0952533	0	72554/1000000
ERR2784783_R1.fq.gz	SRR11047673_R1.fq.gz	0.0963891	0	70723/1000000
ERR2784796_R1.fq.gz	SRR11047673_R1.fq.gz	0.100483	0	64521/1000000
ERR2784797_R1.fq.gz	SRR11047673_R1.fq.gz	0.102097	0	62237/1000000
ERR2784798_R1.fq.gz	SRR11047673_R1.fq.gz	0.104837	0	58553/1000000
ERR2784799_R1.fq.gz	SRR11047673_R1.fq.gz	0.106135	0	56889/1000000
ERR2784800_R1.fq.gz	SRR11047673_R1.fq.gz	0.120553	0	41412/1000000
ERR2784801_R1.fq.gz	SRR11047673_R1.fq.gz	0.124771	0	37769/1000000
ERR2784802_R1.fq.gz	SRR11047673_R1.fq.gz	0.130026	0	33690/1000000
ERR2784803_R1.fq.gz	SRR11047673_R1.fq.gz	0.132373	0	32018/1000000
ERR2784804_R1.fq.gz	SRR11047673_R1.fq.gz	0.177172	0	12258/1000000
ERR2784805_R1.fq.gz	SRR11047673_R1.fq.gz	0.182842	0	10867/1000000
ERR2784806_R1.fq.gz	SRR11047673_R1.fq.gz	0.231238	0	3906/1000000
ERR2784807_R1.fq.gz	SRR11047673_R1.fq.gz	0.237403	0	3430/1000000
ERR2784808_R1.fq.gz	SRR11047673_R1.fq.gz	0.0840953	0	93503/1000000
ERR2784809_R1.fq.gz	SRR11047673_R1.fq.gz	0.085192	0	91180/1000000
ERR2784810_R1.fq.gz	SRR11047673_R1.fq.gz	0.0867813	0	87924/1000000
ERR2784811_R1.fq.gz	SRR11047673_R1.fq.gz	0.08732	0	86849/1000000
ERR2784816_R1.fq.gz	SRR11047673_R1.fq.gz	0.0943484	0	74049/1000000
ERR2784817_R1.fq.gz	SRR11047673_R1.fq.gz	0.0949661	0	73025/1000000
ERR2784818_R1.fq.gz	SRR11047673_R1.fq.gz	0.0965529	0	70463/1000000
ERR2784824_R1.fq.gz	SRR11047673_R1.fq.gz	0.0739508	0	118330/1000000
ERR2784826_R1.fq.gz	SRR11047673_R1.fq.gz	0.0749127	0	115690/1000000
ERR2784827_R1.fq.gz	SRR11047673_R1.fq.gz	0.0752726	0	114719/1000000
SRR11047625_R1.fq.gz	SRR11047673_R1.fq.gz	0.0747805	0	116049/1000000
SRR11047626_R1.fq.gz	SRR11047673_R1.fq.gz	0.0629247	0	153906/1000000
SRR11047627_R1.fq.gz	SRR11047673_R1.fq.gz	0.102238	0	62042/1000000
SRR11047628_R1.fq.gz	SRR11047673_R1.fq.gz	0.0656481	0	144118/1000000
SRR11047629_R1.fq.gz	SRR11047673_R1.fq.gz	0.0742358	0	117541/1000000
SRR11047631_R1.fq.gz	SRR11047673_R1.fq.gz	0.0853911	0	90765/1000000
SRR11047632_R1.fq.gz	SRR11047673_R1.fq.gz	0.0874367	0	86618/1000000
SRR11047633_R1.fq.gz	SRR11047673_R1.fq.gz	0.0595878	0	166943/1000000
SRR11047634_R1.fq.gz	SRR11047673_R1.fq.gz	0.094068	0	74519/1000000
SRR11047635_R1.fq.gz	SRR11047673_R1.fq.gz	0.072456	0	122566/1000000
SRR11047636_R1.fq.gz	SRR11047673_R1.fq.gz	0.0875563	0	86382/1000000
SRR11047637_R1.fq.gz	SRR11047673_R1.fq.gz	0.0761021	0	112515/1000000
SRR11047639_R1.fq.gz	SRR11047673_R1.fq.gz	0.0666851	0	140577/1000000
SRR11047640_R1.fq.gz	SRR11047673_R1.fq.gz	0.103149	0	60794/1000000
SRR11047641_R1.fq.gz	SRR11047673_R1.fq.gz	0.0810005	0	100412/1000000
SRR11047642_R1.fq.gz	SRR11047673_R1.fq.gz	0.0808375	0	100791/1000000
SRR11047643_R1.fq.gz	SRR11047673_R1.fq.gz	0.0927459	0	76778/1000000
SRR11047644_R1.fq.gz	SRR11047673_R1.fq.gz	0.0930546	0	76244/1000000
SRR11047645_R1.fq.gz	SRR11047673_R1.fq.gz	0.08025	0	102170/1000000
SRR11047647_R1.fq.gz	SRR11047673_R1.fq.gz	0.0788171	0	105621/1000000
SRR11047648_R1.fq.gz	SRR11047673_R1.fq.gz	0.0949679	0	73022/1000000
SRR11047649_R1.fq.gz	SRR11047673_R1.fq.gz	0.0648476	0	146920/1000000
SRR11047650_R1.fq.gz	SRR11047673_R1.fq.gz	0.073703	0	119021/1000000
SRR11047651_R1.fq.gz	SRR11047673_R1.fq.gz	0.0579663	0	173730/1000000
SRR11047653_R1.fq.gz	SRR11047673_R1.fq.gz	0.106705	0	56174/1000000
SRR11047654_R1.fq.gz	SRR11047673_R1.fq.gz	0.0644832	0	148216/1000000
SRR11047655_R1.fq.gz	SRR11047673_R1.fq.gz	0.0752343	0	114822/1000000
SRR11047656_R1.fq.gz	SRR11047673_R1.fq.gz	0.0822602	0	97535/1000000
SRR11047657_R1.fq.gz	SRR11047673_R1.fq.gz	0.0658889	0	143287/1000000
SRR11047658_R1.fq.gz	SRR11047673_R1.fq.gz	0.0788097	0	105639/1000000
SRR11047659_R1.fq.gz	SRR11047673_R1.fq.gz	0.0714626	0	125474/1000000
SRR11047660_R1.fq.gz	SRR11047673_R1.fq.gz	0.094112	0	74445/1000000
SRR11047661_R1.fq.gz	SRR11047673_R1.fq.gz	0.0700123	0	129858/1000000
SRR11047662_R1.fq.gz	SRR11047673_R1.fq.gz	0.0718643	0	124289/1000000
SRR11047663_R1.fq.gz	SRR11047673_R1.fq.gz	0.102618	0	61518/1000000
SRR11047664_R1.fq.gz	SRR11047673_R1.fq.gz	0.0859086	0	89696/1000000
SRR11047665_R1.fq.gz	SRR11047673_R1.fq.gz	0.0707775	0	127524/1000000
SRR11047666_R1.fq.gz	SRR11047673_R1.fq.gz	0.0795239	0	103903/1000000
SRR11047667_R1.fq.gz	SRR11047673_R1.fq.gz	0.0781904	0	107170/1000000
SRR11047668_R1.fq.gz	SRR11047673_R1.fq.gz	0.0753598	0	114485/1000000
SRR11047669_R1.fq.gz	SRR11047673_R1.fq.gz	0.0777328	0	108317/1000000
SRR11047670_R1.fq.gz	SRR11047673_R1.fq.gz	0.0668858	0	139903/1000000
SRR11047671_R1.fq.gz	SRR11047673_R1.fq.gz	0.0601614	0	164615/1000000
SRR11047672_R1.fq.gz	SRR11047673_R1.fq.gz	0.0778997	0	107897/1000000
SRR11047673_R1.fq.gz	SRR11047673_R1.fq.gz	0	0	1000000/1000000
