#mpa_vJan25_CHOCOPhlAnSGB_202503
clade_name	ERR2784728	ERR2784729	ERR2784730	ERR2784731	ERR2784741	ERR2784742	ERR2784743	ERR2784752	ERR2784753	ERR2784754	ERR2784755	ERR2784756	ERR2784757	ERR2784759	ERR2784760	ERR2784761	ERR2784762	ERR2784763	ERR2784780	ERR2784781	ERR2784782	ERR2784783	ERR2784796	ERR2784797	ERR2784798	ERR2784799	ERR2784800	ERR2784801	ERR2784802	ERR2784803	ERR2784804	ERR2784805	ERR2784806	ERR2784807	ERR2784808	ERR2784809	ERR2784810	ERR2784811	ERR2784816	ERR2784817	ERR2784818	ERR2784824	ERR2784826	ERR2784827
UNCLASSIFIED	10.802066	10.760588	10.495272	10.030379	9.658546	12.163074	10.869783	12.897499	12.820024	14.451454	13.443143	7.674441	7.87403	8.135874	11.247187	10.855863	11.021892	10.526432	11.145226	10.478944	11.617767	11.520671	8.22683	8.581896	8.970445	9.831878	15.747465	16.341813	17.033362	16.714321	6.138803	6.274352	6.961329	4.926316	7.573531	6.369845	7.774893	7.253527	8.283303	7.078105	8.950386	9.482884	10.857117	10.667333
k__Bacteria	89.197934	89.239412	89.504728	89.969621	90.341454	87.836926	89.130217	87.102501	87.179976	85.548546	86.556857	92.325559	92.12597	91.864126	88.752813	89.144137	88.978108	89.473568	88.854774	89.521056	88.382233	88.479329	91.627929	91.28311	90.906937	90.027379	84.252535	83.658187	82.966638	83.285679	93.728657	93.633698	92.889675	95.049381	92.426469	93.630155	92.225107	92.746473	90.816021	91.963464	90.219161	90.517116	89.142883	89.332667
k__Bacteria|p__Bacteroidota	57.332505	57.678909	57.950296	58.62535	73.640993	71.478172	72.765471	46.222417	45.942457	45.239702	45.644724	53.690584	53.834552	53.655103	76.333952	77.005553	77.21625	77.882948	31.636034	31.695789	30.958111	31.250598	31.326375	31.61106	31.080997	30.188934	68.592725	68.482809	67.921752	68.475107	40.718501	40.894747	37.384672	37.810382	47.985542	48.174822	47.093284	47.459563	32.314579	33.252013	31.990985	54.367306	53.62644	53.706663
k__Bacteria|p__Firmicutes	28.461755	28.309095	28.234095	28.130938	15.008469	14.704526	14.777635	38.754727	39.328202	38.361692	38.934955	33.50839	33.043064	32.908647	12.049957	11.785283	11.400365	11.245498	50.072881	50.957023	50.620943	50.41832	57.554917	57.008335	57.145402	57.106063	14.527532	14.106533	13.961854	13.716234	34.2401	33.455509	32.093164	33.942661	42.938369	43.920381	43.680621	43.860535	54.632916	54.727671	54.415346	29.146255	28.360164	28.28373
k__Bacteria|p__Pseudomonadota	1.601177	1.778162	1.707303	1.638969	1.500328	1.510624	1.433227	0.123111	0.110178	0.106933	0.097667	3.432	3.535835	3.620898	0.076166	0.090007	0.080371	0.065169	1.95825	2.003835	1.954956	1.995957	1.243326	1.158652	1.177754	1.247278	0.891982	0.87455	0.859664	0.888825	17.840412	18.325035	23.323849	22.924889	1.085678	1.127619	1.080918	1.113015	2.30979	2.505453	2.365297	6.492858	6.742394	6.876292
k__Bacteria|p__Thermodesulfobacteriota	1.036316	0.752902	0.928193	0.871417	0.0	0.0	0.0	0.27515	0.242363	0.233654	0.228601	0.117238	0.146099	0.144093	0.291378	0.255017	0.272917	0.27821	0.367862	0.329785	0.326596	0.327086	0.180395	0.154589	0.194757	0.145695	0.095518	0.078415	0.090848	0.080949	0.300587	0.320239	0.0	0.283596	0.048688	0.028942	0.031998	0.027786	0.095024	0.104485	0.111703	0.160775	0.131853	0.147812
k__Bacteria|p__Actinomycetota	0.7351	0.682104	0.642106	0.66253	0.191663	0.143604	0.153883	0.352137	0.349968	0.331991	0.34204	0.531155	0.525683	0.500259	0.001361	0.008276	0.008205	0.001742	1.693584	1.589772	1.569457	1.579513	0.114756	0.100641	0.110395	0.137512	0.086867	0.068929	0.069439	0.060353	0.449736	0.438625	0.08799	0.087854	0.355969	0.355092	0.326383	0.273849	0.84258	0.755337	0.747178	0.349922	0.282032	0.31817
k__Bacteria|p__Bacteria_unclassified	0.03108	0.03824	0.042735	0.040417	0.0	0.0	0.0	0.0	0.0	0.0	0.0	0.0	0.0	0.0	0.0	0.0	0.0	0.0	0.0	0.0	0.0	0.0	0.0	0.0	0.0	0.0	0.0	0.0	0.0	0.0	0.0	0.0	0.0	0.0	0.012222	0.004813	0.011903	0.011724	0.0	0.0	0.0	0.0	0.0	0.0
k__Bacteria|p__Bacteroidota|c__Bacteroidia	52.267277	52.704425	53.001885	53.74614	73.640993	71.478172	72.765471	45.961406	45.702159	45.004541	45.420595	53.690584	53.834552	53.655103	76.333952	77.005553	77.21625	77.882948	31.636034	31.695789	30.958111	31.250598	31.084856	31.376667	30.81845	29.956583	66.661395	66.63104	66.053283	66.570076	38.462732	38.615617	36.140021	36.604353	47.985542	48.174822	47.093284	47.459563	28.382765	29.408504	28.193631	49.959383	49.361896	49.480803
k__Bacteria|p__Firmicutes|c__Clostridia	23.426155	23.214527	23.10927	23.165964	13.504562	13.177395	13.141417	35.074071	35.417173	34.860313	35.167243	27.210125	26.564483	26.568015	11.274341	11.055125	10.683719	10.514131	25.031195	25.118231	25.046966	24.640191	20.432006	19.563676	19.897647	19.80497	8.157818	7.858187	7.754646	7.558128	13.939825	13.399633	9.387451	9.679454	42.324593	43.181807	43.014353	43.138317	27.813788	27.655365	27.426662	18.81066	18.225438	18.17567
k__Bacteria|p__Firmicutes|c__CFGB14936	2.913711	2.832009	2.861207	2.736628	0.0	0.0	0.0	0.0	0.0	0.0	0.0	0.0	0.0	0.0	0.0	0.0	0.0	0.0	0.0	0.0	0.0	0.0	2.318823	2.267198	2.239123	2.198851	0.0	0.0	0.0	0.0	0.0	0.0	0.0	0.0	0.0	0.0	0.0	0.0	0.401303	0.41516	0.394467	0.0	0.0	0.0
k__Bacteria|p__Bacteroidota|c__CFGB629	2.857234	2.791469	2.781156	2.619532	0.0	0.0	0.0	0.261011	0.240298	0.235161	0.22413	0.0	0.0	0.0	0.0	0.0	0.0	0.0	0.0	0.0	0.0	0.0	0.011653	0.007446	0.010854	0.0	0.0	0.0	0.0	0.0	1.175209	1.089664	0.71829	0.751639	0.0	0.0	0.0	0.0	0.0	0.0	0.0	4.407923	4.264544	4.22586
k__Bacteria|p__Bacteroidota|c__CFGB11479	1.837591	1.848027	1.792972	1.875767	0.0	0.0	0.0	0.0	0.0	0.0	0.0	0.0	0.0	0.0	0.0	0.0	0.0	0.0	0.0	0.0	0.0	0.0	0.0	0.0	0.0	0.0	0.0	0.0	0.0	0.0	0.0	0.0	0.0	0.0	0.0	0.0	0.0	0.0	0.0	0.0	0.0	0.0	0.0	0.0
k__Bacteria|p__Pseudomonadota|c__Betaproteobacteria	1.601177	1.778162	1.707303	1.638969	1.335813	1.326861	1.310644	0.115223	0.110178	0.106933	0.096307	0.727997	0.705462	0.684721	0.0	0.0	0.0	0.0	0.246839	0.287354	0.261785	0.259413	1.16785	1.072648	1.115228	1.171972	0.891982	0.87455	0.859664	0.888825	0.219698	0.267416	0.043373	0.0	0.124289	0.073972	0.145039	0.140681	2.211836	2.407863	2.286835	1.616332	1.67032	1.675549
k__Bacteria|p__Thermodesulfobacteriota|c__Desulfovibrionia	1.036316	0.752902	0.928193	0.871417	0.0	0.0	0.0	0.27515	0.242363	0.233654	0.228601	0.117238	0.146099	0.144093	0.291378	0.255017	0.272917	0.27821	0.367862	0.329785	0.326596	0.327086	0.180395	0.154589	0.194757	0.145695	0.095518	0.078415	0.090848	0.080949	0.300587	0.320239	0.0	0.283596	0.048688	0.028942	0.031998	0.027786	0.095024	0.104485	0.111703	0.160775	0.131853	0.147812
k__Bacteria|p__Firmicutes|c__CFGB3054	0.680506	0.5682	0.635462	0.65822	0.0	0.0	0.0	0.0	0.0	0.0	0.0	0.648237	0.798198	0.630302	0.0	0.0	0.0	0.0	0.524855	0.547319	0.534379	0.560996	0.299733	0.23553	0.276292	0.273827	0.02793	0.050376	0.042704	0.040628	0.361891	0.246253	0.0	0.068003	0.0	0.0	0.0	0.0	0.27173	0.223237	0.248731	0.0	0.0	0.0
k__Bacteria|p__Firmicutes|c__Negativicutes	0.567321	0.599499	0.595035	0.621541	0.458256	0.519597	0.512776	0.544615	0.548777	0.410936	0.524721	3.979639	4.09101	4.074904	0.475424	0.444331	0.460306	0.444618	0.430628	0.442023	0.380673	0.415716	0.512646	0.483281	0.517644	0.509813	3.017376	2.984605	2.903286	2.849004	0.285368	0.528148	0.066692	0.173842	0.245635	0.323538	0.308455	0.36015	1.120193	1.099624	1.160873	1.320629	1.312527	1.26233
k__Bacteria|p__Firmicutes|c__Erysipelotrichia	0.488192	0.605437	0.627646	0.528998	0.920582	0.900246	1.010627	0.031088	0.028561	0.007726	0.023118	0.068276	0.069971	0.069985	0.224465	0.185021	0.196078	0.228649	0.274262	0.351156	0.272861	0.208113	0.120989	0.148408	0.166405	0.121153	0.270257	0.32235	0.291651	0.27936	0.489813	0.527808	0.20237	0.081441	0.202766	0.20969	0.16772	0.186074	0.104487	0.106663	0.119589	0.0	0.0	0.0
k__Bacteria|p__Actinomycetota|c__Coriobacteriia	0.416245	0.360637	0.379375	0.393575	0.024836	0.008548	0.012001	0.134217	0.131767	0.122547	0.128071	0.210458	0.219209	0.204024	0.001361	0.008276	0.008205	0.001742	0.424021	0.356258	0.355237	0.383929	0.037228	0.035858	0.03577	0.033289	0.086867	0.068929	0.069439	0.060353	0.240911	0.312567	0.08799	0.087854	0.195513	0.203196	0.184218	0.155208	0.18562	0.191095	0.204442	0.023353	0.027192	0.021976
k__Bacteria|p__Actinomycetota|c__Actinomycetes	0.318855	0.312369	0.262732	0.268955	0.166827	0.135056	0.141883	0.21792	0.2182	0.209444	0.213969	0.320697	0.306474	0.296235	0.0	0.0	0.0	0.0	1.269562	1.233514	1.21422	1.195584	0.0	0.0	0.0	0.0	0.0	0.0	0.0	0.0	0.208825	0.126057	0.0	0.0	0.160456	0.151896	0.142164	0.118641	0.65696	0.564242	0.542736	0.32657	0.25484	0.296194
k__Bacteria|p__Firmicutes|c__CFGB1765	0.292049	0.363991	0.325913	0.312573	0.0	0.0	0.0	0.0	0.0	0.0	0.0	0.0	0.0	0.0	0.0	0.0	0.0	0.0	6.230724	6.721642	6.577997	6.694379	2.872513	2.999558	2.933628	2.9693	1.021435	0.988551	1.073165	1.057003	0.405035	0.373762	0.488002	0.449146	0.0	0.0	0.0	0.0	4.036923	4.223516	4.224615	0.0	0.0	0.0
k__Bacteria|p__Bacteroidota|c__CFGB529	0.217932	0.199123	0.248779	0.275219	0.0	0.0	0.0	0.0	0.0	0.0	0.0	0.0	0.0	0.0	0.0	0.0	0.0	0.0	0.0	0.0	0.0	0.0	0.21555	0.1998	0.234564	0.20797	0.0	0.0	0.0	0.0	0.748851	0.920465	0.526361	0.415204	0.0	0.0	0.0	0.0	0.0	0.0	0.0	0.0	0.0	0.0
k__Bacteria|p__Bacteroidota|c__CFGB4405	0.152471	0.135865	0.125504	0.108691	0.0	0.0	0.0	0.0	0.0	0.0	0.0	0.0	0.0	0.0	0.0	0.0	0.0	0.0	0.0	0.0	0.0	0.0	0.0	0.0	0.0	0.0	1.93133	1.851768	1.868468	1.905031	0.331709	0.269001	0.0	0.039185	0.0	0.0	0.0	0.0	0.0	0.0	0.0	0.0	0.0	0.0
k__Bacteria|p__Firmicutes|c__CFGB1354	0.074043	0.093391	0.063204	0.075894	0.0	0.0	0.0	0.0	0.0	0.0	0.0	0.0	0.0	0.0	0.0	0.0	0.0	0.0	0.0	0.0	0.0	0.0	0.0	0.0	0.0	0.0	0.261495	0.2678	0.22778	0.261378	2.584451	2.426204	1.972429	2.182555	0.0	0.0	0.0	0.0	0.69037	0.639784	0.640081	0.0	0.0	0.0
k__Bacteria|p__Bacteria_unclassified|c__Bacteria_unclassified	0.03108	0.03824	0.042735	0.040417	0.0	0.0	0.0	0.0	0.0	0.0	0.0	0.0	0.0	0.0	0.0	0.0	0.0	0.0	0.0	0.0	0.0	0.0	0.0	0.0	0.0	0.0	0.0	0.0	0.0	0.0	0.0	0.0	0.0	0.0	0.012222	0.004813	0.011903	0.011724	0.0	0.0	0.0	0.0	0.0	0.0
k__Bacteria|p__Firmicutes|c__CFGB1217	0.017885	0.022413	0.013562	0.026979	0.0	0.0	0.0	0.0	0.0	0.0	0.0	0.0	0.0	0.0	0.015091	0.010155	0.008531	0.00764	0.002249	0.0	0.0	0.0	0.0	0.0	0.0	0.0	0.0	0.0	0.0	0.0	0.0	0.0	0.0	0.0	0.0	0.0	0.0	0.0	0.0	0.0	0.0	0.0	0.0	0.0
k__Bacteria|p__Firmicutes|c__CFGB77385	0.001894	0.009628	0.002795	0.004142	0.0	0.0	0.0	0.0	0.0	0.0	0.0	0.0	0.0	0.0	0.0	0.0	0.0	0.0	0.0	0.0	0.0	0.0	0.0	0.0	0.0	0.0	0.0	0.0	0.0	0.0	0.0	0.0	0.0	0.0	0.0	0.0	0.0	0.0	0.0	0.0	0.0	0.0	0.0	0.0
k__Bacteria|p__Bacteroidota|c__Bacteroidia|o__Bacteroidales	52.267277	52.704425	53.001885	53.74614	73.640993	71.478172	72.765471	45.961406	45.702159	45.004541	45.420595	53.690584	53.834552	53.655103	76.333952	77.005553	77.21625	77.882948	31.636034	31.695789	30.958111	31.250598	31.084856	31.376667	30.81845	29.956583	66.661395	66.63104	66.053283	66.570076	38.462732	38.615617	36.140021	36.604353	47.985542	48.174822	47.093284	47.459563	28.382765	29.408504	28.193631	49.959383	49.361896	49.480803
k__Bacteria|p__Firmicutes|c__Clostridia|o__Lachnospirales	16.324231	16.462538	16.287359	16.396305	8.676293	8.374659	8.422068	16.42812	16.69807	16.689991	16.754077	10.567866	10.646546	10.58301	4.930709	5.070639	4.87259	4.662667	12.496335	12.75718	12.520815	12.723834	5.604669	5.57426	5.625692	5.674381	4.554479	4.442942	4.370912	4.25972	6.494546	6.1756	5.377404	5.001086	37.306698	38.381331	38.176849	38.293221	10.373404	10.689045	10.396785	7.656247	7.501661	7.460453
k__Bacteria|p__Firmicutes|c__Clostridia|o__Eubacteriales	7.052845	6.702101	6.768075	6.710499	4.810244	4.795847	4.715168	18.63224	18.694073	18.141114	18.397569	16.642259	15.917236	15.985005	6.337411	5.976972	5.805309	5.851464	12.510549	12.342326	12.496503	11.898364	13.980514	13.228219	13.446585	13.308268	3.587475	3.402808	3.375985	3.296538	7.445279	7.224033	4.010048	4.678368	4.496471	4.313243	4.384655	4.401869	17.418344	16.931191	17.009818	11.151454	10.720686	10.710741
k__Bacteria|p__Firmicutes|c__CFGB14936|o__OFGB14936	2.913711	2.832009	2.861207	2.736628	0.0	0.0	0.0	0.0	0.0	0.0	0.0	0.0	0.0	0.0	0.0	0.0	0.0	0.0	0.0	0.0	0.0	0.0	2.318823	2.267198	2.239123	2.198851	0.0	0.0	0.0	0.0	0.0	0.0	0.0	0.0	0.0	0.0	0.0	0.0	0.401303	0.41516	0.394467	0.0	0.0	0.0
k__Bacteria|p__Bacteroidota|c__CFGB629|o__OFGB629	2.857234	2.791469	2.781156	2.619532	0.0	0.0	0.0	0.261011	0.240298	0.235161	0.22413	0.0	0.0	0.0	0.0	0.0	0.0	0.0	0.0	0.0	0.0	0.0	0.011653	0.007446	0.010854	0.0	0.0	0.0	0.0	0.0	1.175209	1.089664	0.71829	0.751639	0.0	0.0	0.0	0.0	0.0	0.0	0.0	4.407923	4.264544	4.22586
k__Bacteria|p__Bacteroidota|c__CFGB11479|o__OFGB11479	1.837591	1.848027	1.792972	1.875767	0.0	0.0	0.0	0.0	0.0	0.0	0.0	0.0	0.0	0.0	0.0	0.0	0.0	0.0	0.0	0.0	0.0	0.0	0.0	0.0	0.0	0.0	0.0	0.0	0.0	0.0	0.0	0.0	0.0	0.0	0.0	0.0	0.0	0.0	0.0	0.0	0.0	0.0	0.0	0.0
k__Bacteria|p__Pseudomonadota|c__Betaproteobacteria|o__Burkholderiales	1.601177	1.778162	1.707303	1.638969	1.335813	1.326861	1.310644	0.115223	0.110178	0.106933	0.096307	0.727997	0.705462	0.684721	0.0	0.0	0.0	0.0	0.246839	0.287354	0.261785	0.259413	1.16785	1.072648	1.115228	1.171972	0.891982	0.87455	0.859664	0.888825	0.219698	0.267416	0.043373	0.0	0.124289	0.073972	0.145039	0.140681	2.211836	2.407863	2.286835	1.616332	1.67032	1.675549
k__Bacteria|p__Thermodesulfobacteriota|c__Desulfovibrionia|o__Desulfovibrionales	1.036316	0.752902	0.928193	0.871417	0.0	0.0	0.0	0.27515	0.242363	0.233654	0.228601	0.117238	0.146099	0.144093	0.291378	0.255017	0.272917	0.27821	0.367862	0.329785	0.326596	0.327086	0.180395	0.154589	0.194757	0.145695	0.095518	0.078415	0.090848	0.080949	0.300587	0.320239	0.0	0.283596	0.048688	0.028942	0.031998	0.027786	0.095024	0.104485	0.111703	0.160775	0.131853	0.147812
k__Bacteria|p__Firmicutes|c__CFGB3054|o__OFGB3054	0.680506	0.5682	0.635462	0.65822	0.0	0.0	0.0	0.0	0.0	0.0	0.0	0.648237	0.798198	0.630302	0.0	0.0	0.0	0.0	0.524855	0.547319	0.534379	0.560996	0.299733	0.23553	0.276292	0.273827	0.02793	0.050376	0.042704	0.040628	0.361891	0.246253	0.0	0.068003	0.0	0.0	0.0	0.0	0.27173	0.223237	0.248731	0.0	0.0	0.0
k__Bacteria|p__Firmicutes|c__Negativicutes|o__Acidaminococcales	0.567321	0.599499	0.595035	0.621541	0.421033	0.464979	0.433439	0.534272	0.539897	0.409069	0.517749	0.218247	0.242781	0.184838	0.0	0.0	0.0	0.0	0.317291	0.329704	0.301794	0.33358	0.512646	0.478936	0.512421	0.509813	1.158832	1.140373	1.110663	1.072606	0.0	0.0	0.0	0.0	0.245635	0.323538	0.308455	0.36015	0.751792	0.705628	0.722706	0.0	0.0	0.0
k__Bacteria|p__Firmicutes|c__Erysipelotrichia|o__Erysipelotrichales	0.488192	0.605437	0.627646	0.528998	0.920582	0.900246	1.010627	0.031088	0.028561	0.007726	0.023118	0.068276	0.069971	0.069985	0.224465	0.185021	0.196078	0.228649	0.274262	0.351156	0.272861	0.208113	0.120989	0.148408	0.166405	0.121153	0.270257	0.32235	0.291651	0.27936	0.489813	0.527808	0.20237	0.081441	0.202766	0.20969	0.16772	0.186074	0.104487	0.106663	0.119589	0.0	0.0	0.0
k__Bacteria|p__Actinomycetota|c__Coriobacteriia|o__Coriobacteriales	0.388689	0.301762	0.331105	0.266072	0.021521	0.007885	0.010488	0.120639	0.124229	0.115881	0.120632	0.210458	0.219209	0.204024	0.0	0.0	0.0	0.0	0.416915	0.356258	0.355237	0.383929	0.037228	0.035858	0.03577	0.033289	0.086867	0.068929	0.069439	0.060353	0.240911	0.312567	0.08799	0.087854	0.195513	0.203196	0.184218	0.155208	0.17213	0.179344	0.174083	0.023353	0.027192	0.021976
k__Bacteria|p__Actinomycetota|c__Actinomycetes|o__Bifidobacteriales	0.318855	0.312369	0.262732	0.268955	0.166827	0.135056	0.141883	0.21792	0.2182	0.209444	0.213969	0.320697	0.306474	0.296235	0.0	0.0	0.0	0.0	1.269562	1.233514	1.21422	1.195584	0.0	0.0	0.0	0.0	0.0	0.0	0.0	0.0	0.208825	0.126057	0.0	0.0	0.160456	0.151896	0.142164	0.118641	0.65696	0.564242	0.542736	0.32657	0.25484	0.296194
k__Bacteria|p__Firmicutes|c__CFGB1765|o__OFGB1765	0.292049	0.363991	0.325913	0.312573	0.0	0.0	0.0	0.0	0.0	0.0	0.0	0.0	0.0	0.0	0.0	0.0	0.0	0.0	6.230724	6.721642	6.577997	6.694379	2.872513	2.999558	2.933628	2.9693	1.021435	0.988551	1.073165	1.057003	0.405035	0.373762	0.488002	0.449146	0.0	0.0	0.0	0.0	4.036923	4.223516	4.224615	0.0	0.0	0.0
k__Bacteria|p__Bacteroidota|c__CFGB529|o__OFGB529	0.217932	0.199123	0.248779	0.275219	0.0	0.0	0.0	0.0	0.0	0.0	0.0	0.0	0.0	0.0	0.0	0.0	0.0	0.0	0.0	0.0	0.0	0.0	0.21555	0.1998	0.234564	0.20797	0.0	0.0	0.0	0.0	0.748851	0.920465	0.526361	0.415204	0.0	0.0	0.0	0.0	0.0	0.0	0.0	0.0	0.0	0.0
k__Bacteria|p__Bacteroidota|c__CFGB4405|o__OFGB4405	0.152471	0.135865	0.125504	0.108691	0.0	0.0	0.0	0.0	0.0	0.0	0.0	0.0	0.0	0.0	0.0	0.0	0.0	0.0	0.0	0.0	0.0	0.0	0.0	0.0	0.0	0.0	1.93133	1.851768	1.868468	1.905031	0.331709	0.269001	0.0	0.039185	0.0	0.0	0.0	0.0	0.0	0.0	0.0	0.0	0.0	0.0
k__Bacteria|p__Firmicutes|c__CFGB1354|o__OFGB1354	0.074043	0.093391	0.063204	0.075894	0.0	0.0	0.0	0.0	0.0	0.0	0.0	0.0	0.0	0.0	0.0	0.0	0.0	0.0	0.0	0.0	0.0	0.0	0.0	0.0	0.0	0.0	0.261495	0.2678	0.22778	0.261378	2.584451	2.426204	1.972429	2.182555	0.0	0.0	0.0	0.0	0.69037	0.639784	0.640081	0.0	0.0	0.0
k__Bacteria|p__Firmicutes|c__Clostridia|o__Clostridia_unclassified	0.039998	0.041659	0.053837	0.054106	0.006727	0.006889	0.004181	0.0	0.0	0.0	0.0	0.0	0.0	0.0	0.006221	0.007514	0.00582	0.0	0.0	0.0	0.0	0.0	0.0	0.0	0.0	0.0	0.0	0.0	0.0	0.0	0.0	0.0	0.0	0.0	0.076329	0.098111	0.0543	0.069859	0.0	0.0	0.0	0.0	0.0	0.0
k__Bacteria|p__Bacteria_unclassified|c__Bacteria_unclassified|o__Bacteria_unclassified	0.03108	0.03824	0.042735	0.040417	0.0	0.0	0.0	0.0	0.0	0.0	0.0	0.0	0.0	0.0	0.0	0.0	0.0	0.0	0.0	0.0	0.0	0.0	0.0	0.0	0.0	0.0	0.0	0.0	0.0	0.0	0.0	0.0	0.0	0.0	0.012222	0.004813	0.011903	0.011724	0.0	0.0	0.0	0.0	0.0	0.0
k__Bacteria|p__Actinomycetota|c__Coriobacteriia|o__Eggerthellales	0.027556	0.058875	0.048269	0.127504	0.003314	0.000663	0.001512	0.013578	0.007539	0.006666	0.00744	0.0	0.0	0.0	0.001361	0.008276	0.008205	0.001742	0.007107	0.0	0.0	0.0	0.0	0.0	0.0	0.0	0.0	0.0	0.0	0.0	0.0	0.0	0.0	0.0	0.0	0.0	0.0	0.0	0.013489	0.011751	0.03036	0.0	0.0	0.0
k__Bacteria|p__Firmicutes|c__CFGB1217|o__OFGB1217	0.017885	0.022413	0.013562	0.026979	0.0	0.0	0.0	0.0	0.0	0.0	0.0	0.0	0.0	0.0	0.015091	0.010155	0.008531	0.00764	0.002249	0.0	0.0	0.0	0.0	0.0	0.0	0.0	0.0	0.0	0.0	0.0	0.0	0.0	0.0	0.0	0.0	0.0	0.0	0.0	0.0	0.0	0.0	0.0	0.0	0.0
k__Bacteria|p__Firmicutes|c__Clostridia|o__Peptostreptococcales	0.009081	0.008229	0.0	0.005054	0.0	0.0	0.0	0.013711	0.02503	0.029209	0.015598	0.0	0.000701	0.0	0.0	0.0	0.0	0.0	0.012086	0.018724	0.023946	0.0172	0.001924	0.0	0.0	0.0	0.015864	0.012437	0.00775	0.00187	0.0	0.0	0.0	0.0	0.445094	0.389122	0.398548	0.373368	0.02204	0.035129	0.020059	0.001997	0.003092	0.004476
k__Bacteria|p__Firmicutes|c__CFGB77385|o__OFGB77385	0.001894	0.009628	0.002795	0.004142	0.0	0.0	0.0	0.0	0.0	0.0	0.0	0.0	0.0	0.0	0.0	0.0	0.0	0.0	0.0	0.0	0.0	0.0	0.0	0.0	0.0	0.0	0.0	0.0	0.0	0.0	0.0	0.0	0.0	0.0	0.0	0.0	0.0	0.0	0.0	0.0	0.0	0.0	0.0	0.0
k__Bacteria|p__Bacteroidota|c__Bacteroidia|o__Bacteroidales|f__Bacteroidaceae	33.71237	34.156296	34.229233	35.119173	67.438454	65.599505	66.903224	21.984648	22.554937	22.226513	22.770778	44.78675	45.144855	45.172353	61.134674	62.179876	62.551364	63.052804	13.954937	14.279543	14.151231	14.344386	5.429762	5.366249	5.247526	4.890154	1.740526	1.77373	1.699646	1.689507	0.329184	0.440809	0.030298	0.024887	40.788937	41.378428	40.201834	40.685441	19.622423	20.777407	19.685715	17.64134	17.633433	17.783749
k__Bacteria|p__Firmicutes|c__Clostridia|o__Lachnospirales|f__Lachnospiraceae	16.155184	16.331184	16.176354	16.228158	8.496644	8.166801	8.212093	16.407984	16.669687	16.671707	16.716923	10.567866	10.645884	10.58301	4.930709	5.070639	4.87259	4.662667	12.480783	12.746475	12.520815	12.709812	5.577059	5.536275	5.599623	5.638756	4.508951	4.402269	4.330135	4.223632	6.494546	6.1756	5.377404	5.001086	37.080122	38.133405	37.913471	38.121591	10.365924	10.657234	10.364891	7.461118	7.337368	7.303059
k__Bacteria|p__Bacteroidota|c__Bacteroidia|o__Bacteroidales|f__Prevotellaceae	15.751795	15.749312	16.062928	15.747112	0.001279	0.0	0.002644	0.0	0.0	0.0	0.0	0.0	0.0	0.0	0.06072	0.062703	0.050848	0.063226	0.321727	0.334823	0.303707	0.337406	21.262452	21.753939	21.473974	21.02975	63.20437	63.068983	62.681484	63.16566	37.313619	37.442586	36.092022	36.444548	0.134543	0.138589	0.127803	0.12058	2.780709	2.753538	2.707831	13.404561	13.535027	13.657852
k__Bacteria|p__Firmicutes|c__Clostridia|o__Eubacteriales|f__Clostridiaceae	3.384079	3.237964	3.409272	3.263949	0.617066	0.535301	0.562197	1.706014	1.715787	1.772603	1.760896	0.732169	0.703516	0.724356	0.500173	0.489927	0.472412	0.431627	1.699967	1.65166	1.719918	1.57817	1.455786	1.461028	1.419104	1.387042	0.40624	0.380523	0.369471	0.31866	1.542741	1.535122	1.498879	1.676591	1.196432	1.176803	1.151994	1.264339	0.889421	0.934101	0.885855	2.490523	2.610365	2.690121
k__Bacteria|p__Firmicutes|c__Clostridia|o__Eubacteriales|f__Oscillospiraceae	2.943647	2.80132	2.671889	2.731765	3.960138	3.997501	3.911931	14.137134	14.203708	13.908298	14.042227	14.617806	14.055405	13.974092	3.02252	2.874754	2.760154	2.80017	6.844469	6.713467	6.610304	6.551778	12.08033	11.333707	11.595579	11.455913	2.9766	2.861398	2.809696	2.797838	5.650492	5.449638	2.461145	3.001777	3.002435	2.894872	2.966271	2.963979	14.0697	13.693035	13.749773	7.917985	7.433833	7.358956
k__Bacteria|p__Firmicutes|c__CFGB14936|o__OFGB14936|f__FGB14936	2.913711	2.832009	2.861207	2.736628	0.0	0.0	0.0	0.0	0.0	0.0	0.0	0.0	0.0	0.0	0.0	0.0	0.0	0.0	0.0	0.0	0.0	0.0	2.318823	2.267198	2.239123	2.198851	0.0	0.0	0.0	0.0	0.0	0.0	0.0	0.0	0.0	0.0	0.0	0.0	0.401303	0.41516	0.394467	0.0	0.0	0.0
k__Bacteria|p__Bacteroidota|c__CFGB629|o__OFGB629|f__FGB629	2.857234	2.791469	2.781156	2.619532	0.0	0.0	0.0	0.261011	0.240298	0.235161	0.22413	0.0	0.0	0.0	0.0	0.0	0.0	0.0	0.0	0.0	0.0	0.0	0.011653	0.007446	0.010854	0.0	0.0	0.0	0.0	0.0	1.175209	1.089664	0.71829	0.751639	0.0	0.0	0.0	0.0	0.0	0.0	0.0	4.407923	4.264544	4.22586
k__Bacteria|p__Bacteroidota|c__Bacteroidia|o__Bacteroidales|f__Tannerellaceae	2.213794	2.170802	2.179017	2.263884	2.958715	2.760663	2.807405	2.074498	2.02482	2.039062	2.088503	1.279488	1.285267	1.179148	4.339865	4.292482	4.341423	4.332426	2.065164	2.13355	1.997528	2.061585	0.339335	0.367965	0.33655	0.324508	0.524984	0.604793	0.542297	0.578677	0.130819	0.112397	0.0	0.0	3.302929	3.215495	3.255482	3.223931	1.473637	1.45601	1.533223	2.533233	2.464233	2.474102
k__Bacteria|p__Bacteroidota|c__CFGB11479|o__OFGB11479|f__FGB11479	1.837591	1.848027	1.792972	1.875767	0.0	0.0	0.0	0.0	0.0	0.0	0.0	0.0	0.0	0.0	0.0	0.0	0.0	0.0	0.0	0.0	0.0	0.0	0.0	0.0	0.0	0.0	0.0	0.0	0.0	0.0	0.0	0.0	0.0	0.0	0.0	0.0	0.0	0.0	0.0	0.0	0.0	0.0	0.0	0.0
k__Bacteria|p__Pseudomonadota|c__Betaproteobacteria|o__Burkholderiales|f__Sutterellaceae	1.601177	1.778162	1.707303	1.638969	1.335813	1.326861	1.310644	0.115223	0.110178	0.106933	0.096307	0.680012	0.661629	0.643195	0.0	0.0	0.0	0.0	0.217132	0.263726	0.245768	0.224122	1.16785	1.072648	1.115228	1.171972	0.891982	0.87455	0.859664	0.888825	0.219698	0.267416	0.043373	0.0	0.124289	0.073972	0.145039	0.140681	2.131122	2.318924	2.220718	1.616332	1.67032	1.675549
k__Bacteria|p__Thermodesulfobacteriota|c__Desulfovibrionia|o__Desulfovibrionales|f__Desulfovibrionaceae	1.036316	0.752902	0.928193	0.871417	0.0	0.0	0.0	0.27515	0.242363	0.233654	0.228601	0.117238	0.146099	0.144093	0.291378	0.255017	0.272917	0.27821	0.367862	0.329785	0.326596	0.327086	0.180395	0.154589	0.194757	0.145695	0.095518	0.078415	0.090848	0.080949	0.300587	0.320239	0.0	0.283596	0.048688	0.028942	0.031998	0.027786	0.095024	0.104485	0.111703	0.160775	0.131853	0.147812
k__Bacteria|p__Firmicutes|c__CFGB3054|o__OFGB3054|f__FGB3054	0.680506	0.5682	0.635462	0.65822	0.0	0.0	0.0	0.0	0.0	0.0	0.0	0.648237	0.798198	0.630302	0.0	0.0	0.0	0.0	0.524855	0.547319	0.534379	0.560996	0.299733	0.23553	0.276292	0.273827	0.02793	0.050376	0.042704	0.040628	0.361891	0.246253	0.0	0.068003	0.0	0.0	0.0	0.0	0.27173	0.223237	0.248731	0.0	0.0	0.0
k__Bacteria|p__Firmicutes|c__Negativicutes|o__Acidaminococcales|f__Acidaminococcaceae	0.567321	0.599499	0.595035	0.621541	0.421033	0.464979	0.433439	0.534272	0.539897	0.409069	0.517749	0.218247	0.242781	0.184838	0.0	0.0	0.0	0.0	0.317291	0.329704	0.301794	0.33358	0.512646	0.478936	0.512421	0.509813	1.158832	1.140373	1.110663	1.072606	0.0	0.0	0.0	0.0	0.245635	0.323538	0.308455	0.36015	0.751792	0.705628	0.722706	0.0	0.0	0.0
k__Bacteria|p__Firmicutes|c__Erysipelotrichia|o__Erysipelotrichales|f__Coprobacillaceae	0.487492	0.605437	0.627646	0.528998	0.862101	0.850436	0.947228	0.011856	0.020163	0.004459	0.014789	0.068276	0.069971	0.069985	0.224465	0.185021	0.196078	0.228649	0.231013	0.320559	0.241939	0.178281	0.059961	0.058035	0.073155	0.055413	0.0	0.0	0.0	0.0	0.242294	0.267452	0.071802	0.0	0.034575	0.011662	0.011736	0.0	0.033819	0.041553	0.051546	0.0	0.0	0.0
k__Bacteria|p__Bacteroidota|c__Bacteroidia|o__Bacteroidales|f__Odoribacteraceae	0.393735	0.471399	0.365416	0.434646	1.133905	1.061749	1.045807	0.809613	0.880341	0.874686	0.848963	1.107308	1.041604	1.080462	0.422212	0.436821	0.406574	0.421925	0.330647	0.311559	0.324208	0.314597	0.960393	0.926069	0.881952	0.848425	0.425028	0.430756	0.403424	0.435662	0.00703	0.0	0.0	0.0	0.087604	0.121861	0.103321	0.091739	0.188878	0.191489	0.156817	4.570145	4.495977	4.553724
k__Bacteria|p__Actinomycetota|c__Coriobacteriia|o__Coriobacteriales|f__Coriobacteriaceae	0.388689	0.301762	0.331105	0.266072	0.021521	0.007885	0.010488	0.120639	0.124229	0.115881	0.120632	0.210458	0.219209	0.204024	0.0	0.0	0.0	0.0	0.416915	0.356258	0.355237	0.383929	0.037228	0.035858	0.03577	0.033289	0.086867	0.068929	0.069439	0.060353	0.240911	0.312567	0.08799	0.087854	0.195513	0.203196	0.184218	0.155208	0.17213	0.170016	0.174083	0.023353	0.027192	0.021976
k__Bacteria|p__Firmicutes|c__Clostridia|o__Eubacteriales|f__Eubacteriales_unclassified	0.350965	0.343488	0.360463	0.365648	0.177719	0.20483	0.182857	0.811623	0.724017	0.652279	0.621926	0.781265	0.725173	0.808622	2.230857	2.05333	2.056877	2.070794	0.520916	0.47713	0.535972	0.52375	0.21662	0.206285	0.203283	0.215262	0.140266	0.111718	0.134366	0.116489	0.0	0.0	0.0	0.0	0.097213	0.079593	0.106089	0.047753	0.417676	0.427012	0.410758	0.330061	0.297282	0.301365
k__Bacteria|p__Actinomycetota|c__Actinomycetes|o__Bifidobacteriales|f__Bifidobacteriaceae	0.318855	0.312369	0.262732	0.268955	0.166827	0.135056	0.141883	0.21792	0.2182	0.209444	0.213969	0.320697	0.306474	0.296235	0.0	0.0	0.0	0.0	1.269562	1.233514	1.21422	1.195584	0.0	0.0	0.0	0.0	0.0	0.0	0.0	0.0	0.208825	0.126057	0.0	0.0	0.160456	0.151896	0.142164	0.118641	0.65696	0.564242	0.542736	0.32657	0.25484	0.296194
k__Bacteria|p__Firmicutes|c__CFGB1765|o__OFGB1765|f__FGB1765	0.292049	0.363991	0.325913	0.312573	0.0	0.0	0.0	0.0	0.0	0.0	0.0	0.0	0.0	0.0	0.0	0.0	0.0	0.0	6.230724	6.721642	6.577997	6.694379	2.872513	2.999558	2.933628	2.9693	1.021435	0.988551	1.073165	1.057003	0.405035	0.373762	0.488002	0.449146	0.0	0.0	0.0	0.0	4.036923	4.223516	4.224615	0.0	0.0	0.0
k__Bacteria|p__Firmicutes|c__Clostridia|o__Eubacteriales|f__Beduinellaceae	0.231481	0.208897	0.227395	0.215205	0.024053	0.01348	0.027592	0.241243	0.23832	0.237195	0.240478	0.158597	0.125463	0.144789	0.0	0.0	0.0	0.0	0.220067	0.209725	0.204817	0.189887	0.079404	0.09194	0.062885	0.083099	0.039894	0.03819	0.031033	0.035837	0.070815	0.022832	0.0	0.0	0.0	0.0	0.0	0.0	0.303637	0.263309	0.275586	0.0	0.0	0.0
k__Bacteria|p__Bacteroidota|c__CFGB529|o__OFGB529|f__FGB529	0.217932	0.199123	0.248779	0.275219	0.0	0.0	0.0	0.0	0.0	0.0	0.0	0.0	0.0	0.0	0.0	0.0	0.0	0.0	0.0	0.0	0.0	0.0	0.21555	0.1998	0.234564	0.20797	0.0	0.0	0.0	0.0	0.748851	0.920465	0.526361	0.415204	0.0	0.0	0.0	0.0	0.0	0.0	0.0	0.0	0.0	0.0
k__Bacteria|p__Bacteroidota|c__Bacteroidia|o__Bacteroidales|f__Rikenellaceae	0.195582	0.156616	0.164399	0.181325	2.108639	2.056256	2.006391	21.007509	20.144326	19.790212	19.622702	5.054719	4.827936	4.699165	10.376481	10.033671	9.866041	10.012567	14.427502	14.087731	13.647294	13.703233	1.913202	1.69602	1.684577	1.658131	0.490452	0.497248	0.479236	0.44858	0.600122	0.564081	0.017701	0.134918	3.67153	3.32045	3.404843	3.337873	3.691437	3.649138	3.558856	11.522676	10.959126	10.724228
k__Bacteria|p__Firmicutes|c__Clostridia|o__Lachnospirales|f__Anaerotignaceae	0.169048	0.131354	0.111005	0.168148	0.17965	0.207858	0.209975	0.020136	0.028383	0.018284	0.037153	0.0	0.000663	0.0	0.0	0.0	0.0	0.0	0.015551	0.010705	0.0	0.014022	0.02761	0.037985	0.026068	0.035624	0.045529	0.040673	0.040777	0.036088	0.0	0.0	0.0	0.0	0.226576	0.247926	0.263378	0.17163	0.00748	0.031811	0.031894	0.195129	0.164293	0.157393
k__Bacteria|p__Bacteroidota|c__CFGB4405|o__OFGB4405|f__FGB4405	0.152471	0.135865	0.125504	0.108691	0.0	0.0	0.0	0.0	0.0	0.0	0.0	0.0	0.0	0.0	0.0	0.0	0.0	0.0	0.0	0.0	0.0	0.0	0.0	0.0	0.0	0.0	1.93133	1.851768	1.868468	1.905031	0.331709	0.269001	0.0	0.039185	0.0	0.0	0.0	0.0	0.0	0.0	0.0	0.0	0.0	0.0
k__Bacteria|p__Firmicutes|c__Clostridia|o__Eubacteriales|f__Butyricicoccaceae	0.138936	0.110431	0.087486	0.108072	0.018268	0.025923	0.015554	0.042183	0.052891	0.05341	0.049972	0.117069	0.095106	0.130547	0.0	0.0	0.0	0.0	0.026236	0.025908	0.041824	0.071398	0.0	0.0	0.0	0.0	0.0	0.0	0.0	0.0	0.0	0.0	0.0	0.0	0.162114	0.127114	0.144198	0.116522	0.055951	0.052265	0.049754	0.114183	0.095536	0.094402
k__Bacteria|p__Firmicutes|c__CFGB1354|o__OFGB1354|f__FGB1354	0.074043	0.093391	0.063204	0.075894	0.0	0.0	0.0	0.0	0.0	0.0	0.0	0.0	0.0	0.0	0.0	0.0	0.0	0.0	0.0	0.0	0.0	0.0	0.0	0.0	0.0	0.0	0.261495	0.2678	0.22778	0.261378	2.584451	2.426204	1.972429	2.182555	0.0	0.0	0.0	0.0	0.69037	0.639784	0.640081	0.0	0.0	0.0
k__Bacteria|p__Firmicutes|c__Clostridia|o__Clostridia_unclassified|f__Clostridia_unclassified	0.039998	0.041659	0.053837	0.054106	0.006727	0.006889	0.004181	0.0	0.0	0.0	0.0	0.0	0.0	0.0	0.006221	0.007514	0.00582	0.0	0.0	0.0	0.0	0.0	0.0	0.0	0.0	0.0	0.0	0.0	0.0	0.0	0.0	0.0	0.0	0.0	0.076329	0.098111	0.0543	0.069859	0.0	0.0	0.0	0.0	0.0	0.0
k__Bacteria|p__Bacteria_unclassified|c__Bacteria_unclassified|o__Bacteria_unclassified|f__Bacteria_unclassified	0.03108	0.03824	0.042735	0.040417	0.0	0.0	0.0	0.0	0.0	0.0	0.0	0.0	0.0	0.0	0.0	0.0	0.0	0.0	0.0	0.0	0.0	0.0	0.0	0.0	0.0	0.0	0.0	0.0	0.0	0.0	0.0	0.0	0.0	0.0	0.012222	0.004813	0.011903	0.011724	0.0	0.0	0.0	0.0	0.0	0.0
k__Bacteria|p__Actinomycetota|c__Coriobacteriia|o__Eggerthellales|f__Eggerthellaceae	0.027556	0.058875	0.048269	0.127504	0.003314	0.000663	0.001512	0.013578	0.007539	0.006666	0.00744	0.0	0.0	0.0	0.001361	0.008276	0.008205	0.001742	0.007107	0.0	0.0	0.0	0.0	0.0	0.0	0.0	0.0	0.0	0.0	0.0	0.0	0.0	0.0	0.0	0.0	0.0	0.0	0.0	0.013489	0.011751	0.03036	0.0	0.0	0.0
k__Bacteria|p__Firmicutes|c__CFGB1217|o__OFGB1217|f__FGB1217	0.017885	0.022413	0.013562	0.026979	0.0	0.0	0.0	0.0	0.0	0.0	0.0	0.0	0.0	0.0	0.015091	0.010155	0.008531	0.00764	0.002249	0.0	0.0	0.0	0.0	0.0	0.0	0.0	0.0	0.0	0.0	0.0	0.0	0.0	0.0	0.0	0.0	0.0	0.0	0.0	0.0	0.0	0.0	0.0	0.0	0.0
k__Bacteria|p__Firmicutes|c__Clostridia|o__Peptostreptococcales|f__Anaerovoracaceae	0.009081	0.008229	0.0	0.005054	0.0	0.0	0.0	0.0	0.0	0.0	0.0	0.0	0.0	0.0	0.0	0.0	0.0	0.0	0.0	0.0	0.0	0.0	0.0	0.0	0.0	0.0	0.0	0.0	0.0	0.0	0.0	0.0	0.0	0.0	0.0	0.0	0.0	0.0	0.0	0.0	0.0	0.0	0.0	0.0
k__Bacteria|p__Firmicutes|c__Clostridia|o__Eubacteriales|f__Eubacteriales_incertae_sedis	0.003736	0.0	0.01157	0.02586	0.0	0.0	0.0	0.402344	0.427117	0.32733	0.380449	0.162241	0.115324	0.143458	0.131502	0.115463	0.094319	0.086718	2.414936	2.446434	2.566686	2.209067	0.114981	0.094925	0.117599	0.121026	0.024474	0.01098	0.031419	0.027714	0.0	0.0	0.0	0.0	0.0	0.0	0.0	0.0	1.4884	1.342327	1.425898	0.277653	0.268825	0.261725
k__Bacteria|p__Firmicutes|c__CFGB77385|o__OFGB77385|f__FGB77385	0.001894	0.009628	0.002795	0.004142	0.0	0.0	0.0	0.0	0.0	0.0	0.0	0.0	0.0	0.0	0.0	0.0	0.0	0.0	0.0	0.0	0.0	0.0	0.0	0.0	0.0	0.0	0.0	0.0	0.0	0.0	0.0	0.0	0.0	0.0	0.0	0.0	0.0	0.0	0.0	0.0	0.0	0.0	0.0	0.0
k__Bacteria|p__Firmicutes|c__Erysipelotrichia|o__Erysipelotrichales|f__Erysipelotrichaceae	0.0007	0.0	0.0	0.0	0.058481	0.049811	0.0634	0.019232	0.008398	0.003267	0.008328	0.0	0.0	0.0	0.0	0.0	0.0	0.0	0.043249	0.030597	0.030922	0.029831	0.061028	0.085514	0.09325	0.065741	0.270257	0.32235	0.291651	0.27936	0.247519	0.260356	0.130568	0.081441	0.16819	0.198028	0.155984	0.186074	0.070667	0.06511	0.068043	0.0	0.0	0.0
k__Bacteria|p__Bacteroidota|c__Bacteroidia|o__Bacteroidales|f__Bacteroidaceae|g__Bacteroides	16.396661	16.543127	16.455633	16.689318	27.024826	26.20332	26.464794	16.303125	16.56527	16.538804	16.632632	32.558031	32.363271	32.440376	41.883688	42.37181	42.151233	42.243084	9.804978	9.913195	9.689513	9.581405	4.488975	4.379669	4.208695	4.045326	1.433696	1.535341	1.458301	1.413702	0.066418	0.106046	0.0	0.0	19.699228	19.740826	19.311779	19.264835	5.00071	5.078344	4.888393	9.610891	9.713423	9.711389
k__Bacteria|p__Bacteroidota|c__Bacteroidia|o__Bacteroidales|f__Bacteroidaceae|g__Phocaeicola	14.33444	14.673105	14.803065	15.555558	40.413628	39.396185	40.438431	5.681522	5.989668	5.687709	6.138146	12.228719	12.781583	12.731977	19.250986	19.808066	20.400131	20.80972	4.149959	4.366348	4.461718	4.762981	0.938195	0.985146	1.035022	0.844828	0.30683	0.238389	0.241346	0.275806	0.111294	0.182849	0.0	0.024887	21.089709	21.637602	20.890055	21.420606	14.621713	15.699064	14.797322	8.030449	7.920009	8.072361
k__Bacteria|p__Bacteroidota|c__Bacteroidia|o__Bacteroidales|f__Prevotellaceae|g__Segatella	8.270535	8.099493	8.433546	8.210629	0.001279	0.0	0.002644	0.0	0.0	0.0	0.0	0.0	0.0	0.0	0.06072	0.062703	0.050162	0.063226	0.0	0.0	0.0	0.0	15.4084	15.959851	15.771555	15.332541	53.850179	53.949341	53.607627	54.327796	24.308219	24.664358	24.724293	24.877202	0.086124	0.07859	0.088369	0.069146	0.0	0.0	0.0	13.404561	13.535027	13.657852
k__Bacteria|p__Bacteroidota|c__Bacteroidia|o__Bacteroidales|f__Prevotellaceae|g__Paraprevotella	6.998493	7.1366	7.153159	7.044414	0.0	0.0	0.0	0.0	0.0	0.0	0.0	0.0	0.0	0.0	0.0	0.0	0.0	0.0	0.0	0.0	0.0	0.0	0.118873	0.135889	0.139778	0.119443	0.0	0.0	0.0	0.0	0.0	0.0	0.0	0.0	0.0	0.0	0.0	0.0	0.118484	0.108246	0.097552	0.0	0.0	0.0
k__Bacteria|p__Firmicutes|c__Clostridia|o__Lachnospirales|f__Lachnospiraceae|g__GGB74412	5.001497	5.136017	5.068649	5.166296	0.0	0.0	0.0	0.0	0.0	0.0	0.0	1.507875	1.508909	1.532392	0.0	0.0	0.0	0.0	0.0	0.0	0.0	0.0	0.0	0.0	0.0	0.0	0.021733	0.019927	0.015248	0.015093	0.0	0.0	0.0	0.0	10.328312	10.305677	10.452416	10.922276	1.051624	1.110644	1.065754	1.024233	1.029515	1.058702
k__Bacteria|p__Bacteroidota|c__Bacteroidia|o__Bacteroidales|f__Bacteroidaceae|g__Bacteroidaceae_unclassified	2.981269	2.940064	2.970535	2.874297	0.0	0.0	0.0	0.0	0.0	0.0	0.0	0.0	0.0	0.0	0.0	0.0	0.0	0.0	0.0	0.0	0.0	0.0	0.002592	0.001435	0.003808	0.0	0.0	0.0	0.0	0.0	0.0	0.0	0.0	0.0	0.0	0.0	0.0	0.0	0.0	0.0	0.0	0.0	0.0	0.0
k__Bacteria|p__Firmicutes|c__CFGB14936|o__OFGB14936|f__FGB14936|g__GGB3256	2.913711	2.832009	2.861207	2.736628	0.0	0.0	0.0	0.0	0.0	0.0	0.0	0.0	0.0	0.0	0.0	0.0	0.0	0.0	0.0	0.0	0.0	0.0	0.0	0.0	0.0	0.0	0.0	0.0	0.0	0.0	0.0	0.0	0.0	0.0	0.0	0.0	0.0	0.0	0.401303	0.41516	0.394467	0.0	0.0	0.0
k__Bacteria|p__Bacteroidota|c__CFGB629|o__OFGB629|f__FGB629|g__GGB1495	2.857234	2.791469	2.781156	2.619532	0.0	0.0	0.0	0.261011	0.240298	0.235161	0.22413	0.0	0.0	0.0	0.0	0.0	0.0	0.0	0.0	0.0	0.0	0.0	0.011653	0.007446	0.010854	0.0	0.0	0.0	0.0	0.0	1.175209	1.089664	0.71829	0.751639	0.0	0.0	0.0	0.0	0.0	0.0	0.0	4.407923	4.264544	4.22586
k__Bacteria|p__Firmicutes|c__Clostridia|o__Lachnospirales|f__Lachnospiraceae|g__Roseburia	2.758064	2.685582	2.694243	2.632386	2.771715	2.641919	2.718538	0.666248	0.640873	0.647606	0.672522	0.758662	0.738161	0.702548	0.249164	0.21939	0.230134	0.181481	2.997817	3.085777	2.994585	3.10168	0.235027	0.236391	0.221167	0.216225	0.530362	0.513244	0.449682	0.494306	1.170063	0.835308	0.52777	0.485016	12.617979	13.021617	13.469259	13.029634	0.740655	0.830203	0.70663	1.397052	1.347661	1.325703
k__Bacteria|p__Firmicutes|c__Clostridia|o__Eubacteriales|f__Clostridiaceae|g__Clostridium	2.402362	2.226473	2.40652	2.372388	0.327654	0.262883	0.279585	1.443597	1.438589	1.520092	1.508075	0.619178	0.600656	0.612537	0.475699	0.463739	0.468381	0.431627	1.508461	1.439158	1.510695	1.404691	1.065446	1.104021	1.085517	1.050687	0.357588	0.329176	0.323635	0.282872	1.525421	1.499378	1.498879	1.676591	0.924536	0.932503	0.883258	1.026156	0.777145	0.812778	0.779418	2.449152	2.542362	2.622397
k__Bacteria|p__Bacteroidota|c__Bacteroidia|o__Bacteroidales|f__Tannerellaceae|g__Parabacteroides	2.213794	2.170802	2.179017	2.263884	2.958715	2.760663	2.807405	2.074498	2.02482	2.039062	2.088503	1.279488	1.285267	1.179148	4.339865	4.292482	4.341423	4.332426	2.065164	2.13355	1.997528	2.061585	0.339335	0.367965	0.33655	0.324508	0.524984	0.604793	0.542297	0.578677	0.130819	0.112397	0.0	0.0	3.302929	3.215495	3.255482	3.223931	1.473637	1.45601	1.533223	2.533233	2.464233	2.474102
k__Bacteria|p__Firmicutes|c__Clostridia|o__Eubacteriales|f__Oscillospiraceae|g__Faecalibacterium	2.163637	2.109753	1.967656	2.004712	1.736223	1.792489	1.650084	4.529356	4.524041	4.367533	4.486067	4.506107	4.201983	4.161577	2.190285	2.105804	1.997918	2.03399	2.268441	2.207213	2.250331	2.111229	3.042506	2.806165	2.922828	2.942657	0.472631	0.441316	0.38537	0.431589	0.414788	0.393357	0.0	0.0	1.789147	1.752772	1.823075	1.911487	2.690908	2.684339	2.514269	1.625966	1.493642	1.503183
k__Bacteria|p__Firmicutes|c__Clostridia|o__Lachnospirales|f__Lachnospiraceae|g__Lachnospira	1.93378	1.9774	2.023477	2.032393	0.0	0.0	0.0	2.192316	2.265122	2.237231	2.219309	0.021026	0.030547	0.026669	0.125444	0.110351	0.092587	0.132527	1.936611	1.955033	2.023688	2.042868	0.055645	0.069472	0.063322	0.071746	0.086157	0.086919	0.113054	0.096547	0.0	0.0	0.0	0.0	6.857124	7.381046	7.233042	7.289803	1.586467	1.623219	1.658758	0.0	0.0	0.0
k__Bacteria|p__Bacteroidota|c__CFGB11479|o__OFGB11479|f__FGB11479|g__GGB1630	1.837591	1.848027	1.792972	1.875767	0.0	0.0	0.0	0.0	0.0	0.0	0.0	0.0	0.0	0.0	0.0	0.0	0.0	0.0	0.0	0.0	0.0	0.0	0.0	0.0	0.0	0.0	0.0	0.0	0.0	0.0	0.0	0.0	0.0	0.0	0.0	0.0	0.0	0.0	0.0	0.0	0.0	0.0	0.0	0.0
k__Bacteria|p__Firmicutes|c__Clostridia|o__Lachnospirales|f__Lachnospiraceae|g__Agathobacter	1.793014	1.824237	1.760903	1.845591	1.605608	1.571967	1.540229	8.682134	8.756984	8.957251	8.780264	2.654633	2.694431	2.671126	2.130931	2.239876	2.202901	2.123094	1.82519	1.825806	1.828968	1.871005	0.398191	0.409057	0.434016	0.392878	0.678958	0.670077	0.634461	0.671546	1.345135	1.373648	1.366689	1.142606	0.0	0.0	0.0	0.0	2.514546	2.643043	2.604688	0.827254	0.783975	0.822276
k__Bacteria|p__Pseudomonadota|c__Betaproteobacteria|o__Burkholderiales|f__Sutterellaceae|g__Parasutterella	1.601177	1.778162	1.707303	1.638969	1.335813	1.326861	1.310644	0.115223	0.110178	0.106933	0.096307	0.680012	0.661629	0.643195	0.0	0.0	0.0	0.0	0.217132	0.263726	0.245768	0.224122	0.0	0.0	0.0	0.0	0.079156	0.076866	0.079228	0.074262	0.0	0.0	0.0	0.0	0.0	0.0	0.0	0.0	0.779018	0.784465	0.785137	0.000712	0.0	0.0
k__Bacteria|p__Firmicutes|c__Clostridia|o__Lachnospirales|f__Lachnospiraceae|g__Blautia	1.017895	0.986045	0.970791	0.930222	0.612553	0.605999	0.565493	0.847538	0.928303	0.781811	0.870662	0.74671	0.788324	0.772296	0.819169	0.83141	0.837714	0.737871	2.230712	2.225238	2.255815	2.156661	0.132938	0.124885	0.150598	0.137271	0.225697	0.2397	0.212715	0.18688	0.011918	0.017704	0.0	0.0	2.095916	2.184118	1.985757	1.98631	0.80473	0.810286	0.748359	1.036558	1.07501	0.999202
k__Bacteria|p__Firmicutes|c__Clostridia|o__Lachnospirales|f__Lachnospiraceae|g__Mediterraneibacter	1.016443	1.008654	1.036811	1.010122	0.150059	0.15554	0.163451	0.231654	0.256019	0.230876	0.225624	0.169588	0.176981	0.178932	0.339731	0.361356	0.311176	0.357576	0.40896	0.452141	0.42833	0.444888	0.06705	0.089785	0.094146	0.098288	0.170488	0.189685	0.206452	0.200753	0.058162	0.061121	0.0	0.0	2.289556	2.412436	2.186991	2.3073	0.094958	0.115471	0.091492	0.129204	0.16684	0.147893
k__Bacteria|p__Firmicutes|c__Clostridia|o__Lachnospirales|f__Lachnospiraceae|g__Dorea	0.989496	0.94299	0.944581	0.908763	0.369927	0.348857	0.352821	0.380093	0.357387	0.363157	0.373222	0.354844	0.344119	0.352262	0.120853	0.142671	0.128358	0.090175	0.239435	0.255218	0.227755	0.236667	0.246257	0.204832	0.229868	0.235276	0.244784	0.223061	0.245419	0.197761	0.250402	0.223661	0.256791	0.0	0.0	0.0	0.0	0.0	0.151133	0.161672	0.144684	0.186082	0.151785	0.15165
k__Bacteria|p__Thermodesulfobacteriota|c__Desulfovibrionia|o__Desulfovibrionales|f__Desulfovibrionaceae|g__Desulfovibrio	0.872427	0.634583	0.801289	0.73766	0.0	0.0	0.0	0.091524	0.061112	0.04993	0.084473	0.0	0.0	0.0	0.0	0.0	0.0	0.0	0.0	0.0	0.0	0.0	0.0	0.0	0.0	0.0	0.0	0.0	0.0	0.0	0.286327	0.320239	0.0	0.283596	0.0	0.0	0.0	0.0	0.017557	0.01632	0.022512	0.0	0.0	0.0
k__Bacteria|p__Firmicutes|c__CFGB3054|o__OFGB3054|f__FGB3054|g__GGB9715	0.680506	0.5682	0.635462	0.65822	0.0	0.0	0.0	0.0	0.0	0.0	0.0	0.648237	0.798198	0.630302	0.0	0.0	0.0	0.0	0.426377	0.457636	0.446457	0.480155	0.223262	0.161817	0.221069	0.212308	0.02793	0.050376	0.042704	0.040628	0.361891	0.246253	0.0	0.068003	0.0	0.0	0.0	0.0	0.0	0.0	0.0	0.0	0.0	0.0
k__Bacteria|p__Firmicutes|c__Negativicutes|o__Acidaminococcales|f__Acidaminococcaceae|g__Phascolarctobacterium	0.551733	0.588505	0.565698	0.599428	0.421033	0.464979	0.433439	0.534272	0.539897	0.409069	0.517749	0.218247	0.242781	0.184838	0.0	0.0	0.0	0.0	0.317291	0.329704	0.301794	0.33358	0.512646	0.478936	0.512421	0.509813	1.152165	1.120709	1.096207	1.05614	0.0	0.0	0.0	0.0	0.245635	0.323538	0.308455	0.36015	0.751792	0.705628	0.722706	0.0	0.0	0.0
k__Bacteria|p__Firmicutes|c__Clostridia|o__Eubacteriales|f__Clostridiaceae|g__Clostridiaceae_unclassified	0.538134	0.571986	0.54189	0.515094	0.004694	0.001285	0.002648	0.082669	0.114443	0.0808	0.088998	0.087648	0.072957	0.094609	0.024474	0.026188	0.004031	0.0	0.132583	0.153327	0.155686	0.133507	0.334026	0.294175	0.289746	0.293259	0.007071	0.012653	0.016168	0.011726	0.0	0.0	0.0	0.0	0.237694	0.22044	0.232283	0.197711	0.076698	0.090429	0.078095	0.024264	0.044387	0.04623
k__Bacteria|p__Firmicutes|c__Erysipelotrichia|o__Erysipelotrichales|f__Coprobacillaceae|g__Catenibacterium	0.487492	0.605437	0.627646	0.528998	0.862101	0.850436	0.947228	0.0	0.0	0.0	0.0	0.0	0.0	0.0	0.0	0.0	0.0	0.0	0.0	0.0	0.0	0.0	0.0	0.0	0.0	0.0	0.0	0.0	0.0	0.0	0.242294	0.267452	0.071802	0.0	0.0	0.0	0.0	0.0	0.0	0.0	0.0	0.0	0.0	0.0
k__Bacteria|p__Firmicutes|c__Clostridia|o__Lachnospirales|f__Lachnospiraceae|g__Anaerostipes	0.485288	0.533553	0.505543	0.580878	0.568023	0.509231	0.525784	0.443798	0.478309	0.490588	0.460207	0.379148	0.370197	0.406355	0.0	0.0	0.0	0.0	0.423905	0.432669	0.415852	0.433192	0.150746	0.171739	0.15853	0.162313	0.00339	0.013299	0.005559	0.0	0.0	0.0	0.0	0.0	0.504527	0.517903	0.465664	0.47773	0.255592	0.233161	0.237541	0.590258	0.645404	0.629732
k__Bacteria|p__Bacteroidota|c__Bacteroidia|o__Bacteroidales|f__Prevotellaceae|g__Prevotella	0.456502	0.481751	0.458247	0.470038	0.0	0.0	0.0	0.0	0.0	0.0	0.0	0.0	0.0	0.0	0.0	0.0	0.0	0.0	0.0	0.0	0.0	0.0	0.0	0.0	0.0	0.0	0.0	0.0	0.0	0.0	3.62868	3.591863	3.506957	3.53762	0.0	0.0	0.0	0.0	0.0	0.0	0.0	0.0	0.0	0.0
k__Bacteria|p__Firmicutes|c__Clostridia|o__Eubacteriales|f__Clostridiaceae|g__Pilosibacter	0.413683	0.401433	0.430685	0.343195	0.284718	0.271133	0.279964	0.117101	0.097584	0.110481	0.10161	0.025343	0.029902	0.01721	0.0	0.0	0.0	0.0	0.000963	0.0	0.0	0.0	0.051232	0.061847	0.036032	0.043095	0.041581	0.038694	0.029668	0.024062	0.01732	0.035745	0.0	0.0	0.008484	0.0	0.014969	0.011944	0.035578	0.028505	0.027504	0.017107	0.023616	0.021494
k__Bacteria|p__Actinomycetota|c__Coriobacteriia|o__Coriobacteriales|f__Coriobacteriaceae|g__Collinsella	0.388689	0.28063	0.331105	0.261445	0.021521	0.007885	0.010488	0.120639	0.124229	0.115881	0.120632	0.210458	0.204519	0.204024	0.0	0.0	0.0	0.0	0.416915	0.356258	0.355237	0.383929	0.037228	0.035858	0.03577	0.033289	0.086867	0.068929	0.069439	0.060353	0.240911	0.312567	0.08799	0.087854	0.195513	0.203196	0.184218	0.155208	0.17213	0.170016	0.174083	0.0	0.0	0.0
k__Bacteria|p__Bacteroidota|c__Bacteroidia|o__Bacteroidales|f__Odoribacteraceae|g__Odoribacter	0.352055	0.452938	0.324312	0.413638	0.526386	0.508581	0.480856	0.809613	0.880341	0.874686	0.848963	0.68149	0.670515	0.700214	0.422212	0.436821	0.406574	0.421925	0.180169	0.179366	0.189117	0.1786	0.778253	0.763822	0.715537	0.688236	0.178424	0.179176	0.176502	0.183078	0.00703	0.0	0.0	0.0	0.087604	0.121861	0.103321	0.091739	0.116394	0.116803	0.100371	3.780013	3.69994	3.665262
k__Bacteria|p__Actinomycetota|c__Actinomycetes|o__Bifidobacteriales|f__Bifidobacteriaceae|g__Bifidobacterium	0.318855	0.312369	0.262732	0.268955	0.166827	0.135056	0.141883	0.21792	0.2182	0.209444	0.213969	0.320697	0.306474	0.296235	0.0	0.0	0.0	0.0	1.269562	1.233514	1.21422	1.195584	0.0	0.0	0.0	0.0	0.0	0.0	0.0	0.0	0.208825	0.126057	0.0	0.0	0.160456	0.151896	0.142164	0.118641	0.65696	0.564242	0.542736	0.32657	0.25484	0.296194
k__Bacteria|p__Firmicutes|c__Clostridia|o__Lachnospirales|f__Lachnospiraceae|g__Coprococcus	0.294537	0.291026	0.298508	0.2834	0.01281	0.021428	0.007302	0.183496	0.190764	0.181598	0.197908	1.311703	1.342253	1.28732	0.097595	0.084509	0.092295	0.07806	0.214325	0.217019	0.214966	0.236485	0.879688	0.857024	0.857002	0.886492	0.478808	0.437595	0.441872	0.413978	0.456908	0.445954	0.279697	0.124366	0.021247	0.031333	0.042915	0.024611	0.06338	0.064166	0.063122	0.008271	0.013189	0.007548
k__Bacteria|p__Firmicutes|c__Clostridia|o__Eubacteriales|f__Eubacteriales_unclassified|g__Gemmiger	0.275085	0.28139	0.291682	0.292187	0.061786	0.079043	0.089624	0.212969	0.156141	0.168828	0.181772	0.518429	0.482622	0.530691	2.021611	1.865504	1.866444	1.936223	0.384714	0.357552	0.384492	0.392637	0.190921	0.182862	0.193057	0.187355	0.106996	0.094513	0.10801	0.097158	0.0	0.0	0.0	0.0	0.0	0.0	0.0	0.0	0.260005	0.268113	0.278482	0.269797	0.246774	0.254952
k__Bacteria|p__Firmicutes|c__Clostridia|o__Eubacteriales|f__Oscillospiraceae|g__Hydrogenoanaerobacterium	0.260547	0.248119	0.224077	0.252255	0.04275	0.057295	0.044731	0.010799	0.009017	0.003839	0.005941	0.0	0.0	0.0	0.047006	0.037236	0.039867	0.0402	0.0	0.0	0.0	0.0	0.075194	0.076413	0.066103	0.070049	0.0	0.0	0.0	0.0	0.0	0.0	0.0	0.0	0.070237	0.056101	0.061122	0.045257	0.007985	0.004141	0.005614	0.054646	0.070749	0.061065
k__Bacteria|p__Firmicutes|c__Clostridia|o__Eubacteriales|f__Beduinellaceae|g__GGB9759	0.231481	0.208897	0.227395	0.215205	0.0	0.0	0.0	0.0	0.0	0.0	0.0	0.0	0.0	0.0	0.0	0.0	0.0	0.0	0.0	0.0	0.0	0.0	0.0	0.0	0.0	0.0	0.014518	0.019911	0.015672	0.019107	0.0	0.0	0.0	0.0	0.0	0.0	0.0	0.0	0.0	0.0	0.0	0.0	0.0	0.0
k__Bacteria|p__Bacteroidota|c__CFGB529|o__OFGB529|f__FGB529|g__GGB1093	0.217932	0.199123	0.248779	0.275219	0.0	0.0	0.0	0.0	0.0	0.0	0.0	0.0	0.0	0.0	0.0	0.0	0.0	0.0	0.0	0.0	0.0	0.0	0.21555	0.1998	0.234564	0.20797	0.0	0.0	0.0	0.0	0.748851	0.920465	0.526361	0.415204	0.0	0.0	0.0	0.0	0.0	0.0	0.0	0.0	0.0	0.0
k__Bacteria|p__Firmicutes|c__CFGB1765|o__OFGB1765|f__FGB1765|g__GGB4566	0.198246	0.249413	0.210671	0.200357	0.0	0.0	0.0	0.0	0.0	0.0	0.0	0.0	0.0	0.0	0.0	0.0	0.0	0.0	0.176168	0.173397	0.175575	0.18318	0.037508	0.026987	0.028812	0.02337	0.074723	0.074327	0.095307	0.07589	0.0	0.0	0.0	0.0	0.0	0.0	0.0	0.0	0.0	0.0	0.0	0.0	0.0	0.0
k__Bacteria|p__Bacteroidota|c__Bacteroidia|o__Bacteroidales|f__Rikenellaceae|g__Alistipes	0.195582	0.156616	0.164399	0.181325	2.108639	2.056256	2.006391	21.007509	20.144326	19.790212	19.622702	5.054719	4.827936	4.699165	10.376481	10.033671	9.866041	10.012567	6.53719	6.355543	6.303917	6.302718	1.913202	1.69602	1.684577	1.658131	0.490452	0.497248	0.479236	0.44858	0.600122	0.564081	0.017701	0.134918	3.67153	3.32045	3.404843	3.337873	3.266285	3.241912	3.171812	11.522676	10.959126	10.724228
k__Bacteria|p__Firmicutes|c__Clostridia|o__Lachnospirales|f__Lachnospiraceae|g__Waltera	0.182161	0.226934	0.18303	0.167855	0.123196	0.114051	0.12616	0.036505	0.029247	0.045903	0.023582	0.124345	0.131104	0.120938	0.169588	0.188299	0.174175	0.212328	0.016565	0.020734	0.016201	0.015404	0.948465	1.02016	0.965468	0.957653	0.179451	0.186519	0.173962	0.16236	0.120799	0.078263	0.0	0.0	0.529579	0.532297	0.52643	0.525361	0.870278	0.942288	0.865643	0.211817	0.208394	0.212085
k__Bacteria|p__Firmicutes|c__Clostridia|o__Eubacteriales|f__Oscillospiraceae|g__Oscillibacter	0.179728	0.127125	0.142628	0.158814	0.0	0.0	0.0	0.052113	0.051876	0.028696	0.042811	0.929989	0.787892	0.816677	0.0	0.0	0.0	0.0	0.096332	0.108561	0.109081	0.115265	1.048617	0.924122	0.961946	0.921909	0.254313	0.2118	0.184139	0.207816	0.436841	0.349441	0.0	0.243822	0.0	0.0	0.0	0.0	1.858074	1.656625	1.704239	1.008956	0.98097	1.011739
k__Bacteria|p__Firmicutes|c__Clostridia|o__Lachnospirales|f__Anaerotignaceae|g__Anaerotignum	0.169048	0.131354	0.111005	0.168148	0.17965	0.207858	0.209975	0.0	0.0	0.0	0.0	0.0	0.000663	0.0	0.0	0.0	0.0	0.0	0.0	0.0	0.0	0.0	0.02761	0.037985	0.026068	0.035624	0.045529	0.040673	0.040777	0.036088	0.0	0.0	0.0	0.0	0.226576	0.247926	0.263378	0.17163	0.00748	0.031811	0.031894	0.195129	0.164293	0.157393
k__Bacteria|p__Firmicutes|c__Clostridia|o__Lachnospirales|f__Lachnospiraceae|g__Simiaoa	0.154442	0.169789	0.152977	0.163183	0.0	0.0	0.0	0.0	0.0	0.0	0.0	0.0	0.0	0.0	0.0	0.0	0.0	0.0	0.0	0.0	0.0	0.0	0.149095	0.15817	0.126983	0.150399	1.256534	1.20354	1.195576	1.182225	2.896457	2.967805	2.946457	3.249097	0.0	0.0	0.0	0.0	0.808423	0.750629	0.798104	0.0	0.0	0.0
k__Bacteria|p__Bacteroidota|c__CFGB4405|o__OFGB4405|f__FGB4405|g__GGB1266	0.152471	0.135865	0.125504	0.108691	0.0	0.0	0.0	0.0	0.0	0.0	0.0	0.0	0.0	0.0	0.0	0.0	0.0	0.0	0.0	0.0	0.0	0.0	0.0	0.0	0.0	0.0	1.93133	1.851768	1.868468	1.905031	0.331709	0.269001	0.0	0.039185	0.0	0.0	0.0	0.0	0.0	0.0	0.0	0.0	0.0	0.0
k__Bacteria|p__Firmicutes|c__Clostridia|o__Eubacteriales|f__Oscillospiraceae|g__GGB9636	0.144552	0.122483	0.138171	0.152861	0.0	0.0	0.0	0.0	0.0	0.0	0.0	0.0	0.0	0.0	0.0	0.0	0.0	0.0	0.0	0.0	0.0	0.0	0.0	0.0	0.0	0.0	0.0	0.0	0.0	0.0	0.462602	0.363051	0.165486	0.287684	0.0	0.0	0.0	0.0	0.0	0.0	0.0	0.0	0.0	0.0
k__Bacteria|p__Firmicutes|c__Clostridia|o__Lachnospirales|f__Lachnospiraceae|g__Anaerobutyricum	0.140133	0.130334	0.106292	0.133865	0.077497	0.044046	0.035594	0.202784	0.232106	0.187651	0.219313	0.300663	0.265776	0.298748	0.43304	0.416922	0.407385	0.349355	0.330468	0.322954	0.307488	0.262124	0.050591	0.05746	0.052247	0.063338	0.012892	0.011105	0.015101	0.002862	0.0	0.0	0.0	0.0	0.240363	0.246626	0.200292	0.209062	0.097392	0.09757	0.08837	0.169297	0.179202	0.182429
k__Bacteria|p__Firmicutes|c__Clostridia|o__Lachnospirales|f__Lachnospiraceae|g__Anthropogastromicrobium	0.110645	0.093973	0.117019	0.118773	0.008047	0.010063	0.014403	0.0	0.0	0.0	0.0	0.139749	0.148269	0.145351	0.043306	0.046533	0.049701	0.032086	0.288614	0.330019	0.312804	0.314803	0.056864	0.052259	0.06026	0.071175	0.020863	0.034012	0.028328	0.026009	0.027196	0.012235	0.0	0.0	0.0	0.0	0.0	0.0	0.244276	0.259159	0.258838	0.07339	0.070341	0.082102
k__Bacteria|p__Thermodesulfobacteriota|c__Desulfovibrionia|o__Desulfovibrionales|f__Desulfovibrionaceae|g__Bilophila	0.100711	0.077325	0.08157	0.085661	0.0	0.0	0.0	0.183626	0.181252	0.183724	0.144128	0.117238	0.146099	0.144093	0.291378	0.255017	0.272917	0.27821	0.137959	0.130757	0.118943	0.131816	0.0	0.0	0.0	0.0	0.024789	0.02782	0.025241	0.033714	0.014261	0.0	0.0	0.0	0.048688	0.028942	0.031998	0.027786	0.020001	0.018872	0.019312	0.160775	0.131853	0.147812
k__Bacteria|p__Firmicutes|c__Clostridia|o__Eubacteriales|f__Oscillospiraceae|g__Hominilimicola	0.100463	0.104608	0.108053	0.076752	0.258555	0.246878	0.246387	0.024579	0.022274	0.014719	0.01587	0.07037	0.073724	0.083952	0.052519	0.04837	0.043839	0.053661	0.0	0.0	0.0	0.0	0.0	0.0	0.0	0.0	0.0	0.0	0.0	0.0	0.0	0.0	0.0	0.0	0.205451	0.202936	0.177116	0.131667	0.071706	0.090354	0.069719	0.028808	0.041847	0.041598
k__Bacteria|p__Firmicutes|c__Clostridia|o__Lachnospirales|f__Lachnospiraceae|g__Lachnospiraceae_unclassified	0.094759	0.100163	0.105592	0.106331	1.483354	1.434642	1.431499	0.0	0.0	0.0	0.0	0.0	0.0	0.0	0.0	0.0	0.0	0.0	0.334796	0.354133	0.328782	0.407213	0.516925	0.517938	0.484399	0.554789	0.335968	0.327655	0.345558	0.349889	0.0	0.0	0.0	0.0	0.0	0.0	0.0	0.0	0.11587	0.09771	0.08473	0.032738	0.042847	0.035511
k__Bacteria|p__Firmicutes|c__CFGB1765|o__OFGB1765|f__FGB1765|g__GGB4552	0.093804	0.114577	0.115241	0.112216	0.0	0.0	0.0	0.0	0.0	0.0	0.0	0.0	0.0	0.0	0.0	0.0	0.0	0.0	2.674905	2.923349	2.812814	2.870338	0.0	0.0	0.0	0.0	0.300654	0.28228	0.317368	0.307664	0.0	0.0	0.0	0.0	0.0	0.0	0.0	0.0	0.0	0.0	0.0	0.0	0.0	0.0
k__Bacteria|p__Firmicutes|c__CFGB1354|o__OFGB1354|f__FGB1354|g__GGB3304	0.074043	0.093391	0.063204	0.075894	0.0	0.0	0.0	0.0	0.0	0.0	0.0	0.0	0.0	0.0	0.0	0.0	0.0	0.0	0.0	0.0	0.0	0.0	0.0	0.0	0.0	0.0	0.261495	0.2678	0.22778	0.261378	2.584451	2.426204	1.972429	2.182555	0.0	0.0	0.0	0.0	0.69037	0.639784	0.640081	0.0	0.0	0.0
k__Bacteria|p__Firmicutes|c__Clostridia|o__Eubacteriales|f__Butyricicoccaceae|g__Agathobaculum	0.070168	0.039187	0.040986	0.043325	0.018268	0.025923	0.015554	0.042183	0.052891	0.05341	0.049972	0.117069	0.095106	0.130547	0.0	0.0	0.0	0.0	0.026236	0.025908	0.041824	0.071398	0.0	0.0	0.0	0.0	0.0	0.0	0.0	0.0	0.0	0.0	0.0	0.0	0.162114	0.127114	0.144198	0.116522	0.013893	0.00773	0.006241	0.114183	0.095536	0.094402
k__Bacteria|p__Firmicutes|c__Clostridia|o__Eubacteriales|f__Butyricicoccaceae|g__Butyricicoccus	0.068768	0.071244	0.0465	0.064746	0.0	0.0	0.0	0.0	0.0	0.0	0.0	0.0	0.0	0.0	0.0	0.0	0.0	0.0	0.0	0.0	0.0	0.0	0.0	0.0	0.0	0.0	0.0	0.0	0.0	0.0	0.0	0.0	0.0	0.0	0.0	0.0	0.0	0.0	0.042058	0.044535	0.043513	0.0	0.0	0.0
k__Bacteria|p__Firmicutes|c__Clostridia|o__Eubacteriales|f__Eubacteriales_unclassified|g__Evtepia	0.06617	0.057376	0.05038	0.062334	0.0	0.0	0.0	0.0	0.0	0.0	0.0	0.021498	0.019624	0.012986	0.0	0.0	0.0	0.0	0.0	0.0	0.0	0.0	0.010147	0.0	0.0	0.006282	0.0	0.0	0.0	0.0	0.0	0.0	0.0	0.0	0.023097	0.004733	0.00959	0.002644	0.018845	0.018218	0.013701	0.011666	0.0	0.0
k__Bacteria|p__Firmicutes|c__Clostridia|o__Lachnospirales|f__Lachnospiraceae|g__Enterocloster	0.065578	0.089856	0.075487	0.058605	0.0	0.0	0.0	0.0	0.001825	0.0	0.0	0.0	0.0	0.0	0.0	0.0	0.0	0.0	0.0	0.0	0.0	0.0	0.0	0.0	0.0	0.0	0.0	0.0	0.0	0.0	0.0	0.0	0.0	0.0	0.0	0.001963	0.0	0.0	0.0	0.0	0.0	0.010173	0.003406	0.004838
k__Bacteria|p__Thermodesulfobacteriota|c__Desulfovibrionia|o__Desulfovibrionales|f__Desulfovibrionaceae|g__GGB9818	0.063179	0.040993	0.045334	0.048096	0.0	0.0	0.0	0.0	0.0	0.0	0.0	0.0	0.0	0.0	0.0	0.0	0.0	0.0	0.037462	0.033753	0.040704	0.024534	0.0	0.0	0.0	0.0	0.0	0.0	0.0	0.0	0.0	0.0	0.0	0.0	0.0	0.0	0.0	0.0	0.021758	0.030446	0.022412	0.0	0.0	0.0
k__Bacteria|p__Firmicutes|c__Clostridia|o__Lachnospirales|f__Lachnospiraceae|g__Fusicatenibacter	0.052066	0.047316	0.068013	0.033305	0.549939	0.5501	0.559421	1.230448	1.213739	1.220684	1.287869	0.589374	0.57293	0.574661	0.254903	0.252787	0.20517	0.224203	0.848216	0.851375	0.81163	0.779692	0.150782	0.133527	0.152294	0.14796	0.028571	0.023577	0.019793	0.017153	0.0	0.0	0.0	0.0	0.591799	0.543696	0.460224	0.493898	0.237645	0.222511	0.204562	0.363015	0.336009	0.326008
k__Bacteria|p__Bacteroidota|c__Bacteroidia|o__Bacteroidales|f__Odoribacteraceae|g__Butyricimonas	0.04168	0.018461	0.041104	0.021007	0.607519	0.553169	0.56495	0.0	0.0	0.0	0.0	0.425818	0.371088	0.380248	0.0	0.0	0.0	0.0	0.04964	0.048588	0.043068	0.038702	0.18214	0.162247	0.166415	0.160189	0.246604	0.25158	0.226922	0.252583	0.0	0.0	0.0	0.0	0.0	0.0	0.0	0.0	0.052893	0.057601	0.037379	0.776845	0.788443	0.876075
k__Bacteria|p__Firmicutes|c__Clostridia|o__Eubacteriales|f__Oscillospiraceae|g__Dysosmobacter	0.039142	0.023945	0.037152	0.020641	1.356168	1.339788	1.407858	0.882382	0.811597	0.800336	0.818358	0.64292	0.614273	0.613784	0.402394	0.394405	0.420506	0.420232	0.378797	0.427079	0.365193	0.449475	0.403045	0.377334	0.389384	0.411908	0.113065	0.090221	0.104069	0.085457	0.206482	0.176932	0.0	0.0	0.117688	0.072597	0.089146	0.068561	2.252125	2.157672	2.1115	0.677268	0.606725	0.598431
k__Bacteria|p__Firmicutes|c__Clostridia|o__Lachnospirales|f__Lachnospiraceae|g__Frisingicoccus	0.03853	0.054719	0.040715	0.036725	0.0	0.0	0.0	0.108969	0.136321	0.111525	0.130297	0.0	0.0	0.0	0.0	0.0	0.0	0.0	0.0	0.0	0.0	0.0	0.0	0.0	0.0	0.0	0.0	0.0	0.0	0.0	0.0	0.0	0.0	0.0	0.0	0.0	0.0	0.0	0.0	0.0	0.0	0.0	0.0	0.0
k__Bacteria|p__Firmicutes|c__Clostridia|o__Eubacteriales|f__Oscillospiraceae|g__Ruthenibacterium	0.038132	0.034617	0.047705	0.048632	0.078155	0.084501	0.075525	0.137383	0.145472	0.134999	0.120549	0.030771	0.034439	0.032122	0.024851	0.008697	0.008146	0.001803	0.019066	0.005742	0.010852	0.003345	0.202656	0.172574	0.203862	0.19319	0.0	0.0	0.0	0.0	0.0	0.0	0.0	0.0	0.335282	0.337825	0.33533	0.342866	0.0	0.000606	0.0	0.04156	0.032272	0.031314
k__Bacteria|p__Firmicutes|c__Clostridia|o__Clostridia_unclassified|f__Clostridia_unclassified|g__Clostridia_unclassified	0.037618	0.040507	0.053837	0.054106	0.0	0.0	0.0	0.0	0.0	0.0	0.0	0.0	0.0	0.0	0.006221	0.007514	0.00582	0.0	0.0	0.0	0.0	0.0	0.0	0.0	0.0	0.0	0.0	0.0	0.0	0.0	0.0	0.0	0.0	0.0	0.076329	0.098111	0.0543	0.069859	0.0	0.0	0.0	0.0	0.0	0.0
k__Bacteria|p__Bacteria_unclassified|c__Bacteria_unclassified|o__Bacteria_unclassified|f__Bacteria_unclassified|g__Bacteria_unclassified	0.03108	0.03824	0.042735	0.040417	0.0	0.0	0.0	0.0	0.0	0.0	0.0	0.0	0.0	0.0	0.0	0.0	0.0	0.0	0.0	0.0	0.0	0.0	0.0	0.0	0.0	0.0	0.0	0.0	0.0	0.0	0.0	0.0	0.0	0.0	0.012222	0.004813	0.011903	0.011724	0.0	0.0	0.0	0.0	0.0	0.0
k__Bacteria|p__Firmicutes|c__Clostridia|o__Eubacteriales|f__Clostridiaceae|g__GGB3550	0.0299	0.038072	0.030178	0.033272	0.0	0.0	0.0	0.037244	0.037903	0.035411	0.034756	0.0	0.0	0.0	0.0	0.0	0.0	0.0	0.0	0.0	0.0	0.0	0.0	0.0	0.0	0.0	0.0	0.0	0.0	0.0	0.0	0.0	0.0	0.0	0.025719	0.02386	0.021483	0.028528	0.0	0.0	0.0	0.0	0.0	0.0
k__Bacteria|p__Actinomycetota|c__Coriobacteriia|o__Eggerthellales|f__Eggerthellaceae|g__Slackia	0.027556	0.058875	0.038511	0.106431	0.0	0.0	0.0	0.0	0.0	0.0	0.0	0.0	0.0	0.0	0.0	0.0	0.0	0.0	0.0	0.0	0.0	0.0	0.0	0.0	0.0	0.0	0.0	0.0	0.0	0.0	0.0	0.0	0.0	0.0	0.0	0.0	0.0	0.0	0.013489	0.011751	0.03036	0.0	0.0	0.0
k__Bacteria|p__Bacteroidota|c__Bacteroidia|o__Bacteroidales|f__Prevotellaceae|g__Leyella	0.026266	0.031468	0.017975	0.022031	0.0	0.0	0.0	0.0	0.0	0.0	0.0	0.0	0.0	0.0	0.0	0.0	0.0	0.0	0.0	0.0	0.0	0.0	0.0	0.0	0.0	0.0	5.136661	5.170968	5.121266	5.016059	4.183664	4.204841	3.660319	3.535871	0.0	0.0	0.0	0.0	2.662225	2.645292	2.61028	0.0	0.0	0.0
k__Bacteria|p__Firmicutes|c__Clostridia|o__Lachnospirales|f__Lachnospiraceae|g__Lachnoclostridium	0.020704	0.026013	0.018752	0.012878	0.0	0.0	0.0	0.0	0.0	0.0	0.0	0.0	0.0	0.0	0.0	0.0	0.0	0.0	0.0	0.0	0.0	0.0	0.0	0.0	0.0	0.0	0.0	0.0	0.0	0.0	0.0	0.0	0.0	0.0	0.688909	0.675956	0.613788	0.571723	0.0	0.0	0.0	0.0	0.0	0.0
k__Bacteria|p__Firmicutes|c__CFGB1217|o__OFGB1217|f__FGB1217|g__GGB2982	0.017885	0.022413	0.013562	0.026979	0.0	0.0	0.0	0.0	0.0	0.0	0.0	0.0	0.0	0.0	0.015091	0.010155	0.008531	0.00764	0.002249	0.0	0.0	0.0	0.0	0.0	0.0	0.0	0.0	0.0	0.0	0.0	0.0	0.0	0.0	0.0	0.0	0.0	0.0	0.0	0.0	0.0	0.0	0.0	0.0	0.0
k__Bacteria|p__Firmicutes|c__Negativicutes|o__Acidaminococcales|f__Acidaminococcaceae|g__Acidaminococcus	0.015587	0.010994	0.029337	0.022113	0.0	0.0	0.0	0.0	0.0	0.0	0.0	0.0	0.0	0.0	0.0	0.0	0.0	0.0	0.0	0.0	0.0	0.0	0.0	0.0	0.0	0.0	0.006667	0.019665	0.014455	0.016466	0.0	0.0	0.0	0.0	0.0	0.0	0.0	0.0	0.0	0.0	0.0	0.0	0.0	0.0
k__Bacteria|p__Firmicutes|c__Clostridia|o__Eubacteriales|f__Oscillospiraceae|g__Anaerotruncus	0.014239	0.01903	0.005558	0.00906	0.0	0.0	0.0	0.016383	0.014603	0.013283	0.015151	0.0	0.0	0.0	0.017986	0.011693	0.013754	0.015945	0.0	0.0	0.0	0.0	0.001761	0.0	0.001184	0.000431	0.0	0.0	0.0	0.0	0.0	0.0	0.0	0.0	0.0	0.0	0.0	0.0	0.0	0.0	0.0	0.048425	0.043542	0.030292
k__Bacteria|p__Firmicutes|c__Clostridia|o__Eubacteriales|f__Eubacteriales_unclassified|g__Eubacteriales_unclassified	0.009709	0.004722	0.018401	0.011127	0.113736	0.125786	0.087571	0.398686	0.373568	0.306026	0.305303	0.0	0.0	0.0	0.102515	0.119958	0.109274	0.065526	0.0	0.0	0.0	0.0	0.0	0.0	0.0	0.0	0.0	0.0	0.0	0.0	0.0	0.0	0.0	0.0	0.074115	0.07486	0.096498	0.045109	0.0	0.0	0.0	0.030627	0.009863	0.026674
k__Bacteria|p__Firmicutes|c__Clostridia|o__Peptostreptococcales|f__Anaerovoracaceae|g__Mogibacterium	0.009081	0.008229	0.0	0.005054	0.0	0.0	0.0	0.0	0.0	0.0	0.0	0.0	0.0	0.0	0.0	0.0	0.0	0.0	0.0	0.0	0.0	0.0	0.0	0.0	0.0	0.0	0.0	0.0	0.0	0.0	0.0	0.0	0.0	0.0	0.0	0.0	0.0	0.0	0.0	0.0	0.0	0.0	0.0	0.0
k__Bacteria|p__Firmicutes|c__Clostridia|o__Lachnospirales|f__Lachnospiraceae|g__GGB51491	0.004575	0.006582	0.003239	0.006589	0.0	0.0	0.0	0.0	0.0	0.0	0.0	0.0	0.0	0.0	0.0	0.0	0.0	0.0	0.0	0.0	0.0	0.0	0.0	0.0	0.0	0.0	0.0	0.0	0.0	0.0	0.0	0.0	0.0	0.0	0.0	0.0	0.0	0.0	0.0	0.0	0.0	0.0	0.0	0.0
k__Bacteria|p__Firmicutes|c__Clostridia|o__Eubacteriales|f__Eubacteriales_incertae_sedis|g__Candidatus_Cibionibacter	0.003736	0.0	0.01157	0.02586	0.0	0.0	0.0	0.402344	0.427117	0.32733	0.380449	0.162241	0.115324	0.143458	0.131502	0.115463	0.094319	0.086718	2.414936	2.446434	2.566686	2.209067	0.114981	0.094925	0.117599	0.121026	0.024474	0.01098	0.031419	0.027714	0.0	0.0	0.0	0.0	0.0	0.0	0.0	0.0	1.4884	1.342327	1.425898	0.277653	0.268825	0.261725
k__Bacteria|p__Firmicutes|c__Clostridia|o__Eubacteriales|f__Oscillospiraceae|g__Flavonifractor	0.003206	0.0	0.000889	0.0	0.070238	0.049994	0.057614	0.137225	0.134645	0.129282	0.148522	0.038766	0.016609	0.018711	0.007996	0.016913	0.0	0.004726	0.030127	0.04261	0.038174	0.033123	0.0	0.0	0.0	0.0	0.0	0.0	0.0	0.0	0.0	0.0	0.0	0.0	0.212409	0.216086	0.211005	0.182684	0.225789	0.171207	0.176153	0.038871	0.040272	0.040569
k__Bacteria|p__Firmicutes|c__Clostridia|o__Clostridia_unclassified|f__Clostridia_unclassified|g__GGB55957	0.00238	0.001153	0.0	0.0	0.006727	0.006889	0.004181	0.0	0.0	0.0	0.0	0.0	0.0	0.0	0.0	0.0	0.0	0.0	0.0	0.0	0.0	0.0	0.0	0.0	0.0	0.0	0.0	0.0	0.0	0.0	0.0	0.0	0.0	0.0	0.0	0.0	0.0	0.0	0.0	0.0	0.0	0.0	0.0	0.0
k__Bacteria|p__Firmicutes|c__CFGB77385|o__OFGB77385|f__FGB77385|g__GGB51510	0.001894	0.009628	0.002795	0.004142	0.0	0.0	0.0	0.0	0.0	0.0	0.0	0.0	0.0	0.0	0.0	0.0	0.0	0.0	0.0	0.0	0.0	0.0	0.0	0.0	0.0	0.0	0.0	0.0	0.0	0.0	0.0	0.0	0.0	0.0	0.0	0.0	0.0	0.0	0.0	0.0	0.0	0.0	0.0	0.0
k__Bacteria|p__Firmicutes|c__Clostridia|o__Lachnospirales|f__Lachnospiraceae|g__Sellimonas	0.001577	0.0	0.001733	0.0	0.0	0.0	0.0	0.0	0.0	0.0	0.0	0.0	0.0	0.0	0.0	0.0	0.0	0.0	0.0	0.0	0.0	0.0	0.0	0.0	0.0	0.0	0.0	0.0	0.0	0.0	0.0	0.0	0.0	0.0	0.100749	0.069486	0.055185	0.056428	0.0	0.0	0.0	0.0	0.0	0.0
k__Bacteria|p__Firmicutes|c__Erysipelotrichia|o__Erysipelotrichales|f__Erysipelotrichaceae|g__Dielma	0.0007	0.0	0.0	0.0	0.0	0.0	0.0	0.0	0.0	0.0	0.0	0.0	0.0	0.0	0.0	0.0	0.0	0.0	0.0	0.0	0.0	0.0	0.0	0.0	0.0	0.0	0.0	0.0	0.0	0.0	0.0	0.0	0.0	0.0	0.0	0.0	0.0	0.0	0.0	0.0	0.0	0.0	0.0	0.0
k__Bacteria|p__Bacteroidota|c__Bacteroidia|o__Bacteroidales|f__Bacteroidaceae|g__Phocaeicola|s__Phocaeicola_dorei	14.33444	14.673105	14.79728	15.555558	0.0	0.0	0.0	0.646892	0.712711	0.672754	0.646823	12.090728	12.649441	12.605884	19.250986	19.808066	20.400131	20.807521	0.515031	0.580997	0.459099	0.58231	0.287469	0.265193	0.269529	0.268006	0.038118	0.042305	0.035845	0.033963	0.0	0.0	0.0	0.0	0.0	0.0	0.0	0.0	0.066288	0.112594	0.063015	2.004893	2.083879	2.067309
k__Bacteria|p__Bacteroidota|c__Bacteroidia|o__Bacteroidales|f__Bacteroidaceae|g__Bacteroides|s__Bacteroides_caccae	11.697579	11.858015	11.763718	12.040457	1.363461	1.291133	1.302321	1.611621	1.649086	1.678194	1.687271	2.166695	2.218508	2.159355	2.873736	2.933308	2.971187	2.912487	0.0	0.0	0.0	0.0	0.068975	0.078162	0.0562	0.053705	0.0	0.0	0.0	0.0	0.0	0.0	0.0	0.0	0.0	0.0	0.0	0.0	0.110149	0.133168	0.111132	0.0	0.0	0.0
k__Bacteria|p__Bacteroidota|c__Bacteroidia|o__Bacteroidales|f__Prevotellaceae|g__Paraprevotella|s__Paraprevotella_clara	6.998493	7.1366	7.153159	7.044414	0.0	0.0	0.0	0.0	0.0	0.0	0.0	0.0	0.0	0.0	0.0	0.0	0.0	0.0	0.0	0.0	0.0	0.0	0.118873	0.135889	0.139778	0.119443	0.0	0.0	0.0	0.0	0.0	0.0	0.0	0.0	0.0	0.0	0.0	0.0	0.118484	0.108246	0.097552	0.0	0.0	0.0
k__Bacteria|p__Firmicutes|c__Clostridia|o__Lachnospirales|f__Lachnospiraceae|g__GGB74412|s__GGB74412_SGB5075	5.001497	5.136017	5.068649	5.166296	0.0	0.0	0.0	0.0	0.0	0.0	0.0	1.507875	1.508909	1.532392	0.0	0.0	0.0	0.0	0.0	0.0	0.0	0.0	0.0	0.0	0.0	0.0	0.021733	0.019927	0.015248	0.015093	0.0	0.0	0.0	0.0	10.328312	10.305677	10.452416	10.922276	1.051624	1.110644	1.065754	1.024233	1.029515	1.058702
k__Bacteria|p__Bacteroidota|c__Bacteroidia|o__Bacteroidales|f__Prevotellaceae|g__Segatella|s__Segatella_sinensis	4.88396	4.733413	5.015663	4.812639	0.0	0.0	0.0	0.0	0.0	0.0	0.0	0.0	0.0	0.0	0.003367	0.008588	0.0	0.0	0.0	0.0	0.0	0.0	3.589233	3.715763	3.601584	3.508901	11.063015	11.132488	11.147178	11.328752	3.39076	3.262307	3.457522	3.229135	0.0	0.0	0.0	0.0	0.0	0.0	0.0	0.0	0.0	0.0
k__Bacteria|p__Bacteroidota|c__Bacteroidia|o__Bacteroidales|f__Prevotellaceae|g__Segatella|s__Segatella_copri	3.386575	3.36608	3.417884	3.39799	0.001279	0.0	0.002644	0.0	0.0	0.0	0.0	0.0	0.0	0.0	0.057353	0.054115	0.050162	0.063226	0.0	0.0	0.0	0.0	0.094092	0.112487	0.100096	0.119571	25.450724	25.476396	25.454805	25.670732	6.552761	6.678017	6.923604	7.100253	0.086124	0.07859	0.088369	0.069146	0.0	0.0	0.0	0.004087	0.0	0.0
k__Bacteria|p__Bacteroidota|c__Bacteroidia|o__Bacteroidales|f__Bacteroidaceae|g__Bacteroidaceae_unclassified|s__Bacteroidaceae_bacterium_AM72_11pH9A	2.981269	2.940064	2.970535	2.874297	0.0	0.0	0.0	0.0	0.0	0.0	0.0	0.0	0.0	0.0	0.0	0.0	0.0	0.0	0.0	0.0	0.0	0.0	0.002592	0.001435	0.003808	0.0	0.0	0.0	0.0	0.0	0.0	0.0	0.0	0.0	0.0	0.0	0.0	0.0	0.0	0.0	0.0	0.0	0.0	0.0
k__Bacteria|p__Firmicutes|c__CFGB14936|o__OFGB14936|f__FGB14936|g__GGB3256|s__GGB3256_SGB4303	2.913711	2.832009	2.861207	2.736628	0.0	0.0	0.0	0.0	0.0	0.0	0.0	0.0	0.0	0.0	0.0	0.0	0.0	0.0	0.0	0.0	0.0	0.0	0.0	0.0	0.0	0.0	0.0	0.0	0.0	0.0	0.0	0.0	0.0	0.0	0.0	0.0	0.0	0.0	0.401303	0.41516	0.394467	0.0	0.0	0.0
k__Bacteria|p__Bacteroidota|c__CFGB629|o__OFGB629|f__FGB629|g__GGB1495|s__GGB1495_SGB2071	2.857234	2.791469	2.781156	2.619532	0.0	0.0	0.0	0.261011	0.240298	0.235161	0.22413	0.0	0.0	0.0	0.0	0.0	0.0	0.0	0.0	0.0	0.0	0.0	0.011653	0.007446	0.010854	0.0	0.0	0.0	0.0	0.0	1.175209	1.089664	0.71829	0.751639	0.0	0.0	0.0	0.0	0.0	0.0	0.0	4.407923	4.264544	4.22586
k__Bacteria|p__Firmicutes|c__Clostridia|o__Lachnospirales|f__Lachnospiraceae|g__Roseburia|s__Roseburia_inulinivorans	2.302719	2.269467	2.273979	2.245166	0.047139	0.048963	0.064395	0.057319	0.053197	0.070418	0.063369	0.055052	0.058322	0.054449	0.042238	0.026027	0.027803	0.031455	0.045265	0.025153	0.032704	0.029968	0.021492	0.021823	0.018375	0.0	0.034864	0.035906	0.028583	0.033501	0.247113	0.189917	0.0	0.0	0.0	0.0	0.0	0.0	0.192275	0.20864	0.17468	0.0	0.0	0.0
k__Bacteria|p__Firmicutes|c__Clostridia|o__Eubacteriales|f__Oscillospiraceae|g__Faecalibacterium|s__Faecalibacterium_prausnitzii	2.163637	2.109753	1.967656	2.004712	1.723959	1.779124	1.642883	4.529356	4.524041	4.367533	4.486067	4.371818	4.095549	4.028259	2.190285	2.105804	1.997918	2.03399	1.7287	1.674162	1.686772	1.62467	1.750938	1.622737	1.696822	1.717514	0.382715	0.398774	0.315698	0.368125	0.088106	0.044742	0.0	0.0	1.255632	1.214735	1.278131	1.350799	2.601973	2.600161	2.468625	1.625966	1.493642	1.503183
k__Bacteria|p__Firmicutes|c__Clostridia|o__Lachnospirales|f__Lachnospiraceae|g__Lachnospira|s__Lachnospira_eligens	1.915472	1.964143	2.016411	2.02778	0.0	0.0	0.0	0.0	0.0	0.0	0.0	0.0	0.0	0.0	0.0	0.0	0.0	0.0	0.523905	0.545181	0.520994	0.571013	0.01647	0.022933	0.020519	0.02206	0.086157	0.086919	0.113054	0.096547	0.0	0.0	0.0	0.0	6.857124	7.381046	7.233042	7.289803	1.328928	1.332989	1.355118	0.0	0.0	0.0
k__Bacteria|p__Bacteroidota|c__CFGB11479|o__OFGB11479|f__FGB11479|g__GGB1630|s__GGB1630_SGB2238	1.837591	1.848027	1.792972	1.875767	0.0	0.0	0.0	0.0	0.0	0.0	0.0	0.0	0.0	0.0	0.0	0.0	0.0	0.0	0.0	0.0	0.0	0.0	0.0	0.0	0.0	0.0	0.0	0.0	0.0	0.0	0.0	0.0	0.0	0.0	0.0	0.0	0.0	0.0	0.0	0.0	0.0	0.0	0.0	0.0
k__Bacteria|p__Firmicutes|c__Clostridia|o__Lachnospirales|f__Lachnospiraceae|g__Agathobacter|s__Agathobacter_rectalis	1.793014	1.824237	1.760903	1.845591	1.605608	1.571967	1.540229	8.682134	8.756984	8.957251	8.780264	2.654633	2.694431	2.671126	2.130931	2.239876	2.202901	2.123094	1.82519	1.825806	1.828968	1.871005	0.398191	0.409057	0.434016	0.392878	0.678958	0.670077	0.634461	0.671546	1.345135	1.373648	1.366689	1.142606	0.0	0.0	0.0	0.0	2.514546	2.643043	2.604688	0.827254	0.783975	0.822276
k__Bacteria|p__Pseudomonadota|c__Betaproteobacteria|o__Burkholderiales|f__Sutterellaceae|g__Parasutterella|s__Parasutterella_excrementihominis	1.601177	1.778162	1.707303	1.638969	1.335813	1.326861	1.310644	0.115223	0.110178	0.106933	0.096307	0.143577	0.134576	0.158528	0.0	0.0	0.0	0.0	0.120179	0.120043	0.119201	0.111985	0.0	0.0	0.0	0.0	0.079156	0.076866	0.079228	0.074262	0.0	0.0	0.0	0.0	0.0	0.0	0.0	0.0	0.017883	0.013765	0.019992	0.000712	0.0	0.0
k__Bacteria|p__Bacteroidota|c__Bacteroidia|o__Bacteroidales|f__Bacteroidaceae|g__Bacteroides|s__Bacteroides_thetaiotaomicron	1.495797	1.443215	1.425149	1.469118	1.024706	0.962024	1.027617	2.187519	2.164725	2.135672	2.211629	0.063895	0.075172	0.063197	0.0	0.0	0.0	0.0	1.466333	1.43983	1.378403	1.344127	0.098035	0.093439	0.077505	0.09265	0.367581	0.356582	0.35483	0.361522	0.0	0.0	0.0	0.0	3.660079	3.593583	3.55184	3.467338	0.0	0.0	0.0	1.66086	1.735103	1.741504
k__Bacteria|p__Bacteroidota|c__Bacteroidia|o__Bacteroidales|f__Tannerellaceae|g__Parabacteroides|s__Parabacteroides_distasonis	1.163231	1.173279	1.21572	1.1916	1.794943	1.777111	1.817008	0.945081	0.950517	0.917491	0.996559	0.522141	0.564677	0.531705	4.339865	4.292482	4.341423	4.332426	0.795936	0.855913	0.774507	0.800872	0.203828	0.186219	0.205237	0.193792	0.226105	0.245862	0.22741	0.259276	0.130819	0.112397	0.0	0.0	3.302929	3.215495	3.255482	3.223931	1.263021	1.259702	1.305903	1.759269	1.771145	1.753266
k__Bacteria|p__Bacteroidota|c__Bacteroidia|o__Bacteroidales|f__Tannerellaceae|g__Parabacteroides|s__Parabacteroides_merdae	1.050564	0.997523	0.958843	1.072284	1.163773	0.983551	0.990397	0.874438	0.818651	0.863768	0.791583	0.757348	0.72059	0.647443	0.0	0.0	0.0	0.0	1.165122	1.2033	1.119882	1.186436	0.13463	0.163911	0.131313	0.130716	0.298878	0.358931	0.314887	0.319401	0.0	0.0	0.0	0.0	0.0	0.0	0.0	0.0	0.194194	0.173231	0.197544	0.773964	0.693088	0.720836
k__Bacteria|p__Firmicutes|c__Clostridia|o__Eubacteriales|f__Clostridiaceae|g__Clostridium|s__Clostridium_sp_AM22_11AC	0.911116	0.871768	0.972307	0.923674	0.234837	0.204859	0.206868	0.210712	0.25072	0.216746	0.22758	0.288425	0.298464	0.286125	0.0	0.0	0.0	0.0	0.0	0.0	0.0	0.0	0.039674	0.049494	0.042739	0.04544	0.026453	0.013205	0.025454	0.030616	0.0	0.0	0.0	0.0	0.237255	0.256183	0.233967	0.271003	0.0	0.0	0.0	0.180431	0.181375	0.178083
k__Bacteria|p__Bacteroidota|c__Bacteroidia|o__Bacteroidales|f__Bacteroidaceae|g__Bacteroides|s__Bacteroides_stercoris	0.87824	0.806096	0.895254	0.828304	10.740972	10.345913	10.42217	0.0	0.0	0.0	0.0	3.6738	3.641458	3.560963	1.589836	1.651669	1.74434	1.685179	0.122413	0.137655	0.135892	0.130193	0.062255	0.082965	0.076879	0.062785	0.324526	0.3519	0.356056	0.329298	0.0	0.0	0.0	0.0	7.128929	7.080917	6.980755	6.979502	0.802697	0.760453	0.727233	0.0	0.0	0.0
k__Bacteria|p__Thermodesulfobacteriota|c__Desulfovibrionia|o__Desulfovibrionales|f__Desulfovibrionaceae|g__Desulfovibrio|s__Desulfovibrio_piger	0.872427	0.634583	0.801289	0.73766	0.0	0.0	0.0	0.0	0.0	0.0	0.0	0.0	0.0	0.0	0.0	0.0	0.0	0.0	0.0	0.0	0.0	0.0	0.0	0.0	0.0	0.0	0.0	0.0	0.0	0.0	0.286327	0.320239	0.0	0.283596	0.0	0.0	0.0	0.0	0.0	0.0	0.0	0.0	0.0	0.0
k__Bacteria|p__Firmicutes|c__CFGB3054|o__OFGB3054|f__FGB3054|g__GGB9715|s__GGB9715_SGB15260	0.680506	0.5682	0.635462	0.65822	0.0	0.0	0.0	0.0	0.0	0.0	0.0	0.0	0.0	0.0	0.0	0.0	0.0	0.0	0.426377	0.457636	0.446457	0.480155	0.0	0.0	0.0	0.0	0.020857	0.029284	0.016421	0.021918	0.0	0.0	0.0	0.0	0.0	0.0	0.0	0.0	0.0	0.0	0.0	0.0	0.0	0.0
k__Bacteria|p__Bacteroidota|c__Bacteroidia|o__Bacteroidales|f__Bacteroidaceae|g__Bacteroides|s__Bacteroides_xylanisolvens	0.630725	0.729776	0.656709	0.644741	0.022836	0.051025	0.071407	2.962095	2.997506	3.05715	3.081585	2.964523	2.822136	2.961505	0.0	0.002647	0.007175	0.00303	0.020588	0.01257	0.004099	0.019896	0.571613	0.517575	0.444914	0.453211	0.027039	0.011947	0.013037	0.009453	0.0	0.0	0.0	0.0	0.0	0.0	0.0	0.0	0.02559	0.033589	0.032539	0.0	0.0	0.0
k__Bacteria|p__Firmicutes|c__Clostridia|o__Lachnospirales|f__Lachnospiraceae|g__Mediterraneibacter|s__Ruminococcus_torques	0.628542	0.628624	0.653686	0.637138	0.090387	0.105186	0.101997	0.101365	0.099641	0.096633	0.091152	0.009795	0.0	0.009299	0.339731	0.361356	0.311176	0.357576	0.0	0.0	0.0	0.0	0.0	0.0	0.0	0.0	0.0	0.0	0.0	0.0	0.0	0.0	0.0	0.0	1.067097	1.139743	1.045375	1.058464	0.001133	0.0	0.0	0.042478	0.04908	0.035706
k__Bacteria|p__Bacteroidota|c__Bacteroidia|o__Bacteroidales|f__Bacteroidaceae|g__Bacteroides|s__Bacteroides_uniformis	0.556285	0.562866	0.527958	0.476165	6.520769	6.432074	6.33476	2.214247	2.218296	2.162563	2.207514	15.681209	15.468512	15.458455	28.583982	28.626483	28.200044	28.366647	7.70494	7.846895	7.623615	7.589541	2.477893	2.468488	2.420827	2.282043	0.246767	0.304525	0.271448	0.247397	0.066418	0.106046	0.0	0.0	0.0	0.0	0.0	0.0	1.603816	1.656403	1.548688	2.599811	2.643321	2.552303
k__Bacteria|p__Firmicutes|c__Negativicutes|o__Acidaminococcales|f__Acidaminococcaceae|g__Phascolarctobacterium|s__Phascolarctobacterium_succinatutens	0.551733	0.588505	0.565698	0.599428	0.0	0.0	0.0	0.0	0.0	0.0	0.0	0.0	0.0	0.0	0.0	0.0	0.0	0.0	0.317291	0.329704	0.301794	0.33358	0.512646	0.478936	0.512421	0.509813	1.152165	1.120709	1.096207	1.05614	0.0	0.0	0.0	0.0	0.0	0.0	0.0	0.0	0.0	0.0	0.0	0.0	0.0	0.0
k__Bacteria|p__Firmicutes|c__Clostridia|o__Lachnospirales|f__Lachnospiraceae|g__Dorea|s__Dorea_longicatena	0.499788	0.474733	0.469465	0.425386	0.316717	0.298775	0.295087	0.369897	0.347392	0.363157	0.366654	0.326072	0.32444	0.320946	0.120853	0.132738	0.119658	0.089351	0.217746	0.228551	0.19211	0.226095	0.205516	0.178069	0.209572	0.204165	0.244784	0.223061	0.245419	0.197761	0.250402	0.223661	0.256791	0.0	0.0	0.0	0.0	0.0	0.151133	0.152012	0.144684	0.143059	0.122579	0.122807
k__Bacteria|p__Firmicutes|c__Erysipelotrichia|o__Erysipelotrichales|f__Coprobacillaceae|g__Catenibacterium|s__Catenibacterium_tridentinum	0.487492	0.605437	0.627646	0.528998	0.862101	0.850436	0.947228	0.0	0.0	0.0	0.0	0.0	0.0	0.0	0.0	0.0	0.0	0.0	0.0	0.0	0.0	0.0	0.0	0.0	0.0	0.0	0.0	0.0	0.0	0.0	0.242294	0.267452	0.071802	0.0	0.0	0.0	0.0	0.0	0.0	0.0	0.0	0.0	0.0	0.0
k__Bacteria|p__Firmicutes|c__Clostridia|o__Lachnospirales|f__Lachnospiraceae|g__Anaerostipes|s__Anaerostipes_hadrus	0.485288	0.533553	0.505543	0.580878	0.568023	0.509231	0.525784	0.443798	0.478309	0.490588	0.460207	0.379148	0.370197	0.406355	0.0	0.0	0.0	0.0	0.423905	0.432669	0.415852	0.433192	0.150746	0.171739	0.15853	0.162313	0.00339	0.013299	0.005559	0.0	0.0	0.0	0.0	0.0	0.504527	0.517903	0.465664	0.47773	0.255592	0.233161	0.237541	0.590258	0.645404	0.629732
k__Bacteria|p__Bacteroidota|c__Bacteroidia|o__Bacteroidales|f__Bacteroidaceae|g__Bacteroides|s__Bacteroides_ovatus	0.481094	0.506189	0.520524	0.558117	5.606809	5.430974	5.627688	1.04028	1.009324	1.095228	1.104492	2.501202	2.424186	2.637116	8.073279	8.330878	8.369679	8.488088	0.301719	0.254114	0.295157	0.302749	0.917726	0.868509	0.86222	0.860887	0.291779	0.297718	0.272935	0.289131	0.0	0.0	0.0	0.0	0.0	0.0	0.0	0.0	0.139537	0.168242	0.119943	1.308595	1.368141	1.388892
k__Bacteria|p__Firmicutes|c__Clostridia|o__Eubacteriales|f__Clostridiaceae|g__Clostridium|s__Clostridium_SGB6179	0.470902	0.466073	0.487041	0.513656	0.0	0.0	0.0	0.0	0.0	0.0	0.0	0.0	0.0	0.0	0.0	0.0	0.0	0.0	0.0	0.0	0.0	0.0	0.0	0.0	0.0	0.0	0.0	0.0	0.0	0.0	0.0	0.0	0.0	0.0	0.0	0.0	0.0	0.0	0.0	0.0	0.0	0.0	0.0	0.0
k__Bacteria|p__Bacteroidota|c__Bacteroidia|o__Bacteroidales|f__Prevotellaceae|g__Prevotella|s__Prevotella_pectinovora	0.456502	0.481751	0.458247	0.470038	0.0	0.0	0.0	0.0	0.0	0.0	0.0	0.0	0.0	0.0	0.0	0.0	0.0	0.0	0.0	0.0	0.0	0.0	0.0	0.0	0.0	0.0	0.0	0.0	0.0	0.0	0.0	0.0	0.0	0.0	0.0	0.0	0.0	0.0	0.0	0.0	0.0	0.0	0.0	0.0
k__Bacteria|p__Firmicutes|c__Clostridia|o__Eubacteriales|f__Clostridiaceae|g__Clostridium|s__Clostridium_fessum	0.452738	0.406821	0.428677	0.410124	0.0	0.0	0.0	0.220032	0.224824	0.223294	0.221762	0.160557	0.146306	0.165276	0.220503	0.184848	0.189808	0.198837	0.03823	0.038369	0.015305	0.014129	0.110239	0.098715	0.103871	0.095011	0.149672	0.149018	0.138357	0.113476	0.0	0.0	0.0	0.0	0.214132	0.203376	0.169206	0.199964	0.146185	0.136485	0.109991	0.329781	0.324318	0.320709
k__Bacteria|p__Firmicutes|c__Clostridia|o__Lachnospirales|f__Lachnospiraceae|g__Blautia|s__Blautia_wexlerae	0.448961	0.376033	0.398835	0.413849	0.425426	0.398104	0.364699	0.214943	0.229493	0.189155	0.241433	0.439215	0.467662	0.460925	0.356781	0.370984	0.356857	0.342879	0.287283	0.304977	0.323044	0.339442	0.070561	0.076311	0.080629	0.078696	0.191055	0.224263	0.178282	0.177231	0.0	0.0	0.0	0.0	1.015685	1.07562	0.948978	0.994432	0.236122	0.250346	0.241282	0.443698	0.46787	0.440316
k__Bacteria|p__Firmicutes|c__Clostridia|o__Lachnospirales|f__Lachnospiraceae|g__Dorea|s__Dorea_formicigenerans	0.435711	0.420338	0.425201	0.437696	0.05321	0.050083	0.057734	0.010195	0.009996	0.0	0.006568	0.028772	0.019678	0.031316	0.0	0.009933	0.008699	0.000824	0.021689	0.026667	0.035644	0.010572	0.04074	0.026763	0.020297	0.031112	0.0	0.0	0.0	0.0	0.0	0.0	0.0	0.0	0.0	0.0	0.0	0.0	0.0	0.00966	0.0	0.043022	0.029206	0.028843
k__Bacteria|p__Firmicutes|c__Clostridia|o__Eubacteriales|f__Clostridiaceae|g__Clostridiaceae_unclassified|s__Clostridiaceae_bacterium	0.425562	0.421291	0.419317	0.38717	0.004694	0.001285	0.002648	0.0	0.0	0.0	0.0	0.022638	0.009749	0.002737	0.0	0.0	0.0	0.0	0.0	0.0	0.0	0.0	0.023978	0.022176	0.011042	0.015803	0.0	0.0	0.0	0.0	0.0	0.0	0.0	0.0	0.026265	0.028165	0.020323	0.020317	0.076698	0.090429	0.078095	0.010677	0.024945	0.031141
k__Bacteria|p__Firmicutes|c__Clostridia|o__Eubacteriales|f__Clostridiaceae|g__Pilosibacter|s__Pilosibacter_fragilis	0.413683	0.401433	0.430685	0.343195	0.284718	0.271133	0.279964	0.117101	0.097584	0.110481	0.10161	0.025343	0.029902	0.01721	0.0	0.0	0.0	0.0	0.000963	0.0	0.0	0.0	0.051232	0.061847	0.036032	0.043095	0.041581	0.038694	0.029668	0.024062	0.01732	0.035745	0.0	0.0	0.008484	0.0	0.014969	0.011944	0.035578	0.028505	0.027504	0.017107	0.023616	0.021494
k__Bacteria|p__Bacteroidota|c__Bacteroidia|o__Bacteroidales|f__Bacteroidaceae|g__Bacteroides|s__Bacteroides_cellulosilyticus	0.389724	0.370406	0.381666	0.405835	0.011666	0.005523	0.009565	0.0	0.0	0.0	0.0	0.0	0.0	0.0	0.0	0.0	0.0	0.0	0.14422	0.179856	0.211647	0.156179	0.0	0.0	0.0	0.0	0.0	0.0	0.0	0.0	0.0	0.0	0.0	0.0	0.0	0.0	0.0	0.0	0.0	0.0	0.0	3.56518	3.490499	3.555785
k__Bacteria|p__Firmicutes|c__Clostridia|o__Lachnospirales|f__Lachnospiraceae|g__Blautia|s__Blautia_obeum	0.366886	0.383391	0.372542	0.325136	0.007036	0.016351	0.012756	0.252536	0.283665	0.250336	0.277696	0.00953	0.011686	0.003134	0.033294	0.028234	0.039474	0.015563	0.489029	0.472255	0.47178	0.433188	0.0	0.0	0.000546	0.0	0.003932	0.001109	0.006627	0.0	0.0	0.0	0.0	0.0	0.0	0.0	0.0	0.0	0.1072	0.117435	0.104979	0.19939	0.180975	0.189761
k__Bacteria|p__Firmicutes|c__Clostridia|o__Lachnospirales|f__Lachnospiraceae|g__Mediterraneibacter|s__Mediterraneibacter_faecis	0.361957	0.361392	0.365715	0.355553	0.059672	0.050355	0.061453	0.118392	0.1445	0.123021	0.116576	0.159792	0.176981	0.169632	0.0	0.0	0.0	0.0	0.068725	0.082394	0.072793	0.058235	0.06705	0.089785	0.094146	0.098288	0.170488	0.189685	0.206452	0.200753	0.058162	0.061121	0.0	0.0	0.0	0.0	0.0	0.0	0.093825	0.115471	0.091492	0.086726	0.11776	0.112187
k__Bacteria|p__Actinomycetota|c__Coriobacteriia|o__Coriobacteriales|f__Coriobacteriaceae|g__Collinsella|s__Collinsella_aerofaciens	0.35318	0.264925	0.313858	0.257002	0.021521	0.007885	0.010488	0.120639	0.124229	0.115881	0.120632	0.210458	0.204519	0.204024	0.0	0.0	0.0	0.0	0.283296	0.276777	0.261044	0.273997	0.037228	0.035858	0.03577	0.033289	0.086867	0.068929	0.069439	0.060353	0.240911	0.312567	0.08799	0.087854	0.0	0.0	0.0	0.0	0.17213	0.170016	0.174083	0.0	0.0	0.0
k__Bacteria|p__Bacteroidota|c__Bacteroidia|o__Bacteroidales|f__Odoribacteraceae|g__Odoribacter|s__Odoribacter_splanchnicus	0.352055	0.452938	0.324312	0.413638	0.526386	0.508581	0.480856	0.809613	0.880341	0.874686	0.848963	0.418961	0.426353	0.455951	0.422212	0.436821	0.406574	0.421925	0.180169	0.179366	0.189117	0.1786	0.778253	0.763822	0.715537	0.688236	0.178424	0.179176	0.176502	0.183078	0.00703	0.0	0.0	0.0	0.087604	0.121861	0.103321	0.091739	0.116394	0.116803	0.100371	1.07288	1.039588	0.99039
k__Bacteria|p__Firmicutes|c__Clostridia|o__Eubacteriales|f__Clostridiaceae|g__Clostridium|s__Clostridium_sp_AT4	0.303579	0.278289	0.261773	0.277831	0.042089	0.032273	0.03646	0.05248	0.035578	0.051404	0.046537	0.0	0.0	0.0	0.0	0.0	0.0	0.0	0.0	0.0	0.0	0.0	0.0	0.0	0.0	0.0	0.0	0.0	0.0	0.0	0.0	0.0	0.0	0.0	0.279357	0.260008	0.254683	0.325926	0.0	0.0	0.0	0.0	0.0	0.0
k__Bacteria|p__Firmicutes|c__Clostridia|o__Lachnospirales|f__Lachnospiraceae|g__Coprococcus|s__Coprococcus_comes	0.294537	0.291026	0.298508	0.2834	0.01281	0.021428	0.007302	0.183496	0.190764	0.181598	0.197908	0.226415	0.258265	0.225713	0.078033	0.057663	0.071388	0.067485	0.151755	0.152756	0.158099	0.186536	0.009051	0.02646	0.011396	0.011418	0.050588	0.031095	0.029286	0.041951	0.405459	0.421912	0.279697	0.124366	0.0	0.0	0.0	0.0	0.036573	0.040197	0.040121	0.0	0.0	0.0
k__Bacteria|p__Actinomycetota|c__Actinomycetes|o__Bifidobacteriales|f__Bifidobacteriaceae|g__Bifidobacterium|s__Bifidobacterium_bifidum	0.293637	0.274807	0.238381	0.243358	0.0	0.0	0.0	0.0	0.0	0.0	0.0	0.0	0.0	0.0	0.0	0.0	0.0	0.0	0.0	0.0	0.0	0.0	0.0	0.0	0.0	0.0	0.0	0.0	0.0	0.0	0.0	0.0	0.0	0.0	0.0	0.0	0.0	0.0	0.101632	0.070301	0.084162	0.123459	0.087264	0.096812
k__Bacteria|p__Firmicutes|c__Clostridia|o__Eubacteriales|f__Eubacteriales_unclassified|g__Gemmiger|s__Gemmiger_formicilis	0.275085	0.28139	0.291682	0.292187	0.061786	0.079043	0.089624	0.212969	0.156141	0.168828	0.181772	0.518429	0.482622	0.530691	2.021611	1.865504	1.866444	1.936223	0.384714	0.357552	0.384492	0.392637	0.130869	0.128831	0.127862	0.116263	0.106996	0.094513	0.10801	0.097158	0.0	0.0	0.0	0.0	0.0	0.0	0.0	0.0	0.260005	0.268113	0.278482	0.269797	0.246774	0.254952
k__Bacteria|p__Bacteroidota|c__Bacteroidia|o__Bacteroidales|f__Bacteroidaceae|g__Bacteroides|s__Bacteroides_salyersiae	0.267215	0.266564	0.284655	0.266583	0.0	0.0	0.0	0.948535	1.044529	0.991518	0.972978	0.0	0.0	0.0	0.0	0.0	0.0	0.0	0.013445	0.009665	0.012286	0.012381	0.068828	0.06783	0.075997	0.068099	0.154195	0.182795	0.15976	0.161675	0.0	0.0	0.0	0.0	0.0	0.0	0.0	0.0	0.0	0.0	0.0	0.0	0.0	0.0
k__Bacteria|p__Firmicutes|c__Clostridia|o__Eubacteriales|f__Oscillospiraceae|g__Hydrogenoanaerobacterium|s__Hydrogenoanaerobacterium_saccharovorans	0.260547	0.248119	0.224077	0.252255	0.04275	0.057295	0.044731	0.010799	0.009017	0.003839	0.005941	0.0	0.0	0.0	0.047006	0.037236	0.039867	0.0402	0.0	0.0	0.0	0.0	0.075194	0.076413	0.066103	0.070049	0.0	0.0	0.0	0.0	0.0	0.0	0.0	0.0	0.070237	0.056101	0.061122	0.045257	0.007985	0.004141	0.005614	0.054646	0.070749	0.061065
k__Bacteria|p__Firmicutes|c__Clostridia|o__Eubacteriales|f__Clostridiaceae|g__Clostridium|s__Clostridium_sp_AF27_2AA	0.256901	0.200986	0.249703	0.243355	0.0	0.0	0.0	0.0	0.0	0.0	0.0	0.0	0.0	0.0	0.0	0.0	0.0	0.0	0.0	0.0	0.0	0.0	0.004479	0.0	0.001238	0.004527	0.0	0.0	0.0	0.0	0.0	0.0	0.0	0.0	0.193791	0.212936	0.225402	0.229264	0.0	0.0	0.0	0.0	0.0	0.0
k__Bacteria|p__Firmicutes|c__Clostridia|o__Eubacteriales|f__Beduinellaceae|g__GGB9759|s__GGB9759_SGB15370	0.231481	0.208897	0.227395	0.215205	0.0	0.0	0.0	0.0	0.0	0.0	0.0	0.0	0.0	0.0	0.0	0.0	0.0	0.0	0.0	0.0	0.0	0.0	0.0	0.0	0.0	0.0	0.014518	0.019911	0.015672	0.019107	0.0	0.0	0.0	0.0	0.0	0.0	0.0	0.0	0.0	0.0	0.0	0.0	0.0	0.0
k__Bacteria|p__Firmicutes|c__Clostridia|o__Lachnospirales|f__Lachnospiraceae|g__Roseburia|s__Roseburia_intestinalis	0.231231	0.224897	0.209261	0.194775	1.787861	1.6642	1.72725	0.0	0.0	0.0	0.0	0.0	0.0	0.0	0.17077	0.143061	0.168739	0.132625	0.0	0.0	0.0	0.0	0.017683	0.018417	0.023167	0.009617	0.054007	0.045437	0.037801	0.045428	0.054412	0.003781	0.0	0.0	0.615067	0.626834	0.71179	0.658113	0.140517	0.178688	0.124102	0.0	0.0	0.0
k__Bacteria|p__Bacteroidota|c__CFGB529|o__OFGB529|f__FGB529|g__GGB1093|s__GGB1093_SGB1404	0.217932	0.199123	0.248779	0.275219	0.0	0.0	0.0	0.0	0.0	0.0	0.0	0.0	0.0	0.0	0.0	0.0	0.0	0.0	0.0	0.0	0.0	0.0	0.21555	0.1998	0.234564	0.20797	0.0	0.0	0.0	0.0	0.748851	0.920465	0.526361	0.415204	0.0	0.0	0.0	0.0	0.0	0.0	0.0	0.0	0.0	0.0
k__Bacteria|p__Firmicutes|c__Clostridia|o__Lachnospirales|f__Lachnospiraceae|g__Roseburia|s__Roseburia_faecis	0.216483	0.191218	0.210184	0.183925	0.931234	0.928756	0.926893	0.254591	0.24354	0.220253	0.265834	0.0	0.0	0.0	0.036155	0.050302	0.033593	0.017401	2.713216	2.80278	2.739846	2.819419	0.093146	0.093471	0.090345	0.102801	0.42067	0.423953	0.377014	0.401015	0.467408	0.404346	0.201636	0.272616	0.0	0.0	0.0	0.0	0.367581	0.399256	0.36495	1.34585	1.299293	1.272676
k__Bacteria|p__Firmicutes|c__CFGB1765|o__OFGB1765|f__FGB1765|g__GGB4566|s__GGB4566_SGB6305	0.198246	0.249413	0.210671	0.200357	0.0	0.0	0.0	0.0	0.0	0.0	0.0	0.0	0.0	0.0	0.0	0.0	0.0	0.0	0.176168	0.173397	0.175575	0.18318	0.037508	0.026987	0.028812	0.02337	0.074723	0.074327	0.095307	0.07589	0.0	0.0	0.0	0.0	0.0	0.0	0.0	0.0	0.0	0.0	0.0	0.0	0.0	0.0
k__Bacteria|p__Firmicutes|c__Clostridia|o__Lachnospirales|f__Lachnospiraceae|g__Waltera|s__Waltera_acetigignens	0.182161	0.226934	0.18303	0.167855	0.123196	0.114051	0.12616	0.036505	0.029247	0.045903	0.023582	0.124345	0.131104	0.120938	0.169588	0.188299	0.174175	0.212328	0.016565	0.020734	0.016201	0.015404	0.948465	1.02016	0.965468	0.957653	0.179451	0.186519	0.173962	0.16236	0.0	0.023575	0.0	0.0	0.529579	0.532297	0.52643	0.525361	0.870278	0.942288	0.865643	0.211817	0.208394	0.212085
k__Bacteria|p__Firmicutes|c__Clostridia|o__Eubacteriales|f__Oscillospiraceae|g__Oscillibacter|s__Oscillibacter_sp_ER4	0.179728	0.127125	0.142628	0.158814	0.0	0.0	0.0	0.0	0.0	0.0	0.0	0.929989	0.787892	0.816677	0.0	0.0	0.0	0.0	0.086314	0.108561	0.109081	0.115265	0.137184	0.106455	0.139837	0.119547	0.138814	0.120181	0.11894	0.12752	0.0	0.017092	0.0	0.0	0.0	0.0	0.0	0.0	0.025109	0.017214	0.020546	0.0	0.0	0.0
k__Bacteria|p__Firmicutes|c__Clostridia|o__Lachnospirales|f__Anaerotignaceae|g__Anaerotignum|s__Anaerotignum_SGB5191	0.169048	0.131354	0.111005	0.168148	0.17965	0.207858	0.209975	0.0	0.0	0.0	0.0	0.0	0.0	0.0	0.0	0.0	0.0	0.0	0.0	0.0	0.0	0.0	0.0	0.0	0.0	0.0	0.0	0.0	0.0	0.0	0.0	0.0	0.0	0.0	0.226576	0.247926	0.263378	0.17163	0.0	0.0	0.0	0.0	0.0	0.0
k__Bacteria|p__Firmicutes|c__Clostridia|o__Lachnospirales|f__Lachnospiraceae|g__Simiaoa|s__Simiaoa_sunii	0.154442	0.169789	0.152977	0.163183	0.0	0.0	0.0	0.0	0.0	0.0	0.0	0.0	0.0	0.0	0.0	0.0	0.0	0.0	0.0	0.0	0.0	0.0	0.149095	0.15817	0.126983	0.150399	1.256534	1.20354	1.195576	1.182225	2.896457	2.967805	2.946457	3.249097	0.0	0.0	0.0	0.0	0.808423	0.750629	0.798104	0.0	0.0	0.0
k__Bacteria|p__Bacteroidota|c__CFGB4405|o__OFGB4405|f__FGB4405|g__GGB1266|s__GGB1266_SGB1699	0.152471	0.135865	0.125504	0.108691	0.0	0.0	0.0	0.0	0.0	0.0	0.0	0.0	0.0	0.0	0.0	0.0	0.0	0.0	0.0	0.0	0.0	0.0	0.0	0.0	0.0	0.0	1.93133	1.851768	1.868468	1.905031	0.331709	0.269001	0.0	0.039185	0.0	0.0	0.0	0.0	0.0	0.0	0.0	0.0	0.0	0.0
k__Bacteria|p__Firmicutes|c__Clostridia|o__Eubacteriales|f__Oscillospiraceae|g__GGB9636|s__GGB9636_SGB15107	0.144552	0.122483	0.138171	0.152861	0.0	0.0	0.0	0.0	0.0	0.0	0.0	0.0	0.0	0.0	0.0	0.0	0.0	0.0	0.0	0.0	0.0	0.0	0.0	0.0	0.0	0.0	0.0	0.0	0.0	0.0	0.462602	0.363051	0.165486	0.287684	0.0	0.0	0.0	0.0	0.0	0.0	0.0	0.0	0.0	0.0
k__Bacteria|p__Firmicutes|c__Clostridia|o__Lachnospirales|f__Lachnospiraceae|g__Anaerobutyricum|s__Anaerobutyricum_hallii	0.140133	0.130334	0.106292	0.133865	0.077497	0.044046	0.035594	0.202784	0.232106	0.187651	0.219313	0.300663	0.265776	0.298748	0.410845	0.391426	0.382596	0.325116	0.330468	0.322954	0.307488	0.262124	0.050591	0.05746	0.052247	0.063338	0.0	0.0	0.0	0.0	0.0	0.0	0.0	0.0	0.240363	0.246626	0.200292	0.209062	0.097392	0.09757	0.08837	0.0	0.0	0.0
k__Bacteria|p__Bacteroidota|c__Bacteroidia|o__Bacteroidales|f__Rikenellaceae|g__Alistipes|s__Alistipes_dispar	0.113416	0.087339	0.106176	0.114893	0.0	0.0	0.0	0.0	0.0	0.0	0.0	0.0	0.0	0.0	0.0	0.0	0.0	0.0	0.0	0.0	0.0	0.0	0.0	0.0	0.0	0.0	0.0	0.0	0.0	0.0	0.0	0.0	0.0	0.0	0.0	0.0	0.0	0.0	0.0	0.0	0.0	0.0	0.0	0.0
k__Bacteria|p__Firmicutes|c__Clostridia|o__Eubacteriales|f__Clostridiaceae|g__Clostridiaceae_unclassified|s__Clostridiaceae_bacterium_AF18_31LB	0.112572	0.150696	0.122572	0.127924	0.0	0.0	0.0	0.082669	0.114443	0.0808	0.088998	0.06501	0.063208	0.091872	0.006672	0.015769	0.0	0.0	0.132583	0.153327	0.155686	0.133507	0.134897	0.118233	0.132734	0.112745	0.007071	0.012653	0.016168	0.011726	0.0	0.0	0.0	0.0	0.0	0.0	0.0	0.0	0.0	0.0	0.0	0.012145	0.019442	0.015089
k__Bacteria|p__Firmicutes|c__Clostridia|o__Lachnospirales|f__Lachnospiraceae|g__Anthropogastromicrobium|s__Anthropogastromicrobium_aceti	0.110645	0.093973	0.117019	0.118773	0.008047	0.010063	0.014403	0.0	0.0	0.0	0.0	0.139749	0.148269	0.145351	0.043306	0.046533	0.049701	0.032086	0.288614	0.330019	0.312804	0.314803	0.056864	0.052259	0.06026	0.071175	0.020863	0.034012	0.028328	0.026009	0.027196	0.012235	0.0	0.0	0.0	0.0	0.0	0.0	0.244276	0.259159	0.258838	0.07339	0.070341	0.082102
k__Bacteria|p__Firmicutes|c__Clostridia|o__Lachnospirales|f__Lachnospiraceae|g__Blautia|s__Blautia_faecis	0.110492	0.120926	0.10425	0.09638	0.0	0.0	0.0	0.24101	0.222148	0.201433	0.1957	0.163692	0.159001	0.16445	0.114281	0.106798	0.123689	0.07716	0.916863	0.951745	0.938435	0.913641	0.014273	0.009435	0.011417	0.016423	0.012414	0.0	0.00871	0.001323	0.0	0.0	0.0	0.0	0.642676	0.67709	0.627729	0.605527	0.16324	0.184234	0.161795	0.222921	0.240644	0.220265
k__Bacteria|p__Thermodesulfobacteriota|c__Desulfovibrionia|o__Desulfovibrionales|f__Desulfovibrionaceae|g__Bilophila|s__Bilophila_wadsworthia	0.100711	0.077325	0.08157	0.085661	0.0	0.0	0.0	0.183626	0.181252	0.183724	0.144128	0.117238	0.146099	0.144093	0.291378	0.255017	0.272917	0.27821	0.137959	0.130757	0.118943	0.131816	0.0	0.0	0.0	0.0	0.024789	0.02782	0.025241	0.033714	0.014261	0.0	0.0	0.0	0.048688	0.028942	0.031998	0.027786	0.020001	0.018872	0.019312	0.160775	0.131853	0.147812
k__Bacteria|p__Firmicutes|c__Clostridia|o__Eubacteriales|f__Oscillospiraceae|g__Hominilimicola|s__Hominilimicola_fabiformis	0.100463	0.104608	0.108053	0.076752	0.258555	0.246878	0.246387	0.024579	0.022274	0.014719	0.01587	0.07037	0.073724	0.083952	0.052519	0.04837	0.043839	0.053661	0.0	0.0	0.0	0.0	0.0	0.0	0.0	0.0	0.0	0.0	0.0	0.0	0.0	0.0	0.0	0.0	0.205451	0.202936	0.177116	0.131667	0.071706	0.090354	0.069719	0.028808	0.041847	0.041598
k__Bacteria|p__Firmicutes|c__Clostridia|o__Lachnospirales|f__Lachnospiraceae|g__Lachnospiraceae_unclassified|s__Lachnospiraceae_bacterium_AF58_1A	0.094759	0.100163	0.105592	0.106331	0.0	0.0	0.0	0.0	0.0	0.0	0.0	0.0	0.0	0.0	0.0	0.0	0.0	0.0	0.0338	0.043344	0.029988	0.042162	0.05634	0.047445	0.057954	0.081157	0.0	0.0	0.0	0.0	0.0	0.0	0.0	0.0	0.0	0.0	0.0	0.0	0.098882	0.093474	0.081615	0.0	0.006167	0.003448
k__Bacteria|p__Firmicutes|c__CFGB1765|o__OFGB1765|f__FGB1765|g__GGB4552|s__GGB4552_SGB6276	0.093804	0.114577	0.115241	0.112216	0.0	0.0	0.0	0.0	0.0	0.0	0.0	0.0	0.0	0.0	0.0	0.0	0.0	0.0	2.202722	2.365767	2.291754	2.300117	0.0	0.0	0.0	0.0	0.300654	0.28228	0.317368	0.307664	0.0	0.0	0.0	0.0	0.0	0.0	0.0	0.0	0.0	0.0	0.0	0.0	0.0	0.0
k__Bacteria|p__Firmicutes|c__Clostridia|o__Lachnospirales|f__Lachnospiraceae|g__Blautia|s__Blautia_massiliensis_ex_Durand_et_al_2017	0.091556	0.09614	0.086105	0.094856	0.118915	0.131051	0.123213	0.13905	0.192999	0.140887	0.155833	0.134273	0.149975	0.143786	0.314813	0.325393	0.317694	0.30227	0.501619	0.481007	0.493002	0.46825	0.025257	0.026327	0.039617	0.035409	0.0	0.0	0.0	0.0	0.011918	0.017704	0.0	0.0	0.0	0.0	0.0	0.0	0.075931	0.077181	0.067127	0.132856	0.124321	0.108878
k__Bacteria|p__Firmicutes|c__CFGB1354|o__OFGB1354|f__FGB1354|g__GGB3304|s__GGB3304_SGB4365	0.074043	0.093391	0.063204	0.075894	0.0	0.0	0.0	0.0	0.0	0.0	0.0	0.0	0.0	0.0	0.0	0.0	0.0	0.0	0.0	0.0	0.0	0.0	0.0	0.0	0.0	0.0	0.0	0.0	0.0	0.0	0.0	0.0	0.0	0.0	0.0	0.0	0.0	0.0	0.69037	0.639784	0.640081	0.0	0.0	0.0
k__Bacteria|p__Bacteroidota|c__Bacteroidia|o__Bacteroidales|f__Rikenellaceae|g__Alistipes|s__Alistipes_shahii	0.073262	0.062516	0.058223	0.065004	1.305017	1.300052	1.300954	0.0	0.0	0.0	0.0	0.0	0.0	0.0	0.0	0.0	0.0	0.0	1.38451	1.322147	1.404893	1.363005	0.800847	0.703619	0.689197	0.683276	0.046162	0.041091	0.047399	0.027662	0.289257	0.284996	0.0	0.051311	0.139811	0.111876	0.103958	0.098666	0.117877	0.102543	0.093248	0.416179	0.353956	0.373029
k__Bacteria|p__Firmicutes|c__Clostridia|o__Eubacteriales|f__Butyricicoccaceae|g__Agathobaculum|s__Agathobaculum_butyriciproducens	0.070168	0.039187	0.040986	0.043325	0.018268	0.025923	0.015554	0.042183	0.052891	0.05341	0.049972	0.117069	0.095106	0.130547	0.0	0.0	0.0	0.0	0.026236	0.025908	0.041824	0.071398	0.0	0.0	0.0	0.0	0.0	0.0	0.0	0.0	0.0	0.0	0.0	0.0	0.162114	0.127114	0.144198	0.116522	0.013893	0.00773	0.006241	0.114183	0.095536	0.094402
k__Bacteria|p__Firmicutes|c__Clostridia|o__Eubacteriales|f__Butyricicoccaceae|g__Butyricicoccus|s__Butyricicoccus_pullicaecorum	0.068768	0.071244	0.0465	0.064746	0.0	0.0	0.0	0.0	0.0	0.0	0.0	0.0	0.0	0.0	0.0	0.0	0.0	0.0	0.0	0.0	0.0	0.0	0.0	0.0	0.0	0.0	0.0	0.0	0.0	0.0	0.0	0.0	0.0	0.0	0.0	0.0	0.0	0.0	0.0	0.0	0.0	0.0	0.0	0.0
k__Bacteria|p__Firmicutes|c__Clostridia|o__Eubacteriales|f__Eubacteriales_unclassified|g__Evtepia|s__Evtepia_gabavorous	0.06617	0.057376	0.05038	0.062334	0.0	0.0	0.0	0.0	0.0	0.0	0.0	0.021498	0.019624	0.012986	0.0	0.0	0.0	0.0	0.0	0.0	0.0	0.0	0.010147	0.0	0.0	0.006282	0.0	0.0	0.0	0.0	0.0	0.0	0.0	0.0	0.023097	0.004733	0.00959	0.002644	0.018845	0.018218	0.013701	0.011666	0.0	0.0
k__Bacteria|p__Firmicutes|c__Clostridia|o__Lachnospirales|f__Lachnospiraceae|g__Enterocloster|s__Enterocloster_bolteae	0.065578	0.089856	0.075487	0.058605	0.0	0.0	0.0	0.0	0.001825	0.0	0.0	0.0	0.0	0.0	0.0	0.0	0.0	0.0	0.0	0.0	0.0	0.0	0.0	0.0	0.0	0.0	0.0	0.0	0.0	0.0	0.0	0.0	0.0	0.0	0.0	0.001963	0.0	0.0	0.0	0.0	0.0	0.009411	0.003406	0.004838
k__Bacteria|p__Thermodesulfobacteriota|c__Desulfovibrionia|o__Desulfovibrionales|f__Desulfovibrionaceae|g__GGB9818|s__GGB9818_SGB15459	0.063179	0.040993	0.045334	0.048096	0.0	0.0	0.0	0.0	0.0	0.0	0.0	0.0	0.0	0.0	0.0	0.0	0.0	0.0	0.037462	0.033753	0.040704	0.024534	0.0	0.0	0.0	0.0	0.0	0.0	0.0	0.0	0.0	0.0	0.0	0.0	0.0	0.0	0.0	0.0	0.021758	0.030446	0.022412	0.0	0.0	0.0
k__Bacteria|p__Firmicutes|c__Clostridia|o__Lachnospirales|f__Lachnospiraceae|g__Dorea|s__Dorea_sp_AF36_15AT	0.053997	0.047919	0.049915	0.045682	0.0	0.0	0.0	0.0	0.0	0.0	0.0	0.0	0.0	0.0	0.0	0.0	0.0	0.0	0.0	0.0	0.0	0.0	0.0	0.0	0.0	0.0	0.0	0.0	0.0	0.0	0.0	0.0	0.0	0.0	0.0	0.0	0.0	0.0	0.0	0.0	0.0	0.0	0.0	0.0
k__Bacteria|p__Firmicutes|c__Clostridia|o__Lachnospirales|f__Lachnospiraceae|g__Fusicatenibacter|s__Fusicatenibacter_saccharivorans	0.052066	0.047316	0.068013	0.033305	0.549939	0.5501	0.559421	1.224672	1.204044	1.220684	1.287869	0.589374	0.57293	0.574661	0.254903	0.252787	0.20517	0.224203	0.848216	0.851375	0.81163	0.779692	0.150782	0.133527	0.152294	0.14796	0.028571	0.023577	0.019793	0.017153	0.0	0.0	0.0	0.0	0.591799	0.543696	0.460224	0.493898	0.237645	0.222511	0.204562	0.363015	0.336009	0.326008
k__Bacteria|p__Bacteroidota|c__Bacteroidia|o__Bacteroidales|f__Odoribacteraceae|g__Butyricimonas|s__Butyricimonas_virosa	0.04168	0.018461	0.041104	0.021007	0.004908	0.006286	0.013704	0.0	0.0	0.0	0.0	0.0	0.0	0.0	0.0	0.0	0.0	0.0	0.0	0.0	0.0	0.0	0.116267	0.095418	0.105044	0.094255	0.067029	0.06955	0.059603	0.078864	0.0	0.0	0.0	0.0	0.0	0.0	0.0	0.0	0.033075	0.038962	0.032813	0.246031	0.248103	0.290171
k__Bacteria|p__Firmicutes|c__Clostridia|o__Lachnospirales|f__Lachnospiraceae|g__Frisingicoccus|s__Frisingicoccus_SGB4674	0.03853	0.054719	0.040715	0.036725	0.0	0.0	0.0	0.108969	0.136321	0.111525	0.130297	0.0	0.0	0.0	0.0	0.0	0.0	0.0	0.0	0.0	0.0	0.0	0.0	0.0	0.0	0.0	0.0	0.0	0.0	0.0	0.0	0.0	0.0	0.0	0.0	0.0	0.0	0.0	0.0	0.0	0.0	0.0	0.0	0.0
k__Bacteria|p__Firmicutes|c__Clostridia|o__Eubacteriales|f__Oscillospiraceae|g__Ruthenibacterium|s__Ruthenibacterium_lactatiformans	0.038132	0.034617	0.047705	0.048632	0.078155	0.084501	0.075525	0.137383	0.145472	0.134999	0.120549	0.030771	0.034439	0.032122	0.024851	0.008697	0.008146	0.001803	0.019066	0.005742	0.010852	0.003345	0.202656	0.172574	0.203862	0.19319	0.0	0.0	0.0	0.0	0.0	0.0	0.0	0.0	0.335282	0.337825	0.33533	0.342866	0.0	0.000606	0.0	0.04156	0.032272	0.031314
k__Bacteria|p__Firmicutes|c__Clostridia|o__Clostridia_unclassified|f__Clostridia_unclassified|g__Clostridia_unclassified|s__Clostridia_bacterium_UC5_1_1E11	0.037618	0.040507	0.053837	0.054106	0.0	0.0	0.0	0.0	0.0	0.0	0.0	0.0	0.0	0.0	0.006221	0.007514	0.00582	0.0	0.0	0.0	0.0	0.0	0.0	0.0	0.0	0.0	0.0	0.0	0.0	0.0	0.0	0.0	0.0	0.0	0.076329	0.098111	0.0543	0.069859	0.0	0.0	0.0	0.0	0.0	0.0
k__Bacteria|p__Actinomycetota|c__Coriobacteriia|o__Coriobacteriales|f__Coriobacteriaceae|g__Collinsella|s__Collinsella_bouchesdurhonensis	0.035509	0.015705	0.017248	0.004443	0.0	0.0	0.0	0.0	0.0	0.0	0.0	0.0	0.0	0.0	0.0	0.0	0.0	0.0	0.0	0.0	0.0	0.0	0.0	0.0	0.0	0.0	0.0	0.0	0.0	0.0	0.0	0.0	0.0	0.0	0.0	0.0	0.0	0.0	0.0	0.0	0.0	0.0	0.0	0.0
k__Bacteria|p__Bacteria_unclassified|c__Bacteria_unclassified|o__Bacteria_unclassified|f__Bacteria_unclassified|g__Bacteria_unclassified|s__bacterium_210917_DFI_7_65	0.03108	0.03824	0.042735	0.040417	0.0	0.0	0.0	0.0	0.0	0.0	0.0	0.0	0.0	0.0	0.0	0.0	0.0	0.0	0.0	0.0	0.0	0.0	0.0	0.0	0.0	0.0	0.0	0.0	0.0	0.0	0.0	0.0	0.0	0.0	0.0	0.0	0.0	0.0	0.0	0.0	0.0	0.0	0.0	0.0
k__Bacteria|p__Firmicutes|c__Clostridia|o__Eubacteriales|f__Clostridiaceae|g__GGB3550|s__GGB3550_SGB4746	0.0299	0.038072	0.030178	0.033272	0.0	0.0	0.0	0.037244	0.037903	0.035411	0.034756	0.0	0.0	0.0	0.0	0.0	0.0	0.0	0.0	0.0	0.0	0.0	0.0	0.0	0.0	0.0	0.0	0.0	0.0	0.0	0.0	0.0	0.0	0.0	0.025719	0.02386	0.021483	0.028528	0.0	0.0	0.0	0.0	0.0	0.0
k__Bacteria|p__Actinomycetota|c__Coriobacteriia|o__Eggerthellales|f__Eggerthellaceae|g__Slackia|s__Slackia_isoflavoniconvertens	0.027556	0.058875	0.038511	0.106431	0.0	0.0	0.0	0.0	0.0	0.0	0.0	0.0	0.0	0.0	0.0	0.0	0.0	0.0	0.0	0.0	0.0	0.0	0.0	0.0	0.0	0.0	0.0	0.0	0.0	0.0	0.0	0.0	0.0	0.0	0.0	0.0	0.0	0.0	0.013489	0.011751	0.03036	0.0	0.0	0.0
k__Bacteria|p__Firmicutes|c__Clostridia|o__Eubacteriales|f__Oscillospiraceae|g__Dysosmobacter|s__Dysosmobacter_segnis	0.0271	0.012755	0.028783	0.020641	1.342387	1.323978	1.407858	0.0	0.0	0.0	0.0	0.333956	0.34102	0.362938	0.0	0.0	0.0	0.0	0.378797	0.418374	0.365193	0.449475	0.28434	0.269998	0.283514	0.290195	0.048764	0.056624	0.066197	0.036357	0.206482	0.176932	0.0	0.0	0.0	0.0	0.0	0.0	1.867795	1.775111	1.727946	0.603287	0.538267	0.538625
k__Bacteria|p__Bacteroidota|c__Bacteroidia|o__Bacteroidales|f__Prevotellaceae|g__Leyella|s__Leyella_stercorea	0.026266	0.031468	0.017975	0.022031	0.0	0.0	0.0	0.0	0.0	0.0	0.0	0.0	0.0	0.0	0.0	0.0	0.0	0.0	0.0	0.0	0.0	0.0	0.0	0.0	0.0	0.0	5.136661	5.170968	5.121266	5.016059	3.927524	3.793423	3.522368	3.535871	0.0	0.0	0.0	0.0	0.0	0.0	0.0	0.0	0.0	0.0
k__Bacteria|p__Firmicutes|c__Clostridia|o__Lachnospirales|f__Lachnospiraceae|g__Mediterraneibacter|s__Mediterraneibacter_gnavus	0.025944	0.018082	0.017409	0.017431	0.0	0.0	0.0	0.011897	0.011878	0.011222	0.017895	0.0	0.0	0.0	0.0	0.0	0.0	0.0	0.0	0.0	0.0	0.0	0.0	0.0	0.0	0.0	0.0	0.0	0.0	0.0	0.0	0.0	0.0	0.0	0.330783	0.337248	0.289715	0.3287	0.0	0.0	0.0	0.0	0.0	0.0
k__Bacteria|p__Actinomycetota|c__Actinomycetes|o__Bifidobacteriales|f__Bifidobacteriaceae|g__Bifidobacterium|s__Bifidobacterium_pseudocatenulatum	0.025217	0.037562	0.02435	0.025597	0.0	0.0	0.0	0.0	0.0	0.0	0.0	0.0	0.0	0.0	0.0	0.0	0.0	0.0	0.0	0.0	0.0	0.0	0.0	0.0	0.0	0.0	0.0	0.0	0.0	0.0	0.0	0.0	0.0	0.0	0.0	0.0	0.0	0.0	0.0	0.0	0.0	0.02299	0.023929	0.029397
k__Bacteria|p__Firmicutes|c__Clostridia|o__Lachnospirales|f__Lachnospiraceae|g__Lachnoclostridium|s__Lachnoclostridium_edouardi	0.020704	0.026013	0.018752	0.012878	0.0	0.0	0.0	0.0	0.0	0.0	0.0	0.0	0.0	0.0	0.0	0.0	0.0	0.0	0.0	0.0	0.0	0.0	0.0	0.0	0.0	0.0	0.0	0.0	0.0	0.0	0.0	0.0	0.0	0.0	0.0	0.0	0.0	0.0	0.0	0.0	0.0	0.0	0.0	0.0
k__Bacteria|p__Firmicutes|c__Clostridia|o__Lachnospirales|f__Lachnospiraceae|g__Lachnospira|s__Lachnospira_pectinoschiza	0.018307	0.013258	0.007066	0.004613	0.0	0.0	0.0	2.192316	2.265122	2.237231	2.219309	0.0	0.0	0.0	0.0	0.0	0.0	0.0	0.122318	0.163168	0.150254	0.152376	0.039176	0.046539	0.042803	0.049686	0.0	0.0	0.0	0.0	0.0	0.0	0.0	0.0	0.0	0.0	0.0	0.0	0.019903	0.015397	0.029198	0.0	0.0	0.0
k__Bacteria|p__Firmicutes|c__CFGB1217|o__OFGB1217|f__FGB1217|g__GGB2982|s__GGB2982_SGB3964	0.017885	0.022413	0.013562	0.026979	0.0	0.0	0.0	0.0	0.0	0.0	0.0	0.0	0.0	0.0	0.015091	0.010155	0.008531	0.00764	0.002249	0.0	0.0	0.0	0.0	0.0	0.0	0.0	0.0	0.0	0.0	0.0	0.0	0.0	0.0	0.0	0.0	0.0	0.0	0.0	0.0	0.0	0.0	0.0	0.0	0.0
k__Bacteria|p__Firmicutes|c__Negativicutes|o__Acidaminococcales|f__Acidaminococcaceae|g__Acidaminococcus|s__Acidaminococcus_intestini	0.015587	0.010994	0.029337	0.022113	0.0	0.0	0.0	0.0	0.0	0.0	0.0	0.0	0.0	0.0	0.0	0.0	0.0	0.0	0.0	0.0	0.0	0.0	0.0	0.0	0.0	0.0	0.006667	0.019665	0.014455	0.016466	0.0	0.0	0.0	0.0	0.0	0.0	0.0	0.0	0.0	0.0	0.0	0.0	0.0	0.0
k__Bacteria|p__Firmicutes|c__Clostridia|o__Eubacteriales|f__Oscillospiraceae|g__Anaerotruncus|s__Anaerotruncus_colihominis	0.014239	0.01903	0.005558	0.00906	0.0	0.0	0.0	0.0	0.0	0.0	0.0	0.0	0.0	0.0	0.017986	0.011693	0.013754	0.015945	0.0	0.0	0.0	0.0	0.0	0.0	0.0	0.0	0.0	0.0	0.0	0.0	0.0	0.0	0.0	0.0	0.0	0.0	0.0	0.0	0.0	0.0	0.0	0.047894	0.043542	0.030292
k__Bacteria|p__Firmicutes|c__Clostridia|o__Eubacteriales|f__Oscillospiraceae|g__Dysosmobacter|s__Dysosmobacter_welbionis	0.012042	0.01119	0.008369	0.0	0.013781	0.01581	0.0	0.882382	0.811597	0.800336	0.818358	0.308964	0.273252	0.250846	0.402394	0.394405	0.420506	0.420232	0.0	0.008704	0.0	0.0	0.118706	0.107337	0.10587	0.121713	0.018095	0.006752	0.000829	0.0	0.0	0.0	0.0	0.0	0.117688	0.072597	0.089146	0.068561	0.384329	0.382561	0.383554	0.073981	0.068458	0.059806
k__Bacteria|p__Firmicutes|c__Clostridia|o__Eubacteriales|f__Eubacteriales_unclassified|g__Eubacteriales_unclassified|s__Clostridiales_bacterium	0.009709	0.004722	0.018401	0.011127	0.113736	0.125786	0.087571	0.398686	0.373568	0.306026	0.305303	0.0	0.0	0.0	0.0	0.0	0.0	0.0	0.0	0.0	0.0	0.0	0.0	0.0	0.0	0.0	0.0	0.0	0.0	0.0	0.0	0.0	0.0	0.0	0.074115	0.07486	0.096498	0.045109	0.0	0.0	0.0	0.030627	0.009863	0.026674
k__Bacteria|p__Firmicutes|c__Clostridia|o__Peptostreptococcales|f__Anaerovoracaceae|g__Mogibacterium|s__Mogibacterium_kristiansenii	0.009081	0.008229	0.0	0.005054	0.0	0.0	0.0	0.0	0.0	0.0	0.0	0.0	0.0	0.0	0.0	0.0	0.0	0.0	0.0	0.0	0.0	0.0	0.0	0.0	0.0	0.0	0.0	0.0	0.0	0.0	0.0	0.0	0.0	0.0	0.0	0.0	0.0	0.0	0.0	0.0	0.0	0.0	0.0	0.0
k__Bacteria|p__Bacteroidota|c__Bacteroidia|o__Bacteroidales|f__Rikenellaceae|g__Alistipes|s__Alistipes_finegoldii	0.008905	0.006761	0.0	0.001428	0.803622	0.756203	0.705437	0.0	0.0	0.0	0.0	0.0	0.0	0.0	0.0	0.0	0.0	0.0	1.358012	1.358485	1.187183	1.306624	0.0	0.0	0.0	0.000999	0.045505	0.055454	0.038872	0.040563	0.0	0.0	0.0	0.0	0.0	0.0	0.0	0.0	0.0	0.0	0.0	3.970921	3.768103	3.715034
k__Bacteria|p__Firmicutes|c__Clostridia|o__Lachnospirales|f__Lachnospiraceae|g__Roseburia|s__Roseburia_hominis	0.007631	0.0	0.000819	0.008521	0.00548	0.0	0.0	0.354339	0.344136	0.356934	0.343319	0.70361	0.679839	0.648099	0.0	0.0	0.0	0.0	0.0	0.0	0.0	0.0	0.057668	0.064571	0.06605	0.062692	0.0	0.0	0.0	0.0	0.020637	0.0	0.0	0.0	0.0	0.0	0.0	0.0	0.0	0.0	0.0	0.041493	0.044145	0.049006
k__Bacteria|p__Firmicutes|c__Clostridia|o__Eubacteriales|f__Clostridiaceae|g__Clostridium|s__Clostridium_SGB4750	0.004899	0.002537	0.007019	0.003747	0.0	0.0	0.0	0.0	0.0	0.0	0.0	0.0	0.0	0.0	0.146793	0.165737	0.166817	0.135223	0.0	0.0	0.0	0.0	0.0	0.0	0.0	0.0	0.009302	0.0	0.0	0.0	0.0	0.0	0.0	0.0	0.0	0.0	0.0	0.0	0.006247	0.002512	0.00603	0.027604	0.017805	0.017945
k__Bacteria|p__Firmicutes|c__Clostridia|o__Lachnospirales|f__Lachnospiraceae|g__GGB51491|s__GGB51491_SGB71859	0.004575	0.006582	0.003239	0.006589	0.0	0.0	0.0	0.0	0.0	0.0	0.0	0.0	0.0	0.0	0.0	0.0	0.0	0.0	0.0	0.0	0.0	0.0	0.0	0.0	0.0	0.0	0.0	0.0	0.0	0.0	0.0	0.0	0.0	0.0	0.0	0.0	0.0	0.0	0.0	0.0	0.0	0.0	0.0	0.0
k__Bacteria|p__Firmicutes|c__Clostridia|o__Eubacteriales|f__Eubacteriales_incertae_sedis|g__Candidatus_Cibionibacter|s__Candidatus_Cibionibacter_quicibialis	0.003736	0.0	0.01157	0.02586	0.0	0.0	0.0	0.402344	0.427117	0.32733	0.380449	0.162241	0.115324	0.143458	0.131502	0.115463	0.094319	0.086718	2.414936	2.446434	2.566686	2.209067	0.114981	0.094925	0.117599	0.121026	0.024474	0.01098	0.031419	0.027714	0.0	0.0	0.0	0.0	0.0	0.0	0.0	0.0	1.4884	1.342327	1.425898	0.277653	0.268825	0.261725
k__Bacteria|p__Firmicutes|c__Clostridia|o__Eubacteriales|f__Oscillospiraceae|g__Flavonifractor|s__Flavonifractor_plautii	0.003206	0.0	0.000889	0.0	0.070238	0.049994	0.057614	0.137225	0.134645	0.129282	0.148522	0.038766	0.016609	0.018711	0.007996	0.016913	0.0	0.004726	0.030127	0.04261	0.038174	0.033123	0.0	0.0	0.0	0.0	0.0	0.0	0.0	0.0	0.0	0.0	0.0	0.0	0.212409	0.216086	0.211005	0.182684	0.225789	0.171207	0.176153	0.038871	0.040272	0.040569
k__Bacteria|p__Firmicutes|c__Clostridia|o__Clostridia_unclassified|f__Clostridia_unclassified|g__GGB55957|s__GGB55957_SGB77276	0.00238	0.001153	0.0	0.0	0.006727	0.006889	0.004181	0.0	0.0	0.0	0.0	0.0	0.0	0.0	0.0	0.0	0.0	0.0	0.0	0.0	0.0	0.0	0.0	0.0	0.0	0.0	0.0	0.0	0.0	0.0	0.0	0.0	0.0	0.0	0.0	0.0	0.0	0.0	0.0	0.0	0.0	0.0	0.0	0.0
k__Bacteria|p__Firmicutes|c__Clostridia|o__Eubacteriales|f__Clostridiaceae|g__Clostridium|s__Clostridium_sp_AF36_4	0.002227	0.0	0.0	0.0	0.0	0.0	0.0	0.682952	0.664971	0.746036	0.740623	0.0	0.0	0.0	0.0	0.0	0.0	0.0	1.167972	1.066323	1.160529	1.114291	0.416595	0.417307	0.406346	0.420521	0.0	0.0	0.0	0.0	0.0	0.0	0.0	0.0	0.0	0.0	0.0	0.0	0.567357	0.619774	0.608247	1.622762	1.709743	1.778522
k__Bacteria|p__Firmicutes|c__CFGB77385|o__OFGB77385|f__FGB77385|g__GGB51510|s__GGB51510_SGB71883	0.001894	0.009628	0.002795	0.004142	0.0	0.0	0.0	0.0	0.0	0.0	0.0	0.0	0.0	0.0	0.0	0.0	0.0	0.0	0.0	0.0	0.0	0.0	0.0	0.0	0.0	0.0	0.0	0.0	0.0	0.0	0.0	0.0	0.0	0.0	0.0	0.0	0.0	0.0	0.0	0.0	0.0	0.0	0.0	0.0
k__Bacteria|p__Firmicutes|c__Clostridia|o__Lachnospirales|f__Lachnospiraceae|g__Sellimonas|s__Sellimonas_intestinalis	0.001577	0.0	0.001733	0.0	0.0	0.0	0.0	0.0	0.0	0.0	0.0	0.0	0.0	0.0	0.0	0.0	0.0	0.0	0.0	0.0	0.0	0.0	0.0	0.0	0.0	0.0	0.0	0.0	0.0	0.0	0.0	0.0	0.0	0.0	0.100749	0.069486	0.055185	0.056428	0.0	0.0	0.0	0.0	0.0	0.0
k__Bacteria|p__Firmicutes|c__Erysipelotrichia|o__Erysipelotrichales|f__Erysipelotrichaceae|g__Dielma|s__Dielma_fastidiosa	0.0007	0.0	0.0	0.0	0.0	0.0	0.0	0.0	0.0	0.0	0.0	0.0	0.0	0.0	0.0	0.0	0.0	0.0	0.0	0.0	0.0	0.0	0.0	0.0	0.0	0.0	0.0	0.0	0.0	0.0	0.0	0.0	0.0	0.0	0.0	0.0	0.0	0.0	0.0	0.0	0.0	0.0	0.0	0.0
k__Bacteria|p__Bacteroidota|c__Bacteroidia|o__Bacteroidales|f__Bacteroidaceae|g__Phocaeicola|s__Phocaeicola_dorei|t__SGB1815	14.33444	14.673105	14.79728	15.555558	0.0	0.0	0.0	0.646892	0.712711	0.672754	0.646823	12.090728	12.649441	12.605884	19.250986	19.808066	20.400131	20.807521	0.515031	0.580997	0.459099	0.58231	0.287469	0.265193	0.269529	0.268006	0.038118	0.042305	0.035845	0.033963	0.0	0.0	0.0	0.0	0.0	0.0	0.0	0.0	0.066288	0.112594	0.063015	2.004893	2.083879	2.067309
k__Bacteria|p__Bacteroidota|c__Bacteroidia|o__Bacteroidales|f__Bacteroidaceae|g__Bacteroides|s__Bacteroides_caccae|t__SGB1877	11.697579	11.858015	11.763718	12.040457	1.363461	1.291133	1.302321	1.611621	1.649086	1.678194	1.687271	2.166695	2.218508	2.159355	2.873736	2.933308	2.971187	2.912487	0.0	0.0	0.0	0.0	0.068975	0.078162	0.0562	0.053705	0.0	0.0	0.0	0.0	0.0	0.0	0.0	0.0	0.0	0.0	0.0	0.0	0.110149	0.133168	0.111132	0.0	0.0	0.0
k__Bacteria|p__Bacteroidota|c__Bacteroidia|o__Bacteroidales|f__Prevotellaceae|g__Paraprevotella|s__Paraprevotella_clara|t__SGB1798	6.998493	7.1366	7.153159	7.044414	0.0	0.0	0.0	0.0	0.0	0.0	0.0	0.0	0.0	0.0	0.0	0.0	0.0	0.0	0.0	0.0	0.0	0.0	0.118873	0.135889	0.139778	0.119443	0.0	0.0	0.0	0.0	0.0	0.0	0.0	0.0	0.0	0.0	0.0	0.0	0.118484	0.108246	0.097552	0.0	0.0	0.0
k__Bacteria|p__Firmicutes|c__Clostridia|o__Lachnospirales|f__Lachnospiraceae|g__GGB74412|s__GGB74412_SGB5075|t__SGB5075	5.001497	5.136017	5.068649	5.166296	0.0	0.0	0.0	0.0	0.0	0.0	0.0	1.507875	1.508909	1.532392	0.0	0.0	0.0	0.0	0.0	0.0	0.0	0.0	0.0	0.0	0.0	0.0	0.021733	0.019927	0.015248	0.015093	0.0	0.0	0.0	0.0	10.328312	10.305677	10.452416	10.922276	1.051624	1.110644	1.065754	1.024233	1.029515	1.058702
k__Bacteria|p__Bacteroidota|c__Bacteroidia|o__Bacteroidales|f__Prevotellaceae|g__Segatella|s__Segatella_sinensis|t__SGB1644	4.88396	4.733413	5.015663	4.812639	0.0	0.0	0.0	0.0	0.0	0.0	0.0	0.0	0.0	0.0	0.003367	0.008588	0.0	0.0	0.0	0.0	0.0	0.0	3.589233	3.715763	3.601584	3.508901	11.063015	11.132488	11.147178	11.328752	3.39076	3.262307	3.457522	3.229135	0.0	0.0	0.0	0.0	0.0	0.0	0.0	0.0	0.0	0.0
k__Bacteria|p__Bacteroidota|c__Bacteroidia|o__Bacteroidales|f__Prevotellaceae|g__Segatella|s__Segatella_copri|t__SGB1626	3.386575	3.36608	3.417884	3.39799	0.001279	0.0	0.002644	0.0	0.0	0.0	0.0	0.0	0.0	0.0	0.057353	0.054115	0.050162	0.063226	0.0	0.0	0.0	0.0	0.094092	0.112487	0.100096	0.119571	25.450724	25.476396	25.454805	25.670732	6.552761	6.678017	6.923604	7.100253	0.086124	0.07859	0.088369	0.069146	0.0	0.0	0.0	0.004087	0.0	0.0
k__Bacteria|p__Bacteroidota|c__Bacteroidia|o__Bacteroidales|f__Bacteroidaceae|g__Bacteroidaceae_unclassified|s__Bacteroidaceae_bacterium_AM72_11pH9A|t__SGB1677	2.981269	2.940064	2.970535	2.874297	0.0	0.0	0.0	0.0	0.0	0.0	0.0	0.0	0.0	0.0	0.0	0.0	0.0	0.0	0.0	0.0	0.0	0.0	0.002592	0.001435	0.003808	0.0	0.0	0.0	0.0	0.0	0.0	0.0	0.0	0.0	0.0	0.0	0.0	0.0	0.0	0.0	0.0	0.0	0.0	0.0
k__Bacteria|p__Firmicutes|c__CFGB14936|o__OFGB14936|f__FGB14936|g__GGB3256|s__GGB3256_SGB4303|t__SGB4303	2.913711	2.832009	2.861207	2.736628	0.0	0.0	0.0	0.0	0.0	0.0	0.0	0.0	0.0	0.0	0.0	0.0	0.0	0.0	0.0	0.0	0.0	0.0	0.0	0.0	0.0	0.0	0.0	0.0	0.0	0.0	0.0	0.0	0.0	0.0	0.0	0.0	0.0	0.0	0.401303	0.41516	0.394467	0.0	0.0	0.0
k__Bacteria|p__Bacteroidota|c__CFGB629|o__OFGB629|f__FGB629|g__GGB1495|s__GGB1495_SGB2071|t__SGB2071	2.857234	2.791469	2.781156	2.619532	0.0	0.0	0.0	0.261011	0.240298	0.235161	0.22413	0.0	0.0	0.0	0.0	0.0	0.0	0.0	0.0	0.0	0.0	0.0	0.011653	0.007446	0.010854	0.0	0.0	0.0	0.0	0.0	1.175209	1.089664	0.71829	0.751639	0.0	0.0	0.0	0.0	0.0	0.0	0.0	4.407923	4.264544	4.22586
k__Bacteria|p__Firmicutes|c__Clostridia|o__Lachnospirales|f__Lachnospiraceae|g__Roseburia|s__Roseburia_inulinivorans|t__SGB4940	2.302719	2.269467	2.273979	2.245166	0.047139	0.048963	0.064395	0.057319	0.053197	0.070418	0.063369	0.055052	0.058322	0.054449	0.042238	0.026027	0.027803	0.031455	0.045265	0.025153	0.032704	0.029968	0.021492	0.021823	0.018375	0.0	0.034864	0.035906	0.028583	0.033501	0.247113	0.189917	0.0	0.0	0.0	0.0	0.0	0.0	0.192275	0.20864	0.17468	0.0	0.0	0.0
k__Bacteria|p__Firmicutes|c__Clostridia|o__Lachnospirales|f__Lachnospiraceae|g__Lachnospira|s__Lachnospira_eligens|t__SGB5082	1.915472	1.964143	2.016411	2.02778	0.0	0.0	0.0	0.0	0.0	0.0	0.0	0.0	0.0	0.0	0.0	0.0	0.0	0.0	0.523905	0.545181	0.520994	0.571013	0.01647	0.022933	0.020519	0.02206	0.086157	0.086919	0.113054	0.096547	0.0	0.0	0.0	0.0	6.857124	7.381046	7.233042	7.289803	1.328928	1.332989	1.355118	0.0	0.0	0.0
k__Bacteria|p__Bacteroidota|c__CFGB11479|o__OFGB11479|f__FGB11479|g__GGB1630|s__GGB1630_SGB2238|t__SGB2238	1.837591	1.848027	1.792972	1.875767	0.0	0.0	0.0	0.0	0.0	0.0	0.0	0.0	0.0	0.0	0.0	0.0	0.0	0.0	0.0	0.0	0.0	0.0	0.0	0.0	0.0	0.0	0.0	0.0	0.0	0.0	0.0	0.0	0.0	0.0	0.0	0.0	0.0	0.0	0.0	0.0	0.0	0.0	0.0	0.0
k__Bacteria|p__Firmicutes|c__Clostridia|o__Lachnospirales|f__Lachnospiraceae|g__Agathobacter|s__Agathobacter_rectalis|t__SGB4933	1.793014	1.824237	1.760903	1.845591	1.605608	1.571967	1.540229	8.682134	8.756984	8.957251	8.780264	2.654633	2.694431	2.671126	2.130931	2.239876	2.202901	2.123094	1.82519	1.825806	1.828968	1.871005	0.398191	0.409057	0.434016	0.392878	0.678958	0.670077	0.634461	0.671546	1.345135	1.373648	1.366689	1.142606	0.0	0.0	0.0	0.0	2.514546	2.643043	2.604688	0.827254	0.783975	0.822276
k__Bacteria|p__Pseudomonadota|c__Betaproteobacteria|o__Burkholderiales|f__Sutterellaceae|g__Parasutterella|s__Parasutterella_excrementihominis|t__SGB9262	1.601177	1.778162	1.707303	1.638969	1.335813	1.326861	1.310644	0.115223	0.110178	0.106933	0.096307	0.143577	0.134576	0.158528	0.0	0.0	0.0	0.0	0.120179	0.120043	0.119201	0.111985	0.0	0.0	0.0	0.0	0.079156	0.076866	0.079228	0.074262	0.0	0.0	0.0	0.0	0.0	0.0	0.0	0.0	0.017883	0.013765	0.019992	0.000712	0.0	0.0
k__Bacteria|p__Bacteroidota|c__Bacteroidia|o__Bacteroidales|f__Bacteroidaceae|g__Bacteroides|s__Bacteroides_thetaiotaomicron|t__SGB1861	1.495797	1.443215	1.425149	1.469118	1.024706	0.962024	1.027617	2.187519	2.164725	2.135672	2.211629	0.063895	0.075172	0.063197	0.0	0.0	0.0	0.0	1.466333	1.43983	1.378403	1.344127	0.098035	0.093439	0.077505	0.09265	0.367581	0.356582	0.35483	0.361522	0.0	0.0	0.0	0.0	3.660079	3.593583	3.55184	3.467338	0.0	0.0	0.0	1.66086	1.735103	1.741504
k__Bacteria|p__Bacteroidota|c__Bacteroidia|o__Bacteroidales|f__Tannerellaceae|g__Parabacteroides|s__Parabacteroides_distasonis|t__SGB1934	1.163231	1.173279	1.21572	1.1916	1.794943	1.777111	1.817008	0.945081	0.950517	0.917491	0.996559	0.522141	0.564677	0.531705	4.339865	4.292482	4.341423	4.332426	0.795936	0.855913	0.774507	0.800872	0.203828	0.186219	0.205237	0.193792	0.226105	0.245862	0.22741	0.259276	0.130819	0.112397	0.0	0.0	3.302929	3.215495	3.255482	3.223931	1.263021	1.259702	1.305903	1.759269	1.771145	1.753266
k__Bacteria|p__Bacteroidota|c__Bacteroidia|o__Bacteroidales|f__Tannerellaceae|g__Parabacteroides|s__Parabacteroides_merdae|t__SGB1949	1.050564	0.997523	0.958843	1.072284	1.163773	0.983551	0.990397	0.874438	0.818651	0.863768	0.791583	0.757348	0.72059	0.647443	0.0	0.0	0.0	0.0	1.165122	1.2033	1.119882	1.186436	0.13463	0.163911	0.131313	0.130716	0.298878	0.358931	0.314887	0.319401	0.0	0.0	0.0	0.0	0.0	0.0	0.0	0.0	0.194194	0.173231	0.197544	0.773964	0.693088	0.720836
k__Bacteria|p__Firmicutes|c__Clostridia|o__Eubacteriales|f__Clostridiaceae|g__Clostridium|s__Clostridium_sp_AM22_11AC|t__SGB4749	0.911116	0.871768	0.972307	0.923674	0.234837	0.204859	0.206868	0.210712	0.25072	0.216746	0.22758	0.288425	0.298464	0.286125	0.0	0.0	0.0	0.0	0.0	0.0	0.0	0.0	0.039674	0.049494	0.042739	0.04544	0.026453	0.013205	0.025454	0.030616	0.0	0.0	0.0	0.0	0.237255	0.256183	0.233967	0.271003	0.0	0.0	0.0	0.180431	0.181375	0.178083
k__Bacteria|p__Firmicutes|c__Clostridia|o__Eubacteriales|f__Oscillospiraceae|g__Faecalibacterium|s__Faecalibacterium_prausnitzii|t__SGB15318	0.881787	0.871777	0.867186	0.784676	0.578521	0.578236	0.546682	1.397613	1.362821	1.373675	1.3964	2.429245	2.283817	2.274098	1.042546	1.005185	0.945078	0.97199	0.492447	0.423733	0.468181	0.412447	0.083173	0.09338	0.088449	0.072105	0.064568	0.053698	0.041859	0.046845	0.088106	0.044742	0.0	0.0	0.0	0.0	0.0	0.0	0.941549	0.966538	0.900323	0.0	0.0	0.0
k__Bacteria|p__Bacteroidota|c__Bacteroidia|o__Bacteroidales|f__Bacteroidaceae|g__Bacteroides|s__Bacteroides_stercoris|t__SGB1830	0.87824	0.806096	0.895254	0.828304	10.740972	10.345913	10.42217	0.0	0.0	0.0	0.0	3.6738	3.641458	3.560963	1.589836	1.651669	1.74434	1.685179	0.122413	0.137655	0.135892	0.130193	0.062255	0.082965	0.076879	0.062785	0.324526	0.3519	0.356056	0.329298	0.0	0.0	0.0	0.0	7.128929	7.080917	6.980755	6.979502	0.802697	0.760453	0.727233	0.0	0.0	0.0
k__Bacteria|p__Thermodesulfobacteriota|c__Desulfovibrionia|o__Desulfovibrionales|f__Desulfovibrionaceae|g__Desulfovibrio|s__Desulfovibrio_piger|t__SGB15467	0.872427	0.634583	0.801289	0.73766	0.0	0.0	0.0	0.0	0.0	0.0	0.0	0.0	0.0	0.0	0.0	0.0	0.0	0.0	0.0	0.0	0.0	0.0	0.0	0.0	0.0	0.0	0.0	0.0	0.0	0.0	0.286327	0.320239	0.0	0.283596	0.0	0.0	0.0	0.0	0.0	0.0	0.0	0.0	0.0	0.0
k__Bacteria|p__Firmicutes|c__CFGB3054|o__OFGB3054|f__FGB3054|g__GGB9715|s__GGB9715_SGB15260|t__SGB15260	0.680506	0.5682	0.635462	0.65822	0.0	0.0	0.0	0.0	0.0	0.0	0.0	0.0	0.0	0.0	0.0	0.0	0.0	0.0	0.426377	0.457636	0.446457	0.480155	0.0	0.0	0.0	0.0	0.020857	0.029284	0.016421	0.021918	0.0	0.0	0.0	0.0	0.0	0.0	0.0	0.0	0.0	0.0	0.0	0.0	0.0	0.0
k__Bacteria|p__Bacteroidota|c__Bacteroidia|o__Bacteroidales|f__Bacteroidaceae|g__Bacteroides|s__Bacteroides_xylanisolvens|t__SGB1867	0.630725	0.729776	0.656709	0.644741	0.022836	0.051025	0.071407	2.962095	2.997506	3.05715	3.081585	2.964523	2.822136	2.961505	0.0	0.002647	0.007175	0.00303	0.020588	0.01257	0.004099	0.019896	0.571613	0.517575	0.444914	0.453211	0.027039	0.011947	0.013037	0.009453	0.0	0.0	0.0	0.0	0.0	0.0	0.0	0.0	0.02559	0.033589	0.032539	0.0	0.0	0.0
k__Bacteria|p__Firmicutes|c__Clostridia|o__Lachnospirales|f__Lachnospiraceae|g__Mediterraneibacter|s__Ruminococcus_torques|t__SGB4608	0.628542	0.628624	0.653686	0.637138	0.090387	0.105186	0.101997	0.101365	0.099641	0.096633	0.091152	0.009795	0.0	0.009299	0.339731	0.361356	0.311176	0.357576	0.0	0.0	0.0	0.0	0.0	0.0	0.0	0.0	0.0	0.0	0.0	0.0	0.0	0.0	0.0	0.0	1.067097	1.139743	1.045375	1.058464	0.001133	0.0	0.0	0.042478	0.04908	0.035706
k__Bacteria|p__Firmicutes|c__Clostridia|o__Eubacteriales|f__Oscillospiraceae|g__Faecalibacterium|s__Faecalibacterium_prausnitzii|t__SGB15316	0.611813	0.603087	0.526654	0.596151	0.139868	0.128472	0.138222	1.314791	1.248248	1.114077	1.159869	0.043157	0.05545	0.037241	0.0	0.0	0.0	0.0	0.445686	0.392207	0.456614	0.426575	0.241046	0.159353	0.177947	0.226588	0.057853	0.069795	0.056524	0.078886	0.0	0.0	0.0	0.0	0.626989	0.579569	0.646276	0.716369	0.029473	0.012267	0.0	0.238619	0.228668	0.224058
k__Bacteria|p__Bacteroidota|c__Bacteroidia|o__Bacteroidales|f__Bacteroidaceae|g__Bacteroides|s__Bacteroides_uniformis|t__SGB1836	0.556285	0.562866	0.527958	0.476165	6.520769	6.432074	6.33476	2.214247	2.218296	2.162563	2.207514	15.681209	15.468512	15.458455	28.583982	28.626483	28.200044	28.366647	7.70494	7.846895	7.623615	7.589541	2.477893	2.468488	2.420827	2.282043	0.246767	0.304525	0.271448	0.247397	0.066418	0.106046	0.0	0.0	0.0	0.0	0.0	0.0	1.603816	1.656403	1.548688	2.599811	2.643321	2.552303
k__Bacteria|p__Firmicutes|c__Negativicutes|o__Acidaminococcales|f__Acidaminococcaceae|g__Phascolarctobacterium|s__Phascolarctobacterium_succinatutens|t__SGB5763	0.551733	0.588505	0.565698	0.599428	0.0	0.0	0.0	0.0	0.0	0.0	0.0	0.0	0.0	0.0	0.0	0.0	0.0	0.0	0.317291	0.329704	0.301794	0.33358	0.512646	0.478936	0.512421	0.509813	1.152165	1.120709	1.096207	1.05614	0.0	0.0	0.0	0.0	0.0	0.0	0.0	0.0	0.0	0.0	0.0	0.0	0.0	0.0
k__Bacteria|p__Firmicutes|c__Clostridia|o__Lachnospirales|f__Lachnospiraceae|g__Dorea|s__Dorea_longicatena|t__SGB4582	0.499788	0.474733	0.469465	0.425386	0.316717	0.298775	0.295087	0.369897	0.347392	0.363157	0.366654	0.326072	0.32444	0.320946	0.0	0.0	0.0	0.0	0.013039	0.019342	0.030614	0.016335	0.0	0.0	0.0	0.0	0.194493	0.171971	0.198379	0.168544	0.0	0.0	0.0	0.0	0.0	0.0	0.0	0.0	0.022679	0.014847	0.01383	0.040613	0.025439	0.022898
k__Bacteria|p__Firmicutes|c__Erysipelotrichia|o__Erysipelotrichales|f__Coprobacillaceae|g__Catenibacterium|s__Catenibacterium_tridentinum|t__SGB6783	0.487492	0.605437	0.627646	0.528998	0.862101	0.850436	0.947228	0.0	0.0	0.0	0.0	0.0	0.0	0.0	0.0	0.0	0.0	0.0	0.0	0.0	0.0	0.0	0.0	0.0	0.0	0.0	0.0	0.0	0.0	0.0	0.242294	0.267452	0.071802	0.0	0.0	0.0	0.0	0.0	0.0	0.0	0.0	0.0	0.0	0.0
k__Bacteria|p__Firmicutes|c__Clostridia|o__Lachnospirales|f__Lachnospiraceae|g__Anaerostipes|s__Anaerostipes_hadrus|t__SGB4540	0.485288	0.533553	0.505543	0.580878	0.568023	0.509231	0.525784	0.443798	0.478309	0.490588	0.460207	0.285575	0.278676	0.300824	0.0	0.0	0.0	0.0	0.423905	0.432669	0.415852	0.433192	0.115769	0.132267	0.121126	0.133921	0.00339	0.013299	0.005559	0.0	0.0	0.0	0.0	0.0	0.504527	0.517903	0.465664	0.47773	0.061033	0.069578	0.064292	0.590258	0.645404	0.629732
k__Bacteria|p__Bacteroidota|c__Bacteroidia|o__Bacteroidales|f__Bacteroidaceae|g__Bacteroides|s__Bacteroides_ovatus|t__SGB1871	0.481094	0.506189	0.520524	0.558117	5.606809	5.430974	5.627688	1.04028	1.009324	1.095228	1.104492	2.501202	2.424186	2.637116	8.073279	8.330878	8.369679	8.488088	0.301719	0.254114	0.295157	0.302749	0.917726	0.868509	0.86222	0.860887	0.291779	0.297718	0.272935	0.289131	0.0	0.0	0.0	0.0	0.0	0.0	0.0	0.0	0.139537	0.168242	0.119943	1.308595	1.368141	1.388892
k__Bacteria|p__Firmicutes|c__Clostridia|o__Eubacteriales|f__Clostridiaceae|g__Clostridium|s__Clostridium_SGB6179|t__SGB6179	0.470902	0.466073	0.487041	0.513656	0.0	0.0	0.0	0.0	0.0	0.0	0.0	0.0	0.0	0.0	0.0	0.0	0.0	0.0	0.0	0.0	0.0	0.0	0.0	0.0	0.0	0.0	0.0	0.0	0.0	0.0	0.0	0.0	0.0	0.0	0.0	0.0	0.0	0.0	0.0	0.0	0.0	0.0	0.0	0.0
k__Bacteria|p__Bacteroidota|c__Bacteroidia|o__Bacteroidales|f__Prevotellaceae|g__Prevotella|s__Prevotella_pectinovora|t__SGB1662	0.456502	0.481751	0.458247	0.470038	0.0	0.0	0.0	0.0	0.0	0.0	0.0	0.0	0.0	0.0	0.0	0.0	0.0	0.0	0.0	0.0	0.0	0.0	0.0	0.0	0.0	0.0	0.0	0.0	0.0	0.0	0.0	0.0	0.0	0.0	0.0	0.0	0.0	0.0	0.0	0.0	0.0	0.0	0.0	0.0
k__Bacteria|p__Firmicutes|c__Clostridia|o__Eubacteriales|f__Clostridiaceae|g__Clostridium|s__Clostridium_fessum|t__SGB4705	0.452738	0.406821	0.428677	0.410124	0.0	0.0	0.0	0.220032	0.224824	0.223294	0.221762	0.160557	0.146306	0.165276	0.220503	0.184848	0.189808	0.198837	0.03823	0.038369	0.015305	0.014129	0.110239	0.098715	0.103871	0.095011	0.149672	0.149018	0.138357	0.113476	0.0	0.0	0.0	0.0	0.214132	0.203376	0.169206	0.199964	0.146185	0.136485	0.109991	0.329781	0.324318	0.320709
k__Bacteria|p__Firmicutes|c__Clostridia|o__Lachnospirales|f__Lachnospiraceae|g__Blautia|s__Blautia_wexlerae|t__SGB4837	0.448961	0.376033	0.398835	0.413849	0.425426	0.398104	0.364699	0.214943	0.229493	0.189155	0.241433	0.439215	0.467662	0.460925	0.356781	0.370984	0.356857	0.342879	0.287283	0.304977	0.323044	0.339442	0.070561	0.076311	0.080629	0.078696	0.191055	0.224263	0.178282	0.177231	0.0	0.0	0.0	0.0	1.015685	1.07562	0.948978	0.994432	0.236122	0.250346	0.241282	0.443698	0.46787	0.440316
k__Bacteria|p__Firmicutes|c__Clostridia|o__Eubacteriales|f__Oscillospiraceae|g__Faecalibacterium|s__Faecalibacterium_prausnitzii|t__SGB15332	0.445199	0.457784	0.407261	0.442446	0.096123	0.11162	0.10337	0.0	0.0	0.0	0.0	1.765308	1.655098	1.593666	0.0	0.0	0.0	0.0	0.602487	0.652303	0.581827	0.59067	0.019883	0.020434	0.012322	0.017585	0.054314	0.058071	0.055924	0.054117	0.0	0.0	0.0	0.0	0.0	0.0	0.0	0.0	0.074502	0.08219	0.07568	0.755002	0.673299	0.734211
k__Bacteria|p__Firmicutes|c__Clostridia|o__Lachnospirales|f__Lachnospiraceae|g__Dorea|s__Dorea_formicigenerans|t__SGB4575	0.435711	0.420338	0.425201	0.437696	0.05321	0.050083	0.057734	0.010195	0.009996	0.0	0.006568	0.028772	0.019678	0.031316	0.0	0.009933	0.008699	0.000824	0.021689	0.026667	0.035644	0.010572	0.04074	0.026763	0.020297	0.031112	0.0	0.0	0.0	0.0	0.0	0.0	0.0	0.0	0.0	0.0	0.0	0.0	0.0	0.00966	0.0	0.043022	0.029206	0.028843
k__Bacteria|p__Firmicutes|c__Clostridia|o__Eubacteriales|f__Clostridiaceae|g__Clostridiaceae_unclassified|s__Clostridiaceae_bacterium|t__SGB4721	0.420862	0.417965	0.405201	0.383368	0.0	0.0	0.0	0.0	0.0	0.0	0.0	0.01066	0.0	0.0	0.0	0.0	0.0	0.0	0.0	0.0	0.0	0.0	0.023978	0.022176	0.011042	0.015803	0.0	0.0	0.0	0.0	0.0	0.0	0.0	0.0	0.026265	0.028165	0.020323	0.020317	0.076698	0.090429	0.078095	0.010677	0.024945	0.031141
k__Bacteria|p__Firmicutes|c__Clostridia|o__Eubacteriales|f__Clostridiaceae|g__Pilosibacter|s__Pilosibacter_fragilis|t__SGB4716	0.413683	0.401433	0.430685	0.343195	0.284718	0.271133	0.279964	0.117101	0.097584	0.110481	0.10161	0.025343	0.029902	0.01721	0.0	0.0	0.0	0.0	0.000963	0.0	0.0	0.0	0.051232	0.061847	0.036032	0.043095	0.041581	0.038694	0.029668	0.024062	0.01732	0.035745	0.0	0.0	0.008484	0.0	0.014969	0.011944	0.035578	0.028505	0.027504	0.017107	0.023616	0.021494
k__Bacteria|p__Bacteroidota|c__Bacteroidia|o__Bacteroidales|f__Bacteroidaceae|g__Bacteroides|s__Bacteroides_cellulosilyticus|t__SGB1844	0.389724	0.370406	0.381666	0.405835	0.011666	0.005523	0.009565	0.0	0.0	0.0	0.0	0.0	0.0	0.0	0.0	0.0	0.0	0.0	0.14422	0.179856	0.211647	0.156179	0.0	0.0	0.0	0.0	0.0	0.0	0.0	0.0	0.0	0.0	0.0	0.0	0.0	0.0	0.0	0.0	0.0	0.0	0.0	3.56518	3.490499	3.555785
k__Bacteria|p__Firmicutes|c__Clostridia|o__Lachnospirales|f__Lachnospiraceae|g__Blautia|s__Blautia_obeum|t__SGB4811	0.366886	0.383391	0.372542	0.325136	0.007036	0.016351	0.012756	0.252536	0.283665	0.250336	0.277696	0.00953	0.011686	0.003134	0.033294	0.028234	0.039474	0.015563	0.489029	0.472255	0.47178	0.433188	0.0	0.0	0.000546	0.0	0.003932	0.001109	0.006627	0.0	0.0	0.0	0.0	0.0	0.0	0.0	0.0	0.0	0.1072	0.117435	0.104979	0.177632	0.14843	0.155692
k__Bacteria|p__Firmicutes|c__Clostridia|o__Lachnospirales|f__Lachnospiraceae|g__Mediterraneibacter|s__Mediterraneibacter_faecis|t__SGB4563	0.361957	0.361392	0.365715	0.355553	0.059672	0.050355	0.061453	0.118392	0.1445	0.123021	0.116576	0.159792	0.176981	0.169632	0.0	0.0	0.0	0.0	0.068725	0.082394	0.072793	0.058235	0.06705	0.089785	0.094146	0.098288	0.170488	0.189685	0.206452	0.200753	0.058162	0.061121	0.0	0.0	0.0	0.0	0.0	0.0	0.093825	0.115471	0.091492	0.086726	0.11776	0.112187
k__Bacteria|p__Actinomycetota|c__Coriobacteriia|o__Coriobacteriales|f__Coriobacteriaceae|g__Collinsella|s__Collinsella_aerofaciens|t__SGB14535_group	0.35318	0.264925	0.313858	0.257002	0.021521	0.007885	0.010488	0.120639	0.124229	0.115881	0.120632	0.210458	0.204519	0.204024	0.0	0.0	0.0	0.0	0.283296	0.276777	0.261044	0.273997	0.037228	0.035858	0.03577	0.033289	0.086867	0.068929	0.069439	0.060353	0.240911	0.312567	0.08799	0.087854	0.0	0.0	0.0	0.0	0.17213	0.170016	0.174083	0.0	0.0	0.0
k__Bacteria|p__Bacteroidota|c__Bacteroidia|o__Bacteroidales|f__Odoribacteraceae|g__Odoribacter|s__Odoribacter_splanchnicus|t__SGB1790	0.352055	0.452938	0.324312	0.413638	0.526386	0.508581	0.480856	0.809613	0.880341	0.874686	0.848963	0.418961	0.426353	0.455951	0.422212	0.436821	0.406574	0.421925	0.180169	0.179366	0.189117	0.1786	0.778253	0.763822	0.715537	0.688236	0.178424	0.179176	0.176502	0.183078	0.00703	0.0	0.0	0.0	0.087604	0.121861	0.103321	0.091739	0.116394	0.116803	0.100371	1.07288	1.039588	0.99039
k__Bacteria|p__Firmicutes|c__Clostridia|o__Eubacteriales|f__Clostridiaceae|g__Clostridium|s__Clostridium_sp_AT4|t__SGB4753	0.303579	0.278289	0.261773	0.277831	0.042089	0.032273	0.03646	0.05248	0.035578	0.051404	0.046537	0.0	0.0	0.0	0.0	0.0	0.0	0.0	0.0	0.0	0.0	0.0	0.0	0.0	0.0	0.0	0.0	0.0	0.0	0.0	0.0	0.0	0.0	0.0	0.279357	0.260008	0.254683	0.325926	0.0	0.0	0.0	0.0	0.0	0.0
k__Bacteria|p__Firmicutes|c__Clostridia|o__Lachnospirales|f__Lachnospiraceae|g__Coprococcus|s__Coprococcus_comes|t__SGB4577	0.294537	0.291026	0.298508	0.2834	0.01281	0.021428	0.007302	0.183496	0.190764	0.181598	0.197908	0.226415	0.258265	0.225713	0.078033	0.057663	0.071388	0.067485	0.151755	0.152756	0.158099	0.186536	0.009051	0.02646	0.011396	0.011418	0.050588	0.031095	0.029286	0.041951	0.405459	0.421912	0.279697	0.124366	0.0	0.0	0.0	0.0	0.036573	0.040197	0.040121	0.0	0.0	0.0
k__Bacteria|p__Actinomycetota|c__Actinomycetes|o__Bifidobacteriales|f__Bifidobacteriaceae|g__Bifidobacterium|s__Bifidobacterium_bifidum|t__SGB17256	0.293637	0.274807	0.238381	0.243358	0.0	0.0	0.0	0.0	0.0	0.0	0.0	0.0	0.0	0.0	0.0	0.0	0.0	0.0	0.0	0.0	0.0	0.0	0.0	0.0	0.0	0.0	0.0	0.0	0.0	0.0	0.0	0.0	0.0	0.0	0.0	0.0	0.0	0.0	0.101632	0.070301	0.084162	0.123459	0.087264	0.096812
k__Bacteria|p__Firmicutes|c__Clostridia|o__Eubacteriales|f__Eubacteriales_unclassified|g__Gemmiger|s__Gemmiger_formicilis|t__SGB15299	0.275085	0.28139	0.291682	0.292187	0.0	0.0	0.0	0.0	0.0	0.0	0.0	0.009891	0.001459	0.013853	0.114671	0.121891	0.107237	0.108485	0.0	0.0	0.0	0.0	0.0	0.0	0.0	0.0	0.0	0.0	0.0	0.0	0.0	0.0	0.0	0.0	0.0	0.0	0.0	0.0	0.007621	0.004067	0.011065	0.269797	0.246774	0.254952
k__Bacteria|p__Bacteroidota|c__Bacteroidia|o__Bacteroidales|f__Bacteroidaceae|g__Bacteroides|s__Bacteroides_salyersiae|t__SGB1857	0.267215	0.266564	0.284655	0.266583	0.0	0.0	0.0	0.948535	1.044529	0.991518	0.972978	0.0	0.0	0.0	0.0	0.0	0.0	0.0	0.013445	0.009665	0.012286	0.012381	0.068828	0.06783	0.075997	0.068099	0.154195	0.182795	0.15976	0.161675	0.0	0.0	0.0	0.0	0.0	0.0	0.0	0.0	0.0	0.0	0.0	0.0	0.0	0.0
k__Bacteria|p__Firmicutes|c__Clostridia|o__Eubacteriales|f__Oscillospiraceae|g__Hydrogenoanaerobacterium|s__Hydrogenoanaerobacterium_saccharovorans|t__SGB15350	0.260547	0.248119	0.224077	0.252255	0.04275	0.057295	0.044731	0.010799	0.009017	0.003839	0.005941	0.0	0.0	0.0	0.047006	0.037236	0.039867	0.0402	0.0	0.0	0.0	0.0	0.075194	0.076413	0.066103	0.070049	0.0	0.0	0.0	0.0	0.0	0.0	0.0	0.0	0.070237	0.056101	0.061122	0.045257	0.007985	0.004141	0.005614	0.054646	0.070749	0.061065
k__Bacteria|p__Firmicutes|c__Clostridia|o__Eubacteriales|f__Clostridiaceae|g__Clostridium|s__Clostridium_sp_AF27_2AA|t__SGB4712	0.256901	0.200986	0.249703	0.243355	0.0	0.0	0.0	0.0	0.0	0.0	0.0	0.0	0.0	0.0	0.0	0.0	0.0	0.0	0.0	0.0	0.0	0.0	0.004479	0.0	0.001238	0.004527	0.0	0.0	0.0	0.0	0.0	0.0	0.0	0.0	0.193791	0.212936	0.225402	0.229264	0.0	0.0	0.0	0.0	0.0	0.0
k__Bacteria|p__Firmicutes|c__Clostridia|o__Eubacteriales|f__Beduinellaceae|g__GGB9759|s__GGB9759_SGB15370|t__SGB15370	0.231481	0.208897	0.227395	0.215205	0.0	0.0	0.0	0.0	0.0	0.0	0.0	0.0	0.0	0.0	0.0	0.0	0.0	0.0	0.0	0.0	0.0	0.0	0.0	0.0	0.0	0.0	0.014518	0.019911	0.015672	0.019107	0.0	0.0	0.0	0.0	0.0	0.0	0.0	0.0	0.0	0.0	0.0	0.0	0.0	0.0
k__Bacteria|p__Firmicutes|c__Clostridia|o__Lachnospirales|f__Lachnospiraceae|g__Roseburia|s__Roseburia_intestinalis|t__SGB4951	0.231231	0.224897	0.209261	0.194775	1.787861	1.6642	1.72725	0.0	0.0	0.0	0.0	0.0	0.0	0.0	0.17077	0.143061	0.168739	0.132625	0.0	0.0	0.0	0.0	0.017683	0.018417	0.023167	0.009617	0.054007	0.045437	0.037801	0.045428	0.054412	0.003781	0.0	0.0	0.615067	0.626834	0.71179	0.658113	0.140517	0.178688	0.124102	0.0	0.0	0.0
k__Bacteria|p__Firmicutes|c__Clostridia|o__Eubacteriales|f__Oscillospiraceae|g__Faecalibacterium|s__Faecalibacterium_prausnitzii|t__SGB15342	0.224838	0.177105	0.166555	0.181438	0.095204	0.096935	0.083843	1.816952	1.912972	1.879781	1.929798	0.090758	0.046719	0.075391	1.147739	1.100619	1.05284	1.062001	0.048707	0.047432	0.057188	0.054254	0.740708	0.710972	0.768306	0.777736	0.008978	0.031314	0.011517	0.016574	0.0	0.0	0.0	0.0	0.628643	0.635166	0.631855	0.634431	0.95898	0.958952	0.896814	0.15268	0.135817	0.118978
k__Bacteria|p__Bacteroidota|c__CFGB529|o__OFGB529|f__FGB529|g__GGB1093|s__GGB1093_SGB1404|t__SGB1404	0.217932	0.199123	0.248779	0.275219	0.0	0.0	0.0	0.0	0.0	0.0	0.0	0.0	0.0	0.0	0.0	0.0	0.0	0.0	0.0	0.0	0.0	0.0	0.21555	0.1998	0.234564	0.20797	0.0	0.0	0.0	0.0	0.748851	0.920465	0.526361	0.415204	0.0	0.0	0.0	0.0	0.0	0.0	0.0	0.0	0.0	0.0
k__Bacteria|p__Firmicutes|c__Clostridia|o__Lachnospirales|f__Lachnospiraceae|g__Roseburia|s__Roseburia_faecis|t__SGB4925	0.216483	0.191218	0.210184	0.183925	0.931234	0.928756	0.926893	0.254591	0.24354	0.220253	0.265834	0.0	0.0	0.0	0.036155	0.050302	0.033593	0.017401	2.713216	2.80278	2.739846	2.819419	0.093146	0.093471	0.090345	0.102801	0.42067	0.423953	0.377014	0.401015	0.467408	0.404346	0.201636	0.272616	0.0	0.0	0.0	0.0	0.367581	0.399256	0.36495	1.34585	1.299293	1.272676
k__Bacteria|p__Firmicutes|c__CFGB1765|o__OFGB1765|f__FGB1765|g__GGB4566|s__GGB4566_SGB6305|t__SGB6305	0.198246	0.249413	0.210671	0.200357	0.0	0.0	0.0	0.0	0.0	0.0	0.0	0.0	0.0	0.0	0.0	0.0	0.0	0.0	0.176168	0.173397	0.175575	0.18318	0.037508	0.026987	0.028812	0.02337	0.074723	0.074327	0.095307	0.07589	0.0	0.0	0.0	0.0	0.0	0.0	0.0	0.0	0.0	0.0	0.0	0.0	0.0	0.0
k__Bacteria|p__Firmicutes|c__Clostridia|o__Lachnospirales|f__Lachnospiraceae|g__Waltera|s__Waltera_acetigignens|t__SGB4914	0.182161	0.226934	0.18303	0.167855	0.123196	0.114051	0.12616	0.036505	0.029247	0.045903	0.023582	0.124345	0.131104	0.120938	0.169588	0.188299	0.174175	0.212328	0.016565	0.020734	0.016201	0.015404	0.948465	1.02016	0.965468	0.957653	0.179451	0.186519	0.173962	0.16236	0.0	0.023575	0.0	0.0	0.529579	0.532297	0.52643	0.525361	0.870278	0.942288	0.865643	0.211817	0.208394	0.212085
k__Bacteria|p__Firmicutes|c__Clostridia|o__Eubacteriales|f__Oscillospiraceae|g__Oscillibacter|s__Oscillibacter_sp_ER4|t__SGB15254	0.179728	0.127125	0.142628	0.158814	0.0	0.0	0.0	0.0	0.0	0.0	0.0	0.929989	0.787892	0.816677	0.0	0.0	0.0	0.0	0.086314	0.108561	0.109081	0.115265	0.137184	0.106455	0.139837	0.119547	0.138814	0.120181	0.11894	0.12752	0.0	0.017092	0.0	0.0	0.0	0.0	0.0	0.0	0.025109	0.017214	0.020546	0.0	0.0	0.0
k__Bacteria|p__Firmicutes|c__Clostridia|o__Lachnospirales|f__Anaerotignaceae|g__Anaerotignum|s__Anaerotignum_SGB5191|t__SGB5191	0.169048	0.131354	0.111005	0.168148	0.17965	0.207858	0.209975	0.0	0.0	0.0	0.0	0.0	0.0	0.0	0.0	0.0	0.0	0.0	0.0	0.0	0.0	0.0	0.0	0.0	0.0	0.0	0.0	0.0	0.0	0.0	0.0	0.0	0.0	0.0	0.226576	0.247926	0.263378	0.17163	0.0	0.0	0.0	0.0	0.0	0.0
k__Bacteria|p__Firmicutes|c__Clostridia|o__Lachnospirales|f__Lachnospiraceae|g__Simiaoa|s__Simiaoa_sunii|t__SGB4910	0.154442	0.169789	0.152977	0.163183	0.0	0.0	0.0	0.0	0.0	0.0	0.0	0.0	0.0	0.0	0.0	0.0	0.0	0.0	0.0	0.0	0.0	0.0	0.149095	0.15817	0.126983	0.150399	1.256534	1.20354	1.195576	1.182225	2.896457	2.967805	2.946457	3.249097	0.0	0.0	0.0	0.0	0.808423	0.750629	0.798104	0.0	0.0	0.0
k__Bacteria|p__Bacteroidota|c__CFGB4405|o__OFGB4405|f__FGB4405|g__GGB1266|s__GGB1266_SGB1699|t__SGB1699	0.152471	0.135865	0.125504	0.108691	0.0	0.0	0.0	0.0	0.0	0.0	0.0	0.0	0.0	0.0	0.0	0.0	0.0	0.0	0.0	0.0	0.0	0.0	0.0	0.0	0.0	0.0	1.93133	1.851768	1.868468	1.905031	0.331709	0.269001	0.0	0.039185	0.0	0.0	0.0	0.0	0.0	0.0	0.0	0.0	0.0	0.0
k__Bacteria|p__Firmicutes|c__Clostridia|o__Eubacteriales|f__Oscillospiraceae|g__GGB9636|s__GGB9636_SGB15107|t__SGB15107	0.144552	0.122483	0.138171	0.152861	0.0	0.0	0.0	0.0	0.0	0.0	0.0	0.0	0.0	0.0	0.0	0.0	0.0	0.0	0.0	0.0	0.0	0.0	0.0	0.0	0.0	0.0	0.0	0.0	0.0	0.0	0.462602	0.363051	0.165486	0.287684	0.0	0.0	0.0	0.0	0.0	0.0	0.0	0.0	0.0	0.0
k__Bacteria|p__Firmicutes|c__Clostridia|o__Lachnospirales|f__Lachnospiraceae|g__Anaerobutyricum|s__Anaerobutyricum_hallii|t__SGB4532	0.140133	0.130334	0.106292	0.133865	0.077497	0.044046	0.035594	0.202784	0.232106	0.187651	0.219313	0.300663	0.265776	0.298748	0.410845	0.391426	0.382596	0.325116	0.330468	0.322954	0.307488	0.262124	0.050591	0.05746	0.052247	0.063338	0.0	0.0	0.0	0.0	0.0	0.0	0.0	0.0	0.240363	0.246626	0.200292	0.209062	0.097392	0.09757	0.08837	0.0	0.0	0.0
k__Bacteria|p__Bacteroidota|c__Bacteroidia|o__Bacteroidales|f__Rikenellaceae|g__Alistipes|s__Alistipes_dispar|t__SGB2311	0.113416	0.087339	0.106176	0.114893	0.0	0.0	0.0	0.0	0.0	0.0	0.0	0.0	0.0	0.0	0.0	0.0	0.0	0.0	0.0	0.0	0.0	0.0	0.0	0.0	0.0	0.0	0.0	0.0	0.0	0.0	0.0	0.0	0.0	0.0	0.0	0.0	0.0	0.0	0.0	0.0	0.0	0.0	0.0	0.0
k__Bacteria|p__Firmicutes|c__Clostridia|o__Eubacteriales|f__Clostridiaceae|g__Clostridiaceae_unclassified|s__Clostridiaceae_bacterium_AF18_31LB|t__SGB4767	0.112572	0.150696	0.122572	0.127924	0.0	0.0	0.0	0.082669	0.114443	0.0808	0.088998	0.06501	0.063208	0.091872	0.006672	0.015769	0.0	0.0	0.132583	0.153327	0.155686	0.133507	0.134897	0.118233	0.132734	0.112745	0.007071	0.012653	0.016168	0.011726	0.0	0.0	0.0	0.0	0.0	0.0	0.0	0.0	0.0	0.0	0.0	0.012145	0.019442	0.015089
k__Bacteria|p__Firmicutes|c__Clostridia|o__Lachnospirales|f__Lachnospiraceae|g__Anthropogastromicrobium|s__Anthropogastromicrobium_aceti|t__SGB5090	0.110645	0.093973	0.117019	0.118773	0.008047	0.010063	0.014403	0.0	0.0	0.0	0.0	0.139749	0.148269	0.145351	0.043306	0.046533	0.049701	0.032086	0.288614	0.330019	0.312804	0.314803	0.056864	0.052259	0.06026	0.071175	0.020863	0.034012	0.028328	0.026009	0.027196	0.012235	0.0	0.0	0.0	0.0	0.0	0.0	0.244276	0.259159	0.258838	0.07339	0.070341	0.082102
k__Bacteria|p__Firmicutes|c__Clostridia|o__Lachnospirales|f__Lachnospiraceae|g__Blautia|s__Blautia_faecis|t__SGB4820	0.110492	0.120926	0.10425	0.09638	0.0	0.0	0.0	0.24101	0.222148	0.201433	0.1957	0.163692	0.159001	0.16445	0.114281	0.106798	0.123689	0.07716	0.916863	0.951745	0.938435	0.913641	0.014273	0.009435	0.011417	0.016423	0.012414	0.0	0.00871	0.001323	0.0	0.0	0.0	0.0	0.642676	0.67709	0.627729	0.605527	0.16324	0.184234	0.161795	0.222921	0.240644	0.220265
k__Bacteria|p__Thermodesulfobacteriota|c__Desulfovibrionia|o__Desulfovibrionales|f__Desulfovibrionaceae|g__Bilophila|s__Bilophila_wadsworthia|t__SGB15452	0.100711	0.077325	0.08157	0.085661	0.0	0.0	0.0	0.183626	0.181252	0.183724	0.144128	0.117238	0.146099	0.144093	0.291378	0.255017	0.272917	0.27821	0.137959	0.130757	0.118943	0.131816	0.0	0.0	0.0	0.0	0.024789	0.02782	0.025241	0.033714	0.014261	0.0	0.0	0.0	0.048688	0.028942	0.031998	0.027786	0.020001	0.018872	0.019312	0.160775	0.131853	0.147812
k__Bacteria|p__Firmicutes|c__Clostridia|o__Eubacteriales|f__Oscillospiraceae|g__Hominilimicola|s__Hominilimicola_fabiformis|t__SGB4269	0.100463	0.104608	0.108053	0.076752	0.258555	0.246878	0.246387	0.024579	0.022274	0.014719	0.01587	0.07037	0.073724	0.083952	0.052519	0.04837	0.043839	0.053661	0.0	0.0	0.0	0.0	0.0	0.0	0.0	0.0	0.0	0.0	0.0	0.0	0.0	0.0	0.0	0.0	0.205451	0.202936	0.177116	0.131667	0.071706	0.090354	0.069719	0.028808	0.041847	0.041598
k__Bacteria|p__Firmicutes|c__Clostridia|o__Lachnospirales|f__Lachnospiraceae|g__Lachnospiraceae_unclassified|s__Lachnospiraceae_bacterium_AF58_1A|t__SGB4706	0.094759	0.100163	0.105592	0.106331	0.0	0.0	0.0	0.0	0.0	0.0	0.0	0.0	0.0	0.0	0.0	0.0	0.0	0.0	0.0338	0.043344	0.029988	0.042162	0.05634	0.047445	0.057954	0.081157	0.0	0.0	0.0	0.0	0.0	0.0	0.0	0.0	0.0	0.0	0.0	0.0	0.098882	0.093474	0.081615	0.0	0.006167	0.003448
k__Bacteria|p__Firmicutes|c__CFGB1765|o__OFGB1765|f__FGB1765|g__GGB4552|s__GGB4552_SGB6276|t__SGB6276	0.093804	0.114577	0.115241	0.112216	0.0	0.0	0.0	0.0	0.0	0.0	0.0	0.0	0.0	0.0	0.0	0.0	0.0	0.0	2.202722	2.365767	2.291754	2.300117	0.0	0.0	0.0	0.0	0.300654	0.28228	0.317368	0.307664	0.0	0.0	0.0	0.0	0.0	0.0	0.0	0.0	0.0	0.0	0.0	0.0	0.0	0.0
k__Bacteria|p__Firmicutes|c__Clostridia|o__Lachnospirales|f__Lachnospiraceae|g__Blautia|s__Blautia_massiliensis_ex_Durand_et_al_2017|t__SGB4826	0.091556	0.09614	0.086105	0.094856	0.118915	0.131051	0.123213	0.13905	0.192999	0.140887	0.155833	0.134273	0.149975	0.143786	0.314813	0.325393	0.317694	0.30227	0.501619	0.481007	0.493002	0.46825	0.025257	0.026327	0.039617	0.035409	0.0	0.0	0.0	0.0	0.011918	0.017704	0.0	0.0	0.0	0.0	0.0	0.0	0.075931	0.077181	0.067127	0.132856	0.124321	0.108878
k__Bacteria|p__Firmicutes|c__CFGB1354|o__OFGB1354|f__FGB1354|g__GGB3304|s__GGB3304_SGB4365|t__SGB4365	0.074043	0.093391	0.063204	0.075894	0.0	0.0	0.0	0.0	0.0	0.0	0.0	0.0	0.0	0.0	0.0	0.0	0.0	0.0	0.0	0.0	0.0	0.0	0.0	0.0	0.0	0.0	0.0	0.0	0.0	0.0	0.0	0.0	0.0	0.0	0.0	0.0	0.0	0.0	0.69037	0.639784	0.640081	0.0	0.0	0.0
k__Bacteria|p__Bacteroidota|c__Bacteroidia|o__Bacteroidales|f__Rikenellaceae|g__Alistipes|s__Alistipes_shahii|t__SGB2295	0.073262	0.062516	0.058223	0.065004	1.305017	1.300052	1.300954	0.0	0.0	0.0	0.0	0.0	0.0	0.0	0.0	0.0	0.0	0.0	1.38451	1.322147	1.404893	1.363005	0.800847	0.703619	0.689197	0.683276	0.046162	0.041091	0.047399	0.027662	0.289257	0.284996	0.0	0.051311	0.139811	0.111876	0.103958	0.098666	0.117877	0.102543	0.093248	0.416179	0.353956	0.373029
k__Bacteria|p__Firmicutes|c__Clostridia|o__Eubacteriales|f__Butyricicoccaceae|g__Agathobaculum|s__Agathobaculum_butyriciproducens|t__SGB14993	0.070168	0.039187	0.040986	0.043325	0.018268	0.025923	0.015554	0.042183	0.052891	0.05341	0.049972	0.0	0.0	0.0	0.0	0.0	0.0	0.0	0.026236	0.025908	0.041824	0.071398	0.0	0.0	0.0	0.0	0.0	0.0	0.0	0.0	0.0	0.0	0.0	0.0	0.093331	0.065078	0.074242	0.038663	0.013893	0.00773	0.006241	0.114183	0.095536	0.094402
k__Bacteria|p__Firmicutes|c__Clostridia|o__Eubacteriales|f__Butyricicoccaceae|g__Butyricicoccus|s__Butyricicoccus_pullicaecorum|t__SGB14985	0.068768	0.071244	0.0465	0.064746	0.0	0.0	0.0	0.0	0.0	0.0	0.0	0.0	0.0	0.0	0.0	0.0	0.0	0.0	0.0	0.0	0.0	0.0	0.0	0.0	0.0	0.0	0.0	0.0	0.0	0.0	0.0	0.0	0.0	0.0	0.0	0.0	0.0	0.0	0.0	0.0	0.0	0.0	0.0	0.0
k__Bacteria|p__Firmicutes|c__Clostridia|o__Eubacteriales|f__Eubacteriales_unclassified|g__Evtepia|s__Evtepia_gabavorous|t__SGB15120	0.06617	0.057376	0.05038	0.062334	0.0	0.0	0.0	0.0	0.0	0.0	0.0	0.021498	0.019624	0.012986	0.0	0.0	0.0	0.0	0.0	0.0	0.0	0.0	0.010147	0.0	0.0	0.006282	0.0	0.0	0.0	0.0	0.0	0.0	0.0	0.0	0.023097	0.004733	0.00959	0.002644	0.018845	0.018218	0.013701	0.011666	0.0	0.0
k__Bacteria|p__Firmicutes|c__Clostridia|o__Lachnospirales|f__Lachnospiraceae|g__Enterocloster|s__Enterocloster_bolteae|t__SGB4758	0.065578	0.089856	0.075487	0.058605	0.0	0.0	0.0	0.0	0.001825	0.0	0.0	0.0	0.0	0.0	0.0	0.0	0.0	0.0	0.0	0.0	0.0	0.0	0.0	0.0	0.0	0.0	0.0	0.0	0.0	0.0	0.0	0.0	0.0	0.0	0.0	0.001963	0.0	0.0	0.0	0.0	0.0	0.009411	0.003406	0.004838
k__Bacteria|p__Thermodesulfobacteriota|c__Desulfovibrionia|o__Desulfovibrionales|f__Desulfovibrionaceae|g__GGB9818|s__GGB9818_SGB15459|t__SGB15459	0.063179	0.040993	0.045334	0.048096	0.0	0.0	0.0	0.0	0.0	0.0	0.0	0.0	0.0	0.0	0.0	0.0	0.0	0.0	0.037462	0.033753	0.040704	0.024534	0.0	0.0	0.0	0.0	0.0	0.0	0.0	0.0	0.0	0.0	0.0	0.0	0.0	0.0	0.0	0.0	0.021758	0.030446	0.022412	0.0	0.0	0.0
k__Bacteria|p__Firmicutes|c__Clostridia|o__Lachnospirales|f__Lachnospiraceae|g__Dorea|s__Dorea_sp_AF36_15AT|t__SGB4552	0.053997	0.047919	0.049915	0.045682	0.0	0.0	0.0	0.0	0.0	0.0	0.0	0.0	0.0	0.0	0.0	0.0	0.0	0.0	0.0	0.0	0.0	0.0	0.0	0.0	0.0	0.0	0.0	0.0	0.0	0.0	0.0	0.0	0.0	0.0	0.0	0.0	0.0	0.0	0.0	0.0	0.0	0.0	0.0	0.0
k__Bacteria|p__Firmicutes|c__Clostridia|o__Lachnospirales|f__Lachnospiraceae|g__Fusicatenibacter|s__Fusicatenibacter_saccharivorans|t__SGB4874	0.052066	0.047316	0.068013	0.033305	0.549939	0.5501	0.559421	1.224672	1.204044	1.220684	1.287869	0.589374	0.57293	0.574661	0.254903	0.252787	0.20517	0.224203	0.848216	0.851375	0.81163	0.779692	0.150782	0.133527	0.152294	0.14796	0.028571	0.023577	0.019793	0.017153	0.0	0.0	0.0	0.0	0.591799	0.543696	0.460224	0.493898	0.237645	0.222511	0.204562	0.363015	0.336009	0.326008
k__Bacteria|p__Bacteroidota|c__Bacteroidia|o__Bacteroidales|f__Odoribacteraceae|g__Butyricimonas|s__Butyricimonas_virosa|t__SGB1784	0.04168	0.018461	0.041104	0.021007	0.004908	0.006286	0.013704	0.0	0.0	0.0	0.0	0.0	0.0	0.0	0.0	0.0	0.0	0.0	0.0	0.0	0.0	0.0	0.116267	0.095418	0.105044	0.094255	0.067029	0.06955	0.059603	0.078864	0.0	0.0	0.0	0.0	0.0	0.0	0.0	0.0	0.033075	0.038962	0.032813	0.246031	0.248103	0.290171
k__Bacteria|p__Firmicutes|c__Clostridia|o__Lachnospirales|f__Lachnospiraceae|g__Frisingicoccus|s__Frisingicoccus_SGB4674|t__SGB4674	0.03853	0.054719	0.040715	0.036725	0.0	0.0	0.0	0.108969	0.136321	0.111525	0.130297	0.0	0.0	0.0	0.0	0.0	0.0	0.0	0.0	0.0	0.0	0.0	0.0	0.0	0.0	0.0	0.0	0.0	0.0	0.0	0.0	0.0	0.0	0.0	0.0	0.0	0.0	0.0	0.0	0.0	0.0	0.0	0.0	0.0
k__Bacteria|p__Firmicutes|c__Clostridia|o__Eubacteriales|f__Oscillospiraceae|g__Ruthenibacterium|s__Ruthenibacterium_lactatiformans|t__SGB15271	0.038132	0.034617	0.047705	0.048632	0.078155	0.084501	0.075525	0.137383	0.145472	0.134999	0.120549	0.030771	0.034439	0.032122	0.024851	0.008697	0.008146	0.001803	0.019066	0.005742	0.010852	0.003345	0.202656	0.172574	0.203862	0.19319	0.0	0.0	0.0	0.0	0.0	0.0	0.0	0.0	0.335282	0.337825	0.33533	0.342866	0.0	0.000606	0.0	0.04156	0.032272	0.031314
k__Bacteria|p__Firmicutes|c__Clostridia|o__Clostridia_unclassified|f__Clostridia_unclassified|g__Clostridia_unclassified|s__Clostridia_bacterium_UC5_1_1E11|t__SGB14895	0.037618	0.040507	0.053837	0.054106	0.0	0.0	0.0	0.0	0.0	0.0	0.0	0.0	0.0	0.0	0.006221	0.007514	0.00582	0.0	0.0	0.0	0.0	0.0	0.0	0.0	0.0	0.0	0.0	0.0	0.0	0.0	0.0	0.0	0.0	0.0	0.076329	0.098111	0.0543	0.069859	0.0	0.0	0.0	0.0	0.0	0.0
k__Bacteria|p__Actinomycetota|c__Coriobacteriia|o__Coriobacteriales|f__Coriobacteriaceae|g__Collinsella|s__Collinsella_bouchesdurhonensis|t__SGB14397	0.035509	0.015705	0.017248	0.004443	0.0	0.0	0.0	0.0	0.0	0.0	0.0	0.0	0.0	0.0	0.0	0.0	0.0	0.0	0.0	0.0	0.0	0.0	0.0	0.0	0.0	0.0	0.0	0.0	0.0	0.0	0.0	0.0	0.0	0.0	0.0	0.0	0.0	0.0	0.0	0.0	0.0	0.0	0.0	0.0
k__Bacteria|p__Bacteria_unclassified|c__Bacteria_unclassified|o__Bacteria_unclassified|f__Bacteria_unclassified|g__Bacteria_unclassified|s__bacterium_210917_DFI_7_65|t__SGB14999	0.03108	0.03824	0.042735	0.040417	0.0	0.0	0.0	0.0	0.0	0.0	0.0	0.0	0.0	0.0	0.0	0.0	0.0	0.0	0.0	0.0	0.0	0.0	0.0	0.0	0.0	0.0	0.0	0.0	0.0	0.0	0.0	0.0	0.0	0.0	0.0	0.0	0.0	0.0	0.0	0.0	0.0	0.0	0.0	0.0
k__Bacteria|p__Firmicutes|c__Clostridia|o__Eubacteriales|f__Clostridiaceae|g__GGB3550|s__GGB3550_SGB4746|t__SGB4746	0.0299	0.038072	0.030178	0.033272	0.0	0.0	0.0	0.037244	0.037903	0.035411	0.034756	0.0	0.0	0.0	0.0	0.0	0.0	0.0	0.0	0.0	0.0	0.0	0.0	0.0	0.0	0.0	0.0	0.0	0.0	0.0	0.0	0.0	0.0	0.0	0.025719	0.02386	0.021483	0.028528	0.0	0.0	0.0	0.0	0.0	0.0
k__Bacteria|p__Actinomycetota|c__Coriobacteriia|o__Eggerthellales|f__Eggerthellaceae|g__Slackia|s__Slackia_isoflavoniconvertens|t__SGB14773	0.027556	0.058875	0.038511	0.106431	0.0	0.0	0.0	0.0	0.0	0.0	0.0	0.0	0.0	0.0	0.0	0.0	0.0	0.0	0.0	0.0	0.0	0.0	0.0	0.0	0.0	0.0	0.0	0.0	0.0	0.0	0.0	0.0	0.0	0.0	0.0	0.0	0.0	0.0	0.013489	0.011751	0.03036	0.0	0.0	0.0
k__Bacteria|p__Firmicutes|c__Clostridia|o__Eubacteriales|f__Oscillospiraceae|g__Dysosmobacter|s__Dysosmobacter_segnis|t__SGB15053	0.0271	0.012755	0.028783	0.020641	1.342387	1.323978	1.407858	0.0	0.0	0.0	0.0	0.333956	0.34102	0.362938	0.0	0.0	0.0	0.0	0.378797	0.418374	0.365193	0.449475	0.28434	0.269998	0.283514	0.290195	0.048764	0.056624	0.066197	0.036357	0.206482	0.176932	0.0	0.0	0.0	0.0	0.0	0.0	1.867795	1.775111	1.727946	0.603287	0.538267	0.538625
k__Bacteria|p__Bacteroidota|c__Bacteroidia|o__Bacteroidales|f__Prevotellaceae|g__Leyella|s__Leyella_stercorea|t__SGB1680	0.026266	0.031468	0.017975	0.022031	0.0	0.0	0.0	0.0	0.0	0.0	0.0	0.0	0.0	0.0	0.0	0.0	0.0	0.0	0.0	0.0	0.0	0.0	0.0	0.0	0.0	0.0	0.0	0.0	0.0	0.0	3.927524	3.793423	3.522368	3.535871	0.0	0.0	0.0	0.0	0.0	0.0	0.0	0.0	0.0	0.0
k__Bacteria|p__Firmicutes|c__Clostridia|o__Lachnospirales|f__Lachnospiraceae|g__Mediterraneibacter|s__Mediterraneibacter_gnavus|t__SGB4584	0.025944	0.018082	0.017409	0.017431	0.0	0.0	0.0	0.011897	0.011878	0.011222	0.017895	0.0	0.0	0.0	0.0	0.0	0.0	0.0	0.0	0.0	0.0	0.0	0.0	0.0	0.0	0.0	0.0	0.0	0.0	0.0	0.0	0.0	0.0	0.0	0.330783	0.337248	0.289715	0.3287	0.0	0.0	0.0	0.0	0.0	0.0
k__Bacteria|p__Actinomycetota|c__Actinomycetes|o__Bifidobacteriales|f__Bifidobacteriaceae|g__Bifidobacterium|s__Bifidobacterium_pseudocatenulatum|t__SGB17237	0.025217	0.037562	0.02435	0.025597	0.0	0.0	0.0	0.0	0.0	0.0	0.0	0.0	0.0	0.0	0.0	0.0	0.0	0.0	0.0	0.0	0.0	0.0	0.0	0.0	0.0	0.0	0.0	0.0	0.0	0.0	0.0	0.0	0.0	0.0	0.0	0.0	0.0	0.0	0.0	0.0	0.0	0.02299	0.023929	0.029397
k__Bacteria|p__Firmicutes|c__Clostridia|o__Lachnospirales|f__Lachnospiraceae|g__Lachnoclostridium|s__Lachnoclostridium_edouardi|t__SGB29433	0.020704	0.026013	0.018752	0.012878	0.0	0.0	0.0	0.0	0.0	0.0	0.0	0.0	0.0	0.0	0.0	0.0	0.0	0.0	0.0	0.0	0.0	0.0	0.0	0.0	0.0	0.0	0.0	0.0	0.0	0.0	0.0	0.0	0.0	0.0	0.0	0.0	0.0	0.0	0.0	0.0	0.0	0.0	0.0	0.0
k__Bacteria|p__Firmicutes|c__Clostridia|o__Lachnospirales|f__Lachnospiraceae|g__Lachnospira|s__Lachnospira_pectinoschiza|t__SGB5089	0.018307	0.013258	0.007066	0.004613	0.0	0.0	0.0	2.192316	2.265122	2.237231	2.219309	0.0	0.0	0.0	0.0	0.0	0.0	0.0	0.122318	0.163168	0.150254	0.152376	0.039176	0.046539	0.042803	0.049686	0.0	0.0	0.0	0.0	0.0	0.0	0.0	0.0	0.0	0.0	0.0	0.0	0.019903	0.015397	0.029198	0.0	0.0	0.0
k__Bacteria|p__Firmicutes|c__CFGB1217|o__OFGB1217|f__FGB1217|g__GGB2982|s__GGB2982_SGB3964|t__SGB3964	0.017885	0.022413	0.013562	0.026979	0.0	0.0	0.0	0.0	0.0	0.0	0.0	0.0	0.0	0.0	0.015091	0.010155	0.008531	0.00764	0.002249	0.0	0.0	0.0	0.0	0.0	0.0	0.0	0.0	0.0	0.0	0.0	0.0	0.0	0.0	0.0	0.0	0.0	0.0	0.0	0.0	0.0	0.0	0.0	0.0	0.0
k__Bacteria|p__Firmicutes|c__Negativicutes|o__Acidaminococcales|f__Acidaminococcaceae|g__Acidaminococcus|s__Acidaminococcus_intestini|t__SGB5736	0.015587	0.010994	0.029337	0.022113	0.0	0.0	0.0	0.0	0.0	0.0	0.0	0.0	0.0	0.0	0.0	0.0	0.0	0.0	0.0	0.0	0.0	0.0	0.0	0.0	0.0	0.0	0.006667	0.019665	0.014455	0.016466	0.0	0.0	0.0	0.0	0.0	0.0	0.0	0.0	0.0	0.0	0.0	0.0	0.0	0.0
k__Bacteria|p__Firmicutes|c__Clostridia|o__Eubacteriales|f__Oscillospiraceae|g__Anaerotruncus|s__Anaerotruncus_colihominis|t__SGB14963	0.014239	0.01903	0.005558	0.00906	0.0	0.0	0.0	0.0	0.0	0.0	0.0	0.0	0.0	0.0	0.017986	0.011693	0.013754	0.015945	0.0	0.0	0.0	0.0	0.0	0.0	0.0	0.0	0.0	0.0	0.0	0.0	0.0	0.0	0.0	0.0	0.0	0.0	0.0	0.0	0.0	0.0	0.0	0.047894	0.043542	0.030292
k__Bacteria|p__Firmicutes|c__Clostridia|o__Eubacteriales|f__Oscillospiraceae|g__Dysosmobacter|s__Dysosmobacter_welbionis|t__SGB15078	0.012042	0.01119	0.008369	0.0	0.013781	0.01581	0.0	0.882382	0.811597	0.800336	0.818358	0.308964	0.273252	0.250846	0.402394	0.394405	0.420506	0.420232	0.0	0.008704	0.0	0.0	0.118706	0.107337	0.10587	0.121713	0.018095	0.006752	0.000829	0.0	0.0	0.0	0.0	0.0	0.117688	0.072597	0.089146	0.068561	0.384329	0.382561	0.383554	0.073981	0.068458	0.059806
k__Bacteria|p__Firmicutes|c__Clostridia|o__Eubacteriales|f__Eubacteriales_unclassified|g__Eubacteriales_unclassified|s__Clostridiales_bacterium|t__SGB15159	0.009709	0.004722	0.018401	0.011127	0.113736	0.125786	0.087571	0.398686	0.373568	0.306026	0.305303	0.0	0.0	0.0	0.0	0.0	0.0	0.0	0.0	0.0	0.0	0.0	0.0	0.0	0.0	0.0	0.0	0.0	0.0	0.0	0.0	0.0	0.0	0.0	0.074115	0.07486	0.096498	0.045109	0.0	0.0	0.0	0.030627	0.009863	0.026674
k__Bacteria|p__Firmicutes|c__Clostridia|o__Peptostreptococcales|f__Anaerovoracaceae|g__Mogibacterium|s__Mogibacterium_kristiansenii|t__SGB3926_group	0.009081	0.008229	0.0	0.005054	0.0	0.0	0.0	0.0	0.0	0.0	0.0	0.0	0.0	0.0	0.0	0.0	0.0	0.0	0.0	0.0	0.0	0.0	0.0	0.0	0.0	0.0	0.0	0.0	0.0	0.0	0.0	0.0	0.0	0.0	0.0	0.0	0.0	0.0	0.0	0.0	0.0	0.0	0.0	0.0
k__Bacteria|p__Bacteroidota|c__Bacteroidia|o__Bacteroidales|f__Rikenellaceae|g__Alistipes|s__Alistipes_finegoldii|t__SGB2301	0.008905	0.006761	0.0	0.001428	0.803622	0.756203	0.705437	0.0	0.0	0.0	0.0	0.0	0.0	0.0	0.0	0.0	0.0	0.0	1.358012	1.358485	1.187183	1.306624	0.0	0.0	0.0	0.000999	0.045505	0.055454	0.038872	0.040563	0.0	0.0	0.0	0.0	0.0	0.0	0.0	0.0	0.0	0.0	0.0	3.970921	3.768103	3.715034
k__Bacteria|p__Firmicutes|c__Clostridia|o__Lachnospirales|f__Lachnospiraceae|g__Roseburia|s__Roseburia_hominis|t__SGB4936	0.007631	0.0	0.000819	0.008521	0.00548	0.0	0.0	0.354339	0.344136	0.356934	0.343319	0.70361	0.679839	0.648099	0.0	0.0	0.0	0.0	0.0	0.0	0.0	0.0	0.057668	0.064571	0.06605	0.062692	0.0	0.0	0.0	0.0	0.020637	0.0	0.0	0.0	0.0	0.0	0.0	0.0	0.0	0.0	0.0	0.041493	0.044145	0.049006
k__Bacteria|p__Firmicutes|c__Clostridia|o__Eubacteriales|f__Clostridiaceae|g__Clostridium|s__Clostridium_SGB4750|t__SGB4750	0.004899	0.002537	0.007019	0.003747	0.0	0.0	0.0	0.0	0.0	0.0	0.0	0.0	0.0	0.0	0.146793	0.165737	0.166817	0.135223	0.0	0.0	0.0	0.0	0.0	0.0	0.0	0.0	0.009302	0.0	0.0	0.0	0.0	0.0	0.0	0.0	0.0	0.0	0.0	0.0	0.006247	0.002512	0.00603	0.027604	0.017805	0.017945
k__Bacteria|p__Firmicutes|c__Clostridia|o__Eubacteriales|f__Clostridiaceae|g__Clostridiaceae_unclassified|s__Clostridiaceae_bacterium|t__SGB4770	0.0047	0.003326	0.014116	0.003802	0.004694	0.001285	0.002648	0.0	0.0	0.0	0.0	0.011978	0.009749	0.002737	0.0	0.0	0.0	0.0	0.0	0.0	0.0	0.0	0.0	0.0	0.0	0.0	0.0	0.0	0.0	0.0	0.0	0.0	0.0	0.0	0.0	0.0	0.0	0.0	0.0	0.0	0.0	0.0	0.0	0.0
k__Bacteria|p__Firmicutes|c__Clostridia|o__Lachnospirales|f__Lachnospiraceae|g__GGB51491|s__GGB51491_SGB71859|t__SGB71859	0.004575	0.006582	0.003239	0.006589	0.0	0.0	0.0	0.0	0.0	0.0	0.0	0.0	0.0	0.0	0.0	0.0	0.0	0.0	0.0	0.0	0.0	0.0	0.0	0.0	0.0	0.0	0.0	0.0	0.0	0.0	0.0	0.0	0.0	0.0	0.0	0.0	0.0	0.0	0.0	0.0	0.0	0.0	0.0	0.0
k__Bacteria|p__Firmicutes|c__Clostridia|o__Eubacteriales|f__Eubacteriales_incertae_sedis|g__Candidatus_Cibionibacter|s__Candidatus_Cibionibacter_quicibialis|t__SGB15286	0.003736	0.0	0.01157	0.02586	0.0	0.0	0.0	0.402344	0.427117	0.32733	0.380449	0.162241	0.115324	0.143458	0.131502	0.115463	0.094319	0.086718	2.414936	2.446434	2.566686	2.209067	0.114981	0.094925	0.117599	0.121026	0.024474	0.01098	0.031419	0.027714	0.0	0.0	0.0	0.0	0.0	0.0	0.0	0.0	1.4884	1.342327	1.425898	0.277653	0.268825	0.261725
k__Bacteria|p__Firmicutes|c__Clostridia|o__Eubacteriales|f__Oscillospiraceae|g__Flavonifractor|s__Flavonifractor_plautii|t__SGB15132	0.003206	0.0	0.000889	0.0	0.070238	0.049994	0.057614	0.137225	0.134645	0.129282	0.148522	0.038766	0.016609	0.018711	0.007996	0.016913	0.0	0.004726	0.030127	0.04261	0.038174	0.033123	0.0	0.0	0.0	0.0	0.0	0.0	0.0	0.0	0.0	0.0	0.0	0.0	0.212409	0.216086	0.211005	0.182684	0.225789	0.171207	0.176153	0.038871	0.040272	0.040569
k__Bacteria|p__Firmicutes|c__Clostridia|o__Clostridia_unclassified|f__Clostridia_unclassified|g__GGB55957|s__GGB55957_SGB77276|t__SGB77276	0.00238	0.001153	0.0	0.0	0.006727	0.006889	0.004181	0.0	0.0	0.0	0.0	0.0	0.0	0.0	0.0	0.0	0.0	0.0	0.0	0.0	0.0	0.0	0.0	0.0	0.0	0.0	0.0	0.0	0.0	0.0	0.0	0.0	0.0	0.0	0.0	0.0	0.0	0.0	0.0	0.0	0.0	0.0	0.0	0.0
k__Bacteria|p__Firmicutes|c__Clostridia|o__Eubacteriales|f__Clostridiaceae|g__Clostridium|s__Clostridium_sp_AF36_4|t__SGB4644	0.002227	0.0	0.0	0.0	0.0	0.0	0.0	0.682952	0.664971	0.746036	0.740623	0.0	0.0	0.0	0.0	0.0	0.0	0.0	1.167972	1.066323	1.160529	1.114291	0.416595	0.417307	0.406346	0.420521	0.0	0.0	0.0	0.0	0.0	0.0	0.0	0.0	0.0	0.0	0.0	0.0	0.567357	0.619774	0.608247	1.622762	1.709743	1.778522
k__Bacteria|p__Firmicutes|c__CFGB77385|o__OFGB77385|f__FGB77385|g__GGB51510|s__GGB51510_SGB71883|t__SGB71883	0.001894	0.009628	0.002795	0.004142	0.0	0.0	0.0	0.0	0.0	0.0	0.0	0.0	0.0	0.0	0.0	0.0	0.0	0.0	0.0	0.0	0.0	0.0	0.0	0.0	0.0	0.0	0.0	0.0	0.0	0.0	0.0	0.0	0.0	0.0	0.0	0.0	0.0	0.0	0.0	0.0	0.0	0.0	0.0	0.0
k__Bacteria|p__Firmicutes|c__Clostridia|o__Lachnospirales|f__Lachnospiraceae|g__Sellimonas|s__Sellimonas_intestinalis|t__SGB4617	0.001577	0.0	0.001733	0.0	0.0	0.0	0.0	0.0	0.0	0.0	0.0	0.0	0.0	0.0	0.0	0.0	0.0	0.0	0.0	0.0	0.0	0.0	0.0	0.0	0.0	0.0	0.0	0.0	0.0	0.0	0.0	0.0	0.0	0.0	0.100749	0.069486	0.055185	0.056428	0.0	0.0	0.0	0.0	0.0	0.0
k__Bacteria|p__Firmicutes|c__Erysipelotrichia|o__Erysipelotrichales|f__Erysipelotrichaceae|g__Dielma|s__Dielma_fastidiosa|t__SGB4031	0.0007	0.0	0.0	0.0	0.0	0.0	0.0	0.0	0.0	0.0	0.0	0.0	0.0	0.0	0.0	0.0	0.0	0.0	0.0	0.0	0.0	0.0	0.0	0.0	0.0	0.0	0.0	0.0	0.0	0.0	0.0	0.0	0.0	0.0	0.0	0.0	0.0	0.0	0.0	0.0	0.0	0.0	0.0	0.0
k__Bacteria|p__Actinomycetota|c__CFGB12107	0.0	0.009098	0.0	0.0	0.0	0.0	0.0	0.0	0.0	0.0	0.0	0.0	0.0	0.0	0.0	0.0	0.0	0.0	0.0	0.0	0.0	0.0	0.077528	0.064783	0.074626	0.104223	0.0	0.0	0.0	0.0	0.0	0.0	0.0	0.0	0.0	0.0	0.0	0.0	0.0	0.0	0.0	0.0	0.0	0.0
k__Bacteria|p__Actinomycetota|c__CFGB12107|o__OFGB12107	0.0	0.009098	0.0	0.0	0.0	0.0	0.0	0.0	0.0	0.0	0.0	0.0	0.0	0.0	0.0	0.0	0.0	0.0	0.0	0.0	0.0	0.0	0.077528	0.064783	0.074626	0.104223	0.0	0.0	0.0	0.0	0.0	0.0	0.0	0.0	0.0	0.0	0.0	0.0	0.0	0.0	0.0	0.0	0.0	0.0
k__Bacteria|p__Actinomycetota|c__CFGB12107|o__OFGB12107|f__FGB12107	0.0	0.009098	0.0	0.0	0.0	0.0	0.0	0.0	0.0	0.0	0.0	0.0	0.0	0.0	0.0	0.0	0.0	0.0	0.0	0.0	0.0	0.0	0.077528	0.064783	0.074626	0.104223	0.0	0.0	0.0	0.0	0.0	0.0	0.0	0.0	0.0	0.0	0.0	0.0	0.0	0.0	0.0	0.0	0.0	0.0
k__Bacteria|p__Actinomycetota|c__Coriobacteriia|o__Coriobacteriales|f__Coriobacteriaceae|g__Senegalimassilia	0.0	0.021132	0.0	0.004627	0.0	0.0	0.0	0.0	0.0	0.0	0.0	0.0	0.01469	0.0	0.0	0.0	0.0	0.0	0.0	0.0	0.0	0.0	0.0	0.0	0.0	0.0	0.0	0.0	0.0	0.0	0.0	0.0	0.0	0.0	0.0	0.0	0.0	0.0	0.0	0.0	0.0	0.0	0.0	0.0
k__Bacteria|p__Firmicutes|c__Clostridia|o__Eubacteriales|f__Oscillospiraceae|g__Merdimmobilis	0.0	0.01164	0.0	0.008037	0.0	0.0	0.0	0.0	0.0	0.0	0.0	0.0	0.0	0.0	0.0	0.0	0.0	0.0	0.0	0.0	0.0	0.0	0.0	0.0	0.0	0.0	0.0	0.0	0.0	0.0	0.0	0.0	0.0	0.0	0.0	0.0	0.0	0.0	0.0	0.0	0.0	0.0	0.0	0.0
k__Bacteria|p__Actinomycetota|c__CFGB12107|o__OFGB12107|f__FGB12107|g__GGB34797	0.0	0.009098	0.0	0.0	0.0	0.0	0.0	0.0	0.0	0.0	0.0	0.0	0.0	0.0	0.0	0.0	0.0	0.0	0.0	0.0	0.0	0.0	0.077528	0.064783	0.074626	0.104223	0.0	0.0	0.0	0.0	0.0	0.0	0.0	0.0	0.0	0.0	0.0	0.0	0.0	0.0	0.0	0.0	0.0	0.0
k__Bacteria|p__Actinomycetota|c__Coriobacteriia|o__Coriobacteriales|f__Coriobacteriaceae|g__Senegalimassilia|s__Senegalimassilia_SGB14826	0.0	0.021132	0.0	0.004627	0.0	0.0	0.0	0.0	0.0	0.0	0.0	0.0	0.0	0.0	0.0	0.0	0.0	0.0	0.0	0.0	0.0	0.0	0.0	0.0	0.0	0.0	0.0	0.0	0.0	0.0	0.0	0.0	0.0	0.0	0.0	0.0	0.0	0.0	0.0	0.0	0.0	0.0	0.0	0.0
k__Bacteria|p__Firmicutes|c__Clostridia|o__Eubacteriales|f__Oscillospiraceae|g__Merdimmobilis|s__Merdimmobilis_hominis	0.0	0.01164	0.0	0.008037	0.0	0.0	0.0	0.0	0.0	0.0	0.0	0.0	0.0	0.0	0.0	0.0	0.0	0.0	0.0	0.0	0.0	0.0	0.0	0.0	0.0	0.0	0.0	0.0	0.0	0.0	0.0	0.0	0.0	0.0	0.0	0.0	0.0	0.0	0.0	0.0	0.0	0.0	0.0	0.0
k__Bacteria|p__Firmicutes|c__Clostridia|o__Lachnospirales|f__Lachnospiraceae|g__Blautia|s__Blautia_luti	0.0	0.009555	0.009059	0.0	0.0	0.0	0.0	0.0	0.0	0.0	0.0	0.0	0.0	0.0	0.0	0.0	0.0	0.0	0.0	0.0	0.0	0.0	0.0	0.0	0.0	0.0	0.0	0.0	0.0	0.0	0.0	0.0	0.0	0.0	0.0	0.0	0.0	0.0	0.025036	0.023086	0.012463	0.021651	0.017053	0.016083
k__Bacteria|p__Actinomycetota|c__CFGB12107|o__OFGB12107|f__FGB12107|g__GGB34797|s__GGB34797_SGB14322	0.0	0.009098	0.0	0.0	0.0	0.0	0.0	0.0	0.0	0.0	0.0	0.0	0.0	0.0	0.0	0.0	0.0	0.0	0.0	0.0	0.0	0.0	0.077528	0.064783	0.074626	0.104223	0.0	0.0	0.0	0.0	0.0	0.0	0.0	0.0	0.0	0.0	0.0	0.0	0.0	0.0	0.0	0.0	0.0	0.0
k__Bacteria|p__Firmicutes|c__Clostridia|o__Lachnospirales|f__Lachnospiraceae|g__Mediterraneibacter|s__Mediterraneibacter_hominis	0.0	0.000556	0.0	0.0	0.0	0.0	0.0	0.0	0.0	0.0	0.0	0.0	0.0	0.0	0.0	0.0	0.0	0.0	0.0	0.0	0.0	0.0	0.0	0.0	0.0	0.0	0.0	0.0	0.0	0.0	0.0	0.0	0.0	0.0	0.0	0.0	0.0	0.0	0.0	0.0	0.0	0.0	0.0	0.0
k__Bacteria|p__Actinomycetota|c__Coriobacteriia|o__Coriobacteriales|f__Coriobacteriaceae|g__Senegalimassilia|s__Senegalimassilia_SGB14826|t__SGB14826_group	0.0	0.021132	0.0	0.004627	0.0	0.0	0.0	0.0	0.0	0.0	0.0	0.0	0.0	0.0	0.0	0.0	0.0	0.0	0.0	0.0	0.0	0.0	0.0	0.0	0.0	0.0	0.0	0.0	0.0	0.0	0.0	0.0	0.0	0.0	0.0	0.0	0.0	0.0	0.0	0.0	0.0	0.0	0.0	0.0
k__Bacteria|p__Firmicutes|c__Clostridia|o__Eubacteriales|f__Oscillospiraceae|g__Merdimmobilis|s__Merdimmobilis_hominis|t__SGB14837	0.0	0.01164	0.0	0.008037	0.0	0.0	0.0	0.0	0.0	0.0	0.0	0.0	0.0	0.0	0.0	0.0	0.0	0.0	0.0	0.0	0.0	0.0	0.0	0.0	0.0	0.0	0.0	0.0	0.0	0.0	0.0	0.0	0.0	0.0	0.0	0.0	0.0	0.0	0.0	0.0	0.0	0.0	0.0	0.0
k__Bacteria|p__Firmicutes|c__Clostridia|o__Lachnospirales|f__Lachnospiraceae|g__Blautia|s__Blautia_luti|t__SGB4829	0.0	0.009555	0.009059	0.0	0.0	0.0	0.0	0.0	0.0	0.0	0.0	0.0	0.0	0.0	0.0	0.0	0.0	0.0	0.0	0.0	0.0	0.0	0.0	0.0	0.0	0.0	0.0	0.0	0.0	0.0	0.0	0.0	0.0	0.0	0.0	0.0	0.0	0.0	0.025036	0.023086	0.012463	0.0	0.0	0.0
k__Bacteria|p__Actinomycetota|c__CFGB12107|o__OFGB12107|f__FGB12107|g__GGB34797|s__GGB34797_SGB14322|t__SGB14322	0.0	0.009098	0.0	0.0	0.0	0.0	0.0	0.0	0.0	0.0	0.0	0.0	0.0	0.0	0.0	0.0	0.0	0.0	0.0	0.0	0.0	0.0	0.077528	0.064783	0.074626	0.104223	0.0	0.0	0.0	0.0	0.0	0.0	0.0	0.0	0.0	0.0	0.0	0.0	0.0	0.0	0.0	0.0	0.0	0.0
k__Bacteria|p__Firmicutes|c__Clostridia|o__Lachnospirales|f__Lachnospiraceae|g__Mediterraneibacter|s__Mediterraneibacter_hominis|t__SGB48424	0.0	0.000556	0.0	0.0	0.0	0.0	0.0	0.0	0.0	0.0	0.0	0.0	0.0	0.0	0.0	0.0	0.0	0.0	0.0	0.0	0.0	0.0	0.0	0.0	0.0	0.0	0.0	0.0	0.0	0.0	0.0	0.0	0.0	0.0	0.0	0.0	0.0	0.0	0.0	0.0	0.0	0.0	0.0	0.0
k__Bacteria|p__Bacteroidota|c__Bacteroidia|o__Bacteroidales|f__Barnesiellaceae	0.0	0.0	0.000892	0.0	0.0	0.0	0.0	0.085138	0.097734	0.074068	0.089649	1.462319	1.534891	1.523974	0.0	0.0	0.0	0.0	0.0	0.0	0.0	0.0	1.179711	1.266424	1.193871	1.205615	0.253981	0.240214	0.229055	0.241575	0.081958	0.055744	0.0	0.0	0.0	0.0	0.0	0.0	0.0	0.0	0.0	0.278744	0.267836	0.285608
k__Bacteria|p__Actinomycetota|c__Coriobacteriia|o__Eggerthellales|f__Eggerthellaceae|g__Ellagibacter	0.0	0.0	0.009759	0.021073	0.0	0.0	0.0	0.0	0.0	0.0	0.0	0.0	0.0	0.0	0.0	0.0	0.0	0.0	0.0	0.0	0.0	0.0	0.0	0.0	0.0	0.0	0.0	0.0	0.0	0.0	0.0	0.0	0.0	0.0	0.0	0.0	0.0	0.0	0.0	0.0	0.0	0.0	0.0	0.0
k__Bacteria|p__Bacteroidota|c__Bacteroidia|o__Bacteroidales|f__Barnesiellaceae|g__Barnesiella	0.0	0.0	0.000892	0.0	0.0	0.0	0.0	0.0	0.0	0.0	0.0	1.080714	1.1089	1.109029	0.0	0.0	0.0	0.0	0.0	0.0	0.0	0.0	1.16583	1.257763	1.189883	1.183254	0.253981	0.240214	0.229055	0.241575	0.081958	0.055744	0.0	0.0	0.0	0.0	0.0	0.0	0.0	0.0	0.0	0.0	0.0	0.0
k__Bacteria|p__Actinomycetota|c__Coriobacteriia|o__Eggerthellales|f__Eggerthellaceae|g__Ellagibacter|s__Ellagibacter_isourolithinifaciens	0.0	0.0	0.009759	0.021073	0.0	0.0	0.0	0.0	0.0	0.0	0.0	0.0	0.0	0.0	0.0	0.0	0.0	0.0	0.0	0.0	0.0	0.0	0.0	0.0	0.0	0.0	0.0	0.0	0.0	0.0	0.0	0.0	0.0	0.0	0.0	0.0	0.0	0.0	0.0	0.0	0.0	0.0	0.0	0.0
k__Bacteria|p__Bacteroidota|c__Bacteroidia|o__Bacteroidales|f__Bacteroidaceae|g__Phocaeicola|s__Phocaeicola_vulgatus	0.0	0.0	0.005785	0.0	37.366183	36.480665	37.40602	5.03463	5.276956	5.014956	5.491322	0.137991	0.132142	0.126093	0.0	0.0	0.0	0.002199	3.634928	3.785351	4.00262	4.18067	0.650726	0.719953	0.765493	0.576822	0.268711	0.196084	0.205501	0.241843	0.111294	0.182849	0.0	0.024887	21.087907	21.633162	20.890055	21.419651	8.222841	8.957772	8.200133	4.936493	4.805677	4.969664
k__Bacteria|p__Bacteroidota|c__Bacteroidia|o__Bacteroidales|f__Tannerellaceae|g__Parabacteroides|s__Parabacteroides_goldsteinii	0.0	0.0	0.004454	0.0	0.0	0.0	0.0	0.021968	0.027474	0.020508	0.01007	0.0	0.0	0.0	0.0	0.0	0.0	0.0	0.0	0.0	0.0	0.0	0.000878	0.017835	0.0	0.0	0.0	0.0	0.0	0.0	0.0	0.0	0.0	0.0	0.0	0.0	0.0	0.0	0.0	0.0	0.0	0.0	0.0	0.0
k__Bacteria|p__Bacteroidota|c__Bacteroidia|o__Bacteroidales|f__Barnesiellaceae|g__Barnesiella|s__Barnesiella_intestinihominis	0.0	0.0	0.000892	0.0	0.0	0.0	0.0	0.0	0.0	0.0	0.0	1.080714	1.1089	1.109029	0.0	0.0	0.0	0.0	0.0	0.0	0.0	0.0	1.16583	1.257763	1.189883	1.183254	0.253981	0.240214	0.229055	0.241575	0.081958	0.055744	0.0	0.0	0.0	0.0	0.0	0.0	0.0	0.0	0.0	0.0	0.0	0.0
k__Bacteria|p__Actinomycetota|c__Coriobacteriia|o__Eggerthellales|f__Eggerthellaceae|g__Ellagibacter|s__Ellagibacter_isourolithinifaciens|t__SGB14816	0.0	0.0	0.009759	0.021073	0.0	0.0	0.0	0.0	0.0	0.0	0.0	0.0	0.0	0.0	0.0	0.0	0.0	0.0	0.0	0.0	0.0	0.0	0.0	0.0	0.0	0.0	0.0	0.0	0.0	0.0	0.0	0.0	0.0	0.0	0.0	0.0	0.0	0.0	0.0	0.0	0.0	0.0	0.0	0.0
k__Bacteria|p__Bacteroidota|c__Bacteroidia|o__Bacteroidales|f__Bacteroidaceae|g__Phocaeicola|s__Phocaeicola_vulgatus|t__SGB1814	0.0	0.0	0.005785	0.0	37.366183	36.480665	37.40602	5.03463	5.276956	5.014956	5.491322	0.137991	0.132142	0.126093	0.0	0.0	0.0	0.002199	3.634928	3.785351	4.00262	4.18067	0.650726	0.719953	0.765493	0.576822	0.268711	0.196084	0.205501	0.241843	0.111294	0.182849	0.0	0.024887	21.087907	21.633162	20.890055	21.419651	8.222841	8.957772	8.200133	4.936493	4.805677	4.969664
k__Bacteria|p__Bacteroidota|c__Bacteroidia|o__Bacteroidales|f__Tannerellaceae|g__Parabacteroides|s__Parabacteroides_goldsteinii|t__SGB1941	0.0	0.0	0.004454	0.0	0.0	0.0	0.0	0.021968	0.027474	0.020508	0.01007	0.0	0.0	0.0	0.0	0.0	0.0	0.0	0.0	0.0	0.0	0.0	0.000878	0.017835	0.0	0.0	0.0	0.0	0.0	0.0	0.0	0.0	0.0	0.0	0.0	0.0	0.0	0.0	0.0	0.0	0.0	0.0	0.0	0.0
k__Bacteria|p__Bacteroidota|c__Bacteroidia|o__Bacteroidales|f__Barnesiellaceae|g__Barnesiella|s__Barnesiella_intestinihominis|t__SGB1965	0.0	0.0	0.000892	0.0	0.0	0.0	0.0	0.0	0.0	0.0	0.0	1.080714	1.1089	1.109029	0.0	0.0	0.0	0.0	0.0	0.0	0.0	0.0	1.16583	1.257763	1.189883	1.183254	0.253981	0.240214	0.229055	0.241575	0.081958	0.055744	0.0	0.0	0.0	0.0	0.0	0.0	0.0	0.0	0.0	0.0	0.0	0.0
k__Bacteria|p__Pseudomonadota|c__Gammaproteobacteria	0.0	0.0	0.0	0.0	0.164516	0.183763	0.122583	0.007888	0.0	0.0	0.00136	0.0	0.0	0.0	0.0	0.0	0.0	0.0	0.006515	0.002826	0.009141	0.007389	0.049648	0.064756	0.042649	0.047158	0.0	0.0	0.0	0.0	17.35849	17.779806	23.280476	22.924889	0.961389	1.053647	0.935879	0.972333	0.097954	0.09759	0.078461	0.009098	0.036215	0.03042
k__Bacteria|p__Firmicutes|c__Bacilli	0.0	0.0	0.0	0.0	0.110214	0.101369	0.109106	0.112706	0.099841	0.11276	0.08568	0.208984	0.207301	0.168339	0.0	0.0	0.0	0.0	0.0	0.0	0.0	0.0	0.0	0.0	0.0	0.0	0.0	0.0	0.0	0.0	0.0	0.0	0.0	0.0	0.0	0.0	0.0	0.0	0.000977	0.0	0.005249	0.048335	0.054283	0.052262
k__Bacteria|p__Firmicutes|c__CFGB1258	0.0	0.0	0.0	0.0	0.008837	0.005919	0.00371	0.0	0.0	0.0	0.0	0.0	0.0	0.0	0.0	0.0	0.0	0.0	0.0	0.0	0.0	0.0	0.0	0.0	0.0	0.0	0.0	0.0	0.0	0.0	0.0	0.0	0.0	0.0	0.0	0.0	0.0	0.0	0.001597	0.00059	0.0	0.0	0.0	0.0
k__Bacteria|p__Firmicutes|c__CFGB1011	0.0	0.0	0.0	0.0	0.006019	0.0	0.0	0.0	0.0	0.0	0.0	0.0	0.0	0.0	0.038711	0.017669	0.016809	0.038239	0.0	0.0	0.001648	0.0	0.02112	0.008525	0.015581	0.028554	0.0	0.0	0.0	0.0	0.0	0.0	0.0	0.0	0.012843	0.006845	0.022816	0.001254	0.0	0.0	0.0	0.036283	0.036616	0.037214
k__Bacteria|p__Pseudomonadota|c__Gammaproteobacteria|o__Pasteurellales	0.0	0.0	0.0	0.0	0.152344	0.145495	0.122583	0.007888	0.0	0.0	0.00136	0.0	0.0	0.0	0.0	0.0	0.0	0.0	0.0	0.0	0.0	0.0	0.048287	0.064756	0.042649	0.047158	0.0	0.0	0.0	0.0	0.0	0.0	0.0	0.0	0.961389	1.053647	0.935879	0.972333	0.0	0.0	0.0	0.001838	0.002419	0.004731
k__Bacteria|p__Firmicutes|c__Bacilli|o__Lactobacillales	0.0	0.0	0.0	0.0	0.110214	0.101369	0.109106	0.112706	0.099841	0.11276	0.08568	0.208984	0.207301	0.168339	0.0	0.0	0.0	0.0	0.0	0.0	0.0	0.0	0.0	0.0	0.0	0.0	0.0	0.0	0.0	0.0	0.0	0.0	0.0	0.0	0.0	0.0	0.0	0.0	0.000977	0.0	0.005249	0.048335	0.054283	0.052262
k__Bacteria|p__Firmicutes|c__Negativicutes|o__Veillonellales	0.0	0.0	0.0	0.0	0.037223	0.054618	0.079337	0.010342	0.00888	0.001867	0.006973	0.0	0.0	0.0	0.475424	0.444331	0.460306	0.444618	0.0	0.0	0.0	0.0	0.0	0.004345	0.005223	0.0	0.0	0.0	0.0	0.0	0.285368	0.528148	0.066692	0.173842	0.0	0.0	0.0	0.0	0.368401	0.393996	0.438167	1.320629	1.312527	1.26233
k__Bacteria|p__Pseudomonadota|c__Gammaproteobacteria|o__Enterobacterales	0.0	0.0	0.0	0.0	0.012172	0.038268	0.0	0.0	0.0	0.0	0.0	0.0	0.0	0.0	0.0	0.0	0.0	0.0	0.006515	0.002826	0.009141	0.007389	0.001361	0.0	0.0	0.0	0.0	0.0	0.0	0.0	0.0	0.0	0.0	0.0	0.0	0.0	0.0	0.0	0.097954	0.09759	0.078461	0.00726	0.033796	0.025689
k__Bacteria|p__Firmicutes|c__Clostridia|o__Christensenellales	0.0	0.0	0.0	0.0	0.011298	0.0	0.0	0.0	0.0	0.0	0.0	0.0	0.0	0.0	0.0	0.0	0.0	0.0	0.012226	0.0	0.005703	0.000793	0.844899	0.761198	0.825371	0.822321	0.0	0.0	0.0	0.0	0.0	0.0	0.0	0.0	0.0	0.0	0.0	0.0	0.0	0.0	0.0	0.000961	0.0	0.0
k__Bacteria|p__Firmicutes|c__CFGB1258|o__OFGB1258	0.0	0.0	0.0	0.0	0.008837	0.005919	0.00371	0.0	0.0	0.0	0.0	0.0	0.0	0.0	0.0	0.0	0.0	0.0	0.0	0.0	0.0	0.0	0.0	0.0	0.0	0.0	0.0	0.0	0.0	0.0	0.0	0.0	0.0	0.0	0.0	0.0	0.0	0.0	0.001597	0.00059	0.0	0.0	0.0	0.0
k__Bacteria|p__Firmicutes|c__CFGB1011|o__OFGB1011	0.0	0.0	0.0	0.0	0.006019	0.0	0.0	0.0	0.0	0.0	0.0	0.0	0.0	0.0	0.038711	0.017669	0.016809	0.038239	0.0	0.0	0.001648	0.0	0.02112	0.008525	0.015581	0.028554	0.0	0.0	0.0	0.0	0.0	0.0	0.0	0.0	0.012843	0.006845	0.022816	0.001254	0.0	0.0	0.0	0.036283	0.036616	0.037214
k__Bacteria|p__Pseudomonadota|c__Gammaproteobacteria|o__Pasteurellales|f__Pasteurellaceae	0.0	0.0	0.0	0.0	0.152344	0.145495	0.122583	0.007888	0.0	0.0	0.00136	0.0	0.0	0.0	0.0	0.0	0.0	0.0	0.0	0.0	0.0	0.0	0.048287	0.064756	0.042649	0.047158	0.0	0.0	0.0	0.0	0.0	0.0	0.0	0.0	0.961389	1.053647	0.935879	0.972333	0.0	0.0	0.0	0.001838	0.002419	0.004731
k__Bacteria|p__Firmicutes|c__Bacilli|o__Lactobacillales|f__Streptococcaceae	0.0	0.0	0.0	0.0	0.110214	0.101369	0.109106	0.112706	0.099841	0.11276	0.08568	0.208984	0.207301	0.168339	0.0	0.0	0.0	0.0	0.0	0.0	0.0	0.0	0.0	0.0	0.0	0.0	0.0	0.0	0.0	0.0	0.0	0.0	0.0	0.0	0.0	0.0	0.0	0.0	0.000977	0.0	0.005249	0.048335	0.054283	0.052262
k__Bacteria|p__Firmicutes|c__Negativicutes|o__Veillonellales|f__Veillonellaceae	0.0	0.0	0.0	0.0	0.037223	0.054618	0.079337	0.010342	0.00888	0.001867	0.006973	0.0	0.0	0.0	0.475424	0.444331	0.460306	0.444618	0.0	0.0	0.0	0.0	0.0	0.004345	0.005223	0.0	0.0	0.0	0.0	0.0	0.285368	0.528148	0.066692	0.173842	0.0	0.0	0.0	0.0	0.368401	0.393996	0.438167	1.320629	1.312527	1.26233
k__Bacteria|p__Firmicutes|c__Clostridia|o__Eubacteriales|f__Eubacteriaceae	0.0	0.0	0.0	0.0	0.012999	0.018812	0.015036	1.286948	1.319957	1.184615	1.29948	0.046161	0.066983	0.037109	0.45236	0.443498	0.421547	0.462156	0.769997	0.806772	0.808985	0.761703	0.033394	0.040335	0.048135	0.045926	0.0	0.0	0.0	0.0	0.181231	0.21644	0.050024	0.0	0.0	0.0	0.0	0.0	0.119234	0.124808	0.107299	0.011118	0.005387	0.004172
k__Bacteria|p__Pseudomonadota|c__Gammaproteobacteria|o__Enterobacterales|f__Enterobacteriaceae	0.0	0.0	0.0	0.0	0.012172	0.038268	0.0	0.0	0.0	0.0	0.0	0.0	0.0	0.0	0.0	0.0	0.0	0.0	0.006515	0.002826	0.009141	0.007389	0.001361	0.0	0.0	0.0	0.0	0.0	0.0	0.0	0.0	0.0	0.0	0.0	0.0	0.0	0.0	0.0	0.097954	0.09759	0.078461	0.00726	0.033796	0.025689
k__Bacteria|p__Firmicutes|c__Clostridia|o__Christensenellales|f__Christensenellaceae	0.0	0.0	0.0	0.0	0.011298	0.0	0.0	0.0	0.0	0.0	0.0	0.0	0.0	0.0	0.0	0.0	0.0	0.0	0.012226	0.0	0.005703	0.000793	0.844899	0.761198	0.825371	0.822321	0.0	0.0	0.0	0.0	0.0	0.0	0.0	0.0	0.0	0.0	0.0	0.0	0.0	0.0	0.0	0.000961	0.0	0.0
k__Bacteria|p__Firmicutes|c__CFGB1258|o__OFGB1258|f__FGB1258	0.0	0.0	0.0	0.0	0.008837	0.005919	0.00371	0.0	0.0	0.0	0.0	0.0	0.0	0.0	0.0	0.0	0.0	0.0	0.0	0.0	0.0	0.0	0.0	0.0	0.0	0.0	0.0	0.0	0.0	0.0	0.0	0.0	0.0	0.0	0.0	0.0	0.0	0.0	0.001597	0.00059	0.0	0.0	0.0	0.0
k__Bacteria|p__Firmicutes|c__CFGB1011|o__OFGB1011|f__FGB1011	0.0	0.0	0.0	0.0	0.006019	0.0	0.0	0.0	0.0	0.0	0.0	0.0	0.0	0.0	0.038711	0.017669	0.016809	0.038239	0.0	0.0	0.001648	0.0	0.02112	0.008525	0.015581	0.028554	0.0	0.0	0.0	0.0	0.0	0.0	0.0	0.0	0.012843	0.006845	0.022816	0.001254	0.0	0.0	0.0	0.036283	0.036616	0.037214
k__Bacteria|p__Firmicutes|c__Clostridia|o__Eubacteriales|f__Oscillospiraceae|g__Brotocaccenecus	0.0	0.0	0.0	0.0	0.174782	0.169586	0.207206	0.0	0.0	0.0	0.0	0.0	0.0	0.0	0.0	0.0	0.0	0.0	0.0	0.0	0.0	0.0	0.63587	0.561272	0.589462	0.555742	0.058959	0.029595	0.023667	0.040065	0.0	0.0	0.0	0.0	0.0	0.0	0.0	0.0	0.360927	0.324976	0.399375	0.0	0.0	0.0
k__Bacteria|p__Pseudomonadota|c__Gammaproteobacteria|o__Pasteurellales|f__Pasteurellaceae|g__Haemophilus	0.0	0.0	0.0	0.0	0.152344	0.145495	0.122583	0.007888	0.0	0.0	0.00136	0.0	0.0	0.0	0.0	0.0	0.0	0.0	0.0	0.0	0.0	0.0	0.048287	0.064756	0.042649	0.047158	0.0	0.0	0.0	0.0	0.0	0.0	0.0	0.0	0.961389	1.053647	0.935879	0.972333	0.0	0.0	0.0	0.001838	0.002419	0.004731
k__Bacteria|p__Firmicutes|c__Clostridia|o__Lachnospirales|f__Lachnospiraceae|g__Faecalicatena	0.0	0.0	0.0	0.0	0.144317	0.135052	0.133582	0.28465	0.315565	0.313532	0.339516	0.301187	0.288734	0.269811	0.0	0.0	0.0	0.0	0.052161	0.058785	0.049492	0.060117	0.0	0.0	0.0	0.0	0.0	0.0	0.0	0.0	0.0	0.0	0.0	0.0	0.0	0.0	0.0	0.0	0.212854	0.211429	0.218897	0.073542	0.068276	0.070319
k__Bacteria|p__Firmicutes|c__Clostridia|o__Eubacteriales|f__Oscillospiraceae|g__GGB9737	0.0	0.0	0.0	0.0	0.116036	0.126664	0.11258	0.0	0.0	0.0	0.0	0.0	0.0	0.0	0.0	0.0	0.0	0.0	0.0	0.0	0.0	0.0	0.0	0.0	0.0	0.0	0.0	0.0	0.0	0.0	0.0	0.0	0.0	0.0	0.0	0.0	0.0	0.0	0.0	0.0	0.0	0.0	0.0	0.0
k__Bacteria|p__Firmicutes|c__Bacilli|o__Lactobacillales|f__Streptococcaceae|g__Streptococcus	0.0	0.0	0.0	0.0	0.110214	0.101369	0.109106	0.112706	0.099841	0.11276	0.08568	0.208984	0.207301	0.168339	0.0	0.0	0.0	0.0	0.0	0.0	0.0	0.0	0.0	0.0	0.0	0.0	0.0	0.0	0.0	0.0	0.0	0.0	0.0	0.0	0.0	0.0	0.0	0.0	0.000977	0.0	0.005249	0.048335	0.054283	0.052262
k__Bacteria|p__Firmicutes|c__Clostridia|o__Eubacteriales|f__Oscillospiraceae|g__Hominenteromicrobium	0.0	0.0	0.0	0.0	0.099521	0.093951	0.082575	0.0	0.0	0.0	0.0	0.395651	0.360475	0.371853	0.083019	0.086963	0.080013	0.06859	0.069866	0.06198	0.087692	0.06392	0.025269	0.034603	0.025445	0.029608	0.0	0.0	0.0	0.0	0.0	0.0	0.0	0.0	0.0	0.0	0.0	0.0	0.0	0.0	0.005761	0.0	0.0	0.0
k__Bacteria|p__Firmicutes|c__Erysipelotrichia|o__Erysipelotrichales|f__Erysipelotrichaceae|g__Holdemanella	0.0	0.0	0.0	0.0	0.058481	0.049811	0.0634	0.0	0.0	0.0	0.0	0.0	0.0	0.0	0.0	0.0	0.0	0.0	0.0	0.0	0.0	0.0	0.061028	0.085514	0.09325	0.065741	0.270257	0.32235	0.291651	0.27936	0.247519	0.260356	0.130568	0.081441	0.0	0.0	0.0	0.0	0.070667	0.060495	0.068043	0.0	0.0	0.0
k__Bacteria|p__Firmicutes|c__Negativicutes|o__Veillonellales|f__Veillonellaceae|g__Veillonella	0.0	0.0	0.0	0.0	0.035819	0.054618	0.079337	0.0	0.0	0.0	0.0	0.0	0.0	0.0	0.0	0.0	0.0	0.0	0.0	0.0	0.0	0.0	0.0	0.004345	0.0	0.0	0.0	0.0	0.0	0.0	0.0	0.0	0.0	0.0	0.0	0.0	0.0	0.0	0.0	0.0	0.0	0.0	0.0	0.0
k__Bacteria|p__Firmicutes|c__Clostridia|o__Eubacteriales|f__Beduinellaceae|g__GGB9760	0.0	0.0	0.0	0.0	0.024053	0.01348	0.027592	0.241243	0.23832	0.237195	0.240478	0.158597	0.125463	0.144789	0.0	0.0	0.0	0.0	0.220067	0.209725	0.204817	0.189887	0.079404	0.09194	0.062885	0.083099	0.025375	0.018279	0.015361	0.01673	0.070815	0.022832	0.0	0.0	0.0	0.0	0.0	0.0	0.303637	0.263309	0.275586	0.0	0.0	0.0
k__Bacteria|p__Firmicutes|c__Clostridia|o__Lachnospirales|f__Lachnospiraceae|g__Hominiventricola	0.0	0.0	0.0	0.0	0.019598	0.023433	0.03435	0.0	0.0	0.0	0.0	0.031404	0.041397	0.03314	0.0	0.0	0.0	0.0	0.0	0.0	0.0	0.0	0.017444	0.009176	0.006304	0.021956	0.0	0.0	0.0	0.0	0.0	0.0	0.0	0.0	0.0	0.0	0.0	0.0	0.0	0.0	0.0	0.0	0.0	0.0
k__Bacteria|p__Firmicutes|c__Clostridia|o__Eubacteriales|f__Oscillospiraceae|g__GGB9627	0.0	0.0	0.0	0.0	0.016512	0.030792	0.018311	0.0	0.0	0.0	0.0	0.0	0.0	0.0	0.0	0.0	0.0	0.0	0.0	0.0	0.0	0.0	0.0	0.0	0.0	0.0	0.0	0.0	0.0	0.0	0.0	0.0	0.0	0.0	0.0	0.0	0.0	0.0	0.0	0.00186	0.0	0.0	0.0	0.0
k__Bacteria|p__Firmicutes|c__Clostridia|o__Eubacteriales|f__Eubacteriaceae|g__Eubacterium	0.0	0.0	0.0	0.0	0.012999	0.018812	0.015036	0.061207	0.046264	0.039386	0.051093	0.046161	0.066983	0.037109	0.098289	0.094273	0.09121	0.081622	0.280642	0.274056	0.28563	0.26024	0.033394	0.040335	0.048135	0.045926	0.0	0.0	0.0	0.0	0.181231	0.21644	0.050024	0.0	0.0	0.0	0.0	0.0	0.119234	0.124808	0.107299	0.011118	0.005387	0.004172
k__Bacteria|p__Pseudomonadota|c__Gammaproteobacteria|o__Enterobacterales|f__Enterobacteriaceae|g__Klebsiella	0.0	0.0	0.0	0.0	0.012172	0.038268	0.0	0.0	0.0	0.0	0.0	0.0	0.0	0.0	0.0	0.0	0.0	0.0	0.0	0.0	0.0	0.0	0.0	0.0	0.0	0.0	0.0	0.0	0.0	0.0	0.0	0.0	0.0	0.0	0.0	0.0	0.0	0.0	0.0	0.0	0.0	0.0	0.0	0.0
k__Bacteria|p__Firmicutes|c__Clostridia|o__Christensenellales|f__Christensenellaceae|g__GGB45656	0.0	0.0	0.0	0.0	0.011298	0.0	0.0	0.0	0.0	0.0	0.0	0.0	0.0	0.0	0.0	0.0	0.0	0.0	0.0	0.0	0.0	0.0	0.0	0.0	0.0	0.0	0.0	0.0	0.0	0.0	0.0	0.0	0.0	0.0	0.0	0.0	0.0	0.0	0.0	0.0	0.0	0.0	0.0	0.0
k__Bacteria|p__Firmicutes|c__CFGB1258|o__OFGB1258|f__FGB1258|g__GGB3051	0.0	0.0	0.0	0.0	0.008837	0.005919	0.00371	0.0	0.0	0.0	0.0	0.0	0.0	0.0	0.0	0.0	0.0	0.0	0.0	0.0	0.0	0.0	0.0	0.0	0.0	0.0	0.0	0.0	0.0	0.0	0.0	0.0	0.0	0.0	0.0	0.0	0.0	0.0	0.0	0.0	0.0	0.0	0.0	0.0
k__Bacteria|p__Firmicutes|c__CFGB1011|o__OFGB1011|f__FGB1011|g__GGB2652	0.0	0.0	0.0	0.0	0.006019	0.0	0.0	0.0	0.0	0.0	0.0	0.0	0.0	0.0	0.0	0.0	0.0	0.0	0.0	0.0	0.0	0.0	0.0	0.0	0.0	0.0	0.0	0.0	0.0	0.0	0.0	0.0	0.0	0.0	0.0	0.0	0.0	0.0	0.0	0.0	0.0	0.0	0.0	0.0
k__Bacteria|p__Firmicutes|c__Clostridia|o__Eubacteriales|f__Oscillospiraceae|g__GGB9707	0.0	0.0	0.0	0.0	0.005922	0.005562	0.006393	0.0	0.0	0.0	0.0	0.0	0.0	0.0	0.0	0.0	0.0	0.0	0.0	0.0	0.0	0.0	0.0	0.0	0.0	0.0	0.010966	0.0	0.001199	0.004344	0.0	0.0	0.0	0.0	0.0	0.0	0.0	0.0	0.0145	0.016996	0.01711	0.0	0.0	0.0
k__Bacteria|p__Firmicutes|c__Clostridia|o__Eubacteriales|f__Oscillospiraceae|g__GGB9642	0.0	0.0	0.0	0.0	0.005275	0.0	0.002667	0.0	0.0	0.0	0.0	0.0	0.0	0.0	0.0	0.0	0.0	0.0	0.0	0.0	0.0	0.0	0.0	0.0	0.0	0.0	0.0	0.0	0.0	0.0	0.0	0.0	0.0	0.0	0.0	0.0	0.0	0.0	0.0	0.0	0.0	0.0	0.0	0.0
k__Bacteria|p__Actinomycetota|c__Coriobacteriia|o__Eggerthellales|f__Eggerthellaceae|g__Eggerthella	0.0	0.0	0.0	0.0	0.003314	0.000663	0.001512	0.013578	0.007539	0.006666	0.00744	0.0	0.0	0.0	0.001361	0.0	0.0	0.0	0.0	0.0	0.0	0.0	0.0	0.0	0.0	0.0	0.0	0.0	0.0	0.0	0.0	0.0	0.0	0.0	0.0	0.0	0.0	0.0	0.0	0.0	0.0	0.0	0.0	0.0
k__Bacteria|p__Firmicutes|c__Clostridia|o__Eubacteriales|f__Eubacteriales_unclassified|g__Flintibacter	0.0	0.0	0.0	0.0	0.002197	0.0	0.005662	0.102854	0.118755	0.098728	0.070998	0.005784	0.010964	0.0	0.0	0.0	0.0	0.0	0.0	0.0	0.0	0.0	0.015551	0.023423	0.010226	0.021625	0.033271	0.017204	0.026357	0.01933	0.0	0.0	0.0	0.0	0.0	0.0	0.0	0.0	0.138826	0.140682	0.118575	0.009084	0.020174	0.008617
k__Bacteria|p__Firmicutes|c__Negativicutes|o__Veillonellales|f__Veillonellaceae|g__Allisonella	0.0	0.0	0.0	0.0	0.001404	0.0	0.0	0.0	0.0	0.0	0.0	0.0	0.0	0.0	0.0	0.0	0.0	0.0	0.0	0.0	0.0	0.0	0.0	0.0	0.005223	0.0	0.0	0.0	0.0	0.0	0.0	0.0	0.0	0.0	0.0	0.0	0.0	0.0	0.010444	0.011813	0.015891	0.0	0.0	0.0
k__Bacteria|p__Bacteroidota|c__Bacteroidia|o__Bacteroidales|f__Bacteroidaceae|g__Phocaeicola|s__Phocaeicola_massiliensis	0.0	0.0	0.0	0.0	3.046259	2.911764	3.031055	0.0	0.0	0.0	0.0	0.0	0.0	0.0	0.0	0.0	0.0	0.0	0.0	0.0	0.0	0.0	0.0	0.0	0.0	0.0	0.0	0.0	0.0	0.0	0.0	0.0	0.0	0.0	0.0	0.0	0.0	0.0	6.332585	6.628698	6.534173	1.089062	1.030453	1.035388
k__Bacteria|p__Firmicutes|c__Clostridia|o__Lachnospirales|f__Lachnospiraceae|g__Lachnospiraceae_unclassified|s__Lachnospiraceae_bacterium_OF27_8pH9A	0.0	0.0	0.0	0.0	1.483354	1.434642	1.431499	0.0	0.0	0.0	0.0	0.0	0.0	0.0	0.0	0.0	0.0	0.0	0.270849	0.250326	0.262571	0.323549	0.445779	0.461155	0.417152	0.459126	0.325473	0.320882	0.344002	0.337527	0.0	0.0	0.0	0.0	0.0	0.0	0.0	0.0	0.016988	0.004236	0.003115	0.0	0.0	0.0
k__Bacteria|p__Bacteroidota|c__Bacteroidia|o__Bacteroidales|f__Bacteroidaceae|g__Bacteroides|s__Bacteroides_finegoldii	0.0	0.0	0.0	0.0	1.033803	1.038879	1.025319	0.0	0.0	0.0	0.0	0.0	0.0	0.0	0.0	0.0	0.0	0.0	0.0	0.0	0.0	0.0	0.160193	0.141139	0.146162	0.128254	0.0	0.0	0.0	0.0	0.0	0.0	0.0	0.0	0.0	0.0	0.0	0.0	0.0	0.0	0.0	0.0	0.0	0.0
k__Bacteria|p__Bacteroidota|c__Bacteroidia|o__Bacteroidales|f__Odoribacteraceae|g__Butyricimonas|s__Butyricimonas_paravirosa	0.0	0.0	0.0	0.0	0.60261	0.546883	0.551247	0.0	0.0	0.0	0.0	0.425818	0.371088	0.380248	0.0	0.0	0.0	0.0	0.04964	0.048588	0.043068	0.038702	0.058476	0.063832	0.061371	0.065934	0.179575	0.182029	0.16732	0.173719	0.0	0.0	0.0	0.0	0.0	0.0	0.0	0.0	0.019818	0.018639	0.004566	0.292247	0.301307	0.323091
k__Bacteria|p__Bacteroidota|c__Bacteroidia|o__Bacteroidales|f__Bacteroidaceae|g__Bacteroides|s__Bacteroides_eggerthii	0.0	0.0	0.0	0.0	0.455101	0.374728	0.37438	0.0	0.0	0.0	0.0	0.0	0.0	0.0	0.0	0.0	0.0	0.0	0.0	0.0	0.0	0.0	0.063458	0.061562	0.047992	0.043693	0.0	0.0	0.0	0.0	0.0	0.0	0.0	0.0	0.0	0.0	0.0	0.0	0.2167	0.188448	0.211066	0.0	0.0	0.0
k__Bacteria|p__Firmicutes|c__Negativicutes|o__Acidaminococcales|f__Acidaminococcaceae|g__Phascolarctobacterium|s__Phascolarctobacterium_faecium	0.0	0.0	0.0	0.0	0.421033	0.464979	0.433439	0.534272	0.539897	0.409069	0.517749	0.218247	0.242781	0.184838	0.0	0.0	0.0	0.0	0.0	0.0	0.0	0.0	0.0	0.0	0.0	0.0	0.0	0.0	0.0	0.0	0.0	0.0	0.0	0.0	0.245635	0.323538	0.308455	0.36015	0.751792	0.705628	0.722706	0.0	0.0	0.0
k__Bacteria|p__Bacteroidota|c__Bacteroidia|o__Bacteroidales|f__Bacteroidaceae|g__Bacteroides|s__Bacteroides_fragilis	0.0	0.0	0.0	0.0	0.183132	0.223641	0.192287	0.625155	0.608932	0.626769	0.600065	0.821785	0.791839	0.770681	0.762855	0.826825	0.858808	0.787653	0.0	0.0	0.0	0.0	0.0	0.0	0.0	0.0	0.021809	0.029875	0.030235	0.015224	0.0	0.0	0.0	0.0	3.049455	3.087161	3.09733	3.12867	0.0	0.0	0.0	0.0	0.0	0.0
k__Bacteria|p__Firmicutes|c__Clostridia|o__Eubacteriales|f__Oscillospiraceae|g__Brotocaccenecus|s__Brotocaccenecus_cirricatena	0.0	0.0	0.0	0.0	0.174782	0.169586	0.207206	0.0	0.0	0.0	0.0	0.0	0.0	0.0	0.0	0.0	0.0	0.0	0.0	0.0	0.0	0.0	0.0	0.0	0.0	0.0	0.0	0.0	0.0	0.0	0.0	0.0	0.0	0.0	0.0	0.0	0.0	0.0	0.0	0.0	0.0	0.0	0.0	0.0
k__Bacteria|p__Actinomycetota|c__Actinomycetes|o__Bifidobacteriales|f__Bifidobacteriaceae|g__Bifidobacterium|s__Bifidobacterium_longum	0.0	0.0	0.0	0.0	0.166827	0.135056	0.141883	0.21792	0.2182	0.209444	0.213969	0.096801	0.091791	0.085464	0.0	0.0	0.0	0.0	0.445307	0.389169	0.389602	0.426576	0.0	0.0	0.0	0.0	0.0	0.0	0.0	0.0	0.0	0.0	0.0	0.0	0.160456	0.151896	0.142164	0.118641	0.192001	0.184667	0.162814	0.180121	0.143646	0.169985
k__Bacteria|p__Pseudomonadota|c__Gammaproteobacteria|o__Pasteurellales|f__Pasteurellaceae|g__Haemophilus|s__Haemophilus_parainfluenzae	0.0	0.0	0.0	0.0	0.152344	0.145495	0.122583	0.007888	0.0	0.0	0.00136	0.0	0.0	0.0	0.0	0.0	0.0	0.0	0.0	0.0	0.0	0.0	0.048287	0.064756	0.042649	0.047158	0.0	0.0	0.0	0.0	0.0	0.0	0.0	0.0	0.961389	1.053647	0.935879	0.972333	0.0	0.0	0.0	0.001838	0.002419	0.004731
k__Bacteria|p__Firmicutes|c__Clostridia|o__Lachnospirales|f__Lachnospiraceae|g__Faecalicatena|s__Faecalicatena_fissicatena	0.0	0.0	0.0	0.0	0.144317	0.135052	0.133582	0.28465	0.315565	0.313532	0.339516	0.301187	0.288734	0.269811	0.0	0.0	0.0	0.0	0.052161	0.058785	0.049492	0.060117	0.0	0.0	0.0	0.0	0.0	0.0	0.0	0.0	0.0	0.0	0.0	0.0	0.0	0.0	0.0	0.0	0.212854	0.211429	0.218897	0.073542	0.068276	0.070319
k__Bacteria|p__Firmicutes|c__Clostridia|o__Eubacteriales|f__Oscillospiraceae|g__GGB9737|s__GGB9737_SGB15309	0.0	0.0	0.0	0.0	0.116036	0.126664	0.11258	0.0	0.0	0.0	0.0	0.0	0.0	0.0	0.0	0.0	0.0	0.0	0.0	0.0	0.0	0.0	0.0	0.0	0.0	0.0	0.0	0.0	0.0	0.0	0.0	0.0	0.0	0.0	0.0	0.0	0.0	0.0	0.0	0.0	0.0	0.0	0.0	0.0
k__Bacteria|p__Firmicutes|c__Clostridia|o__Eubacteriales|f__Oscillospiraceae|g__Hominenteromicrobium|s__Hominenteromicrobium_mulieris	0.0	0.0	0.0	0.0	0.099521	0.093951	0.082575	0.0	0.0	0.0	0.0	0.395651	0.360475	0.371853	0.083019	0.086963	0.080013	0.06859	0.069866	0.06198	0.087692	0.06392	0.025269	0.034603	0.025445	0.029608	0.0	0.0	0.0	0.0	0.0	0.0	0.0	0.0	0.0	0.0	0.0	0.0	0.0	0.0	0.005761	0.0	0.0	0.0
k__Bacteria|p__Firmicutes|c__Bacilli|o__Lactobacillales|f__Streptococcaceae|g__Streptococcus|s__Streptococcus_parasanguinis	0.0	0.0	0.0	0.0	0.082636	0.049552	0.058364	0.016207	0.023013	0.010031	0.008352	0.020187	0.027568	0.007147	0.0	0.0	0.0	0.0	0.0	0.0	0.0	0.0	0.0	0.0	0.0	0.0	0.0	0.0	0.0	0.0	0.0	0.0	0.0	0.0	0.0	0.0	0.0	0.0	0.0	0.0	0.0	0.0	0.0	0.0
k__Bacteria|p__Bacteroidota|c__Bacteroidia|o__Bacteroidales|f__Bacteroidaceae|g__Bacteroides|s__Bacteroides_nordii	0.0	0.0	0.0	0.0	0.061573	0.047405	0.077279	0.0	0.0	0.0	0.0	0.0	0.0	0.0	0.0	0.0	0.0	0.0	0.03132	0.03261	0.028415	0.026339	0.0	0.0	0.0	0.0	0.0	0.0	0.0	0.0	0.0	0.0	0.0	0.0	0.0	0.0	0.0	0.0	0.040681	0.03856	0.048342	0.228075	0.230297	0.236487
k__Bacteria|p__Firmicutes|c__Clostridia|o__Lachnospirales|f__Lachnospiraceae|g__Blautia|s__Blautia_stercoris	0.0	0.0	0.0	0.0	0.061176	0.060492	0.064825	0.0	0.0	0.0	0.0	0.0	0.0	0.0	0.0	0.0	0.0	0.0	0.0	0.0	0.0	0.0	0.00841	0.011917	0.009246	0.006743	0.0	0.0	0.0	0.0	0.0	0.0	0.0	0.0	0.0	0.0	0.0	0.0	0.0	0.0	0.0	0.0	0.0	0.0
k__Bacteria|p__Firmicutes|c__Clostridia|o__Eubacteriales|f__Clostridiaceae|g__Clostridium|s__Clostridium_sp_AM33_3	0.0	0.0	0.0	0.0	0.050728	0.025751	0.036257	0.0	0.0	0.0	0.0	0.0	0.0	0.0	0.0	0.0	0.0	0.0	0.0	0.0	0.0	0.0	0.003484	0.0	0.0	0.0	0.0	0.0	0.0	0.0	0.0	0.0	0.0	0.0	0.0	0.0	0.0	0.0	0.0	0.0	0.0	0.009035	0.009142	0.010393
k__Bacteria|p__Firmicutes|c__Negativicutes|o__Veillonellales|f__Veillonellaceae|g__Veillonella|s__Veillonella_nakazawae	0.0	0.0	0.0	0.0	0.035819	0.054618	0.079337	0.0	0.0	0.0	0.0	0.0	0.0	0.0	0.0	0.0	0.0	0.0	0.0	0.0	0.0	0.0	0.0	0.004345	0.0	0.0	0.0	0.0	0.0	0.0	0.0	0.0	0.0	0.0	0.0	0.0	0.0	0.0	0.0	0.0	0.0	0.0	0.0	0.0
k__Bacteria|p__Firmicutes|c__Erysipelotrichia|o__Erysipelotrichales|f__Erysipelotrichaceae|g__Holdemanella|s__Holdemanella_porci	0.0	0.0	0.0	0.0	0.029818	0.01797	0.041779	0.0	0.0	0.0	0.0	0.0	0.0	0.0	0.0	0.0	0.0	0.0	0.0	0.0	0.0	0.0	0.061028	0.085514	0.09325	0.065741	0.220878	0.254245	0.217152	0.202982	0.247519	0.260356	0.130568	0.081441	0.0	0.0	0.0	0.0	0.070667	0.060495	0.068043	0.0	0.0	0.0
k__Bacteria|p__Firmicutes|c__Erysipelotrichia|o__Erysipelotrichales|f__Erysipelotrichaceae|g__Holdemanella|s__Holdemanella_biformis	0.0	0.0	0.0	0.0	0.028663	0.031841	0.02162	0.0	0.0	0.0	0.0	0.0	0.0	0.0	0.0	0.0	0.0	0.0	0.0	0.0	0.0	0.0	0.0	0.0	0.0	0.0	0.049379	0.068105	0.074499	0.076378	0.0	0.0	0.0	0.0	0.0	0.0	0.0	0.0	0.0	0.0	0.0	0.0	0.0	0.0
k__Bacteria|p__Firmicutes|c__Bacilli|o__Lactobacillales|f__Streptococcaceae|g__Streptococcus|s__Streptococcus_salivarius	0.0	0.0	0.0	0.0	0.027578	0.051817	0.050742	0.096499	0.076828	0.10273	0.077329	0.182434	0.179733	0.161192	0.0	0.0	0.0	0.0	0.0	0.0	0.0	0.0	0.0	0.0	0.0	0.0	0.0	0.0	0.0	0.0	0.0	0.0	0.0	0.0	0.0	0.0	0.0	0.0	0.000977	0.0	0.005249	0.048335	0.054283	0.052262
k__Bacteria|p__Firmicutes|c__Clostridia|o__Eubacteriales|f__Beduinellaceae|g__GGB9760|s__GGB9760_SGB15373	0.0	0.0	0.0	0.0	0.024053	0.01348	0.027592	0.241243	0.23832	0.237195	0.240478	0.158597	0.125463	0.144789	0.0	0.0	0.0	0.0	0.220067	0.209725	0.204817	0.189887	0.079404	0.09194	0.062885	0.083099	0.025375	0.018279	0.015361	0.01673	0.0	0.0	0.0	0.0	0.0	0.0	0.0	0.0	0.0	0.0	0.000553	0.0	0.0	0.0
k__Bacteria|p__Firmicutes|c__Clostridia|o__Lachnospirales|f__Lachnospiraceae|g__Hominiventricola|s__Hominiventricola_filiformis	0.0	0.0	0.0	0.0	0.019598	0.023433	0.03435	0.0	0.0	0.0	0.0	0.031404	0.041397	0.03314	0.0	0.0	0.0	0.0	0.0	0.0	0.0	0.0	0.017444	0.009176	0.006304	0.021956	0.0	0.0	0.0	0.0	0.0	0.0	0.0	0.0	0.0	0.0	0.0	0.0	0.0	0.0	0.0	0.0	0.0	0.0
k__Bacteria|p__Firmicutes|c__Clostridia|o__Eubacteriales|f__Oscillospiraceae|g__GGB9627|s__GGB9627_SGB15081	0.0	0.0	0.0	0.0	0.016512	0.030792	0.018311	0.0	0.0	0.0	0.0	0.0	0.0	0.0	0.0	0.0	0.0	0.0	0.0	0.0	0.0	0.0	0.0	0.0	0.0	0.0	0.0	0.0	0.0	0.0	0.0	0.0	0.0	0.0	0.0	0.0	0.0	0.0	0.0	0.00186	0.0	0.0	0.0	0.0
k__Bacteria|p__Firmicutes|c__Clostridia|o__Eubacteriales|f__Eubacteriaceae|g__Eubacterium|s__Eubacterium_ramulus	0.0	0.0	0.0	0.0	0.012999	0.018812	0.015036	0.043932	0.029387	0.028769	0.025696	0.031548	0.039189	0.032907	0.089116	0.094273	0.09121	0.081622	0.0	0.0	0.0	0.0	0.0	0.00111	0.0	0.001215	0.0	0.0	0.0	0.0	0.0	0.0	0.0	0.0	0.0	0.0	0.0	0.0	0.0	0.0	0.0	0.0	0.0	0.0
k__Bacteria|p__Firmicutes|c__Clostridia|o__Eubacteriales|f__Oscillospiraceae|g__Faecalibacterium|s__Faecalibacterium_SGB15346	0.0	0.0	0.0	0.0	0.012263	0.013365	0.007201	0.0	0.0	0.0	0.0	0.067483	0.063599	0.071155	0.0	0.0	0.0	0.0	0.448319	0.441251	0.485026	0.407332	0.573037	0.517801	0.539396	0.538849	0.043549	0.020885	0.039493	0.036566	0.153665	0.117239	0.0	0.0	0.533515	0.538036	0.544944	0.560688	0.035333	0.027758	0.024366	0.0	0.0	0.0
k__Bacteria|p__Pseudomonadota|c__Gammaproteobacteria|o__Enterobacterales|f__Enterobacteriaceae|g__Klebsiella|s__Klebsiella_pneumoniae	0.0	0.0	0.0	0.0	0.012172	0.038268	0.0	0.0	0.0	0.0	0.0	0.0	0.0	0.0	0.0	0.0	0.0	0.0	0.0	0.0	0.0	0.0	0.0	0.0	0.0	0.0	0.0	0.0	0.0	0.0	0.0	0.0	0.0	0.0	0.0	0.0	0.0	0.0	0.0	0.0	0.0	0.0	0.0	0.0
k__Bacteria|p__Firmicutes|c__Clostridia|o__Christensenellales|f__Christensenellaceae|g__GGB45656|s__GGB45656_SGB63370	0.0	0.0	0.0	0.0	0.011298	0.0	0.0	0.0	0.0	0.0	0.0	0.0	0.0	0.0	0.0	0.0	0.0	0.0	0.0	0.0	0.0	0.0	0.0	0.0	0.0	0.0	0.0	0.0	0.0	0.0	0.0	0.0	0.0	0.0	0.0	0.0	0.0	0.0	0.0	0.0	0.0	0.0	0.0	0.0
k__Bacteria|p__Firmicutes|c__CFGB1258|o__OFGB1258|f__FGB1258|g__GGB3051|s__GGB3051_SGB4051	0.0	0.0	0.0	0.0	0.008837	0.005919	0.00371	0.0	0.0	0.0	0.0	0.0	0.0	0.0	0.0	0.0	0.0	0.0	0.0	0.0	0.0	0.0	0.0	0.0	0.0	0.0	0.0	0.0	0.0	0.0	0.0	0.0	0.0	0.0	0.0	0.0	0.0	0.0	0.0	0.0	0.0	0.0	0.0	0.0
k__Bacteria|p__Firmicutes|c__CFGB1011|o__OFGB1011|f__FGB1011|g__GGB2652|s__GGB2652_SGB3573	0.0	0.0	0.0	0.0	0.006019	0.0	0.0	0.0	0.0	0.0	0.0	0.0	0.0	0.0	0.0	0.0	0.0	0.0	0.0	0.0	0.0	0.0	0.0	0.0	0.0	0.0	0.0	0.0	0.0	0.0	0.0	0.0	0.0	0.0	0.0	0.0	0.0	0.0	0.0	0.0	0.0	0.0	0.0	0.0
k__Bacteria|p__Firmicutes|c__Clostridia|o__Eubacteriales|f__Oscillospiraceae|g__GGB9707|s__GGB9707_SGB15229	0.0	0.0	0.0	0.0	0.005922	0.005562	0.006393	0.0	0.0	0.0	0.0	0.0	0.0	0.0	0.0	0.0	0.0	0.0	0.0	0.0	0.0	0.0	0.0	0.0	0.0	0.0	0.010966	0.0	0.001199	0.004344	0.0	0.0	0.0	0.0	0.0	0.0	0.0	0.0	0.0145	0.016996	0.01711	0.0	0.0	0.0
k__Bacteria|p__Firmicutes|c__Clostridia|o__Eubacteriales|f__Oscillospiraceae|g__GGB9642|s__GGB9642_SGB15119	0.0	0.0	0.0	0.0	0.005275	0.0	0.002667	0.0	0.0	0.0	0.0	0.0	0.0	0.0	0.0	0.0	0.0	0.0	0.0	0.0	0.0	0.0	0.0	0.0	0.0	0.0	0.0	0.0	0.0	0.0	0.0	0.0	0.0	0.0	0.0	0.0	0.0	0.0	0.0	0.0	0.0	0.0	0.0	0.0
k__Bacteria|p__Actinomycetota|c__Coriobacteriia|o__Eggerthellales|f__Eggerthellaceae|g__Eggerthella|s__Eggerthella_lenta	0.0	0.0	0.0	0.0	0.003314	0.000663	0.001512	0.013578	0.007539	0.006666	0.00744	0.0	0.0	0.0	0.001361	0.0	0.0	0.0	0.0	0.0	0.0	0.0	0.0	0.0	0.0	0.0	0.0	0.0	0.0	0.0	0.0	0.0	0.0	0.0	0.0	0.0	0.0	0.0	0.0	0.0	0.0	0.0	0.0	0.0
k__Bacteria|p__Firmicutes|c__Clostridia|o__Eubacteriales|f__Eubacteriales_unclassified|g__Flintibacter|s__Flintibacter_hominis	0.0	0.0	0.0	0.0	0.002197	0.0	0.005662	0.031179	0.037524	0.023231	0.019702	0.005784	0.010964	0.0	0.0	0.0	0.0	0.0	0.0	0.0	0.0	0.0	0.0	0.0	0.0	0.0	0.0	0.0	0.0	0.0	0.0	0.0	0.0	0.0	0.0	0.0	0.0	0.0	0.004562	0.005676	0.003215	0.009084	0.020174	0.008617
k__Bacteria|p__Firmicutes|c__Negativicutes|o__Veillonellales|f__Veillonellaceae|g__Allisonella|s__Allisonella_histaminiformans	0.0	0.0	0.0	0.0	0.001404	0.0	0.0	0.0	0.0	0.0	0.0	0.0	0.0	0.0	0.0	0.0	0.0	0.0	0.0	0.0	0.0	0.0	0.0	0.0	0.005223	0.0	0.0	0.0	0.0	0.0	0.0	0.0	0.0	0.0	0.0	0.0	0.0	0.0	0.010444	0.011813	0.015891	0.0	0.0	0.0
k__Bacteria|p__Bacteroidota|c__Bacteroidia|o__Bacteroidales|f__Bacteroidaceae|g__Phocaeicola|s__Phocaeicola_sartorii	0.0	0.0	0.0	0.0	0.001185	0.003756	0.001356	0.0	0.0	0.0	0.0	0.0	0.0	0.0	0.0	0.0	0.0	0.0	0.0	0.0	0.0	0.0	0.0	0.0	0.0	0.0	0.0	0.0	0.0	0.0	0.0	0.0	0.0	0.0	0.0	0.0	0.0	0.0	0.0	0.0	0.0	0.0	0.0	0.0
k__Bacteria|p__Bacteroidota|c__Bacteroidia|o__Bacteroidales|f__Bacteroidaceae|g__Phocaeicola|s__Phocaeicola_massiliensis|t__SGB1812	0.0	0.0	0.0	0.0	3.046259	2.911764	3.031055	0.0	0.0	0.0	0.0	0.0	0.0	0.0	0.0	0.0	0.0	0.0	0.0	0.0	0.0	0.0	0.0	0.0	0.0	0.0	0.0	0.0	0.0	0.0	0.0	0.0	0.0	0.0	0.0	0.0	0.0	0.0	6.332585	6.628698	6.534173	1.089062	1.030453	1.035388
k__Bacteria|p__Firmicutes|c__Clostridia|o__Lachnospirales|f__Lachnospiraceae|g__Lachnospiraceae_unclassified|s__Lachnospiraceae_bacterium_OF27_8pH9A|t__SGB5077	0.0	0.0	0.0	0.0	1.483354	1.434642	1.431499	0.0	0.0	0.0	0.0	0.0	0.0	0.0	0.0	0.0	0.0	0.0	0.270849	0.250326	0.262571	0.323549	0.445779	0.461155	0.417152	0.459126	0.325473	0.320882	0.344002	0.337527	0.0	0.0	0.0	0.0	0.0	0.0	0.0	0.0	0.016988	0.004236	0.003115	0.0	0.0	0.0
k__Bacteria|p__Bacteroidota|c__Bacteroidia|o__Bacteroidales|f__Bacteroidaceae|g__Bacteroides|s__Bacteroides_finegoldii|t__SGB1862	0.0	0.0	0.0	0.0	1.033803	1.038879	1.025319	0.0	0.0	0.0	0.0	0.0	0.0	0.0	0.0	0.0	0.0	0.0	0.0	0.0	0.0	0.0	0.160193	0.141139	0.146162	0.128254	0.0	0.0	0.0	0.0	0.0	0.0	0.0	0.0	0.0	0.0	0.0	0.0	0.0	0.0	0.0	0.0	0.0	0.0
k__Bacteria|p__Firmicutes|c__Clostridia|o__Eubacteriales|f__Oscillospiraceae|g__Faecalibacterium|s__Faecalibacterium_prausnitzii|t__SGB15317	0.0	0.0	0.0	0.0	0.814244	0.863861	0.770766	0.0	0.0	0.0	0.0	0.04335	0.054466	0.047863	0.0	0.0	0.0	0.0	0.139374	0.158487	0.122962	0.140724	0.0	0.0	0.0	0.0	0.009537	0.001915	0.000659	0.0	0.0	0.0	0.0	0.0	0.0	0.0	0.0	0.0	0.479526	0.485302	0.497616	0.479665	0.455859	0.425936
k__Bacteria|p__Bacteroidota|c__Bacteroidia|o__Bacteroidales|f__Odoribacteraceae|g__Butyricimonas|s__Butyricimonas_paravirosa|t__SGB1786	0.0	0.0	0.0	0.0	0.60261	0.546883	0.551247	0.0	0.0	0.0	0.0	0.425818	0.371088	0.380248	0.0	0.0	0.0	0.0	0.0	0.0	0.0	0.0	0.058476	0.063832	0.061371	0.065934	0.179575	0.182029	0.16732	0.173719	0.0	0.0	0.0	0.0	0.0	0.0	0.0	0.0	0.019818	0.018639	0.004566	0.292247	0.301307	0.323091
k__Bacteria|p__Bacteroidota|c__Bacteroidia|o__Bacteroidales|f__Bacteroidaceae|g__Bacteroides|s__Bacteroides_eggerthii|t__SGB1829	0.0	0.0	0.0	0.0	0.455101	0.374728	0.37438	0.0	0.0	0.0	0.0	0.0	0.0	0.0	0.0	0.0	0.0	0.0	0.0	0.0	0.0	0.0	0.063458	0.061562	0.047992	0.043693	0.0	0.0	0.0	0.0	0.0	0.0	0.0	0.0	0.0	0.0	0.0	0.0	0.2167	0.188448	0.211066	0.0	0.0	0.0
k__Bacteria|p__Firmicutes|c__Negativicutes|o__Acidaminococcales|f__Acidaminococcaceae|g__Phascolarctobacterium|s__Phascolarctobacterium_faecium|t__SGB5792	0.0	0.0	0.0	0.0	0.421033	0.464979	0.433439	0.534272	0.539897	0.409069	0.517749	0.218247	0.242781	0.184838	0.0	0.0	0.0	0.0	0.0	0.0	0.0	0.0	0.0	0.0	0.0	0.0	0.0	0.0	0.0	0.0	0.0	0.0	0.0	0.0	0.245635	0.323538	0.308455	0.36015	0.0	0.0	0.0	0.0	0.0	0.0
k__Bacteria|p__Bacteroidota|c__Bacteroidia|o__Bacteroidales|f__Bacteroidaceae|g__Bacteroides|s__Bacteroides_fragilis|t__SGB1855	0.0	0.0	0.0	0.0	0.183132	0.223641	0.192287	0.625155	0.608932	0.626769	0.600065	0.821785	0.791839	0.770681	0.762855	0.826825	0.858808	0.787653	0.0	0.0	0.0	0.0	0.0	0.0	0.0	0.0	0.021809	0.029875	0.030235	0.015224	0.0	0.0	0.0	0.0	3.049455	3.087161	3.09733	3.12867	0.0	0.0	0.0	0.0	0.0	0.0
k__Bacteria|p__Firmicutes|c__Clostridia|o__Eubacteriales|f__Oscillospiraceae|g__Brotocaccenecus|s__Brotocaccenecus_cirricatena|t__SGB15091	0.0	0.0	0.0	0.0	0.174782	0.169586	0.207206	0.0	0.0	0.0	0.0	0.0	0.0	0.0	0.0	0.0	0.0	0.0	0.0	0.0	0.0	0.0	0.0	0.0	0.0	0.0	0.0	0.0	0.0	0.0	0.0	0.0	0.0	0.0	0.0	0.0	0.0	0.0	0.0	0.0	0.0	0.0	0.0	0.0
k__Bacteria|p__Actinomycetota|c__Actinomycetes|o__Bifidobacteriales|f__Bifidobacteriaceae|g__Bifidobacterium|s__Bifidobacterium_longum|t__SGB17248	0.0	0.0	0.0	0.0	0.166827	0.135056	0.141883	0.21792	0.2182	0.209444	0.213969	0.096801	0.091791	0.085464	0.0	0.0	0.0	0.0	0.445307	0.389169	0.389602	0.426576	0.0	0.0	0.0	0.0	0.0	0.0	0.0	0.0	0.0	0.0	0.0	0.0	0.160456	0.151896	0.142164	0.118641	0.192001	0.184667	0.162814	0.180121	0.143646	0.169985
k__Bacteria|p__Pseudomonadota|c__Gammaproteobacteria|o__Pasteurellales|f__Pasteurellaceae|g__Haemophilus|s__Haemophilus_parainfluenzae|t__SGB9712_group	0.0	0.0	0.0	0.0	0.152344	0.145495	0.122583	0.007888	0.0	0.0	0.00136	0.0	0.0	0.0	0.0	0.0	0.0	0.0	0.0	0.0	0.0	0.0	0.048287	0.064756	0.042649	0.047158	0.0	0.0	0.0	0.0	0.0	0.0	0.0	0.0	0.961389	1.053647	0.935879	0.972333	0.0	0.0	0.0	0.001838	0.002419	0.004731
k__Bacteria|p__Firmicutes|c__Clostridia|o__Lachnospirales|f__Lachnospiraceae|g__Faecalicatena|s__Faecalicatena_fissicatena|t__SGB4871	0.0	0.0	0.0	0.0	0.144317	0.135052	0.133582	0.28465	0.315565	0.313532	0.339516	0.301187	0.288734	0.269811	0.0	0.0	0.0	0.0	0.052161	0.058785	0.049492	0.060117	0.0	0.0	0.0	0.0	0.0	0.0	0.0	0.0	0.0	0.0	0.0	0.0	0.0	0.0	0.0	0.0	0.212854	0.211429	0.218897	0.073542	0.068276	0.070319
k__Bacteria|p__Firmicutes|c__Clostridia|o__Eubacteriales|f__Oscillospiraceae|g__GGB9737|s__GGB9737_SGB15309|t__SGB15309_group	0.0	0.0	0.0	0.0	0.116036	0.126664	0.11258	0.0	0.0	0.0	0.0	0.0	0.0	0.0	0.0	0.0	0.0	0.0	0.0	0.0	0.0	0.0	0.0	0.0	0.0	0.0	0.0	0.0	0.0	0.0	0.0	0.0	0.0	0.0	0.0	0.0	0.0	0.0	0.0	0.0	0.0	0.0	0.0	0.0
k__Bacteria|p__Firmicutes|c__Clostridia|o__Eubacteriales|f__Oscillospiraceae|g__Hominenteromicrobium|s__Hominenteromicrobium_mulieris|t__SGB14861	0.0	0.0	0.0	0.0	0.099521	0.093951	0.082575	0.0	0.0	0.0	0.0	0.395651	0.360475	0.371853	0.083019	0.086963	0.080013	0.06859	0.069866	0.06198	0.087692	0.06392	0.025269	0.034603	0.025445	0.029608	0.0	0.0	0.0	0.0	0.0	0.0	0.0	0.0	0.0	0.0	0.0	0.0	0.0	0.0	0.005761	0.0	0.0	0.0
k__Bacteria|p__Firmicutes|c__Bacilli|o__Lactobacillales|f__Streptococcaceae|g__Streptococcus|s__Streptococcus_parasanguinis|t__SGB8071_group	0.0	0.0	0.0	0.0	0.082636	0.049552	0.058364	0.016207	0.023013	0.010031	0.008352	0.020187	0.027568	0.007147	0.0	0.0	0.0	0.0	0.0	0.0	0.0	0.0	0.0	0.0	0.0	0.0	0.0	0.0	0.0	0.0	0.0	0.0	0.0	0.0	0.0	0.0	0.0	0.0	0.0	0.0	0.0	0.0	0.0	0.0
k__Bacteria|p__Firmicutes|c__Clostridia|o__Eubacteriales|f__Eubacteriales_unclassified|g__Gemmiger|s__Gemmiger_formicilis|t__SGB15300	0.0	0.0	0.0	0.0	0.061786	0.079043	0.089624	0.212969	0.156141	0.168828	0.181772	0.508539	0.481163	0.516838	1.90694	1.743614	1.759207	1.827739	0.384714	0.357552	0.384492	0.392637	0.130869	0.128831	0.127862	0.116263	0.106996	0.094513	0.10801	0.097158	0.0	0.0	0.0	0.0	0.0	0.0	0.0	0.0	0.252384	0.264047	0.267417	0.0	0.0	0.0
k__Bacteria|p__Bacteroidota|c__Bacteroidia|o__Bacteroidales|f__Bacteroidaceae|g__Bacteroides|s__Bacteroides_nordii|t__SGB1858	0.0	0.0	0.0	0.0	0.061573	0.047405	0.077279	0.0	0.0	0.0	0.0	0.0	0.0	0.0	0.0	0.0	0.0	0.0	0.03132	0.03261	0.028415	0.026339	0.0	0.0	0.0	0.0	0.0	0.0	0.0	0.0	0.0	0.0	0.0	0.0	0.0	0.0	0.0	0.0	0.040681	0.03856	0.048342	0.228075	0.230297	0.236487
k__Bacteria|p__Firmicutes|c__Clostridia|o__Lachnospirales|f__Lachnospiraceae|g__Blautia|s__Blautia_stercoris|t__SGB4788	0.0	0.0	0.0	0.0	0.061176	0.060492	0.064825	0.0	0.0	0.0	0.0	0.0	0.0	0.0	0.0	0.0	0.0	0.0	0.0	0.0	0.0	0.0	0.00841	0.011917	0.009246	0.006743	0.0	0.0	0.0	0.0	0.0	0.0	0.0	0.0	0.0	0.0	0.0	0.0	0.0	0.0	0.0	0.0	0.0	0.0
k__Bacteria|p__Firmicutes|c__Clostridia|o__Eubacteriales|f__Clostridiaceae|g__Clostridium|s__Clostridium_sp_AM33_3|t__SGB4711	0.0	0.0	0.0	0.0	0.050728	0.025751	0.036257	0.0	0.0	0.0	0.0	0.0	0.0	0.0	0.0	0.0	0.0	0.0	0.0	0.0	0.0	0.0	0.003484	0.0	0.0	0.0	0.0	0.0	0.0	0.0	0.0	0.0	0.0	0.0	0.0	0.0	0.0	0.0	0.0	0.0	0.0	0.009035	0.009142	0.010393
k__Bacteria|p__Firmicutes|c__Negativicutes|o__Veillonellales|f__Veillonellaceae|g__Veillonella|s__Veillonella_nakazawae|t__SGB6952_group	0.0	0.0	0.0	0.0	0.035819	0.054618	0.079337	0.0	0.0	0.0	0.0	0.0	0.0	0.0	0.0	0.0	0.0	0.0	0.0	0.0	0.0	0.0	0.0	0.004345	0.0	0.0	0.0	0.0	0.0	0.0	0.0	0.0	0.0	0.0	0.0	0.0	0.0	0.0	0.0	0.0	0.0	0.0	0.0	0.0
k__Bacteria|p__Firmicutes|c__Erysipelotrichia|o__Erysipelotrichales|f__Erysipelotrichaceae|g__Holdemanella|s__Holdemanella_porci|t__SGB6796	0.0	0.0	0.0	0.0	0.029818	0.01797	0.041779	0.0	0.0	0.0	0.0	0.0	0.0	0.0	0.0	0.0	0.0	0.0	0.0	0.0	0.0	0.0	0.061028	0.085514	0.09325	0.065741	0.220878	0.254245	0.217152	0.202982	0.247519	0.260356	0.130568	0.081441	0.0	0.0	0.0	0.0	0.070667	0.060495	0.068043	0.0	0.0	0.0
k__Bacteria|p__Firmicutes|c__Erysipelotrichia|o__Erysipelotrichales|f__Erysipelotrichaceae|g__Holdemanella|s__Holdemanella_biformis|t__SGB6806	0.0	0.0	0.0	0.0	0.028663	0.031841	0.02162	0.0	0.0	0.0	0.0	0.0	0.0	0.0	0.0	0.0	0.0	0.0	0.0	0.0	0.0	0.0	0.0	0.0	0.0	0.0	0.049379	0.068105	0.074499	0.076378	0.0	0.0	0.0	0.0	0.0	0.0	0.0	0.0	0.0	0.0	0.0	0.0	0.0	0.0
k__Bacteria|p__Firmicutes|c__Bacilli|o__Lactobacillales|f__Streptococcaceae|g__Streptococcus|s__Streptococcus_salivarius|t__SGB8007	0.0	0.0	0.0	0.0	0.027578	0.051817	0.050742	0.096499	0.076828	0.10273	0.077329	0.182434	0.179733	0.161192	0.0	0.0	0.0	0.0	0.0	0.0	0.0	0.0	0.0	0.0	0.0	0.0	0.0	0.0	0.0	0.0	0.0	0.0	0.0	0.0	0.0	0.0	0.0	0.0	0.000977	0.0	0.005249	0.048335	0.054283	0.052262
k__Bacteria|p__Firmicutes|c__Clostridia|o__Eubacteriales|f__Beduinellaceae|g__GGB9760|s__GGB9760_SGB15373|t__SGB15373	0.0	0.0	0.0	0.0	0.024053	0.01348	0.027592	0.241243	0.23832	0.237195	0.240478	0.158597	0.125463	0.144789	0.0	0.0	0.0	0.0	0.220067	0.209725	0.204817	0.189887	0.079404	0.09194	0.062885	0.083099	0.025375	0.018279	0.015361	0.01673	0.0	0.0	0.0	0.0	0.0	0.0	0.0	0.0	0.0	0.0	0.000553	0.0	0.0	0.0
k__Bacteria|p__Firmicutes|c__Clostridia|o__Lachnospirales|f__Lachnospiraceae|g__Hominiventricola|s__Hominiventricola_filiformis|t__SGB4768	0.0	0.0	0.0	0.0	0.019598	0.023433	0.03435	0.0	0.0	0.0	0.0	0.031404	0.041397	0.03314	0.0	0.0	0.0	0.0	0.0	0.0	0.0	0.0	0.017444	0.009176	0.006304	0.021956	0.0	0.0	0.0	0.0	0.0	0.0	0.0	0.0	0.0	0.0	0.0	0.0	0.0	0.0	0.0	0.0	0.0	0.0
k__Bacteria|p__Firmicutes|c__Clostridia|o__Eubacteriales|f__Oscillospiraceae|g__GGB9627|s__GGB9627_SGB15081|t__SGB15081	0.0	0.0	0.0	0.0	0.016512	0.030792	0.018311	0.0	0.0	0.0	0.0	0.0	0.0	0.0	0.0	0.0	0.0	0.0	0.0	0.0	0.0	0.0	0.0	0.0	0.0	0.0	0.0	0.0	0.0	0.0	0.0	0.0	0.0	0.0	0.0	0.0	0.0	0.0	0.0	0.00186	0.0	0.0	0.0	0.0
k__Bacteria|p__Firmicutes|c__Clostridia|o__Eubacteriales|f__Eubacteriaceae|g__Eubacterium|s__Eubacterium_ramulus|t__SGB4959	0.0	0.0	0.0	0.0	0.012999	0.018812	0.015036	0.043932	0.029387	0.028769	0.025696	0.031548	0.039189	0.032907	0.089116	0.094273	0.09121	0.081622	0.0	0.0	0.0	0.0	0.0	0.00111	0.0	0.001215	0.0	0.0	0.0	0.0	0.0	0.0	0.0	0.0	0.0	0.0	0.0	0.0	0.0	0.0	0.0	0.0	0.0	0.0
k__Bacteria|p__Firmicutes|c__Clostridia|o__Eubacteriales|f__Oscillospiraceae|g__Faecalibacterium|s__Faecalibacterium_SGB15346|t__SGB15346	0.0	0.0	0.0	0.0	0.012263	0.013365	0.007201	0.0	0.0	0.0	0.0	0.067483	0.063599	0.071155	0.0	0.0	0.0	0.0	0.448319	0.441251	0.485026	0.407332	0.573037	0.517801	0.539396	0.538849	0.043549	0.020885	0.039493	0.036566	0.153665	0.117239	0.0	0.0	0.533515	0.538036	0.544944	0.560688	0.035333	0.027758	0.024366	0.0	0.0	0.0
k__Bacteria|p__Pseudomonadota|c__Gammaproteobacteria|o__Enterobacterales|f__Enterobacteriaceae|g__Klebsiella|s__Klebsiella_pneumoniae|t__SGB10115_group	0.0	0.0	0.0	0.0	0.012172	0.038268	0.0	0.0	0.0	0.0	0.0	0.0	0.0	0.0	0.0	0.0	0.0	0.0	0.0	0.0	0.0	0.0	0.0	0.0	0.0	0.0	0.0	0.0	0.0	0.0	0.0	0.0	0.0	0.0	0.0	0.0	0.0	0.0	0.0	0.0	0.0	0.0	0.0	0.0
k__Bacteria|p__Firmicutes|c__Clostridia|o__Christensenellales|f__Christensenellaceae|g__GGB45656|s__GGB45656_SGB63370|t__SGB63370	0.0	0.0	0.0	0.0	0.011298	0.0	0.0	0.0	0.0	0.0	0.0	0.0	0.0	0.0	0.0	0.0	0.0	0.0	0.0	0.0	0.0	0.0	0.0	0.0	0.0	0.0	0.0	0.0	0.0	0.0	0.0	0.0	0.0	0.0	0.0	0.0	0.0	0.0	0.0	0.0	0.0	0.0	0.0	0.0
k__Bacteria|p__Firmicutes|c__CFGB1258|o__OFGB1258|f__FGB1258|g__GGB3051|s__GGB3051_SGB4051|t__SGB4051	0.0	0.0	0.0	0.0	0.008837	0.005919	0.00371	0.0	0.0	0.0	0.0	0.0	0.0	0.0	0.0	0.0	0.0	0.0	0.0	0.0	0.0	0.0	0.0	0.0	0.0	0.0	0.0	0.0	0.0	0.0	0.0	0.0	0.0	0.0	0.0	0.0	0.0	0.0	0.0	0.0	0.0	0.0	0.0	0.0
k__Bacteria|p__Firmicutes|c__CFGB1011|o__OFGB1011|f__FGB1011|g__GGB2652|s__GGB2652_SGB3573|t__SGB3573	0.0	0.0	0.0	0.0	0.006019	0.0	0.0	0.0	0.0	0.0	0.0	0.0	0.0	0.0	0.0	0.0	0.0	0.0	0.0	0.0	0.0	0.0	0.0	0.0	0.0	0.0	0.0	0.0	0.0	0.0	0.0	0.0	0.0	0.0	0.0	0.0	0.0	0.0	0.0	0.0	0.0	0.0	0.0	0.0
k__Bacteria|p__Firmicutes|c__Clostridia|o__Eubacteriales|f__Oscillospiraceae|g__GGB9707|s__GGB9707_SGB15229|t__SGB15229	0.0	0.0	0.0	0.0	0.005922	0.005562	0.006393	0.0	0.0	0.0	0.0	0.0	0.0	0.0	0.0	0.0	0.0	0.0	0.0	0.0	0.0	0.0	0.0	0.0	0.0	0.0	0.010966	0.0	0.001199	0.004344	0.0	0.0	0.0	0.0	0.0	0.0	0.0	0.0	0.0145	0.016996	0.01711	0.0	0.0	0.0
k__Bacteria|p__Firmicutes|c__Clostridia|o__Eubacteriales|f__Oscillospiraceae|g__GGB9642|s__GGB9642_SGB15119|t__SGB15119	0.0	0.0	0.0	0.0	0.005275	0.0	0.002667	0.0	0.0	0.0	0.0	0.0	0.0	0.0	0.0	0.0	0.0	0.0	0.0	0.0	0.0	0.0	0.0	0.0	0.0	0.0	0.0	0.0	0.0	0.0	0.0	0.0	0.0	0.0	0.0	0.0	0.0	0.0	0.0	0.0	0.0	0.0	0.0	0.0
k__Bacteria|p__Actinomycetota|c__Coriobacteriia|o__Eggerthellales|f__Eggerthellaceae|g__Eggerthella|s__Eggerthella_lenta|t__SGB14809	0.0	0.0	0.0	0.0	0.003314	0.000663	0.001512	0.013578	0.007539	0.006666	0.00744	0.0	0.0	0.0	0.001361	0.0	0.0	0.0	0.0	0.0	0.0	0.0	0.0	0.0	0.0	0.0	0.0	0.0	0.0	0.0	0.0	0.0	0.0	0.0	0.0	0.0	0.0	0.0	0.0	0.0	0.0	0.0	0.0	0.0
k__Bacteria|p__Firmicutes|c__Clostridia|o__Eubacteriales|f__Eubacteriales_unclassified|g__Flintibacter|s__Flintibacter_hominis|t__SGB15143	0.0	0.0	0.0	0.0	0.002197	0.0	0.005662	0.031179	0.037524	0.023231	0.019702	0.005784	0.010964	0.0	0.0	0.0	0.0	0.0	0.0	0.0	0.0	0.0	0.0	0.0	0.0	0.0	0.0	0.0	0.0	0.0	0.0	0.0	0.0	0.0	0.0	0.0	0.0	0.0	0.004562	0.005676	0.003215	0.009084	0.020174	0.008617
k__Bacteria|p__Firmicutes|c__Negativicutes|o__Veillonellales|f__Veillonellaceae|g__Allisonella|s__Allisonella_histaminiformans|t__SGB5843	0.0	0.0	0.0	0.0	0.001404	0.0	0.0	0.0	0.0	0.0	0.0	0.0	0.0	0.0	0.0	0.0	0.0	0.0	0.0	0.0	0.0	0.0	0.0	0.0	0.005223	0.0	0.0	0.0	0.0	0.0	0.0	0.0	0.0	0.0	0.0	0.0	0.0	0.0	0.010444	0.011813	0.015891	0.0	0.0	0.0
k__Bacteria|p__Bacteroidota|c__Bacteroidia|o__Bacteroidales|f__Bacteroidaceae|g__Phocaeicola|s__Phocaeicola_sartorii|t__SGB1813	0.0	0.0	0.0	0.0	0.001185	0.003756	0.001356	0.0	0.0	0.0	0.0	0.0	0.0	0.0	0.0	0.0	0.0	0.0	0.0	0.0	0.0	0.0	0.0	0.0	0.0	0.0	0.0	0.0	0.0	0.0	0.0	0.0	0.0	0.0	0.0	0.0	0.0	0.0	0.0	0.0	0.0	0.0	0.0	0.0
k__Bacteria|p__Firmicutes|c__Clostridia|o__Lachnospirales|f__Lachnospiraceae|g__GGB51511	0.0	0.0	0.0	0.0	0.0	0.000472	0.003465	0.015728	0.011424	0.010182	0.00673	0.0	0.0	0.0	0.0	0.0	0.0	0.0	0.0	0.0	0.0	0.0	0.0	0.0	0.0	0.0	0.0	0.0	0.0	0.0	0.0	0.0	0.0	0.0	0.0	0.0	0.0	0.0	0.007	0.009992	0.009933	0.0	0.0	0.0
k__Bacteria|p__Firmicutes|c__Clostridia|o__Lachnospirales|f__Lachnospiraceae|g__GGB51511|s__GGB51511_SGB105679	0.0	0.0	0.0	0.0	0.0	0.000472	0.003465	0.015728	0.011424	0.010182	0.00673	0.0	0.0	0.0	0.0	0.0	0.0	0.0	0.0	0.0	0.0	0.0	0.0	0.0	0.0	0.0	0.0	0.0	0.0	0.0	0.0	0.0	0.0	0.0	0.0	0.0	0.0	0.0	0.007	0.009992	0.009933	0.0	0.0	0.0
k__Bacteria|p__Firmicutes|c__Clostridia|o__Lachnospirales|f__Lachnospiraceae|g__GGB51511|s__GGB51511_SGB105679|t__SGB105679	0.0	0.0	0.0	0.0	0.0	0.000472	0.003465	0.015728	0.011424	0.010182	0.00673	0.0	0.0	0.0	0.0	0.0	0.0	0.0	0.0	0.0	0.0	0.0	0.0	0.0	0.0	0.0	0.0	0.0	0.0	0.0	0.0	0.0	0.0	0.0	0.0	0.0	0.0	0.0	0.007	0.009992	0.009933	0.0	0.0	0.0
k__Bacteria|p__Verrucomicrobiota	0.0	0.0	0.0	0.0	0.0	0.0	0.0	0.919132	0.78032	0.816463	0.832327	1.046191	1.040738	1.035126	0.0	0.0	0.0	0.0	2.514139	2.392973	2.408385	2.307535	0.0	0.0	0.0	0.0	0.0	0.0	0.0	0.0	0.0	0.0	0.0	0.0	0.0	0.0	0.0	0.0	0.621132	0.618505	0.588652	0.0	0.0	0.0
k__Bacteria|p__Candidatus_Melainabacteria	0.0	0.0	0.0	0.0	0.0	0.0	0.0	0.319402	0.328919	0.347447	0.35188	0.0	0.0	0.0	0.0	0.0	0.0	0.0	0.496009	0.465285	0.4408	0.480896	0.965643	0.989229	0.970414	0.957761	0.05791	0.046951	0.063082	0.064211	0.17932	0.199543	0.0	0.0	0.0	0.0	0.0	0.0	0.0	0.0	0.0	0.0	0.0	0.0
k__Bacteria|p__Lentisphaerota	0.0	0.0	0.0	0.0	0.0	0.0	0.0	0.128056	0.097568	0.110665	0.124662	0.0	0.0	0.0	0.0	0.0	0.0	0.0	0.116016	0.086594	0.102984	0.119422	0.100736	0.110223	0.096603	0.098462	0.0	0.0	0.0	0.0	0.0	0.0	0.0	0.0	0.0	0.0	0.0	0.0	0.0	0.0	0.0	0.0	0.0	0.0
k__Bacteria|p__Candidatus_Saccharibacteria	0.0	0.0	0.0	0.0	0.0	0.0	0.0	0.008369	0.0	0.0	0.0	0.0	0.0	0.0	0.0	0.0	0.0	0.0	0.0	0.0	0.0	0.0	0.0	0.0	0.0	0.0	0.0	0.0	0.0	0.0	0.0	0.0	0.0	0.0	0.0	0.018486	0.0	0.0	0.0	0.0	0.0	0.0	0.0	0.0
k__Bacteria|p__Firmicutes|c__CFGB2834	0.0	0.0	0.0	0.0	0.0	0.0	0.0	1.601302	1.709468	1.61057	1.712631	0.0	0.0	0.0	0.0	0.0	0.0	0.0	0.030892	0.037922	0.023066	0.027055	0.095017	0.081161	0.066327	0.077427	0.0	0.0	0.0	0.0	1.121214	1.000749	0.648169	0.607317	0.0	0.0	0.0	0.0	0.0	0.0	0.0	0.0	0.0	0.0
k__Bacteria|p__Verrucomicrobiota|c__Verrucomicrobiia	0.0	0.0	0.0	0.0	0.0	0.0	0.0	0.919132	0.78032	0.816463	0.832327	1.046191	1.040738	1.035126	0.0	0.0	0.0	0.0	2.250158	2.207572	2.154996	2.020012	0.0	0.0	0.0	0.0	0.0	0.0	0.0	0.0	0.0	0.0	0.0	0.0	0.0	0.0	0.0	0.0	0.621132	0.618505	0.588652	0.0	0.0	0.0
k__Bacteria|p__Firmicutes|c__CFGB79330	0.0	0.0	0.0	0.0	0.0	0.0	0.0	0.405188	0.473522	0.388556	0.425678	0.0	0.0	0.0	0.0	0.0	0.0	0.0	0.0	0.0	0.0	0.0	0.0	0.0	0.0	0.0	0.0	0.0	0.0	0.0	0.0	0.0	0.0	0.0	0.0	0.0	0.0	0.0	0.0	0.0	0.0	0.0	0.0	0.0
k__Bacteria|p__Firmicutes|c__CFGB2840	0.0	0.0	0.0	0.0	0.0	0.0	0.0	0.363339	0.394984	0.360494	0.39908	0.0	0.0	0.0	0.0	0.0	0.0	0.0	0.0	0.0	0.0	0.0	0.0	0.0	0.0	0.0	0.0	0.0	0.0	0.0	0.0	0.0	0.0	0.0	0.0	0.0	0.0	0.0	0.0	0.0	0.0	0.0	0.0	0.0
k__Bacteria|p__Candidatus_Melainabacteria|c__Candidatus_Melainabacteria_unclassified	0.0	0.0	0.0	0.0	0.0	0.0	0.0	0.319402	0.328919	0.347447	0.35188	0.0	0.0	0.0	0.0	0.0	0.0	0.0	0.496009	0.465285	0.4408	0.480896	0.965643	0.989229	0.970414	0.957761	0.0	0.0	0.0	0.0	0.17932	0.199543	0.0	0.0	0.0	0.0	0.0	0.0	0.0	0.0	0.0	0.0	0.0	0.0
k__Bacteria|p__Firmicutes|c__CFGB93792	0.0	0.0	0.0	0.0	0.0	0.0	0.0	0.242861	0.222202	0.236797	0.232712	0.001379	0.0	0.000767	0.0	0.0	0.0	0.0	0.051896	0.041417	0.047929	0.039897	0.002122	0.002657	0.000572	0.002966	0.0	0.0	0.0	0.0	0.0	0.0	0.0	0.0	0.0	0.0	0.0	0.0	0.000606	0.002377	0.0	0.0	0.0	0.0
k__Bacteria|p__Lentisphaerota|c__CFGB2378	0.0	0.0	0.0	0.0	0.0	0.0	0.0	0.128056	0.097568	0.110665	0.124662	0.0	0.0	0.0	0.0	0.0	0.0	0.0	0.116016	0.086594	0.102984	0.119422	0.0	0.0	0.0	0.0	0.0	0.0	0.0	0.0	0.0	0.0	0.0	0.0	0.0	0.0	0.0	0.0	0.0	0.0	0.0	0.0	0.0	0.0
k__Bacteria|p__Firmicutes|c__CFGB1126	0.0	0.0	0.0	0.0	0.0	0.0	0.0	0.088525	0.095848	0.07001	0.07344	0.0	0.0	0.0	0.0	0.0	0.0	0.0	0.0	0.0	0.0	0.0	0.0	0.0	0.0	0.0	0.0	0.0	0.0	0.0	0.0	0.0	0.0	0.0	0.0	0.0	0.0	0.0	0.0	0.001383	0.0	0.0	0.0	0.0
k__Bacteria|p__Firmicutes|c__CFGB3023	0.0	0.0	0.0	0.0	0.0	0.0	0.0	0.074649	0.098224	0.073983	0.090586	0.0	0.002817	0.0	0.0	0.0	0.0	0.0	0.08048	0.078848	0.072945	0.093418	0.030315	0.031848	0.032197	0.018435	0.0	0.0	0.0	0.0	0.0	0.0	0.0	0.0	0.0	0.0	0.0	0.0	0.050769	0.04424	0.048053	0.008545	0.017175	0.013619
k__Bacteria|p__Firmicutes|c__CFGB84486	0.0	0.0	0.0	0.0	0.0	0.0	0.0	0.065979	0.08023	0.075045	0.075635	0.143379	0.138118	0.151023	0.0	0.0	0.0	0.0	0.015477	0.0342	0.033583	0.029057	0.007527	0.014154	0.018479	0.005403	0.0	0.0	0.0	0.0	0.0	0.0	0.0	0.0	0.0	0.0	0.0	0.0	0.003584	0.0	0.006982	0.026645	0.020106	0.022649
k__Bacteria|p__Firmicutes|c__Bacillota_unclassified	0.0	0.0	0.0	0.0	0.0	0.0	0.0	0.065491	0.063839	0.074071	0.064116	0.0	0.0	0.0	0.0	0.0	0.0	0.0	0.046542	0.019984	0.010351	0.010769	0.080324	0.089437	0.080939	0.080205	0.124395	0.097317	0.088857	0.068254	0.0	0.0	0.0	0.0	0.143079	0.148083	0.167278	0.162122	0.14317	0.130074	0.142202	0.009937	0.003824	0.000673
k__Bacteria|p__Firmicutes|c__CFGB3038	0.0	0.0	0.0	0.0	0.0	0.0	0.0	0.046139	0.057619	0.042939	0.027719	0.011602	0.014343	0.006495	0.0	0.0	0.0	0.0	0.04597	0.016024	0.020573	0.018637	0.0	0.0	0.000572	0.0	0.0	0.0	0.0	0.0	0.0	0.0	0.0	0.0	0.0	0.0	0.0	0.0	0.022599	0.014428	0.019834	0.0	0.0	0.0
k__Bacteria|p__Firmicutes|c__CFGB4605	0.0	0.0	0.0	0.0	0.0	0.0	0.0	0.015926	0.013969	0.014174	0.020082	0.0	0.0	0.0	0.0	0.0	0.0	0.0	0.0	0.0	0.0	0.0	0.043124	0.047131	0.047932	0.02563	0.0	0.0	0.0	0.0	0.0	0.0	0.0	0.0	0.0	0.0	0.0	0.0	0.0	0.0	0.0018	0.0	0.0	0.0
k__Bacteria|p__Firmicutes|c__CFGB73178	0.0	0.0	0.0	0.0	0.0	0.0	0.0	0.013995	0.011519	0.016879	0.005534	0.0	0.0	0.0	0.0	0.0	0.0	0.0	0.043106	0.046522	0.037951	0.034789	0.049042	0.032244	0.031704	0.034438	0.0	0.0	0.0	0.0	0.0	0.0	0.0	0.0	0.0	0.0	0.0	0.0	0.015858	0.011441	0.011062	0.0	0.0	0.0
k__Bacteria|p__Firmicutes|c__CFGB28941	0.0	0.0	0.0	0.0	0.0	0.0	0.0	0.008853	0.012428	0.006439	0.006981	0.0	0.0	0.0	0.0	0.0	0.0	0.0	0.0	0.0	0.0	0.0	0.003116	0.003144	0.000871	0.0	0.0	0.0	0.0	0.0	0.0	0.0	0.0	0.0	0.0	0.0	0.0	0.0	0.0	0.0	0.0	0.0	0.0	0.0
k__Bacteria|p__Candidatus_Saccharibacteria|c__Candidatus_Saccharibacteria_unclassified	0.0	0.0	0.0	0.0	0.0	0.0	0.0	0.008369	0.0	0.0	0.0	0.0	0.0	0.0	0.0	0.0	0.0	0.0	0.0	0.0	0.0	0.0	0.0	0.0	0.0	0.0	0.0	0.0	0.0	0.0	0.0	0.0	0.0	0.0	0.0	0.018486	0.0	0.0	0.0	0.0	0.0	0.0	0.0	0.0
k__Bacteria|p__Firmicutes|c__CFGB2834|o__OFGB2834	0.0	0.0	0.0	0.0	0.0	0.0	0.0	1.601302	1.709468	1.61057	1.712631	0.0	0.0	0.0	0.0	0.0	0.0	0.0	0.030892	0.037922	0.023066	0.027055	0.095017	0.081161	0.066327	0.077427	0.0	0.0	0.0	0.0	1.121214	1.000749	0.648169	0.607317	0.0	0.0	0.0	0.0	0.0	0.0	0.0	0.0	0.0	0.0
k__Bacteria|p__Verrucomicrobiota|c__Verrucomicrobiia|o__Verrucomicrobiales	0.0	0.0	0.0	0.0	0.0	0.0	0.0	0.919132	0.78032	0.816463	0.832327	1.046191	1.040738	1.035126	0.0	0.0	0.0	0.0	2.250158	2.207572	2.154996	2.020012	0.0	0.0	0.0	0.0	0.0	0.0	0.0	0.0	0.0	0.0	0.0	0.0	0.0	0.0	0.0	0.0	0.621132	0.618505	0.588652	0.0	0.0	0.0
k__Bacteria|p__Firmicutes|c__CFGB79330|o__OFGB79330	0.0	0.0	0.0	0.0	0.0	0.0	0.0	0.405188	0.473522	0.388556	0.425678	0.0	0.0	0.0	0.0	0.0	0.0	0.0	0.0	0.0	0.0	0.0	0.0	0.0	0.0	0.0	0.0	0.0	0.0	0.0	0.0	0.0	0.0	0.0	0.0	0.0	0.0	0.0	0.0	0.0	0.0	0.0	0.0	0.0
k__Bacteria|p__Firmicutes|c__CFGB2840|o__OFGB2840	0.0	0.0	0.0	0.0	0.0	0.0	0.0	0.363339	0.394984	0.360494	0.39908	0.0	0.0	0.0	0.0	0.0	0.0	0.0	0.0	0.0	0.0	0.0	0.0	0.0	0.0	0.0	0.0	0.0	0.0	0.0	0.0	0.0	0.0	0.0	0.0	0.0	0.0	0.0	0.0	0.0	0.0	0.0	0.0	0.0
k__Bacteria|p__Candidatus_Melainabacteria|c__Candidatus_Melainabacteria_unclassified|o__Candidatus_Gastranaerophilales	0.0	0.0	0.0	0.0	0.0	0.0	0.0	0.319402	0.328919	0.347447	0.35188	0.0	0.0	0.0	0.0	0.0	0.0	0.0	0.496009	0.465285	0.4408	0.480896	0.965643	0.989229	0.970414	0.957761	0.0	0.0	0.0	0.0	0.17932	0.199543	0.0	0.0	0.0	0.0	0.0	0.0	0.0	0.0	0.0	0.0	0.0	0.0
k__Bacteria|p__Firmicutes|c__CFGB93792|o__OFGB93792	0.0	0.0	0.0	0.0	0.0	0.0	0.0	0.242861	0.222202	0.236797	0.232712	0.001379	0.0	0.000767	0.0	0.0	0.0	0.0	0.051896	0.041417	0.047929	0.039897	0.002122	0.002657	0.000572	0.002966	0.0	0.0	0.0	0.0	0.0	0.0	0.0	0.0	0.0	0.0	0.0	0.0	0.000606	0.002377	0.0	0.0	0.0	0.0
k__Bacteria|p__Lentisphaerota|c__CFGB2378|o__OFGB2378	0.0	0.0	0.0	0.0	0.0	0.0	0.0	0.128056	0.097568	0.110665	0.124662	0.0	0.0	0.0	0.0	0.0	0.0	0.0	0.116016	0.086594	0.102984	0.119422	0.0	0.0	0.0	0.0	0.0	0.0	0.0	0.0	0.0	0.0	0.0	0.0	0.0	0.0	0.0	0.0	0.0	0.0	0.0	0.0	0.0	0.0
k__Bacteria|p__Firmicutes|c__CFGB1126|o__OFGB1126	0.0	0.0	0.0	0.0	0.0	0.0	0.0	0.088525	0.095848	0.07001	0.07344	0.0	0.0	0.0	0.0	0.0	0.0	0.0	0.0	0.0	0.0	0.0	0.0	0.0	0.0	0.0	0.0	0.0	0.0	0.0	0.0	0.0	0.0	0.0	0.0	0.0	0.0	0.0	0.0	0.001383	0.0	0.0	0.0	0.0
k__Bacteria|p__Firmicutes|c__CFGB3023|o__OFGB3023	0.0	0.0	0.0	0.0	0.0	0.0	0.0	0.074649	0.098224	0.073983	0.090586	0.0	0.002817	0.0	0.0	0.0	0.0	0.0	0.08048	0.078848	0.072945	0.093418	0.030315	0.031848	0.032197	0.018435	0.0	0.0	0.0	0.0	0.0	0.0	0.0	0.0	0.0	0.0	0.0	0.0	0.050769	0.04424	0.048053	0.008545	0.017175	0.013619
k__Bacteria|p__Firmicutes|c__CFGB84486|o__OFGB84486	0.0	0.0	0.0	0.0	0.0	0.0	0.0	0.065979	0.08023	0.075045	0.075635	0.143379	0.138118	0.151023	0.0	0.0	0.0	0.0	0.015477	0.0342	0.033583	0.029057	0.007527	0.014154	0.018479	0.005403	0.0	0.0	0.0	0.0	0.0	0.0	0.0	0.0	0.0	0.0	0.0	0.0	0.003584	0.0	0.006982	0.026645	0.020106	0.022649
k__Bacteria|p__Firmicutes|c__Bacillota_unclassified|o__Bacillota_unclassified	0.0	0.0	0.0	0.0	0.0	0.0	0.0	0.065491	0.063839	0.074071	0.064116	0.0	0.0	0.0	0.0	0.0	0.0	0.0	0.046542	0.019984	0.010351	0.010769	0.080324	0.089437	0.080939	0.080205	0.124395	0.097317	0.088857	0.068254	0.0	0.0	0.0	0.0	0.143079	0.148083	0.167278	0.162122	0.14317	0.130074	0.142202	0.009937	0.003824	0.000673
k__Bacteria|p__Firmicutes|c__CFGB3038|o__OFGB3038	0.0	0.0	0.0	0.0	0.0	0.0	0.0	0.046139	0.057619	0.042939	0.027719	0.011602	0.014343	0.006495	0.0	0.0	0.0	0.0	0.04597	0.016024	0.020573	0.018637	0.0	0.0	0.000572	0.0	0.0	0.0	0.0	0.0	0.0	0.0	0.0	0.0	0.0	0.0	0.0	0.0	0.022599	0.014428	0.019834	0.0	0.0	0.0
k__Bacteria|p__Firmicutes|c__CFGB4605|o__OFGB4605	0.0	0.0	0.0	0.0	0.0	0.0	0.0	0.015926	0.013969	0.014174	0.020082	0.0	0.0	0.0	0.0	0.0	0.0	0.0	0.0	0.0	0.0	0.0	0.043124	0.047131	0.047932	0.02563	0.0	0.0	0.0	0.0	0.0	0.0	0.0	0.0	0.0	0.0	0.0	0.0	0.0	0.0	0.0018	0.0	0.0	0.0
k__Bacteria|p__Firmicutes|c__CFGB73178|o__OFGB73178	0.0	0.0	0.0	0.0	0.0	0.0	0.0	0.013995	0.011519	0.016879	0.005534	0.0	0.0	0.0	0.0	0.0	0.0	0.0	0.043106	0.046522	0.037951	0.034789	0.049042	0.032244	0.031704	0.034438	0.0	0.0	0.0	0.0	0.0	0.0	0.0	0.0	0.0	0.0	0.0	0.0	0.015858	0.011441	0.011062	0.0	0.0	0.0
k__Bacteria|p__Firmicutes|c__CFGB28941|o__OFGB28941	0.0	0.0	0.0	0.0	0.0	0.0	0.0	0.008853	0.012428	0.006439	0.006981	0.0	0.0	0.0	0.0	0.0	0.0	0.0	0.0	0.0	0.0	0.0	0.003116	0.003144	0.000871	0.0	0.0	0.0	0.0	0.0	0.0	0.0	0.0	0.0	0.0	0.0	0.0	0.0	0.0	0.0	0.0	0.0	0.0	0.0
k__Bacteria|p__Candidatus_Saccharibacteria|c__Candidatus_Saccharibacteria_unclassified|o__Candidatus_Saccharibacteria_unclassified	0.0	0.0	0.0	0.0	0.0	0.0	0.0	0.008369	0.0	0.0	0.0	0.0	0.0	0.0	0.0	0.0	0.0	0.0	0.0	0.0	0.0	0.0	0.0	0.0	0.0	0.0	0.0	0.0	0.0	0.0	0.0	0.0	0.0	0.0	0.0	0.018486	0.0	0.0	0.0	0.0	0.0	0.0	0.0	0.0
k__Bacteria|p__Firmicutes|c__CFGB2834|o__OFGB2834|f__FGB2834	0.0	0.0	0.0	0.0	0.0	0.0	0.0	1.601302	1.709468	1.61057	1.712631	0.0	0.0	0.0	0.0	0.0	0.0	0.0	0.030892	0.037922	0.023066	0.027055	0.095017	0.081161	0.066327	0.077427	0.0	0.0	0.0	0.0	1.121214	1.000749	0.648169	0.607317	0.0	0.0	0.0	0.0	0.0	0.0	0.0	0.0	0.0	0.0
k__Bacteria|p__Verrucomicrobiota|c__Verrucomicrobiia|o__Verrucomicrobiales|f__Akkermansiaceae	0.0	0.0	0.0	0.0	0.0	0.0	0.0	0.919132	0.78032	0.816463	0.832327	1.046191	1.040738	1.035126	0.0	0.0	0.0	0.0	2.250158	2.207572	2.154996	2.020012	0.0	0.0	0.0	0.0	0.0	0.0	0.0	0.0	0.0	0.0	0.0	0.0	0.0	0.0	0.0	0.0	0.621132	0.618505	0.588652	0.0	0.0	0.0
k__Bacteria|p__Firmicutes|c__CFGB79330|o__OFGB79330|f__FGB79330	0.0	0.0	0.0	0.0	0.0	0.0	0.0	0.405188	0.473522	0.388556	0.425678	0.0	0.0	0.0	0.0	0.0	0.0	0.0	0.0	0.0	0.0	0.0	0.0	0.0	0.0	0.0	0.0	0.0	0.0	0.0	0.0	0.0	0.0	0.0	0.0	0.0	0.0	0.0	0.0	0.0	0.0	0.0	0.0	0.0
k__Bacteria|p__Firmicutes|c__CFGB2840|o__OFGB2840|f__FGB2840	0.0	0.0	0.0	0.0	0.0	0.0	0.0	0.363339	0.394984	0.360494	0.39908	0.0	0.0	0.0	0.0	0.0	0.0	0.0	0.0	0.0	0.0	0.0	0.0	0.0	0.0	0.0	0.0	0.0	0.0	0.0	0.0	0.0	0.0	0.0	0.0	0.0	0.0	0.0	0.0	0.0	0.0	0.0	0.0	0.0
k__Bacteria|p__Candidatus_Melainabacteria|c__Candidatus_Melainabacteria_unclassified|o__Candidatus_Gastranaerophilales|f__Candidatus_Gastranaerophilales_unclassified	0.0	0.0	0.0	0.0	0.0	0.0	0.0	0.319402	0.328919	0.347447	0.35188	0.0	0.0	0.0	0.0	0.0	0.0	0.0	0.496009	0.465285	0.4408	0.480896	0.965643	0.989229	0.970414	0.957761	0.0	0.0	0.0	0.0	0.17932	0.199543	0.0	0.0	0.0	0.0	0.0	0.0	0.0	0.0	0.0	0.0	0.0	0.0
k__Bacteria|p__Firmicutes|c__CFGB93792|o__OFGB93792|f__FGB93792	0.0	0.0	0.0	0.0	0.0	0.0	0.0	0.242861	0.222202	0.236797	0.232712	0.001379	0.0	0.000767	0.0	0.0	0.0	0.0	0.051896	0.041417	0.047929	0.039897	0.002122	0.002657	0.000572	0.002966	0.0	0.0	0.0	0.0	0.0	0.0	0.0	0.0	0.0	0.0	0.0	0.0	0.000606	0.002377	0.0	0.0	0.0	0.0
k__Bacteria|p__Lentisphaerota|c__CFGB2378|o__OFGB2378|f__FGB2378	0.0	0.0	0.0	0.0	0.0	0.0	0.0	0.128056	0.097568	0.110665	0.124662	0.0	0.0	0.0	0.0	0.0	0.0	0.0	0.116016	0.086594	0.102984	0.119422	0.0	0.0	0.0	0.0	0.0	0.0	0.0	0.0	0.0	0.0	0.0	0.0	0.0	0.0	0.0	0.0	0.0	0.0	0.0	0.0	0.0	0.0
k__Bacteria|p__Firmicutes|c__CFGB1126|o__OFGB1126|f__FGB1126	0.0	0.0	0.0	0.0	0.0	0.0	0.0	0.088525	0.095848	0.07001	0.07344	0.0	0.0	0.0	0.0	0.0	0.0	0.0	0.0	0.0	0.0	0.0	0.0	0.0	0.0	0.0	0.0	0.0	0.0	0.0	0.0	0.0	0.0	0.0	0.0	0.0	0.0	0.0	0.0	0.001383	0.0	0.0	0.0	0.0
k__Bacteria|p__Firmicutes|c__CFGB3023|o__OFGB3023|f__FGB3023	0.0	0.0	0.0	0.0	0.0	0.0	0.0	0.074649	0.098224	0.073983	0.090586	0.0	0.002817	0.0	0.0	0.0	0.0	0.0	0.08048	0.078848	0.072945	0.093418	0.030315	0.031848	0.032197	0.018435	0.0	0.0	0.0	0.0	0.0	0.0	0.0	0.0	0.0	0.0	0.0	0.0	0.050769	0.04424	0.048053	0.008545	0.017175	0.013619
k__Bacteria|p__Firmicutes|c__CFGB84486|o__OFGB84486|f__FGB84486	0.0	0.0	0.0	0.0	0.0	0.0	0.0	0.065979	0.08023	0.075045	0.075635	0.143379	0.138118	0.151023	0.0	0.0	0.0	0.0	0.015477	0.0342	0.033583	0.029057	0.007527	0.014154	0.018479	0.005403	0.0	0.0	0.0	0.0	0.0	0.0	0.0	0.0	0.0	0.0	0.0	0.0	0.003584	0.0	0.006982	0.026645	0.020106	0.022649
k__Bacteria|p__Firmicutes|c__Bacillota_unclassified|o__Bacillota_unclassified|f__Bacillota_unclassified	0.0	0.0	0.0	0.0	0.0	0.0	0.0	0.065491	0.063839	0.074071	0.064116	0.0	0.0	0.0	0.0	0.0	0.0	0.0	0.046542	0.019984	0.010351	0.010769	0.080324	0.089437	0.080939	0.080205	0.124395	0.097317	0.088857	0.068254	0.0	0.0	0.0	0.0	0.143079	0.148083	0.167278	0.162122	0.14317	0.130074	0.142202	0.009937	0.003824	0.000673
k__Bacteria|p__Firmicutes|c__CFGB3038|o__OFGB3038|f__FGB3038	0.0	0.0	0.0	0.0	0.0	0.0	0.0	0.046139	0.057619	0.042939	0.027719	0.011602	0.014343	0.006495	0.0	0.0	0.0	0.0	0.04597	0.016024	0.020573	0.018637	0.0	0.0	0.000572	0.0	0.0	0.0	0.0	0.0	0.0	0.0	0.0	0.0	0.0	0.0	0.0	0.0	0.022599	0.014428	0.019834	0.0	0.0	0.0
k__Bacteria|p__Firmicutes|c__CFGB4605|o__OFGB4605|f__FGB4605	0.0	0.0	0.0	0.0	0.0	0.0	0.0	0.015926	0.013969	0.014174	0.020082	0.0	0.0	0.0	0.0	0.0	0.0	0.0	0.0	0.0	0.0	0.0	0.043124	0.047131	0.047932	0.02563	0.0	0.0	0.0	0.0	0.0	0.0	0.0	0.0	0.0	0.0	0.0	0.0	0.0	0.0	0.0018	0.0	0.0	0.0
k__Bacteria|p__Firmicutes|c__CFGB73178|o__OFGB73178|f__FGB73178	0.0	0.0	0.0	0.0	0.0	0.0	0.0	0.013995	0.011519	0.016879	0.005534	0.0	0.0	0.0	0.0	0.0	0.0	0.0	0.043106	0.046522	0.037951	0.034789	0.049042	0.032244	0.031704	0.034438	0.0	0.0	0.0	0.0	0.0	0.0	0.0	0.0	0.0	0.0	0.0	0.0	0.015858	0.011441	0.011062	0.0	0.0	0.0
k__Bacteria|p__Firmicutes|c__Clostridia|o__Peptostreptococcales|f__Peptostreptococcaceae	0.0	0.0	0.0	0.0	0.0	0.0	0.0	0.013711	0.02503	0.029209	0.015598	0.0	0.000701	0.0	0.0	0.0	0.0	0.0	0.012086	0.018724	0.023946	0.0172	0.001924	0.0	0.0	0.0	0.015864	0.012437	0.00775	0.00187	0.0	0.0	0.0	0.0	0.445094	0.389122	0.398548	0.373368	0.02204	0.035129	0.020059	0.001997	0.003092	0.004476
k__Bacteria|p__Firmicutes|c__CFGB28941|o__OFGB28941|f__FGB28941	0.0	0.0	0.0	0.0	0.0	0.0	0.0	0.008853	0.012428	0.006439	0.006981	0.0	0.0	0.0	0.0	0.0	0.0	0.0	0.0	0.0	0.0	0.0	0.003116	0.003144	0.000871	0.0	0.0	0.0	0.0	0.0	0.0	0.0	0.0	0.0	0.0	0.0	0.0	0.0	0.0	0.0	0.0	0.0	0.0	0.0
k__Bacteria|p__Candidatus_Saccharibacteria|c__Candidatus_Saccharibacteria_unclassified|o__Candidatus_Saccharibacteria_unclassified|f__Candidatus_Saccharibacteria_unclassified	0.0	0.0	0.0	0.0	0.0	0.0	0.0	0.008369	0.0	0.0	0.0	0.0	0.0	0.0	0.0	0.0	0.0	0.0	0.0	0.0	0.0	0.0	0.0	0.0	0.0	0.0	0.0	0.0	0.0	0.0	0.0	0.0	0.0	0.0	0.0	0.018486	0.0	0.0	0.0	0.0	0.0	0.0	0.0	0.0
k__Bacteria|p__Firmicutes|c__Clostridia|o__Eubacteriales|f__Eubacteriales_Family_XIII_Incertae_Sedis	0.0	0.0	0.0	0.0	0.0	0.0	0.0	0.00475	0.010648	0.005383	0.002141	0.026951	0.030267	0.022033	0.0	0.0	0.0	0.0	0.0	0.0	0.0	0.0	0.0	0.0	0.0	0.0	0.0	0.0	0.0	0.0	0.0	0.0	0.0	0.0	0.0	0.0	0.0	0.0	0.0	0.0	0.0	0.001971	0.009458	0.0
k__Bacteria|p__Firmicutes|c__Clostridia|o__Eubacteriales|f__Oscillospiraceae|g__Ruminococcus	0.0	0.0	0.0	0.0	0.0	0.0	0.0	4.119979	4.348094	4.205489	4.283928	7.619832	7.663829	7.595376	0.0	0.0	0.0	0.0	1.431487	1.404708	1.448449	1.512935	0.659361	0.669663	0.686655	0.624979	1.799518	1.832268	1.775522	1.72262	0.118693	0.070028	0.0	0.0	0.217751	0.193288	0.19588	0.220646	3.676179	3.704743	3.802926	1.018919	1.085413	1.071004
k__Bacteria|p__Firmicutes|c__Clostridia|o__Eubacteriales|f__Oscillospiraceae|g__Oscillospiraceae_unclassified	0.0	0.0	0.0	0.0	0.0	0.0	0.0	2.478582	2.464728	2.496228	2.507272	0.030421	0.028409	0.014635	0.0	0.00082	0.0	0.0	0.399392	0.408735	0.409767	0.388437	2.465815	2.497844	2.471333	2.451761	0.011314	0.017732	0.019559	0.026772	2.406457	2.403238	2.004455	2.193885	0.05447	0.063267	0.073597	0.06081	0.861899	0.874153	0.904456	0.413605	0.409896	0.388162
k__Bacteria|p__Firmicutes|c__Clostridia|o__Eubacteriales|f__Oscillospiraceae|g__Vescimonas	0.0	0.0	0.0	0.0	0.0	0.0	0.0	1.540674	1.480372	1.50189	1.402991	0.245849	0.182509	0.179945	0.004578	0.011039	0.005903	0.011067	1.269076	1.143054	1.068593	1.110801	0.158055	0.162717	0.158386	0.154217	0.046332	0.059943	0.051023	0.048415	0.0	0.0	0.0	0.0	0.0	0.0	0.0	0.0	1.05062	1.065097	1.113789	0.037502	0.042323	0.038275
k__Bacteria|p__Firmicutes|c__CFGB2834|o__OFGB2834|f__FGB2834|g__GGB9064	0.0	0.0	0.0	0.0	0.0	0.0	0.0	1.489228	1.576553	1.477169	1.596623	0.0	0.0	0.0	0.0	0.0	0.0	0.0	0.030892	0.037922	0.023066	0.027055	0.0	0.0	0.0	0.0	0.0	0.0	0.0	0.0	0.0	0.0	0.0	0.0	0.0	0.0	0.0	0.0	0.0	0.0	0.0	0.0	0.0	0.0
k__Bacteria|p__Firmicutes|c__Clostridia|o__Eubacteriales|f__Eubacteriaceae|g__GGB3277	0.0	0.0	0.0	0.0	0.0	0.0	0.0	1.193476	1.257598	1.14103	1.232011	0.0	0.0	0.0	0.0	0.0	0.0	0.0	0.0	0.0	0.0	0.0	0.0	0.0	0.0	0.0	0.0	0.0	0.0	0.0	0.0	0.0	0.0	0.0	0.0	0.0	0.0	0.0	0.0	0.0	0.0	0.0	0.0	0.0
k__Bacteria|p__Verrucomicrobiota|c__Verrucomicrobiia|o__Verrucomicrobiales|f__Akkermansiaceae|g__Akkermansia	0.0	0.0	0.0	0.0	0.0	0.0	0.0	0.919132	0.78032	0.816463	0.832327	1.046191	1.040738	1.035126	0.0	0.0	0.0	0.0	2.250158	2.207572	2.154996	2.020012	0.0	0.0	0.0	0.0	0.0	0.0	0.0	0.0	0.0	0.0	0.0	0.0	0.0	0.0	0.0	0.0	0.621132	0.618505	0.588652	0.0	0.0	0.0
k__Bacteria|p__Firmicutes|c__Clostridia|o__Lachnospirales|f__Lachnospiraceae|g__Gallintestinimicrobium	0.0	0.0	0.0	0.0	0.0	0.0	0.0	0.569149	0.56316	0.576316	0.617189	0.794849	0.812018	0.818315	0.0	0.0	0.0	0.0	0.131678	0.130767	0.108497	0.105674	0.016578	0.018318	0.017888	0.014396	0.0	0.0	0.0	0.0	0.0	0.0	0.0	0.0	0.0	0.0	0.0	0.0	0.210769	0.190204	0.217879	1.158233	1.03385	1.071093
k__Bacteria|p__Firmicutes|c__CFGB2840|o__OFGB2840|f__FGB2840|g__GGB9092	0.0	0.0	0.0	0.0	0.0	0.0	0.0	0.363339	0.394984	0.360494	0.39908	0.0	0.0	0.0	0.0	0.0	0.0	0.0	0.0	0.0	0.0	0.0	0.0	0.0	0.0	0.0	0.0	0.0	0.0	0.0	0.0	0.0	0.0	0.0	0.0	0.0	0.0	0.0	0.0	0.0	0.0	0.0	0.0	0.0
k__Bacteria|p__Candidatus_Melainabacteria|c__Candidatus_Melainabacteria_unclassified|o__Candidatus_Gastranaerophilales|f__Candidatus_Gastranaerophilales_unclassified|g__Candidatus_Gastranaerophilales_unclassified	0.0	0.0	0.0	0.0	0.0	0.0	0.0	0.319402	0.328919	0.347447	0.35188	0.0	0.0	0.0	0.0	0.0	0.0	0.0	0.0	0.0	0.0	0.0	0.0	0.0	0.0	0.0	0.0	0.0	0.0	0.0	0.0	0.0	0.0	0.0	0.0	0.0	0.0	0.0	0.0	0.0	0.0	0.0	0.0	0.0
k__Bacteria|p__Firmicutes|c__CFGB79330|o__OFGB79330|f__FGB79330|g__GGB3005	0.0	0.0	0.0	0.0	0.0	0.0	0.0	0.285553	0.331819	0.285371	0.313994	0.0	0.0	0.0	0.0	0.0	0.0	0.0	0.0	0.0	0.0	0.0	0.0	0.0	0.0	0.0	0.0	0.0	0.0	0.0	0.0	0.0	0.0	0.0	0.0	0.0	0.0	0.0	0.0	0.0	0.0	0.0	0.0	0.0
k__Bacteria|p__Firmicutes|c__CFGB93792|o__OFGB93792|f__FGB93792|g__GGB9524	0.0	0.0	0.0	0.0	0.0	0.0	0.0	0.242861	0.222202	0.236797	0.232712	0.001379	0.0	0.000767	0.0	0.0	0.0	0.0	0.051896	0.041417	0.047929	0.039897	0.002122	0.002657	0.000572	0.002966	0.0	0.0	0.0	0.0	0.0	0.0	0.0	0.0	0.0	0.0	0.0	0.0	0.000606	0.002377	0.0	0.0	0.0	0.0
k__Bacteria|p__Firmicutes|c__Clostridia|o__Lachnospirales|f__Lachnospiraceae|g__Butyribacter	0.0	0.0	0.0	0.0	0.0	0.0	0.0	0.156608	0.145506	0.1757	0.159938	0.0	0.0	0.0	0.0	0.0	0.0	0.0	0.0	0.0	0.0	0.0	0.0	0.0	0.0	0.0	0.0	0.0	0.0	0.0	0.0	0.0	0.0	0.0	0.105891	0.099798	0.123973	0.103708	0.0	0.0	0.0	0.0	0.0	0.0
k__Bacteria|p__Lentisphaerota|c__CFGB2378|o__OFGB2378|f__FGB2378|g__GGB6518	0.0	0.0	0.0	0.0	0.0	0.0	0.0	0.128056	0.097568	0.110665	0.124662	0.0	0.0	0.0	0.0	0.0	0.0	0.0	0.0	0.0	0.0	0.0	0.0	0.0	0.0	0.0	0.0	0.0	0.0	0.0	0.0	0.0	0.0	0.0	0.0	0.0	0.0	0.0	0.0	0.0	0.0	0.0	0.0	0.0
k__Bacteria|p__Firmicutes|c__CFGB79330|o__OFGB79330|f__FGB79330|g__GGB3001	0.0	0.0	0.0	0.0	0.0	0.0	0.0	0.119635	0.141703	0.103184	0.111684	0.0	0.0	0.0	0.0	0.0	0.0	0.0	0.0	0.0	0.0	0.0	0.0	0.0	0.0	0.0	0.0	0.0	0.0	0.0	0.0	0.0	0.0	0.0	0.0	0.0	0.0	0.0	0.0	0.0	0.0	0.0	0.0	0.0
k__Bacteria|p__Firmicutes|c__Clostridia|o__Eubacteriales|f__Oscillospiraceae|g__GGB9667	0.0	0.0	0.0	0.0	0.0	0.0	0.0	0.113433	0.073809	0.083542	0.102813	0.0	0.0	0.0	0.0	0.0	0.00146	0.0	0.0	0.0	0.0	0.0	0.0	0.0	0.0	0.0	0.0	0.0	0.0	0.0	0.0	0.0	0.0	0.0	0.0	0.0	0.0	0.0	0.009217	0.0	0.003803	0.0	0.0	0.0
k__Bacteria|p__Firmicutes|c__CFGB2834|o__OFGB2834|f__FGB2834|g__GGB9063	0.0	0.0	0.0	0.0	0.0	0.0	0.0	0.112074	0.132915	0.133401	0.116008	0.0	0.0	0.0	0.0	0.0	0.0	0.0	0.0	0.0	0.0	0.0	0.001465	0.0	0.0	0.0	0.0	0.0	0.0	0.0	0.0	0.0	0.0	0.0	0.0	0.0	0.0	0.0	0.0	0.0	0.0	0.0	0.0	0.0
k__Bacteria|p__Firmicutes|c__Clostridia|o__Eubacteriales|f__Eubacteriales_unclassified|g__Intestinimonas	0.0	0.0	0.0	0.0	0.0	0.0	0.0	0.097114	0.075553	0.078696	0.063853	0.235553	0.211962	0.264944	0.10673	0.067868	0.08116	0.069044	0.047179	0.055683	0.048473	0.053393	0.0	0.0	0.0	0.0	0.0	0.0	0.0	0.0	0.0	0.0	0.0	0.0	0.0	0.0	0.0	0.0	0.0	0.0	0.0	0.008886	0.020471	0.011122
k__Bacteria|p__Firmicutes|c__CFGB1126|o__OFGB1126|f__FGB1126|g__GGB2848	0.0	0.0	0.0	0.0	0.0	0.0	0.0	0.088525	0.095848	0.07001	0.07344	0.0	0.0	0.0	0.0	0.0	0.0	0.0	0.0	0.0	0.0	0.0	0.0	0.0	0.0	0.0	0.0	0.0	0.0	0.0	0.0	0.0	0.0	0.0	0.0	0.0	0.0	0.0	0.0	0.001383	0.0	0.0	0.0	0.0
k__Bacteria|p__Firmicutes|c__Clostridia|o__Lachnospirales|f__Lachnospiraceae|g__Oliverpabstia	0.0	0.0	0.0	0.0	0.0	0.0	0.0	0.085148	0.082427	0.062962	0.076901	0.382107	0.391735	0.392146	0.146984	0.176534	0.140995	0.143911	0.0	0.0	0.0	0.0	0.0	0.0	0.0	0.0	0.042606	0.024958	0.034184	0.030146	0.0	0.0	0.0	0.0	0.0	0.0	0.0	0.0	0.0	0.0	0.0	0.036072	0.029285	0.024051
k__Bacteria|p__Bacteroidota|c__Bacteroidia|o__Bacteroidales|f__Barnesiellaceae|g__Coprobacter	0.0	0.0	0.0	0.0	0.0	0.0	0.0	0.085138	0.097734	0.074068	0.089649	0.381605	0.425991	0.414945	0.0	0.0	0.0	0.0	0.0	0.0	0.0	0.0	0.013881	0.008661	0.003988	0.022361	0.0	0.0	0.0	0.0	0.0	0.0	0.0	0.0	0.0	0.0	0.0	0.0	0.0	0.0	0.0	0.221407	0.219875	0.247452
k__Bacteria|p__Firmicutes|c__Clostridia|o__Lachnospirales|f__Lachnospiraceae|g__Eisenbergiella	0.0	0.0	0.0	0.0	0.0	0.0	0.0	0.078005	0.058733	0.0706	0.048739	0.0	0.0	0.0	0.0	0.0	0.0	0.0	0.0	0.0	0.0	0.0	0.0	0.0	0.0	0.0	0.0	0.0	0.0	0.0	0.0	0.0	0.0	0.0	0.061732	0.070868	0.043455	0.076817	0.0	0.0	0.0	0.0	0.0	0.0
k__Bacteria|p__Firmicutes|c__CFGB3023|o__OFGB3023|f__FGB3023|g__GGB9501	0.0	0.0	0.0	0.0	0.0	0.0	0.0	0.074649	0.098224	0.073983	0.090586	0.0	0.0	0.0	0.0	0.0	0.0	0.0	0.08048	0.078848	0.072945	0.093418	0.0	0.0	0.0	0.0	0.0	0.0	0.0	0.0	0.0	0.0	0.0	0.0	0.0	0.0	0.0	0.0	0.050769	0.04424	0.048053	0.008545	0.017175	0.013619
k__Bacteria|p__Firmicutes|c__CFGB84486|o__OFGB84486|f__FGB84486|g__GGB3653	0.0	0.0	0.0	0.0	0.0	0.0	0.0	0.065979	0.08023	0.075045	0.075635	0.143379	0.138118	0.151023	0.0	0.0	0.0	0.0	0.015477	0.0342	0.033583	0.029057	0.007527	0.014154	0.018479	0.005403	0.0	0.0	0.0	0.0	0.0	0.0	0.0	0.0	0.0	0.0	0.0	0.0	0.003584	0.0	0.006982	0.026645	0.020106	0.022649
k__Bacteria|p__Firmicutes|c__Bacillota_unclassified|o__Bacillota_unclassified|f__Bacillota_unclassified|g__GGB9512	0.0	0.0	0.0	0.0	0.0	0.0	0.0	0.065491	0.063839	0.074071	0.064116	0.0	0.0	0.0	0.0	0.0	0.0	0.0	0.0	0.0	0.0	0.0	0.027711	0.02883	0.024074	0.025606	0.092141	0.065819	0.065364	0.055212	0.0	0.0	0.0	0.0	0.0	0.0	0.0	0.0	0.130438	0.117324	0.120733	0.0	0.0	0.0
k__Bacteria|p__Firmicutes|c__Clostridia|o__Eubacteriales|f__Oscillospiraceae|g__GGB9646	0.0	0.0	0.0	0.0	0.0	0.0	0.0	0.046412	0.058442	0.045325	0.049979	0.004638	0.000488	0.0	0.0	0.0	0.0	0.0	0.0	0.0	0.0	0.0	0.0	0.0	0.0	0.0	0.0	0.0	0.0	0.0	0.0	0.0	0.0	0.0	0.0	0.0	0.0	0.0	0.0	0.0	0.0	0.0	0.0	0.0
k__Bacteria|p__Firmicutes|c__Clostridia|o__Eubacteriales|f__Eubacteriaceae|g__Eubacteriaceae_unclassified	0.0	0.0	0.0	0.0	0.0	0.0	0.0	0.032266	0.016096	0.0042	0.016376	0.0	0.0	0.0	0.0	0.0	0.0	0.0	0.0	0.0	0.0	0.0	0.0	0.0	0.0	0.0	0.0	0.0	0.0	0.0	0.0	0.0	0.0	0.0	0.0	0.0	0.0	0.0	0.0	0.0	0.0	0.0	0.0	0.0
k__Bacteria|p__Firmicutes|c__CFGB3038|o__OFGB3038|f__FGB3038|g__GGB9534	0.0	0.0	0.0	0.0	0.0	0.0	0.0	0.026079	0.037585	0.025122	0.011849	0.0	0.0	0.0	0.0	0.0	0.0	0.0	0.012198	0.0	0.0	0.0	0.0	0.0	0.000572	0.0	0.0	0.0	0.0	0.0	0.0	0.0	0.0	0.0	0.0	0.0	0.0	0.0	0.0	0.001817	0.0	0.0	0.0	0.0
k__Bacteria|p__Firmicutes|c__Clostridia|o__Eubacteriales|f__Clostridiaceae|g__GGB42637	0.0	0.0	0.0	0.0	0.0	0.0	0.0	0.025403	0.027268	0.02582	0.027457	0.0	0.0	0.0	0.0	0.0	0.0	0.0	0.0	0.0	0.0	0.0	0.0	0.0	0.0	0.0	0.0	0.0	0.0	0.0	0.0	0.0	0.0	0.0	0.0	0.0	0.0	0.0	0.0	0.002389	0.000838	0.0	0.0	0.0
k__Bacteria|p__Firmicutes|c__Clostridia|o__Lachnospirales|f__Anaerotignaceae|g__GGB3817	0.0	0.0	0.0	0.0	0.0	0.0	0.0	0.020136	0.028383	0.018284	0.037153	0.0	0.0	0.0	0.0	0.0	0.0	0.0	0.015551	0.010705	0.0	0.014022	0.0	0.0	0.0	0.0	0.0	0.0	0.0	0.0	0.0	0.0	0.0	0.0	0.0	0.0	0.0	0.0	0.0	0.0	0.0	0.0	0.0	0.0
k__Bacteria|p__Firmicutes|c__CFGB3038|o__OFGB3038|f__FGB3038|g__GGB33586	0.0	0.0	0.0	0.0	0.0	0.0	0.0	0.02006	0.020034	0.017817	0.01587	0.011602	0.014343	0.006495	0.0	0.0	0.0	0.0	0.033772	0.016024	0.020573	0.018637	0.0	0.0	0.0	0.0	0.0	0.0	0.0	0.0	0.0	0.0	0.0	0.0	0.0	0.0	0.0	0.0	0.0	0.000618	0.0	0.0	0.0	0.0
k__Bacteria|p__Firmicutes|c__CFGB4605|o__OFGB4605|f__FGB4605|g__GGB13404	0.0	0.0	0.0	0.0	0.0	0.0	0.0	0.015926	0.013969	0.014174	0.020082	0.0	0.0	0.0	0.0	0.0	0.0	0.0	0.0	0.0	0.0	0.0	0.043124	0.047131	0.047932	0.02563	0.0	0.0	0.0	0.0	0.0	0.0	0.0	0.0	0.0	0.0	0.0	0.0	0.0	0.0	0.0018	0.0	0.0	0.0
k__Bacteria|p__Firmicutes|c__Erysipelotrichia|o__Erysipelotrichales|f__Erysipelotrichaceae|g__Longicatena	0.0	0.0	0.0	0.0	0.0	0.0	0.0	0.01576	0.0047	0.0	0.006128	0.0	0.0	0.0	0.0	0.0	0.0	0.0	0.0	0.0	0.0	0.0	0.0	0.0	0.0	0.0	0.0	0.0	0.0	0.0	0.0	0.0	0.0	0.0	0.0	0.0	0.0	0.0	0.0	0.0	0.0	0.0	0.0	0.0
k__Bacteria|p__Firmicutes|c__Clostridia|o__Eubacteriales|f__Oscillospiraceae|g__GGB9469	0.0	0.0	0.0	0.0	0.0	0.0	0.0	0.015302	0.020185	0.032295	0.02335	0.0	0.0	0.0	0.0	0.0	0.0	0.0	0.0	0.0	0.0	0.0	0.0	0.0	0.0	0.0	0.0	0.0	0.0	0.0	0.0	0.0	0.0	0.0	0.0	0.0	0.0	0.0	0.0	0.0	0.0	0.0	0.0	0.0
k__Bacteria|p__Firmicutes|c__Clostridia|o__Eubacteriales|f__Oscillospiraceae|g__Neglectibacter	0.0	0.0	0.0	0.0	0.0	0.0	0.0	0.015151	0.013217	0.013357	0.006472	0.0	0.0	0.0	0.0	0.0	0.0	0.0	0.0	0.0	0.0	0.0	0.0	0.0	0.0	0.0	0.0	0.0	0.0	0.0	0.0	0.0	0.0	0.0	0.0	0.0	0.0	0.0	0.0	0.0	0.0	0.0	0.0	0.0
k__Bacteria|p__Firmicutes|c__CFGB73178|o__OFGB73178|f__FGB73178|g__GGB38029	0.0	0.0	0.0	0.0	0.0	0.0	0.0	0.013995	0.011519	0.016879	0.005534	0.0	0.0	0.0	0.0	0.0	0.0	0.0	0.043106	0.046522	0.037951	0.034789	0.049042	0.032244	0.031704	0.034438	0.0	0.0	0.0	0.0	0.0	0.0	0.0	0.0	0.0	0.0	0.0	0.0	0.015858	0.011441	0.011062	0.0	0.0	0.0
k__Bacteria|p__Firmicutes|c__Clostridia|o__Eubacteriales|f__Oscillospiraceae|g__GGB36331	0.0	0.0	0.0	0.0	0.0	0.0	0.0	0.013042	0.01103	0.002946	0.009495	0.0	0.0	0.0	0.0	0.0	0.0	0.0	0.050889	0.030831	0.02574	0.026969	0.0	0.0	0.0	0.0	0.0	0.0	0.0	0.0	0.0	0.0	0.0	0.0	0.0	0.0	0.0	0.0	0.0	0.0	0.0	0.0	0.0	0.0
k__Bacteria|p__Firmicutes|c__Clostridia|o__Lachnospirales|f__Lachnospiraceae|g__GGB42632	0.0	0.0	0.0	0.0	0.0	0.0	0.0	0.012713	0.00587	0.006533	0.007132	0.0	0.0	0.0	0.0	0.0	0.0	0.0	0.0	0.0	0.0	0.0	0.0	0.0	0.0	0.0	0.0	0.0	0.0	0.0	0.0	0.0	0.0	0.0	0.0	0.0	0.0	0.0	0.0	0.0	0.0	0.0	0.0	0.0
k__Bacteria|p__Firmicutes|c__Erysipelotrichia|o__Erysipelotrichales|f__Coprobacillaceae|g__Thomasclavelia	0.0	0.0	0.0	0.0	0.0	0.0	0.0	0.011183	0.020163	0.004459	0.01321	0.0	0.0	0.0	0.0	0.0	0.0	0.0	0.0	0.0	0.0	0.0	0.0	0.0	0.0	0.0	0.0	0.0	0.0	0.0	0.0	0.0	0.0	0.0	0.034575	0.011662	0.011736	0.0	0.0	0.0	0.0	0.0	0.0	0.0
k__Bacteria|p__Firmicutes|c__Negativicutes|o__Veillonellales|f__Veillonellaceae|g__Dialister	0.0	0.0	0.0	0.0	0.0	0.0	0.0	0.010342	0.00888	0.001867	0.006973	0.0	0.0	0.0	0.475424	0.444331	0.460306	0.444618	0.0	0.0	0.0	0.0	0.0	0.0	0.0	0.0	0.0	0.0	0.0	0.0	0.0	0.0	0.0	0.0	0.0	0.0	0.0	0.0	0.0	0.0	0.0	1.320629	1.312527	1.26233
k__Bacteria|p__Firmicutes|c__Clostridia|o__Peptostreptococcales|f__Peptostreptococcaceae|g__Intestinibacter	0.0	0.0	0.0	0.0	0.0	0.0	0.0	0.010107	0.014083	0.018537	0.014894	0.0	0.0	0.0	0.0	0.0	0.0	0.0	0.012086	0.018724	0.023946	0.0172	0.0	0.0	0.0	0.0	0.0	0.0	0.0	0.0	0.0	0.0	0.0	0.0	0.0	0.0	0.0	0.0	0.0	0.0	0.0	0.001997	0.003092	0.004476
k__Bacteria|p__Firmicutes|c__CFGB28941|o__OFGB28941|f__FGB28941|g__GGB101111	0.0	0.0	0.0	0.0	0.0	0.0	0.0	0.008853	0.012428	0.006439	0.006981	0.0	0.0	0.0	0.0	0.0	0.0	0.0	0.0	0.0	0.0	0.0	0.003116	0.003144	0.000871	0.0	0.0	0.0	0.0	0.0	0.0	0.0	0.0	0.0	0.0	0.0	0.0	0.0	0.0	0.0	0.0	0.0	0.0	0.0
k__Bacteria|p__Candidatus_Saccharibacteria|c__Candidatus_Saccharibacteria_unclassified|o__Candidatus_Saccharibacteria_unclassified|f__Candidatus_Saccharibacteria_unclassified|g__Candidatus_Saccharibacteria_unclassified	0.0	0.0	0.0	0.0	0.0	0.0	0.0	0.008369	0.0	0.0	0.0	0.0	0.0	0.0	0.0	0.0	0.0	0.0	0.0	0.0	0.0	0.0	0.0	0.0	0.0	0.0	0.0	0.0	0.0	0.0	0.0	0.0	0.0	0.0	0.0	0.018486	0.0	0.0	0.0	0.0	0.0	0.0	0.0	0.0
k__Bacteria|p__Firmicutes|c__Clostridia|o__Eubacteriales|f__Eubacteriales_Family_XIII_Incertae_Sedis|g__Lentihominibacter	0.0	0.0	0.0	0.0	0.0	0.0	0.0	0.00475	0.010648	0.005383	0.002141	0.026951	0.030267	0.022033	0.0	0.0	0.0	0.0	0.0	0.0	0.0	0.0	0.0	0.0	0.0	0.0	0.0	0.0	0.0	0.0	0.0	0.0	0.0	0.0	0.0	0.0	0.0	0.0	0.0	0.0	0.0	0.0	0.0	0.0
k__Bacteria|p__Firmicutes|c__Clostridia|o__Eubacteriales|f__Oscillospiraceae|g__Lawsonibacter	0.0	0.0	0.0	0.0	0.0	0.0	0.0	0.003705	0.0	0.0	0.0	0.0	0.0	0.0	0.191887	0.152816	0.148748	0.149956	0.263341	0.248232	0.260512	0.222871	0.183371	0.157357	0.137998	0.153076	0.0	0.0	0.001884	0.0	0.0	0.0	0.0	0.0	0.0	0.0	0.0	0.0	0.075637	0.080728	0.071077	0.0	0.000557	0.0
k__Bacteria|p__Firmicutes|c__Clostridia|o__Peptostreptococcales|f__Peptostreptococcaceae|g__Romboutsia	0.0	0.0	0.0	0.0	0.0	0.0	0.0	0.003604	0.010946	0.010672	0.000703	0.0	0.000701	0.0	0.0	0.0	0.0	0.0	0.0	0.0	0.0	0.0	0.001924	0.0	0.0	0.0	0.015864	0.012437	0.00775	0.00187	0.0	0.0	0.0	0.0	0.445094	0.389122	0.398548	0.373368	0.02204	0.035129	0.020059	0.0	0.0	0.0
k__Bacteria|p__Firmicutes|c__Erysipelotrichia|o__Erysipelotrichales|f__Erysipelotrichaceae|g__Holdemania	0.0	0.0	0.0	0.0	0.0	0.0	0.0	0.003472	0.003698	0.003267	0.0022	0.0	0.0	0.0	0.0	0.0	0.0	0.0	0.0	0.0	0.0	0.0	0.0	0.0	0.0	0.0	0.0	0.0	0.0	0.0	0.0	0.0	0.0	0.0	0.0	0.0	0.0	0.0	0.0	0.0	0.0	0.0	0.0	0.0
k__Bacteria|p__Firmicutes|c__Erysipelotrichia|o__Erysipelotrichales|f__Coprobacillaceae|g__Coprobacillus	0.0	0.0	0.0	0.0	0.0	0.0	0.0	0.000673	0.0	0.0	0.001579	0.0	0.0	0.0	0.0	0.0	0.0	0.0	0.0	0.0	0.0	0.0	0.0	0.0	0.0	0.0	0.0	0.0	0.0	0.0	0.0	0.0	0.0	0.0	0.0	0.0	0.0	0.0	0.0	0.0	0.0	0.0	0.0	0.0
k__Bacteria|p__Firmicutes|c__Clostridia|o__Eubacteriales|f__Oscillospiraceae|g__Pusillibacter	0.0	0.0	0.0	0.0	0.0	0.0	0.0	0.000635	0.0	0.0	0.0	0.012392	0.0	0.0	0.0	0.0	0.0	0.0	0.0	0.0	0.0	0.0	0.0	0.0	0.0	0.0	0.0	0.0	0.0	0.0	0.0	0.0	0.0	0.0	0.0	0.0	0.0	0.0	0.0	0.0	0.0	0.0	0.0	0.0
k__Bacteria|p__Bacteroidota|c__Bacteroidia|o__Bacteroidales|f__Rikenellaceae|g__Alistipes|s__Alistipes_SGB2313	0.0	0.0	0.0	0.0	0.0	0.0	0.0	11.839336	11.29167	11.128772	10.941862	0.0	0.0	0.0	0.0	0.0	0.0	0.0	0.0	0.0	0.0	0.0	0.0	0.0	0.0	0.0	0.0	0.0	0.0	0.0	0.0	0.0	0.0	0.0	0.0	0.0	0.0	0.0	0.0	0.0	0.0	0.0	0.0	0.0
k__Bacteria|p__Bacteroidota|c__Bacteroidia|o__Bacteroidales|f__Rikenellaceae|g__Alistipes|s__Alistipes_putredinis	0.0	0.0	0.0	0.0	0.0	0.0	0.0	6.02093	5.884713	5.71003	5.786724	0.0	0.0	0.0	10.376481	10.033671	9.866041	10.012567	3.01688	2.930652	2.948086	2.941779	0.353809	0.327908	0.324792	0.315847	0.00656	0.017711	0.009756	0.020254	0.0	0.0	0.0	0.0	0.0	0.0	0.0	0.0	2.576455	2.598763	2.497938	5.617337	5.396493	5.186405
k__Bacteria|p__Bacteroidota|c__Bacteroidia|o__Bacteroidales|f__Bacteroidaceae|g__Bacteroides|s__Bacteroides_intestinalis	0.0	0.0	0.0	0.0	0.0	0.0	0.0	3.403695	3.5377	3.409755	3.379067	2.129232	2.249896	2.155236	0.0	0.0	0.0	0.0	0.0	0.0	0.0	0.0	0.0	0.0	0.0	0.0	0.0	0.0	0.0	0.0	0.0	0.0	0.0	0.0	4.146121	4.290786	4.021719	4.032543	0.0	0.0	0.0	0.0	0.0	0.0
k__Bacteria|p__Bacteroidota|c__Bacteroidia|o__Bacteroidales|f__Rikenellaceae|g__Alistipes|s__Alistipes_communis	0.0	0.0	0.0	0.0	0.0	0.0	0.0	2.806644	2.660232	2.601326	2.538279	0.0	0.0	0.0	0.0	0.0	0.0	0.0	0.215061	0.172744	0.194208	0.168624	0.177491	0.133035	0.148008	0.134646	0.251965	0.242053	0.244129	0.223307	0.310866	0.279085	0.017701	0.083607	0.0	0.0	0.0	0.0	0.254173	0.243864	0.258271	0.0	0.0	0.0
k__Bacteria|p__Firmicutes|c__Clostridia|o__Eubacteriales|f__Oscillospiraceae|g__Oscillospiraceae_unclassified|s__Eubacterium_siraeum	0.0	0.0	0.0	0.0	0.0	0.0	0.0	2.415128	2.40912	2.436121	2.450363	0.0	0.0	0.0	0.0	0.0	0.0	0.0	0.0	0.0	0.0	0.0	2.075116	2.066271	2.038434	2.081097	0.0	0.0	0.0	0.0	1.423756	1.554641	1.231168	1.390565	0.0	0.0	0.0	0.0	0.137384	0.105032	0.104756	0.0	0.0	0.0
k__Bacteria|p__Firmicutes|c__Clostridia|o__Eubacteriales|f__Oscillospiraceae|g__Ruminococcus|s__Ruminococcus_bicirculans_ex_Wegman_et_al_2014	0.0	0.0	0.0	0.0	0.0	0.0	0.0	2.364329	2.502331	2.377165	2.457798	0.628798	0.692529	0.633283	0.0	0.0	0.0	0.0	0.0	0.004767	0.0	0.0	0.012876	0.011796	0.013197	0.003337	0.0	0.0	0.0	0.0	0.0	0.0	0.0	0.0	0.217751	0.193288	0.19588	0.220646	0.573815	0.537873	0.507795	0.547898	0.579963	0.569372
k__Bacteria|p__Firmicutes|c__Clostridia|o__Eubacteriales|f__Oscillospiraceae|g__Vescimonas|s__Vescimonas_coprocola	0.0	0.0	0.0	0.0	0.0	0.0	0.0	1.540674	1.480372	1.50189	1.402991	0.245849	0.182509	0.179945	0.004578	0.011039	0.005903	0.011067	1.269076	1.143054	1.068593	1.110801	0.158055	0.162717	0.158386	0.154217	0.046332	0.059943	0.051023	0.048415	0.0	0.0	0.0	0.0	0.0	0.0	0.0	0.0	0.0	0.0	0.0	0.037502	0.042323	0.038275
k__Bacteria|p__Firmicutes|c__Clostridia|o__Eubacteriales|f__Oscillospiraceae|g__Ruminococcus|s__Ruminococcus_bromii	0.0	0.0	0.0	0.0	0.0	0.0	0.0	1.494718	1.568498	1.572158	1.552184	6.576193	6.546778	6.565005	0.0	0.0	0.0	0.0	1.431487	1.399941	1.448449	1.512935	0.598886	0.600478	0.616206	0.572913	1.38322	1.404658	1.332447	1.344977	0.118693	0.070028	0.0	0.0	0.0	0.0	0.0	0.0	2.770345	2.821726	2.946747	0.471021	0.50545	0.501632
k__Bacteria|p__Firmicutes|c__CFGB2834|o__OFGB2834|f__FGB2834|g__GGB9064|s__GGB9064_SGB13983	0.0	0.0	0.0	0.0	0.0	0.0	0.0	1.489228	1.576553	1.477169	1.596623	0.0	0.0	0.0	0.0	0.0	0.0	0.0	0.030892	0.037922	0.023066	0.027055	0.0	0.0	0.0	0.0	0.0	0.0	0.0	0.0	0.0	0.0	0.0	0.0	0.0	0.0	0.0	0.0	0.0	0.0	0.0	0.0	0.0	0.0
k__Bacteria|p__Bacteroidota|c__Bacteroidia|o__Bacteroidales|f__Bacteroidaceae|g__Bacteroides|s__Bacteroides_clarus	0.0	0.0	0.0	0.0	0.0	0.0	0.0	1.309979	1.335171	1.381953	1.388031	0.0	0.0	0.0	0.0	0.0	0.0	0.0	0.0	0.0	0.0	0.0	0.0	0.0	0.0	0.0	0.0	0.0	0.0	0.0	0.0	0.0	0.0	0.0	0.0	0.0	0.0	0.0	0.0	0.0	0.0	0.24837	0.246062	0.236416
k__Bacteria|p__Firmicutes|c__Clostridia|o__Eubacteriales|f__Eubacteriaceae|g__GGB3277|s__GGB3277_SGB4327	0.0	0.0	0.0	0.0	0.0	0.0	0.0	1.193476	1.257598	1.14103	1.232011	0.0	0.0	0.0	0.0	0.0	0.0	0.0	0.0	0.0	0.0	0.0	0.0	0.0	0.0	0.0	0.0	0.0	0.0	0.0	0.0	0.0	0.0	0.0	0.0	0.0	0.0	0.0	0.0	0.0	0.0	0.0	0.0	0.0
k__Bacteria|p__Verrucomicrobiota|c__Verrucomicrobiia|o__Verrucomicrobiales|f__Akkermansiaceae|g__Akkermansia|s__Akkermansia_muciniphila	0.0	0.0	0.0	0.0	0.0	0.0	0.0	0.919132	0.78032	0.816463	0.832327	0.0	0.0	0.0	0.0	0.0	0.0	0.0	2.250158	2.207572	2.154996	2.020012	0.0	0.0	0.0	0.0	0.0	0.0	0.0	0.0	0.0	0.0	0.0	0.0	0.0	0.0	0.0	0.0	0.621132	0.618505	0.588652	0.0	0.0	0.0
k__Bacteria|p__Firmicutes|c__Clostridia|o__Lachnospirales|f__Lachnospiraceae|g__Gallintestinimicrobium|s__Gallintestinimicrobium_propionicum	0.0	0.0	0.0	0.0	0.0	0.0	0.0	0.569149	0.56316	0.576316	0.617189	0.794849	0.812018	0.818315	0.0	0.0	0.0	0.0	0.131678	0.130767	0.108497	0.105674	0.016578	0.018318	0.017888	0.014396	0.0	0.0	0.0	0.0	0.0	0.0	0.0	0.0	0.0	0.0	0.0	0.0	0.210769	0.190204	0.217879	1.158233	1.03385	1.071093
k__Bacteria|p__Firmicutes|c__CFGB2840|o__OFGB2840|f__FGB2840|g__GGB9092|s__GGB9092_SGB14022	0.0	0.0	0.0	0.0	0.0	0.0	0.0	0.363339	0.394984	0.360494	0.39908	0.0	0.0	0.0	0.0	0.0	0.0	0.0	0.0	0.0	0.0	0.0	0.0	0.0	0.0	0.0	0.0	0.0	0.0	0.0	0.0	0.0	0.0	0.0	0.0	0.0	0.0	0.0	0.0	0.0	0.0	0.0	0.0	0.0
k__Bacteria|p__Bacteroidota|c__Bacteroidia|o__Bacteroidales|f__Rikenellaceae|g__Alistipes|s__Alistipes_hominis	0.0	0.0	0.0	0.0	0.0	0.0	0.0	0.340599	0.307711	0.350084	0.355837	0.0	0.0	0.0	0.0	0.0	0.0	0.0	0.0	0.0	0.0	0.0	0.06419	0.069566	0.04784	0.045096	0.010441	0.007235	0.008795	0.005975	0.0	0.0	0.0	0.0	0.215624	0.216424	0.216631	0.210588	0.171636	0.187885	0.203666	0.0	0.0	0.0
k__Bacteria|p__Candidatus_Melainabacteria|c__Candidatus_Melainabacteria_unclassified|o__Candidatus_Gastranaerophilales|f__Candidatus_Gastranaerophilales_unclassified|g__Candidatus_Gastranaerophilales_unclassified|s__Candidatus_Gastranaerophilales_bacterium	0.0	0.0	0.0	0.0	0.0	0.0	0.0	0.319402	0.328919	0.347447	0.35188	0.0	0.0	0.0	0.0	0.0	0.0	0.0	0.0	0.0	0.0	0.0	0.0	0.0	0.0	0.0	0.0	0.0	0.0	0.0	0.0	0.0	0.0	0.0	0.0	0.0	0.0	0.0	0.0	0.0	0.0	0.0	0.0	0.0
k__Bacteria|p__Firmicutes|c__CFGB79330|o__OFGB79330|f__FGB79330|g__GGB3005|s__GGB3005_SGB3996	0.0	0.0	0.0	0.0	0.0	0.0	0.0	0.285553	0.331819	0.285371	0.313994	0.0	0.0	0.0	0.0	0.0	0.0	0.0	0.0	0.0	0.0	0.0	0.0	0.0	0.0	0.0	0.0	0.0	0.0	0.0	0.0	0.0	0.0	0.0	0.0	0.0	0.0	0.0	0.0	0.0	0.0	0.0	0.0	0.0
k__Bacteria|p__Firmicutes|c__Clostridia|o__Eubacteriales|f__Clostridiaceae|g__Clostridium|s__Clostridium_sp_AM49_4BH	0.0	0.0	0.0	0.0	0.0	0.0	0.0	0.277421	0.262496	0.282612	0.27087	0.159508	0.147073	0.161136	0.108403	0.113154	0.111756	0.097567	0.053809	0.045719	0.047188	0.050583	0.412218	0.465503	0.456543	0.402567	0.022711	0.022417	0.035543	0.018474	0.0	0.0	0.0	0.0	0.0	0.0	0.0	0.0	0.042048	0.036208	0.03822	0.266103	0.279422	0.312829
k__Bacteria|p__Firmicutes|c__Clostridia|o__Eubacteriales|f__Oscillospiraceae|g__Ruminococcus|s__Ruminococcus_callidus	0.0	0.0	0.0	0.0	0.0	0.0	0.0	0.260931	0.277265	0.256167	0.273946	0.414841	0.424522	0.397088	0.0	0.0	0.0	0.0	0.0	0.0	0.0	0.0	0.047599	0.057388	0.057253	0.048729	0.416298	0.42761	0.443076	0.377644	0.0	0.0	0.0	0.0	0.0	0.0	0.0	0.0	0.138527	0.160424	0.139558	0.0	0.0	0.0
k__Bacteria|p__Firmicutes|c__CFGB93792|o__OFGB93792|f__FGB93792|g__GGB9524|s__GGB9524_SGB14923	0.0	0.0	0.0	0.0	0.0	0.0	0.0	0.242861	0.222202	0.236797	0.232712	0.001379	0.0	0.000767	0.0	0.0	0.0	0.0	0.051896	0.041417	0.047929	0.039897	0.0	0.0	0.0	0.0	0.0	0.0	0.0	0.0	0.0	0.0	0.0	0.0	0.0	0.0	0.0	0.0	0.0	0.0	0.0	0.0	0.0	0.0
k__Bacteria|p__Bacteroidota|c__Bacteroidia|o__Bacteroidales|f__Tannerellaceae|g__Parabacteroides|s__Parabacteroides_johnsonii	0.0	0.0	0.0	0.0	0.0	0.0	0.0	0.233012	0.228178	0.237295	0.290291	0.0	0.0	0.0	0.0	0.0	0.0	0.0	0.0	0.0	0.0	0.0	0.0	0.0	0.0	0.0	0.0	0.0	0.0	0.0	0.0	0.0	0.0	0.0	0.0	0.0	0.0	0.0	0.0	0.0	0.0	0.0	0.0	0.0
k__Bacteria|p__Firmicutes|c__Clostridia|o__Lachnospirales|f__Lachnospiraceae|g__Butyribacter|s__Butyribacter_intestini	0.0	0.0	0.0	0.0	0.0	0.0	0.0	0.156608	0.145506	0.1757	0.159938	0.0	0.0	0.0	0.0	0.0	0.0	0.0	0.0	0.0	0.0	0.0	0.0	0.0	0.0	0.0	0.0	0.0	0.0	0.0	0.0	0.0	0.0	0.0	0.105891	0.099798	0.123973	0.103708	0.0	0.0	0.0	0.0	0.0	0.0
k__Bacteria|p__Lentisphaerota|c__CFGB2378|o__OFGB2378|f__FGB2378|g__GGB6518|s__GGB6518_SGB9205	0.0	0.0	0.0	0.0	0.0	0.0	0.0	0.128056	0.097568	0.110665	0.124662	0.0	0.0	0.0	0.0	0.0	0.0	0.0	0.0	0.0	0.0	0.0	0.0	0.0	0.0	0.0	0.0	0.0	0.0	0.0	0.0	0.0	0.0	0.0	0.0	0.0	0.0	0.0	0.0	0.0	0.0	0.0	0.0	0.0
k__Bacteria|p__Firmicutes|c__CFGB79330|o__OFGB79330|f__FGB79330|g__GGB3001|s__GGB3001_SGB3992	0.0	0.0	0.0	0.0	0.0	0.0	0.0	0.119635	0.141703	0.103184	0.111684	0.0	0.0	0.0	0.0	0.0	0.0	0.0	0.0	0.0	0.0	0.0	0.0	0.0	0.0	0.0	0.0	0.0	0.0	0.0	0.0	0.0	0.0	0.0	0.0	0.0	0.0	0.0	0.0	0.0	0.0	0.0	0.0	0.0
k__Bacteria|p__Firmicutes|c__Clostridia|o__Eubacteriales|f__Oscillospiraceae|g__GGB9667|s__GGB9667_SGB15164	0.0	0.0	0.0	0.0	0.0	0.0	0.0	0.113433	0.073809	0.083542	0.102813	0.0	0.0	0.0	0.0	0.0	0.00146	0.0	0.0	0.0	0.0	0.0	0.0	0.0	0.0	0.0	0.0	0.0	0.0	0.0	0.0	0.0	0.0	0.0	0.0	0.0	0.0	0.0	0.009217	0.0	0.003803	0.0	0.0	0.0
k__Bacteria|p__Firmicutes|c__CFGB2834|o__OFGB2834|f__FGB2834|g__GGB9063|s__GGB9063_SGB13982	0.0	0.0	0.0	0.0	0.0	0.0	0.0	0.112074	0.132915	0.133401	0.116008	0.0	0.0	0.0	0.0	0.0	0.0	0.0	0.0	0.0	0.0	0.0	0.001465	0.0	0.0	0.0	0.0	0.0	0.0	0.0	0.0	0.0	0.0	0.0	0.0	0.0	0.0	0.0	0.0	0.0	0.0	0.0	0.0	0.0
k__Bacteria|p__Firmicutes|c__Clostridia|o__Eubacteriales|f__Eubacteriales_unclassified|g__Intestinimonas|s__Intestinimonas_butyriciproducens	0.0	0.0	0.0	0.0	0.0	0.0	0.0	0.097114	0.075553	0.078696	0.063853	0.235553	0.211962	0.264944	0.10673	0.067868	0.08116	0.069044	0.0	0.0	0.0	0.0	0.0	0.0	0.0	0.0	0.0	0.0	0.0	0.0	0.0	0.0	0.0	0.0	0.0	0.0	0.0	0.0	0.0	0.0	0.0	0.003643	0.017035	0.004347
k__Bacteria|p__Thermodesulfobacteriota|c__Desulfovibrionia|o__Desulfovibrionales|f__Desulfovibrionaceae|g__Desulfovibrio|s__Desulfovibrio_fairfieldensis	0.0	0.0	0.0	0.0	0.0	0.0	0.0	0.091524	0.061112	0.04993	0.084473	0.0	0.0	0.0	0.0	0.0	0.0	0.0	0.0	0.0	0.0	0.0	0.0	0.0	0.0	0.0	0.0	0.0	0.0	0.0	0.0	0.0	0.0	0.0	0.0	0.0	0.0	0.0	0.0	0.0	0.0	0.0	0.0	0.0
k__Bacteria|p__Firmicutes|c__CFGB1126|o__OFGB1126|f__FGB1126|g__GGB2848|s__GGB2848_SGB3813	0.0	0.0	0.0	0.0	0.0	0.0	0.0	0.088525	0.095848	0.07001	0.07344	0.0	0.0	0.0	0.0	0.0	0.0	0.0	0.0	0.0	0.0	0.0	0.0	0.0	0.0	0.0	0.0	0.0	0.0	0.0	0.0	0.0	0.0	0.0	0.0	0.0	0.0	0.0	0.0	0.001383	0.0	0.0	0.0	0.0
k__Bacteria|p__Firmicutes|c__Clostridia|o__Lachnospirales|f__Lachnospiraceae|g__Oliverpabstia|s__Oliverpabstia_intestinalis	0.0	0.0	0.0	0.0	0.0	0.0	0.0	0.085148	0.082427	0.062962	0.076901	0.382107	0.391735	0.392146	0.146984	0.176534	0.140995	0.143911	0.0	0.0	0.0	0.0	0.0	0.0	0.0	0.0	0.042606	0.024958	0.034184	0.030146	0.0	0.0	0.0	0.0	0.0	0.0	0.0	0.0	0.0	0.0	0.0	0.036072	0.029285	0.024051
k__Bacteria|p__Bacteroidota|c__Bacteroidia|o__Bacteroidales|f__Barnesiellaceae|g__Coprobacter|s__Coprobacter_fastidiosus	0.0	0.0	0.0	0.0	0.0	0.0	0.0	0.085138	0.097734	0.074068	0.089649	0.381605	0.425991	0.414945	0.0	0.0	0.0	0.0	0.0	0.0	0.0	0.0	0.013881	0.008661	0.003988	0.022361	0.0	0.0	0.0	0.0	0.0	0.0	0.0	0.0	0.0	0.0	0.0	0.0	0.0	0.0	0.0	0.221407	0.219875	0.247452
k__Bacteria|p__Firmicutes|c__Clostridia|o__Lachnospirales|f__Lachnospiraceae|g__Eisenbergiella|s__Eisenbergiella_tayi	0.0	0.0	0.0	0.0	0.0	0.0	0.0	0.078005	0.058733	0.0706	0.048739	0.0	0.0	0.0	0.0	0.0	0.0	0.0	0.0	0.0	0.0	0.0	0.0	0.0	0.0	0.0	0.0	0.0	0.0	0.0	0.0	0.0	0.0	0.0	0.0	0.0	0.0	0.0	0.0	0.0	0.0	0.0	0.0	0.0
k__Bacteria|p__Firmicutes|c__CFGB3023|o__OFGB3023|f__FGB3023|g__GGB9501|s__GGB9501_SGB14898	0.0	0.0	0.0	0.0	0.0	0.0	0.0	0.074649	0.098224	0.073983	0.090586	0.0	0.0	0.0	0.0	0.0	0.0	0.0	0.08048	0.078848	0.072945	0.093418	0.0	0.0	0.0	0.0	0.0	0.0	0.0	0.0	0.0	0.0	0.0	0.0	0.0	0.0	0.0	0.0	0.050769	0.04424	0.048053	0.008545	0.017175	0.013619
k__Bacteria|p__Firmicutes|c__Clostridia|o__Eubacteriales|f__Eubacteriales_unclassified|g__Flintibacter|s__Flintibacter_SGB15145	0.0	0.0	0.0	0.0	0.0	0.0	0.0	0.071676	0.081231	0.075497	0.051296	0.0	0.0	0.0	0.0	0.0	0.0	0.0	0.0	0.0	0.0	0.0	0.015551	0.023423	0.010226	0.021625	0.033271	0.017204	0.026357	0.01933	0.0	0.0	0.0	0.0	0.0	0.0	0.0	0.0	0.134264	0.135006	0.11536	0.0	0.0	0.0
k__Bacteria|p__Firmicutes|c__CFGB84486|o__OFGB84486|f__FGB84486|g__GGB3653|s__GGB3653_SGB4964	0.0	0.0	0.0	0.0	0.0	0.0	0.0	0.065979	0.08023	0.075045	0.075635	0.143379	0.138118	0.151023	0.0	0.0	0.0	0.0	0.015477	0.0342	0.033583	0.029057	0.007527	0.014154	0.018479	0.005403	0.0	0.0	0.0	0.0	0.0	0.0	0.0	0.0	0.0	0.0	0.0	0.0	0.003584	0.0	0.006982	0.026645	0.020106	0.022649
k__Bacteria|p__Firmicutes|c__Bacillota_unclassified|o__Bacillota_unclassified|f__Bacillota_unclassified|g__GGB9512|s__GGB9512_SGB14909	0.0	0.0	0.0	0.0	0.0	0.0	0.0	0.065491	0.063839	0.074071	0.064116	0.0	0.0	0.0	0.0	0.0	0.0	0.0	0.0	0.0	0.0	0.0	0.027711	0.02883	0.024074	0.025606	0.092141	0.065819	0.065364	0.055212	0.0	0.0	0.0	0.0	0.0	0.0	0.0	0.0	0.130438	0.117324	0.120733	0.0	0.0	0.0
k__Bacteria|p__Firmicutes|c__Clostridia|o__Eubacteriales|f__Oscillospiraceae|g__Oscillospiraceae_unclassified|s__Clostridium_leptum	0.0	0.0	0.0	0.0	0.0	0.0	0.0	0.063454	0.055608	0.060106	0.056909	0.030421	0.028409	0.014635	0.0	0.00082	0.0	0.0	0.0	0.0	0.0	0.0	0.0	0.0	0.0	0.0	0.0	0.0	0.0	0.0	0.0	0.0	0.0	0.0	0.0	0.0	0.0	0.0	0.0	0.0	0.0	0.051746	0.060525	0.066173
k__Bacteria|p__Firmicutes|c__Clostridia|o__Eubacteriales|f__Oscillospiraceae|g__Oscillibacter|s__Oscillibacter_valericigenes	0.0	0.0	0.0	0.0	0.0	0.0	0.0	0.052113	0.051876	0.028696	0.042811	0.0	0.0	0.0	0.0	0.0	0.0	0.0	0.010018	0.0	0.0	0.0	0.0	0.0	0.0	0.0	0.0	0.0	0.0	0.0	0.0	0.0	0.0	0.0	0.0	0.0	0.0	0.0	0.001152	0.00352	0.008334	0.0	0.0	0.0
k__Bacteria|p__Firmicutes|c__Clostridia|o__Eubacteriales|f__Oscillospiraceae|g__GGB9646|s__GGB9646_SGB15123	0.0	0.0	0.0	0.0	0.0	0.0	0.0	0.046412	0.058442	0.045325	0.049979	0.004638	0.000488	0.0	0.0	0.0	0.0	0.0	0.0	0.0	0.0	0.0	0.0	0.0	0.0	0.0	0.0	0.0	0.0	0.0	0.0	0.0	0.0	0.0	0.0	0.0	0.0	0.0	0.0	0.0	0.0	0.0	0.0	0.0
k__Bacteria|p__Firmicutes|c__Clostridia|o__Eubacteriales|f__Eubacteriaceae|g__Eubacteriaceae_unclassified|s__Eubacteriaceae_bacterium_Marseille_Q4139	0.0	0.0	0.0	0.0	0.0	0.0	0.0	0.032266	0.016096	0.0042	0.016376	0.0	0.0	0.0	0.0	0.0	0.0	0.0	0.0	0.0	0.0	0.0	0.0	0.0	0.0	0.0	0.0	0.0	0.0	0.0	0.0	0.0	0.0	0.0	0.0	0.0	0.0	0.0	0.0	0.0	0.0	0.0	0.0	0.0
k__Bacteria|p__Firmicutes|c__CFGB3038|o__OFGB3038|f__FGB3038|g__GGB9534|s__GGB9534_SGB14937	0.0	0.0	0.0	0.0	0.0	0.0	0.0	0.026079	0.037585	0.025122	0.011849	0.0	0.0	0.0	0.0	0.0	0.0	0.0	0.012198	0.0	0.0	0.0	0.0	0.0	0.000572	0.0	0.0	0.0	0.0	0.0	0.0	0.0	0.0	0.0	0.0	0.0	0.0	0.0	0.0	0.001817	0.0	0.0	0.0	0.0
k__Bacteria|p__Firmicutes|c__Clostridia|o__Eubacteriales|f__Clostridiaceae|g__GGB42637|s__GGB42637_SGB59834	0.0	0.0	0.0	0.0	0.0	0.0	0.0	0.025403	0.027268	0.02582	0.027457	0.0	0.0	0.0	0.0	0.0	0.0	0.0	0.0	0.0	0.0	0.0	0.0	0.0	0.0	0.0	0.0	0.0	0.0	0.0	0.0	0.0	0.0	0.0	0.0	0.0	0.0	0.0	0.0	0.002389	0.000838	0.0	0.0	0.0
k__Bacteria|p__Firmicutes|c__Clostridia|o__Lachnospirales|f__Anaerotignaceae|g__GGB3817|s__GGB3817_SGB5182	0.0	0.0	0.0	0.0	0.0	0.0	0.0	0.020136	0.028383	0.018284	0.037153	0.0	0.0	0.0	0.0	0.0	0.0	0.0	0.015551	0.010705	0.0	0.014022	0.0	0.0	0.0	0.0	0.0	0.0	0.0	0.0	0.0	0.0	0.0	0.0	0.0	0.0	0.0	0.0	0.0	0.0	0.0	0.0	0.0	0.0
k__Bacteria|p__Firmicutes|c__CFGB3038|o__OFGB3038|f__FGB3038|g__GGB33586|s__GGB33586_SGB53517	0.0	0.0	0.0	0.0	0.0	0.0	0.0	0.02006	0.020034	0.017817	0.01587	0.011602	0.014343	0.006495	0.0	0.0	0.0	0.0	0.033772	0.016024	0.020573	0.018637	0.0	0.0	0.0	0.0	0.0	0.0	0.0	0.0	0.0	0.0	0.0	0.0	0.0	0.0	0.0	0.0	0.0	0.000618	0.0	0.0	0.0	0.0
k__Bacteria|p__Firmicutes|c__Clostridia|o__Eubacteriales|f__Eubacteriaceae|g__Eubacterium|s__Eubacterium_ventriosum	0.0	0.0	0.0	0.0	0.0	0.0	0.0	0.017275	0.016876	0.010617	0.025398	0.0	0.0	0.0	0.009173	0.0	0.0	0.0	0.045626	0.029679	0.050765	0.041883	0.0	0.0	0.0	0.0	0.0	0.0	0.0	0.0	0.0	0.0	0.0	0.0	0.0	0.0	0.0	0.0	0.119234	0.124808	0.107299	0.011118	0.005387	0.004172
k__Bacteria|p__Firmicutes|c__Clostridia|o__Eubacteriales|f__Oscillospiraceae|g__Anaerotruncus|s__Anaerotruncus_massiliensis_ex_Liu_et_al_2021	0.0	0.0	0.0	0.0	0.0	0.0	0.0	0.016383	0.014603	0.013283	0.015151	0.0	0.0	0.0	0.0	0.0	0.0	0.0	0.0	0.0	0.0	0.0	0.0	0.0	0.0	0.0	0.0	0.0	0.0	0.0	0.0	0.0	0.0	0.0	0.0	0.0	0.0	0.0	0.0	0.0	0.0	0.0	0.0	0.0
k__Bacteria|p__Firmicutes|c__CFGB4605|o__OFGB4605|f__FGB4605|g__GGB13404|s__GGB13404_SGB14252	0.0	0.0	0.0	0.0	0.0	0.0	0.0	0.015926	0.013969	0.014174	0.020082	0.0	0.0	0.0	0.0	0.0	0.0	0.0	0.0	0.0	0.0	0.0	0.043124	0.047131	0.047932	0.02563	0.0	0.0	0.0	0.0	0.0	0.0	0.0	0.0	0.0	0.0	0.0	0.0	0.0	0.0	0.0018	0.0	0.0	0.0
k__Bacteria|p__Firmicutes|c__Erysipelotrichia|o__Erysipelotrichales|f__Erysipelotrichaceae|g__Longicatena|s__Longicatena_caecimuris	0.0	0.0	0.0	0.0	0.0	0.0	0.0	0.01576	0.0047	0.0	0.006128	0.0	0.0	0.0	0.0	0.0	0.0	0.0	0.0	0.0	0.0	0.0	0.0	0.0	0.0	0.0	0.0	0.0	0.0	0.0	0.0	0.0	0.0	0.0	0.0	0.0	0.0	0.0	0.0	0.0	0.0	0.0	0.0	0.0
k__Bacteria|p__Firmicutes|c__Clostridia|o__Eubacteriales|f__Oscillospiraceae|g__GGB9469|s__GGB9469_SGB14862	0.0	0.0	0.0	0.0	0.0	0.0	0.0	0.015302	0.020185	0.032295	0.02335	0.0	0.0	0.0	0.0	0.0	0.0	0.0	0.0	0.0	0.0	0.0	0.0	0.0	0.0	0.0	0.0	0.0	0.0	0.0	0.0	0.0	0.0	0.0	0.0	0.0	0.0	0.0	0.0	0.0	0.0	0.0	0.0	0.0
k__Bacteria|p__Firmicutes|c__Clostridia|o__Eubacteriales|f__Oscillospiraceae|g__Neglectibacter|s__Neglectibacter_timonensis	0.0	0.0	0.0	0.0	0.0	0.0	0.0	0.015151	0.013217	0.013357	0.006472	0.0	0.0	0.0	0.0	0.0	0.0	0.0	0.0	0.0	0.0	0.0	0.0	0.0	0.0	0.0	0.0	0.0	0.0	0.0	0.0	0.0	0.0	0.0	0.0	0.0	0.0	0.0	0.0	0.0	0.0	0.0	0.0	0.0
k__Bacteria|p__Firmicutes|c__CFGB73178|o__OFGB73178|f__FGB73178|g__GGB38029|s__GGB38029_SGB49188	0.0	0.0	0.0	0.0	0.0	0.0	0.0	0.013995	0.011519	0.016879	0.005534	0.0	0.0	0.0	0.0	0.0	0.0	0.0	0.043106	0.046522	0.037951	0.034789	0.049042	0.032244	0.031704	0.034438	0.0	0.0	0.0	0.0	0.0	0.0	0.0	0.0	0.0	0.0	0.0	0.0	0.015858	0.011441	0.011062	0.0	0.0	0.0
k__Bacteria|p__Firmicutes|c__Clostridia|o__Eubacteriales|f__Oscillospiraceae|g__GGB36331|s__GGB36331_SGB15121	0.0	0.0	0.0	0.0	0.0	0.0	0.0	0.013042	0.01103	0.002946	0.009495	0.0	0.0	0.0	0.0	0.0	0.0	0.0	0.050889	0.030831	0.02574	0.026969	0.0	0.0	0.0	0.0	0.0	0.0	0.0	0.0	0.0	0.0	0.0	0.0	0.0	0.0	0.0	0.0	0.0	0.0	0.0	0.0	0.0	0.0
k__Bacteria|p__Firmicutes|c__Clostridia|o__Lachnospirales|f__Lachnospiraceae|g__GGB42632|s__GGB42632_SGB59829	0.0	0.0	0.0	0.0	0.0	0.0	0.0	0.012713	0.00587	0.006533	0.007132	0.0	0.0	0.0	0.0	0.0	0.0	0.0	0.0	0.0	0.0	0.0	0.0	0.0	0.0	0.0	0.0	0.0	0.0	0.0	0.0	0.0	0.0	0.0	0.0	0.0	0.0	0.0	0.0	0.0	0.0	0.0	0.0	0.0
k__Bacteria|p__Firmicutes|c__Negativicutes|o__Veillonellales|f__Veillonellaceae|g__Dialister|s__Dialister_invisus	0.0	0.0	0.0	0.0	0.0	0.0	0.0	0.010342	0.00888	0.001867	0.006973	0.0	0.0	0.0	0.475424	0.444331	0.460306	0.444618	0.0	0.0	0.0	0.0	0.0	0.0	0.0	0.0	0.0	0.0	0.0	0.0	0.0	0.0	0.0	0.0	0.0	0.0	0.0	0.0	0.0	0.0	0.0	1.320629	1.312527	1.26233
k__Bacteria|p__Firmicutes|c__Clostridia|o__Peptostreptococcales|f__Peptostreptococcaceae|g__Intestinibacter|s__Intestinibacter_bartlettii	0.0	0.0	0.0	0.0	0.0	0.0	0.0	0.010107	0.014083	0.018537	0.014894	0.0	0.0	0.0	0.0	0.0	0.0	0.0	0.012086	0.018724	0.023946	0.0172	0.0	0.0	0.0	0.0	0.0	0.0	0.0	0.0	0.0	0.0	0.0	0.0	0.0	0.0	0.0	0.0	0.0	0.0	0.0	0.001997	0.003092	0.004476
k__Bacteria|p__Firmicutes|c__CFGB28941|o__OFGB28941|f__FGB28941|g__GGB101111|s__GGB101111_SGB144039	0.0	0.0	0.0	0.0	0.0	0.0	0.0	0.008853	0.012428	0.006439	0.006981	0.0	0.0	0.0	0.0	0.0	0.0	0.0	0.0	0.0	0.0	0.0	0.003116	0.003144	0.000871	0.0	0.0	0.0	0.0	0.0	0.0	0.0	0.0	0.0	0.0	0.0	0.0	0.0	0.0	0.0	0.0	0.0	0.0	0.0
k__Bacteria|p__Candidatus_Saccharibacteria|c__Candidatus_Saccharibacteria_unclassified|o__Candidatus_Saccharibacteria_unclassified|f__Candidatus_Saccharibacteria_unclassified|g__Candidatus_Saccharibacteria_unclassified|s__TM7_phylum_sp_oral_taxon_352	0.0	0.0	0.0	0.0	0.0	0.0	0.0	0.008369	0.0	0.0	0.0	0.0	0.0	0.0	0.0	0.0	0.0	0.0	0.0	0.0	0.0	0.0	0.0	0.0	0.0	0.0	0.0	0.0	0.0	0.0	0.0	0.0	0.0	0.0	0.0	0.0	0.0	0.0	0.0	0.0	0.0	0.0	0.0	0.0
k__Bacteria|p__Firmicutes|c__Erysipelotrichia|o__Erysipelotrichales|f__Coprobacillaceae|g__Thomasclavelia|s__Thomasclavelia_ramosa	0.0	0.0	0.0	0.0	0.0	0.0	0.0	0.006251	0.013683	0.004459	0.007842	0.0	0.0	0.0	0.0	0.0	0.0	0.0	0.0	0.0	0.0	0.0	0.0	0.0	0.0	0.0	0.0	0.0	0.0	0.0	0.0	0.0	0.0	0.0	0.016475	0.011662	0.011736	0.0	0.0	0.0	0.0	0.0	0.0	0.0
k__Bacteria|p__Firmicutes|c__Clostridia|o__Lachnospirales|f__Lachnospiraceae|g__Fusicatenibacter|s__Fusicatenibacter_faecihominis	0.0	0.0	0.0	0.0	0.0	0.0	0.0	0.005776	0.009695	0.0	0.0	0.0	0.0	0.0	0.0	0.0	0.0	0.0	0.0	0.0	0.0	0.0	0.0	0.0	0.0	0.0	0.0	0.0	0.0	0.0	0.0	0.0	0.0	0.0	0.0	0.0	0.0	0.0	0.0	0.0	0.0	0.0	0.0	0.0
k__Bacteria|p__Firmicutes|c__Erysipelotrichia|o__Erysipelotrichales|f__Coprobacillaceae|g__Thomasclavelia|s__Thomasclavelia_saccharogumia	0.0	0.0	0.0	0.0	0.0	0.0	0.0	0.004932	0.00648	0.0	0.005368	0.0	0.0	0.0	0.0	0.0	0.0	0.0	0.0	0.0	0.0	0.0	0.0	0.0	0.0	0.0	0.0	0.0	0.0	0.0	0.0	0.0	0.0	0.0	0.0	0.0	0.0	0.0	0.0	0.0	0.0	0.0	0.0	0.0
k__Bacteria|p__Firmicutes|c__Clostridia|o__Eubacteriales|f__Eubacteriales_Family_XIII_Incertae_Sedis|g__Lentihominibacter|s__Lentihominibacter_SGB71368	0.0	0.0	0.0	0.0	0.0	0.0	0.0	0.00475	0.010648	0.005383	0.002141	0.0	0.0	0.0	0.0	0.0	0.0	0.0	0.0	0.0	0.0	0.0	0.0	0.0	0.0	0.0	0.0	0.0	0.0	0.0	0.0	0.0	0.0	0.0	0.0	0.0	0.0	0.0	0.0	0.0	0.0	0.0	0.0	0.0
k__Bacteria|p__Firmicutes|c__Clostridia|o__Peptostreptococcales|f__Peptostreptococcaceae|g__Romboutsia|s__Romboutsia_timonensis	0.0	0.0	0.0	0.0	0.0	0.0	0.0	0.003604	0.010946	0.010672	0.000703	0.0	0.000701	0.0	0.0	0.0	0.0	0.0	0.0	0.0	0.0	0.0	0.001924	0.0	0.0	0.0	0.015864	0.012437	0.00775	0.00187	0.0	0.0	0.0	0.0	0.445094	0.389122	0.398548	0.373368	0.02204	0.035129	0.020059	0.0	0.0	0.0
k__Bacteria|p__Firmicutes|c__Erysipelotrichia|o__Erysipelotrichales|f__Erysipelotrichaceae|g__Holdemania|s__Holdemania_massiliensis	0.0	0.0	0.0	0.0	0.0	0.0	0.0	0.003472	0.003698	0.003267	0.0022	0.0	0.0	0.0	0.0	0.0	0.0	0.0	0.0	0.0	0.0	0.0	0.0	0.0	0.0	0.0	0.0	0.0	0.0	0.0	0.0	0.0	0.0	0.0	0.0	0.0	0.0	0.0	0.0	0.0	0.0	0.0	0.0	0.0
k__Bacteria|p__Firmicutes|c__Clostridia|o__Eubacteriales|f__Oscillospiraceae|g__Lawsonibacter|s__Lawsonibacter_asaccharolyticus	0.0	0.0	0.0	0.0	0.0	0.0	0.0	0.0034	0.0	0.0	0.0	0.0	0.0	0.0	0.191887	0.152816	0.148748	0.149956	0.048619	0.048797	0.055778	0.045652	0.183371	0.157357	0.137998	0.153076	0.0	0.0	0.001884	0.0	0.0	0.0	0.0	0.0	0.0	0.0	0.0	0.0	0.075637	0.072492	0.071077	0.0	0.000557	0.0
k__Bacteria|p__Firmicutes|c__Erysipelotrichia|o__Erysipelotrichales|f__Coprobacillaceae|g__Coprobacillus|s__Coprobacillus_cateniformis	0.0	0.0	0.0	0.0	0.0	0.0	0.0	0.000673	0.0	0.0	0.001579	0.0	0.0	0.0	0.0	0.0	0.0	0.0	0.0	0.0	0.0	0.0	0.0	0.0	0.0	0.0	0.0	0.0	0.0	0.0	0.0	0.0	0.0	0.0	0.0	0.0	0.0	0.0	0.0	0.0	0.0	0.0	0.0	0.0
k__Bacteria|p__Firmicutes|c__Clostridia|o__Eubacteriales|f__Oscillospiraceae|g__Pusillibacter|s__Pusillibacter_faecalis	0.0	0.0	0.0	0.0	0.0	0.0	0.0	0.000635	0.0	0.0	0.0	0.012392	0.0	0.0	0.0	0.0	0.0	0.0	0.0	0.0	0.0	0.0	0.0	0.0	0.0	0.0	0.0	0.0	0.0	0.0	0.0	0.0	0.0	0.0	0.0	0.0	0.0	0.0	0.0	0.0	0.0	0.0	0.0	0.0
k__Bacteria|p__Firmicutes|c__Clostridia|o__Eubacteriales|f__Oscillospiraceae|g__Lawsonibacter|s__Lawsonibacter_faecis	0.0	0.0	0.0	0.0	0.0	0.0	0.0	0.000305	0.0	0.0	0.0	0.0	0.0	0.0	0.0	0.0	0.0	0.0	0.084903	0.096579	0.078945	0.087109	0.0	0.0	0.0	0.0	0.0	0.0	0.0	0.0	0.0	0.0	0.0	0.0	0.0	0.0	0.0	0.0	0.0	0.0	0.0	0.0	0.0	0.0
k__Bacteria|p__Bacteroidota|c__Bacteroidia|o__Bacteroidales|f__Rikenellaceae|g__Alistipes|s__Alistipes_SGB2313|t__SGB2313	0.0	0.0	0.0	0.0	0.0	0.0	0.0	11.839336	11.29167	11.128772	10.941862	0.0	0.0	0.0	0.0	0.0	0.0	0.0	0.0	0.0	0.0	0.0	0.0	0.0	0.0	0.0	0.0	0.0	0.0	0.0	0.0	0.0	0.0	0.0	0.0	0.0	0.0	0.0	0.0	0.0	0.0	0.0	0.0	0.0
k__Bacteria|p__Bacteroidota|c__Bacteroidia|o__Bacteroidales|f__Rikenellaceae|g__Alistipes|s__Alistipes_putredinis|t__SGB2318	0.0	0.0	0.0	0.0	0.0	0.0	0.0	6.02093	5.884713	5.71003	5.786724	0.0	0.0	0.0	10.376481	10.033671	9.866041	10.012567	3.01688	2.930652	2.948086	2.941779	0.353809	0.327908	0.324792	0.315847	0.00656	0.017711	0.009756	0.020254	0.0	0.0	0.0	0.0	0.0	0.0	0.0	0.0	2.576455	2.598763	2.497938	5.617337	5.396493	5.186405
k__Bacteria|p__Bacteroidota|c__Bacteroidia|o__Bacteroidales|f__Bacteroidaceae|g__Bacteroides|s__Bacteroides_intestinalis|t__SGB1846	0.0	0.0	0.0	0.0	0.0	0.0	0.0	3.403695	3.5377	3.409755	3.379067	2.129232	2.249896	2.155236	0.0	0.0	0.0	0.0	0.0	0.0	0.0	0.0	0.0	0.0	0.0	0.0	0.0	0.0	0.0	0.0	0.0	0.0	0.0	0.0	4.146121	4.290786	4.021719	4.032543	0.0	0.0	0.0	0.0	0.0	0.0
k__Bacteria|p__Bacteroidota|c__Bacteroidia|o__Bacteroidales|f__Rikenellaceae|g__Alistipes|s__Alistipes_communis|t__SGB2290	0.0	0.0	0.0	0.0	0.0	0.0	0.0	2.806644	2.660232	2.601326	2.538279	0.0	0.0	0.0	0.0	0.0	0.0	0.0	0.215061	0.172744	0.194208	0.168624	0.177491	0.133035	0.148008	0.134646	0.251965	0.242053	0.244129	0.223307	0.310866	0.279085	0.017701	0.083607	0.0	0.0	0.0	0.0	0.254173	0.243864	0.258271	0.0	0.0	0.0
k__Bacteria|p__Firmicutes|c__Clostridia|o__Eubacteriales|f__Oscillospiraceae|g__Oscillospiraceae_unclassified|s__Eubacterium_siraeum|t__SGB4198	0.0	0.0	0.0	0.0	0.0	0.0	0.0	2.415128	2.40912	2.436121	2.450363	0.0	0.0	0.0	0.0	0.0	0.0	0.0	0.0	0.0	0.0	0.0	2.075116	2.066271	2.038434	2.081097	0.0	0.0	0.0	0.0	1.423756	1.554641	1.231168	1.390565	0.0	0.0	0.0	0.0	0.137384	0.105032	0.104756	0.0	0.0	0.0
k__Bacteria|p__Firmicutes|c__Clostridia|o__Eubacteriales|f__Oscillospiraceae|g__Ruminococcus|s__Ruminococcus_bicirculans_ex_Wegman_et_al_2014|t__SGB4262	0.0	0.0	0.0	0.0	0.0	0.0	0.0	2.364329	2.502331	2.377165	2.457798	0.628798	0.692529	0.633283	0.0	0.0	0.0	0.0	0.0	0.004767	0.0	0.0	0.012876	0.011796	0.013197	0.003337	0.0	0.0	0.0	0.0	0.0	0.0	0.0	0.0	0.217751	0.193288	0.19588	0.220646	0.573815	0.537873	0.507795	0.547898	0.579963	0.569372
k__Bacteria|p__Firmicutes|c__Clostridia|o__Eubacteriales|f__Oscillospiraceae|g__Vescimonas|s__Vescimonas_coprocola|t__SGB15089	0.0	0.0	0.0	0.0	0.0	0.0	0.0	1.540674	1.480372	1.50189	1.402991	0.245849	0.182509	0.179945	0.004578	0.011039	0.005903	0.011067	1.269076	1.143054	1.068593	1.110801	0.158055	0.162717	0.158386	0.154217	0.046332	0.059943	0.051023	0.048415	0.0	0.0	0.0	0.0	0.0	0.0	0.0	0.0	0.0	0.0	0.0	0.037502	0.042323	0.038275
k__Bacteria|p__Firmicutes|c__Clostridia|o__Eubacteriales|f__Oscillospiraceae|g__Ruminococcus|s__Ruminococcus_bromii|t__SGB4285	0.0	0.0	0.0	0.0	0.0	0.0	0.0	1.494718	1.568498	1.572158	1.552184	0.0	0.0	0.0	0.0	0.0	0.0	0.0	0.0	0.0	0.0	0.0	0.598886	0.600478	0.616206	0.572913	0.0	0.0	0.0	0.0	0.118693	0.070028	0.0	0.0	0.0	0.0	0.0	0.0	0.0	0.0	0.0	0.471021	0.50545	0.501632
k__Bacteria|p__Firmicutes|c__CFGB2834|o__OFGB2834|f__FGB2834|g__GGB9064|s__GGB9064_SGB13983|t__SGB13983	0.0	0.0	0.0	0.0	0.0	0.0	0.0	1.489228	1.576553	1.477169	1.596623	0.0	0.0	0.0	0.0	0.0	0.0	0.0	0.030892	0.037922	0.023066	0.027055	0.0	0.0	0.0	0.0	0.0	0.0	0.0	0.0	0.0	0.0	0.0	0.0	0.0	0.0	0.0	0.0	0.0	0.0	0.0	0.0	0.0	0.0
k__Bacteria|p__Bacteroidota|c__Bacteroidia|o__Bacteroidales|f__Bacteroidaceae|g__Bacteroides|s__Bacteroides_clarus|t__SGB1832	0.0	0.0	0.0	0.0	0.0	0.0	0.0	1.309979	1.335171	1.381953	1.388031	0.0	0.0	0.0	0.0	0.0	0.0	0.0	0.0	0.0	0.0	0.0	0.0	0.0	0.0	0.0	0.0	0.0	0.0	0.0	0.0	0.0	0.0	0.0	0.0	0.0	0.0	0.0	0.0	0.0	0.0	0.24837	0.246062	0.236416
k__Bacteria|p__Firmicutes|c__Clostridia|o__Eubacteriales|f__Eubacteriaceae|g__GGB3277|s__GGB3277_SGB4327|t__SGB4327	0.0	0.0	0.0	0.0	0.0	0.0	0.0	1.193476	1.257598	1.14103	1.232011	0.0	0.0	0.0	0.0	0.0	0.0	0.0	0.0	0.0	0.0	0.0	0.0	0.0	0.0	0.0	0.0	0.0	0.0	0.0	0.0	0.0	0.0	0.0	0.0	0.0	0.0	0.0	0.0	0.0	0.0	0.0	0.0	0.0
k__Bacteria|p__Verrucomicrobiota|c__Verrucomicrobiia|o__Verrucomicrobiales|f__Akkermansiaceae|g__Akkermansia|s__Akkermansia_muciniphila|t__SGB9226	0.0	0.0	0.0	0.0	0.0	0.0	0.0	0.919132	0.78032	0.816463	0.832327	0.0	0.0	0.0	0.0	0.0	0.0	0.0	2.250158	2.207572	2.154996	2.020012	0.0	0.0	0.0	0.0	0.0	0.0	0.0	0.0	0.0	0.0	0.0	0.0	0.0	0.0	0.0	0.0	0.621132	0.618505	0.588652	0.0	0.0	0.0
k__Bacteria|p__Firmicutes|c__Clostridia|o__Lachnospirales|f__Lachnospiraceae|g__Gallintestinimicrobium|s__Gallintestinimicrobium_propionicum|t__SGB4993	0.0	0.0	0.0	0.0	0.0	0.0	0.0	0.569149	0.56316	0.576316	0.617189	0.794849	0.812018	0.818315	0.0	0.0	0.0	0.0	0.131678	0.130767	0.108497	0.105674	0.016578	0.018318	0.017888	0.014396	0.0	0.0	0.0	0.0	0.0	0.0	0.0	0.0	0.0	0.0	0.0	0.0	0.210769	0.190204	0.217879	1.158233	1.03385	1.071093
k__Bacteria|p__Firmicutes|c__CFGB2840|o__OFGB2840|f__FGB2840|g__GGB9092|s__GGB9092_SGB14022|t__SGB14022	0.0	0.0	0.0	0.0	0.0	0.0	0.0	0.363339	0.394984	0.360494	0.39908	0.0	0.0	0.0	0.0	0.0	0.0	0.0	0.0	0.0	0.0	0.0	0.0	0.0	0.0	0.0	0.0	0.0	0.0	0.0	0.0	0.0	0.0	0.0	0.0	0.0	0.0	0.0	0.0	0.0	0.0	0.0	0.0	0.0
k__Bacteria|p__Bacteroidota|c__Bacteroidia|o__Bacteroidales|f__Rikenellaceae|g__Alistipes|s__Alistipes_hominis|t__SGB2326	0.0	0.0	0.0	0.0	0.0	0.0	0.0	0.340599	0.307711	0.350084	0.355837	0.0	0.0	0.0	0.0	0.0	0.0	0.0	0.0	0.0	0.0	0.0	0.06419	0.069566	0.04784	0.045096	0.010441	0.007235	0.008795	0.005975	0.0	0.0	0.0	0.0	0.215624	0.216424	0.216631	0.210588	0.171636	0.187885	0.203666	0.0	0.0	0.0
k__Bacteria|p__Candidatus_Melainabacteria|c__Candidatus_Melainabacteria_unclassified|o__Candidatus_Gastranaerophilales|f__Candidatus_Gastranaerophilales_unclassified|g__Candidatus_Gastranaerophilales_unclassified|s__Candidatus_Gastranaerophilales_bacterium|t__SGB8601	0.0	0.0	0.0	0.0	0.0	0.0	0.0	0.319402	0.328919	0.347447	0.35188	0.0	0.0	0.0	0.0	0.0	0.0	0.0	0.0	0.0	0.0	0.0	0.0	0.0	0.0	0.0	0.0	0.0	0.0	0.0	0.0	0.0	0.0	0.0	0.0	0.0	0.0	0.0	0.0	0.0	0.0	0.0	0.0	0.0
k__Bacteria|p__Firmicutes|c__CFGB79330|o__OFGB79330|f__FGB79330|g__GGB3005|s__GGB3005_SGB3996|t__SGB3996	0.0	0.0	0.0	0.0	0.0	0.0	0.0	0.285553	0.331819	0.285371	0.313994	0.0	0.0	0.0	0.0	0.0	0.0	0.0	0.0	0.0	0.0	0.0	0.0	0.0	0.0	0.0	0.0	0.0	0.0	0.0	0.0	0.0	0.0	0.0	0.0	0.0	0.0	0.0	0.0	0.0	0.0	0.0	0.0	0.0
k__Bacteria|p__Firmicutes|c__Clostridia|o__Eubacteriales|f__Clostridiaceae|g__Clostridium|s__Clostridium_sp_AM49_4BH|t__SGB4652	0.0	0.0	0.0	0.0	0.0	0.0	0.0	0.277421	0.262496	0.282612	0.27087	0.159508	0.147073	0.161136	0.108403	0.113154	0.111756	0.097567	0.053809	0.045719	0.047188	0.050583	0.412218	0.465503	0.456543	0.402567	0.022711	0.022417	0.035543	0.018474	0.0	0.0	0.0	0.0	0.0	0.0	0.0	0.0	0.042048	0.036208	0.03822	0.266103	0.279422	0.312829
k__Bacteria|p__Firmicutes|c__Clostridia|o__Eubacteriales|f__Oscillospiraceae|g__Ruminococcus|s__Ruminococcus_callidus|t__SGB4422	0.0	0.0	0.0	0.0	0.0	0.0	0.0	0.260931	0.277265	0.256167	0.273946	0.0	0.0	0.0	0.0	0.0	0.0	0.0	0.0	0.0	0.0	0.0	0.047599	0.057388	0.057253	0.048729	0.0	0.0	0.0	0.0	0.0	0.0	0.0	0.0	0.0	0.0	0.0	0.0	0.138527	0.160424	0.139558	0.0	0.0	0.0
k__Bacteria|p__Firmicutes|c__CFGB93792|o__OFGB93792|f__FGB93792|g__GGB9524|s__GGB9524_SGB14923|t__SGB14923	0.0	0.0	0.0	0.0	0.0	0.0	0.0	0.242861	0.222202	0.236797	0.232712	0.001379	0.0	0.000767	0.0	0.0	0.0	0.0	0.051896	0.041417	0.047929	0.039897	0.0	0.0	0.0	0.0	0.0	0.0	0.0	0.0	0.0	0.0	0.0	0.0	0.0	0.0	0.0	0.0	0.0	0.0	0.0	0.0	0.0	0.0
k__Bacteria|p__Bacteroidota|c__Bacteroidia|o__Bacteroidales|f__Tannerellaceae|g__Parabacteroides|s__Parabacteroides_johnsonii|t__SGB1948	0.0	0.0	0.0	0.0	0.0	0.0	0.0	0.233012	0.228178	0.237295	0.290291	0.0	0.0	0.0	0.0	0.0	0.0	0.0	0.0	0.0	0.0	0.0	0.0	0.0	0.0	0.0	0.0	0.0	0.0	0.0	0.0	0.0	0.0	0.0	0.0	0.0	0.0	0.0	0.0	0.0	0.0	0.0	0.0	0.0
k__Bacteria|p__Firmicutes|c__Clostridia|o__Lachnospirales|f__Lachnospiraceae|g__Butyribacter|s__Butyribacter_intestini|t__SGB4659	0.0	0.0	0.0	0.0	0.0	0.0	0.0	0.156608	0.145506	0.1757	0.159938	0.0	0.0	0.0	0.0	0.0	0.0	0.0	0.0	0.0	0.0	0.0	0.0	0.0	0.0	0.0	0.0	0.0	0.0	0.0	0.0	0.0	0.0	0.0	0.105891	0.099798	0.123973	0.103708	0.0	0.0	0.0	0.0	0.0	0.0
k__Bacteria|p__Lentisphaerota|c__CFGB2378|o__OFGB2378|f__FGB2378|g__GGB6518|s__GGB6518_SGB9205|t__SGB9205	0.0	0.0	0.0	0.0	0.0	0.0	0.0	0.128056	0.097568	0.110665	0.124662	0.0	0.0	0.0	0.0	0.0	0.0	0.0	0.0	0.0	0.0	0.0	0.0	0.0	0.0	0.0	0.0	0.0	0.0	0.0	0.0	0.0	0.0	0.0	0.0	0.0	0.0	0.0	0.0	0.0	0.0	0.0	0.0	0.0
k__Bacteria|p__Firmicutes|c__CFGB79330|o__OFGB79330|f__FGB79330|g__GGB3001|s__GGB3001_SGB3992|t__SGB3992	0.0	0.0	0.0	0.0	0.0	0.0	0.0	0.119635	0.141703	0.103184	0.111684	0.0	0.0	0.0	0.0	0.0	0.0	0.0	0.0	0.0	0.0	0.0	0.0	0.0	0.0	0.0	0.0	0.0	0.0	0.0	0.0	0.0	0.0	0.0	0.0	0.0	0.0	0.0	0.0	0.0	0.0	0.0	0.0	0.0
k__Bacteria|p__Firmicutes|c__Clostridia|o__Eubacteriales|f__Oscillospiraceae|g__GGB9667|s__GGB9667_SGB15164|t__SGB15164	0.0	0.0	0.0	0.0	0.0	0.0	0.0	0.113433	0.073809	0.083542	0.102813	0.0	0.0	0.0	0.0	0.0	0.00146	0.0	0.0	0.0	0.0	0.0	0.0	0.0	0.0	0.0	0.0	0.0	0.0	0.0	0.0	0.0	0.0	0.0	0.0	0.0	0.0	0.0	0.009217	0.0	0.003803	0.0	0.0	0.0
k__Bacteria|p__Firmicutes|c__CFGB2834|o__OFGB2834|f__FGB2834|g__GGB9063|s__GGB9063_SGB13982|t__SGB13982	0.0	0.0	0.0	0.0	0.0	0.0	0.0	0.112074	0.132915	0.133401	0.116008	0.0	0.0	0.0	0.0	0.0	0.0	0.0	0.0	0.0	0.0	0.0	0.001465	0.0	0.0	0.0	0.0	0.0	0.0	0.0	0.0	0.0	0.0	0.0	0.0	0.0	0.0	0.0	0.0	0.0	0.0	0.0	0.0	0.0
k__Bacteria|p__Firmicutes|c__Clostridia|o__Eubacteriales|f__Eubacteriales_unclassified|g__Intestinimonas|s__Intestinimonas_butyriciproducens|t__SGB15126	0.0	0.0	0.0	0.0	0.0	0.0	0.0	0.097114	0.075553	0.078696	0.063853	0.235553	0.211962	0.264944	0.10673	0.067868	0.08116	0.069044	0.0	0.0	0.0	0.0	0.0	0.0	0.0	0.0	0.0	0.0	0.0	0.0	0.0	0.0	0.0	0.0	0.0	0.0	0.0	0.0	0.0	0.0	0.0	0.003643	0.017035	0.004347
k__Bacteria|p__Thermodesulfobacteriota|c__Desulfovibrionia|o__Desulfovibrionales|f__Desulfovibrionaceae|g__Desulfovibrio|s__Desulfovibrio_fairfieldensis|t__SGB15470	0.0	0.0	0.0	0.0	0.0	0.0	0.0	0.091524	0.061112	0.04993	0.084473	0.0	0.0	0.0	0.0	0.0	0.0	0.0	0.0	0.0	0.0	0.0	0.0	0.0	0.0	0.0	0.0	0.0	0.0	0.0	0.0	0.0	0.0	0.0	0.0	0.0	0.0	0.0	0.0	0.0	0.0	0.0	0.0	0.0
k__Bacteria|p__Firmicutes|c__CFGB1126|o__OFGB1126|f__FGB1126|g__GGB2848|s__GGB2848_SGB3813|t__SGB3813	0.0	0.0	0.0	0.0	0.0	0.0	0.0	0.088525	0.095848	0.07001	0.07344	0.0	0.0	0.0	0.0	0.0	0.0	0.0	0.0	0.0	0.0	0.0	0.0	0.0	0.0	0.0	0.0	0.0	0.0	0.0	0.0	0.0	0.0	0.0	0.0	0.0	0.0	0.0	0.0	0.001383	0.0	0.0	0.0	0.0
k__Bacteria|p__Firmicutes|c__Clostridia|o__Lachnospirales|f__Lachnospiraceae|g__Oliverpabstia|s__Oliverpabstia_intestinalis|t__SGB4868	0.0	0.0	0.0	0.0	0.0	0.0	0.0	0.085148	0.082427	0.062962	0.076901	0.382107	0.391735	0.392146	0.146984	0.176534	0.140995	0.143911	0.0	0.0	0.0	0.0	0.0	0.0	0.0	0.0	0.042606	0.024958	0.034184	0.030146	0.0	0.0	0.0	0.0	0.0	0.0	0.0	0.0	0.0	0.0	0.0	0.036072	0.029285	0.024051
k__Bacteria|p__Bacteroidota|c__Bacteroidia|o__Bacteroidales|f__Barnesiellaceae|g__Coprobacter|s__Coprobacter_fastidiosus|t__SGB1963	0.0	0.0	0.0	0.0	0.0	0.0	0.0	0.085138	0.097734	0.074068	0.089649	0.381605	0.425991	0.414945	0.0	0.0	0.0	0.0	0.0	0.0	0.0	0.0	0.013881	0.008661	0.003988	0.022361	0.0	0.0	0.0	0.0	0.0	0.0	0.0	0.0	0.0	0.0	0.0	0.0	0.0	0.0	0.0	0.221407	0.219875	0.247452
k__Bacteria|p__Firmicutes|c__Clostridia|o__Lachnospirales|f__Lachnospiraceae|g__Eisenbergiella|s__Eisenbergiella_tayi|t__SGB4988	0.0	0.0	0.0	0.0	0.0	0.0	0.0	0.078005	0.058733	0.0706	0.048739	0.0	0.0	0.0	0.0	0.0	0.0	0.0	0.0	0.0	0.0	0.0	0.0	0.0	0.0	0.0	0.0	0.0	0.0	0.0	0.0	0.0	0.0	0.0	0.0	0.0	0.0	0.0	0.0	0.0	0.0	0.0	0.0	0.0
k__Bacteria|p__Firmicutes|c__CFGB3023|o__OFGB3023|f__FGB3023|g__GGB9501|s__GGB9501_SGB14898|t__SGB14898	0.0	0.0	0.0	0.0	0.0	0.0	0.0	0.074649	0.098224	0.073983	0.090586	0.0	0.0	0.0	0.0	0.0	0.0	0.0	0.08048	0.078848	0.072945	0.093418	0.0	0.0	0.0	0.0	0.0	0.0	0.0	0.0	0.0	0.0	0.0	0.0	0.0	0.0	0.0	0.0	0.050769	0.04424	0.048053	0.008545	0.017175	0.013619
k__Bacteria|p__Firmicutes|c__Clostridia|o__Eubacteriales|f__Eubacteriales_unclassified|g__Flintibacter|s__Flintibacter_SGB15145|t__SGB15145	0.0	0.0	0.0	0.0	0.0	0.0	0.0	0.071676	0.081231	0.075497	0.051296	0.0	0.0	0.0	0.0	0.0	0.0	0.0	0.0	0.0	0.0	0.0	0.015551	0.023423	0.010226	0.021625	0.033271	0.017204	0.026357	0.01933	0.0	0.0	0.0	0.0	0.0	0.0	0.0	0.0	0.134264	0.135006	0.11536	0.0	0.0	0.0
k__Bacteria|p__Firmicutes|c__CFGB84486|o__OFGB84486|f__FGB84486|g__GGB3653|s__GGB3653_SGB4964|t__SGB4964	0.0	0.0	0.0	0.0	0.0	0.0	0.0	0.065979	0.08023	0.075045	0.075635	0.143379	0.138118	0.151023	0.0	0.0	0.0	0.0	0.015477	0.0342	0.033583	0.029057	0.007527	0.014154	0.018479	0.005403	0.0	0.0	0.0	0.0	0.0	0.0	0.0	0.0	0.0	0.0	0.0	0.0	0.003584	0.0	0.006982	0.026645	0.020106	0.022649
k__Bacteria|p__Firmicutes|c__Bacillota_unclassified|o__Bacillota_unclassified|f__Bacillota_unclassified|g__GGB9512|s__GGB9512_SGB14909|t__SGB14909	0.0	0.0	0.0	0.0	0.0	0.0	0.0	0.065491	0.063839	0.074071	0.064116	0.0	0.0	0.0	0.0	0.0	0.0	0.0	0.0	0.0	0.0	0.0	0.027711	0.02883	0.024074	0.025606	0.092141	0.065819	0.065364	0.055212	0.0	0.0	0.0	0.0	0.0	0.0	0.0	0.0	0.130438	0.117324	0.120733	0.0	0.0	0.0
k__Bacteria|p__Firmicutes|c__Clostridia|o__Eubacteriales|f__Oscillospiraceae|g__Oscillospiraceae_unclassified|s__Clostridium_leptum|t__SGB14853	0.0	0.0	0.0	0.0	0.0	0.0	0.0	0.063454	0.055608	0.060106	0.056909	0.030421	0.028409	0.014635	0.0	0.00082	0.0	0.0	0.0	0.0	0.0	0.0	0.0	0.0	0.0	0.0	0.0	0.0	0.0	0.0	0.0	0.0	0.0	0.0	0.0	0.0	0.0	0.0	0.0	0.0	0.0	0.051746	0.060525	0.066173
k__Bacteria|p__Firmicutes|c__Clostridia|o__Eubacteriales|f__Oscillospiraceae|g__Oscillibacter|s__Oscillibacter_valericigenes|t__SGB15076	0.0	0.0	0.0	0.0	0.0	0.0	0.0	0.052113	0.051876	0.028696	0.042811	0.0	0.0	0.0	0.0	0.0	0.0	0.0	0.010018	0.0	0.0	0.0	0.0	0.0	0.0	0.0	0.0	0.0	0.0	0.0	0.0	0.0	0.0	0.0	0.0	0.0	0.0	0.0	0.001152	0.00352	0.008334	0.0	0.0	0.0
k__Bacteria|p__Firmicutes|c__Clostridia|o__Eubacteriales|f__Oscillospiraceae|g__GGB9646|s__GGB9646_SGB15123|t__SGB15123	0.0	0.0	0.0	0.0	0.0	0.0	0.0	0.046412	0.058442	0.045325	0.049979	0.004638	0.000488	0.0	0.0	0.0	0.0	0.0	0.0	0.0	0.0	0.0	0.0	0.0	0.0	0.0	0.0	0.0	0.0	0.0	0.0	0.0	0.0	0.0	0.0	0.0	0.0	0.0	0.0	0.0	0.0	0.0	0.0	0.0
k__Bacteria|p__Firmicutes|c__Clostridia|o__Eubacteriales|f__Eubacteriaceae|g__Eubacteriaceae_unclassified|s__Eubacteriaceae_bacterium_Marseille_Q4139|t__SGB4718	0.0	0.0	0.0	0.0	0.0	0.0	0.0	0.032266	0.016096	0.0042	0.016376	0.0	0.0	0.0	0.0	0.0	0.0	0.0	0.0	0.0	0.0	0.0	0.0	0.0	0.0	0.0	0.0	0.0	0.0	0.0	0.0	0.0	0.0	0.0	0.0	0.0	0.0	0.0	0.0	0.0	0.0	0.0	0.0	0.0
k__Bacteria|p__Firmicutes|c__CFGB3038|o__OFGB3038|f__FGB3038|g__GGB9534|s__GGB9534_SGB14937|t__SGB14937	0.0	0.0	0.0	0.0	0.0	0.0	0.0	0.026079	0.037585	0.025122	0.011849	0.0	0.0	0.0	0.0	0.0	0.0	0.0	0.012198	0.0	0.0	0.0	0.0	0.0	0.000572	0.0	0.0	0.0	0.0	0.0	0.0	0.0	0.0	0.0	0.0	0.0	0.0	0.0	0.0	0.001817	0.0	0.0	0.0	0.0
k__Bacteria|p__Firmicutes|c__Clostridia|o__Eubacteriales|f__Clostridiaceae|g__GGB42637|s__GGB42637_SGB59834|t__SGB59834	0.0	0.0	0.0	0.0	0.0	0.0	0.0	0.025403	0.027268	0.02582	0.027457	0.0	0.0	0.0	0.0	0.0	0.0	0.0	0.0	0.0	0.0	0.0	0.0	0.0	0.0	0.0	0.0	0.0	0.0	0.0	0.0	0.0	0.0	0.0	0.0	0.0	0.0	0.0	0.0	0.002389	0.000838	0.0	0.0	0.0
k__Bacteria|p__Firmicutes|c__Clostridia|o__Lachnospirales|f__Anaerotignaceae|g__GGB3817|s__GGB3817_SGB5182|t__SGB5182	0.0	0.0	0.0	0.0	0.0	0.0	0.0	0.020136	0.028383	0.018284	0.037153	0.0	0.0	0.0	0.0	0.0	0.0	0.0	0.015551	0.010705	0.0	0.014022	0.0	0.0	0.0	0.0	0.0	0.0	0.0	0.0	0.0	0.0	0.0	0.0	0.0	0.0	0.0	0.0	0.0	0.0	0.0	0.0	0.0	0.0
k__Bacteria|p__Firmicutes|c__CFGB3038|o__OFGB3038|f__FGB3038|g__GGB33586|s__GGB33586_SGB53517|t__SGB53517	0.0	0.0	0.0	0.0	0.0	0.0	0.0	0.02006	0.020034	0.017817	0.01587	0.011602	0.014343	0.006495	0.0	0.0	0.0	0.0	0.033772	0.016024	0.020573	0.018637	0.0	0.0	0.0	0.0	0.0	0.0	0.0	0.0	0.0	0.0	0.0	0.0	0.0	0.0	0.0	0.0	0.0	0.000618	0.0	0.0	0.0	0.0
k__Bacteria|p__Firmicutes|c__Clostridia|o__Eubacteriales|f__Eubacteriaceae|g__Eubacterium|s__Eubacterium_ventriosum|t__SGB5045	0.0	0.0	0.0	0.0	0.0	0.0	0.0	0.017275	0.016876	0.010617	0.025398	0.0	0.0	0.0	0.009173	0.0	0.0	0.0	0.045626	0.029679	0.050765	0.041883	0.0	0.0	0.0	0.0	0.0	0.0	0.0	0.0	0.0	0.0	0.0	0.0	0.0	0.0	0.0	0.0	0.119234	0.124808	0.107299	0.011118	0.005387	0.004172
k__Bacteria|p__Firmicutes|c__Clostridia|o__Eubacteriales|f__Oscillospiraceae|g__Anaerotruncus|s__Anaerotruncus_massiliensis_ex_Liu_et_al_2021|t__SGB14965	0.0	0.0	0.0	0.0	0.0	0.0	0.0	0.016383	0.014603	0.013283	0.015151	0.0	0.0	0.0	0.0	0.0	0.0	0.0	0.0	0.0	0.0	0.0	0.0	0.0	0.0	0.0	0.0	0.0	0.0	0.0	0.0	0.0	0.0	0.0	0.0	0.0	0.0	0.0	0.0	0.0	0.0	0.0	0.0	0.0
k__Bacteria|p__Firmicutes|c__CFGB4605|o__OFGB4605|f__FGB4605|g__GGB13404|s__GGB13404_SGB14252|t__SGB14252	0.0	0.0	0.0	0.0	0.0	0.0	0.0	0.015926	0.013969	0.014174	0.020082	0.0	0.0	0.0	0.0	0.0	0.0	0.0	0.0	0.0	0.0	0.0	0.043124	0.047131	0.047932	0.02563	0.0	0.0	0.0	0.0	0.0	0.0	0.0	0.0	0.0	0.0	0.0	0.0	0.0	0.0	0.0018	0.0	0.0	0.0
k__Bacteria|p__Firmicutes|c__Erysipelotrichia|o__Erysipelotrichales|f__Erysipelotrichaceae|g__Longicatena|s__Longicatena_caecimuris|t__SGB4041	0.0	0.0	0.0	0.0	0.0	0.0	0.0	0.01576	0.0047	0.0	0.006128	0.0	0.0	0.0	0.0	0.0	0.0	0.0	0.0	0.0	0.0	0.0	0.0	0.0	0.0	0.0	0.0	0.0	0.0	0.0	0.0	0.0	0.0	0.0	0.0	0.0	0.0	0.0	0.0	0.0	0.0	0.0	0.0	0.0
k__Bacteria|p__Firmicutes|c__Clostridia|o__Eubacteriales|f__Oscillospiraceae|g__GGB9469|s__GGB9469_SGB14862|t__SGB14862	0.0	0.0	0.0	0.0	0.0	0.0	0.0	0.015302	0.020185	0.032295	0.02335	0.0	0.0	0.0	0.0	0.0	0.0	0.0	0.0	0.0	0.0	0.0	0.0	0.0	0.0	0.0	0.0	0.0	0.0	0.0	0.0	0.0	0.0	0.0	0.0	0.0	0.0	0.0	0.0	0.0	0.0	0.0	0.0	0.0
k__Bacteria|p__Firmicutes|c__Clostridia|o__Eubacteriales|f__Oscillospiraceae|g__Neglectibacter|s__Neglectibacter_timonensis|t__SGB14851	0.0	0.0	0.0	0.0	0.0	0.0	0.0	0.015151	0.013217	0.013357	0.006472	0.0	0.0	0.0	0.0	0.0	0.0	0.0	0.0	0.0	0.0	0.0	0.0	0.0	0.0	0.0	0.0	0.0	0.0	0.0	0.0	0.0	0.0	0.0	0.0	0.0	0.0	0.0	0.0	0.0	0.0	0.0	0.0	0.0
k__Bacteria|p__Firmicutes|c__CFGB73178|o__OFGB73178|f__FGB73178|g__GGB38029|s__GGB38029_SGB49188|t__SGB49188	0.0	0.0	0.0	0.0	0.0	0.0	0.0	0.013995	0.011519	0.016879	0.005534	0.0	0.0	0.0	0.0	0.0	0.0	0.0	0.043106	0.046522	0.037951	0.034789	0.049042	0.032244	0.031704	0.034438	0.0	0.0	0.0	0.0	0.0	0.0	0.0	0.0	0.0	0.0	0.0	0.0	0.015858	0.011441	0.011062	0.0	0.0	0.0
k__Bacteria|p__Firmicutes|c__Clostridia|o__Eubacteriales|f__Oscillospiraceae|g__GGB36331|s__GGB36331_SGB15121|t__SGB15121	0.0	0.0	0.0	0.0	0.0	0.0	0.0	0.013042	0.01103	0.002946	0.009495	0.0	0.0	0.0	0.0	0.0	0.0	0.0	0.050889	0.030831	0.02574	0.026969	0.0	0.0	0.0	0.0	0.0	0.0	0.0	0.0	0.0	0.0	0.0	0.0	0.0	0.0	0.0	0.0	0.0	0.0	0.0	0.0	0.0	0.0
k__Bacteria|p__Firmicutes|c__Clostridia|o__Lachnospirales|f__Lachnospiraceae|g__GGB42632|s__GGB42632_SGB59829|t__SGB59829	0.0	0.0	0.0	0.0	0.0	0.0	0.0	0.012713	0.00587	0.006533	0.007132	0.0	0.0	0.0	0.0	0.0	0.0	0.0	0.0	0.0	0.0	0.0	0.0	0.0	0.0	0.0	0.0	0.0	0.0	0.0	0.0	0.0	0.0	0.0	0.0	0.0	0.0	0.0	0.0	0.0	0.0	0.0	0.0	0.0
k__Bacteria|p__Firmicutes|c__Negativicutes|o__Veillonellales|f__Veillonellaceae|g__Dialister|s__Dialister_invisus|t__SGB5825	0.0	0.0	0.0	0.0	0.0	0.0	0.0	0.010342	0.00888	0.001867	0.006973	0.0	0.0	0.0	0.475424	0.444331	0.460306	0.444618	0.0	0.0	0.0	0.0	0.0	0.0	0.0	0.0	0.0	0.0	0.0	0.0	0.0	0.0	0.0	0.0	0.0	0.0	0.0	0.0	0.0	0.0	0.0	1.320629	1.312527	1.26233
k__Bacteria|p__Firmicutes|c__Clostridia|o__Peptostreptococcales|f__Peptostreptococcaceae|g__Intestinibacter|s__Intestinibacter_bartlettii|t__SGB6140	0.0	0.0	0.0	0.0	0.0	0.0	0.0	0.010107	0.014083	0.018537	0.014894	0.0	0.0	0.0	0.0	0.0	0.0	0.0	0.012086	0.018724	0.023946	0.0172	0.0	0.0	0.0	0.0	0.0	0.0	0.0	0.0	0.0	0.0	0.0	0.0	0.0	0.0	0.0	0.0	0.0	0.0	0.0	0.001997	0.003092	0.004476
k__Bacteria|p__Firmicutes|c__CFGB28941|o__OFGB28941|f__FGB28941|g__GGB101111|s__GGB101111_SGB144039|t__SGB144039	0.0	0.0	0.0	0.0	0.0	0.0	0.0	0.008853	0.012428	0.006439	0.006981	0.0	0.0	0.0	0.0	0.0	0.0	0.0	0.0	0.0	0.0	0.0	0.003116	0.003144	0.000871	0.0	0.0	0.0	0.0	0.0	0.0	0.0	0.0	0.0	0.0	0.0	0.0	0.0	0.0	0.0	0.0	0.0	0.0	0.0
k__Bacteria|p__Candidatus_Saccharibacteria|c__Candidatus_Saccharibacteria_unclassified|o__Candidatus_Saccharibacteria_unclassified|f__Candidatus_Saccharibacteria_unclassified|g__Candidatus_Saccharibacteria_unclassified|s__TM7_phylum_sp_oral_taxon_352|t__SGB19860_group	0.0	0.0	0.0	0.0	0.0	0.0	0.0	0.008369	0.0	0.0	0.0	0.0	0.0	0.0	0.0	0.0	0.0	0.0	0.0	0.0	0.0	0.0	0.0	0.0	0.0	0.0	0.0	0.0	0.0	0.0	0.0	0.0	0.0	0.0	0.0	0.0	0.0	0.0	0.0	0.0	0.0	0.0	0.0	0.0
k__Bacteria|p__Firmicutes|c__Erysipelotrichia|o__Erysipelotrichales|f__Coprobacillaceae|g__Thomasclavelia|s__Thomasclavelia_ramosa|t__SGB6744	0.0	0.0	0.0	0.0	0.0	0.0	0.0	0.006251	0.013683	0.004459	0.007842	0.0	0.0	0.0	0.0	0.0	0.0	0.0	0.0	0.0	0.0	0.0	0.0	0.0	0.0	0.0	0.0	0.0	0.0	0.0	0.0	0.0	0.0	0.0	0.016475	0.011662	0.011736	0.0	0.0	0.0	0.0	0.0	0.0	0.0
k__Bacteria|p__Firmicutes|c__Clostridia|o__Lachnospirales|f__Lachnospiraceae|g__Fusicatenibacter|s__Fusicatenibacter_faecihominis|t__SGB4780	0.0	0.0	0.0	0.0	0.0	0.0	0.0	0.005776	0.009695	0.0	0.0	0.0	0.0	0.0	0.0	0.0	0.0	0.0	0.0	0.0	0.0	0.0	0.0	0.0	0.0	0.0	0.0	0.0	0.0	0.0	0.0	0.0	0.0	0.0	0.0	0.0	0.0	0.0	0.0	0.0	0.0	0.0	0.0	0.0
k__Bacteria|p__Firmicutes|c__Erysipelotrichia|o__Erysipelotrichales|f__Coprobacillaceae|g__Thomasclavelia|s__Thomasclavelia_saccharogumia|t__SGB6749	0.0	0.0	0.0	0.0	0.0	0.0	0.0	0.004932	0.00648	0.0	0.005368	0.0	0.0	0.0	0.0	0.0	0.0	0.0	0.0	0.0	0.0	0.0	0.0	0.0	0.0	0.0	0.0	0.0	0.0	0.0	0.0	0.0	0.0	0.0	0.0	0.0	0.0	0.0	0.0	0.0	0.0	0.0	0.0	0.0
k__Bacteria|p__Firmicutes|c__Clostridia|o__Eubacteriales|f__Eubacteriales_Family_XIII_Incertae_Sedis|g__Lentihominibacter|s__Lentihominibacter_SGB71368|t__SGB71368	0.0	0.0	0.0	0.0	0.0	0.0	0.0	0.00475	0.010648	0.005383	0.002141	0.0	0.0	0.0	0.0	0.0	0.0	0.0	0.0	0.0	0.0	0.0	0.0	0.0	0.0	0.0	0.0	0.0	0.0	0.0	0.0	0.0	0.0	0.0	0.0	0.0	0.0	0.0	0.0	0.0	0.0	0.0	0.0	0.0
k__Bacteria|p__Firmicutes|c__Clostridia|o__Peptostreptococcales|f__Peptostreptococcaceae|g__Romboutsia|s__Romboutsia_timonensis|t__SGB6148	0.0	0.0	0.0	0.0	0.0	0.0	0.0	0.003604	0.010946	0.010672	0.000703	0.0	0.000701	0.0	0.0	0.0	0.0	0.0	0.0	0.0	0.0	0.0	0.001924	0.0	0.0	0.0	0.015864	0.012437	0.00775	0.00187	0.0	0.0	0.0	0.0	0.445094	0.389122	0.398548	0.373368	0.02204	0.035129	0.020059	0.0	0.0	0.0
k__Bacteria|p__Firmicutes|c__Erysipelotrichia|o__Erysipelotrichales|f__Erysipelotrichaceae|g__Holdemania|s__Holdemania_massiliensis|t__SGB4044	0.0	0.0	0.0	0.0	0.0	0.0	0.0	0.003472	0.003698	0.003267	0.0022	0.0	0.0	0.0	0.0	0.0	0.0	0.0	0.0	0.0	0.0	0.0	0.0	0.0	0.0	0.0	0.0	0.0	0.0	0.0	0.0	0.0	0.0	0.0	0.0	0.0	0.0	0.0	0.0	0.0	0.0	0.0	0.0	0.0
k__Bacteria|p__Firmicutes|c__Clostridia|o__Eubacteriales|f__Oscillospiraceae|g__Lawsonibacter|s__Lawsonibacter_asaccharolyticus|t__SGB15154	0.0	0.0	0.0	0.0	0.0	0.0	0.0	0.0034	0.0	0.0	0.0	0.0	0.0	0.0	0.191887	0.152816	0.148748	0.149956	0.048619	0.048797	0.055778	0.045652	0.183371	0.157357	0.137998	0.153076	0.0	0.0	0.001884	0.0	0.0	0.0	0.0	0.0	0.0	0.0	0.0	0.0	0.075637	0.072492	0.071077	0.0	0.000557	0.0
k__Bacteria|p__Firmicutes|c__Erysipelotrichia|o__Erysipelotrichales|f__Coprobacillaceae|g__Coprobacillus|s__Coprobacillus_cateniformis|t__SGB6771	0.0	0.0	0.0	0.0	0.0	0.0	0.0	0.000673	0.0	0.0	0.001579	0.0	0.0	0.0	0.0	0.0	0.0	0.0	0.0	0.0	0.0	0.0	0.0	0.0	0.0	0.0	0.0	0.0	0.0	0.0	0.0	0.0	0.0	0.0	0.0	0.0	0.0	0.0	0.0	0.0	0.0	0.0	0.0	0.0
k__Bacteria|p__Firmicutes|c__Clostridia|o__Eubacteriales|f__Oscillospiraceae|g__Pusillibacter|s__Pusillibacter_faecalis|t__SGB15124	0.0	0.0	0.0	0.0	0.0	0.0	0.0	0.000635	0.0	0.0	0.0	0.012392	0.0	0.0	0.0	0.0	0.0	0.0	0.0	0.0	0.0	0.0	0.0	0.0	0.0	0.0	0.0	0.0	0.0	0.0	0.0	0.0	0.0	0.0	0.0	0.0	0.0	0.0	0.0	0.0	0.0	0.0	0.0	0.0
k__Bacteria|p__Firmicutes|c__Clostridia|o__Eubacteriales|f__Oscillospiraceae|g__Lawsonibacter|s__Lawsonibacter_faecis|t__SGB15125	0.0	0.0	0.0	0.0	0.0	0.0	0.0	0.000305	0.0	0.0	0.0	0.0	0.0	0.0	0.0	0.0	0.0	0.0	0.084903	0.096579	0.078945	0.087109	0.0	0.0	0.0	0.0	0.0	0.0	0.0	0.0	0.0	0.0	0.0	0.0	0.0	0.0	0.0	0.0	0.0	0.0	0.0	0.0	0.0	0.0
k__Bacteria|p__Firmicutes|c__Clostridia|o__Eubacteriales|f__Bianqueaceae	0.0	0.0	0.0	0.0	0.0	0.0	0.0	0.0	0.001626	0.0	0.0	0.0	0.0	0.0	0.0	0.0	0.0	0.0	0.0	0.0	0.0	0.0	0.0	0.0	0.0	0.0	0.0	0.0	0.0	0.0	0.0	0.0	0.0	0.0	0.0	0.0	0.0	0.0	0.0	0.0	0.0	0.0	0.0	0.0
k__Bacteria|p__Firmicutes|c__Clostridia|o__Eubacteriales|f__Oscillospiraceae|g__GGB9619	0.0	0.0	0.0	0.0	0.0	0.0	0.0	0.0	0.020308	0.034539	0.002659	0.0	0.0	0.0	0.0	0.0	0.0	0.0	0.0	0.0	0.0	0.0	0.053868	0.041828	0.030136	0.029726	0.0	0.0	0.0	0.0	0.0	0.0	0.0	0.0	0.0	0.0	0.0	0.0	0.0	0.0	0.0	0.025577	0.03541	0.026848
k__Bacteria|p__Firmicutes|c__Clostridia|o__Eubacteriales|f__Bianqueaceae|g__Bianquea	0.0	0.0	0.0	0.0	0.0	0.0	0.0	0.0	0.001626	0.0	0.0	0.0	0.0	0.0	0.0	0.0	0.0	0.0	0.0	0.0	0.0	0.0	0.0	0.0	0.0	0.0	0.0	0.0	0.0	0.0	0.0	0.0	0.0	0.0	0.0	0.0	0.0	0.0	0.0	0.0	0.0	0.0	0.0	0.0
k__Bacteria|p__Firmicutes|c__Clostridia|o__Eubacteriales|f__Oscillospiraceae|g__GGB9619|s__GGB9619_SGB15067	0.0	0.0	0.0	0.0	0.0	0.0	0.0	0.0	0.020308	0.034539	0.002659	0.0	0.0	0.0	0.0	0.0	0.0	0.0	0.0	0.0	0.0	0.0	0.0	0.0	0.0	0.0	0.0	0.0	0.0	0.0	0.0	0.0	0.0	0.0	0.0	0.0	0.0	0.0	0.0	0.0	0.0	0.025577	0.03541	0.026848
k__Bacteria|p__Firmicutes|c__Clostridia|o__Eubacteriales|f__Bianqueaceae|g__Bianquea|s__Bianquea_renquensis	0.0	0.0	0.0	0.0	0.0	0.0	0.0	0.0	0.001626	0.0	0.0	0.0	0.0	0.0	0.0	0.0	0.0	0.0	0.0	0.0	0.0	0.0	0.0	0.0	0.0	0.0	0.0	0.0	0.0	0.0	0.0	0.0	0.0	0.0	0.0	0.0	0.0	0.0	0.0	0.0	0.0	0.0	0.0	0.0
k__Bacteria|p__Firmicutes|c__Clostridia|o__Eubacteriales|f__Oscillospiraceae|g__GGB9619|s__GGB9619_SGB15067|t__SGB15067	0.0	0.0	0.0	0.0	0.0	0.0	0.0	0.0	0.020308	0.034539	0.002659	0.0	0.0	0.0	0.0	0.0	0.0	0.0	0.0	0.0	0.0	0.0	0.0	0.0	0.0	0.0	0.0	0.0	0.0	0.0	0.0	0.0	0.0	0.0	0.0	0.0	0.0	0.0	0.0	0.0	0.0	0.025577	0.03541	0.026848
k__Bacteria|p__Firmicutes|c__Clostridia|o__Eubacteriales|f__Bianqueaceae|g__Bianquea|s__Bianquea_renquensis|t__SGB4438	0.0	0.0	0.0	0.0	0.0	0.0	0.0	0.0	0.001626	0.0	0.0	0.0	0.0	0.0	0.0	0.0	0.0	0.0	0.0	0.0	0.0	0.0	0.0	0.0	0.0	0.0	0.0	0.0	0.0	0.0	0.0	0.0	0.0	0.0	0.0	0.0	0.0	0.0	0.0	0.0	0.0	0.0	0.0	0.0
k__Bacteria|p__Firmicutes|c__Clostridia|o__Eubacteriales|f__Clostridiaceae|g__Clostridium|s__Clostridium_SGB4714	0.0	0.0	0.0	0.0	0.0	0.0	0.0	0.0	0.0	0.0	0.000703	0.0	0.0	0.0	0.0	0.0	0.0	0.0	0.0	0.0	0.0	0.0	0.052061	0.047441	0.046839	0.055752	0.0	0.0	0.0	0.0	0.0	0.0	0.0	0.0	0.0	0.0	0.0	0.0	0.0	0.0	0.0	0.008361	0.002594	0.002187
k__Bacteria|p__Firmicutes|c__Clostridia|o__Eubacteriales|f__Clostridiaceae|g__Clostridium|s__Clostridium_SGB4714|t__SGB4714	0.0	0.0	0.0	0.0	0.0	0.0	0.0	0.0	0.0	0.0	0.000703	0.0	0.0	0.0	0.0	0.0	0.0	0.0	0.0	0.0	0.0	0.0	0.052061	0.047441	0.046839	0.055752	0.0	0.0	0.0	0.0	0.0	0.0	0.0	0.0	0.0	0.0	0.0	0.0	0.0	0.0	0.0	0.008361	0.002594	0.002187
k__Bacteria|p__Pseudomonadota|c__CFGB2403	0.0	0.0	0.0	0.0	0.0	0.0	0.0	0.0	0.0	0.0	0.0	2.704003	2.830373	2.936177	0.0	0.0	0.0	0.0	0.0	0.0	0.0	0.0	0.0	0.0	0.0	0.0	0.0	0.0	0.0	0.0	0.0	0.0	0.0	0.0	0.0	0.0	0.0	0.0	0.0	0.0	0.0	2.799411	2.96712	3.001816
k__Bacteria|p__Firmicutes|c__CFGB3012	0.0	0.0	0.0	0.0	0.0	0.0	0.0	0.0	0.0	0.0	0.0	0.863524	0.798217	0.896717	0.0	0.0	0.0	0.0	0.0	0.0	0.0	0.0	0.0	0.0	0.0	0.0	0.0	0.0	0.0	0.0	0.0	0.0	0.0	0.0	0.0	0.0	0.0	0.0	0.0	0.0	0.0	0.0	0.0	0.0
k__Bacteria|p__Firmicutes|c__CFGB1380	0.0	0.0	0.0	0.0	0.0	0.0	0.0	0.0	0.0	0.0	0.0	0.244061	0.28821	0.268028	0.0	0.0	0.0	0.0	0.0	0.0	0.0	0.0	0.0	0.0	0.0	0.0	0.0	0.0	0.0	0.0	0.0	0.0	0.0	0.0	0.0	0.0	0.0	0.0	0.0	0.0	0.0	0.0	0.0	0.0
k__Bacteria|p__Firmicutes|c__CFGB1292	0.0	0.0	0.0	0.0	0.0	0.0	0.0	0.0	0.0	0.0	0.0	0.085589	0.038378	0.032504	0.005311	0.066201	0.026579	0.0	0.030223	0.048004	0.058672	0.042363	0.0	0.023727	0.014145	0.0	0.0	0.0	0.0	0.0	0.0	0.0	0.0	0.0	0.007081	0.050417	0.0	0.0	0.01379	0.0	0.0	0.035858	0.011489	0.0
k__Bacteria|p__Firmicutes|c__CFGB2898	0.0	0.0	0.0	0.0	0.0	0.0	0.0	0.0	0.0	0.0	0.0	0.02161	0.025065	0.019203	0.0	0.0	0.0	0.0	0.0	0.0	0.0	0.0	0.0	0.0	0.0	0.0	0.0	0.0	0.0	0.0	0.0	0.0	0.0	0.0	0.0	0.0	0.0	0.0	0.0	0.0	0.0	0.0	0.0	0.0
k__Bacteria|p__Firmicutes|c__CFGB3048	0.0	0.0	0.0	0.0	0.0	0.0	0.0	0.0	0.0	0.0	0.0	0.01648	0.006952	0.0	0.0	0.0	0.0	0.0	0.0	0.0	0.0	0.0	0.0	0.0	0.0	0.0	0.0	0.0	0.0	0.0	0.0	0.0	0.0	0.0	0.0	0.0	0.0	0.0	0.0	0.0	0.0	0.0	0.0	0.0
k__Bacteria|p__Firmicutes|c__CFGB38642	0.0	0.0	0.0	0.0	0.0	0.0	0.0	0.0	0.0	0.0	0.0	0.005505	0.0	0.022365	0.0	0.0	0.0	0.0	0.085719	0.091063	0.074743	0.080732	0.037787	0.024353	0.03256	0.020314	0.0	0.0	0.0	0.0	0.0	0.0	0.0	0.0	0.0	0.0	0.0	0.0	0.056879	0.080801	0.072964	0.0	0.0	0.0
k__Bacteria|p__Firmicutes|c__Negativicutes|o__Selenomonadales	0.0	0.0	0.0	0.0	0.0	0.0	0.0	0.0	0.0	0.0	0.0	3.761392	3.848229	3.890066	0.0	0.0	0.0	0.0	0.113337	0.112318	0.078879	0.082136	0.0	0.0	0.0	0.0	1.858543	1.844231	1.792623	1.776398	0.0	0.0	0.0	0.0	0.0	0.0	0.0	0.0	0.0	0.0	0.0	0.0	0.0	0.0
k__Bacteria|p__Pseudomonadota|c__CFGB2403|o__OFGB2403	0.0	0.0	0.0	0.0	0.0	0.0	0.0	0.0	0.0	0.0	0.0	2.704003	2.830373	2.936177	0.0	0.0	0.0	0.0	0.0	0.0	0.0	0.0	0.0	0.0	0.0	0.0	0.0	0.0	0.0	0.0	0.0	0.0	0.0	0.0	0.0	0.0	0.0	0.0	0.0	0.0	0.0	2.799411	2.96712	3.001816
k__Bacteria|p__Firmicutes|c__CFGB3012|o__OFGB3012	0.0	0.0	0.0	0.0	0.0	0.0	0.0	0.0	0.0	0.0	0.0	0.863524	0.798217	0.896717	0.0	0.0	0.0	0.0	0.0	0.0	0.0	0.0	0.0	0.0	0.0	0.0	0.0	0.0	0.0	0.0	0.0	0.0	0.0	0.0	0.0	0.0	0.0	0.0	0.0	0.0	0.0	0.0	0.0	0.0
k__Bacteria|p__Firmicutes|c__CFGB1380|o__OFGB1380	0.0	0.0	0.0	0.0	0.0	0.0	0.0	0.0	0.0	0.0	0.0	0.244061	0.28821	0.268028	0.0	0.0	0.0	0.0	0.0	0.0	0.0	0.0	0.0	0.0	0.0	0.0	0.0	0.0	0.0	0.0	0.0	0.0	0.0	0.0	0.0	0.0	0.0	0.0	0.0	0.0	0.0	0.0	0.0	0.0
k__Bacteria|p__Firmicutes|c__CFGB1292|o__OFGB1292	0.0	0.0	0.0	0.0	0.0	0.0	0.0	0.0	0.0	0.0	0.0	0.085589	0.038378	0.032504	0.005311	0.066201	0.026579	0.0	0.030223	0.048004	0.058672	0.042363	0.0	0.023727	0.014145	0.0	0.0	0.0	0.0	0.0	0.0	0.0	0.0	0.0	0.007081	0.050417	0.0	0.0	0.01379	0.0	0.0	0.035858	0.011489	0.0
k__Bacteria|p__Firmicutes|c__CFGB2898|o__OFGB2898	0.0	0.0	0.0	0.0	0.0	0.0	0.0	0.0	0.0	0.0	0.0	0.02161	0.025065	0.019203	0.0	0.0	0.0	0.0	0.0	0.0	0.0	0.0	0.0	0.0	0.0	0.0	0.0	0.0	0.0	0.0	0.0	0.0	0.0	0.0	0.0	0.0	0.0	0.0	0.0	0.0	0.0	0.0	0.0	0.0
k__Bacteria|p__Firmicutes|c__CFGB3048|o__OFGB3048	0.0	0.0	0.0	0.0	0.0	0.0	0.0	0.0	0.0	0.0	0.0	0.01648	0.006952	0.0	0.0	0.0	0.0	0.0	0.0	0.0	0.0	0.0	0.0	0.0	0.0	0.0	0.0	0.0	0.0	0.0	0.0	0.0	0.0	0.0	0.0	0.0	0.0	0.0	0.0	0.0	0.0	0.0	0.0	0.0
k__Bacteria|p__Firmicutes|c__CFGB38642|o__OFGB38642	0.0	0.0	0.0	0.0	0.0	0.0	0.0	0.0	0.0	0.0	0.0	0.005505	0.0	0.022365	0.0	0.0	0.0	0.0	0.085719	0.091063	0.074743	0.080732	0.037787	0.024353	0.03256	0.020314	0.0	0.0	0.0	0.0	0.0	0.0	0.0	0.0	0.0	0.0	0.0	0.0	0.056879	0.080801	0.072964	0.0	0.0	0.0
k__Bacteria|p__Firmicutes|c__Negativicutes|o__Selenomonadales|f__Selenomonadaceae	0.0	0.0	0.0	0.0	0.0	0.0	0.0	0.0	0.0	0.0	0.0	3.761392	3.848229	3.890066	0.0	0.0	0.0	0.0	0.113337	0.112318	0.078879	0.082136	0.0	0.0	0.0	0.0	1.858543	1.844231	1.792623	1.776398	0.0	0.0	0.0	0.0	0.0	0.0	0.0	0.0	0.0	0.0	0.0	0.0	0.0	0.0
k__Bacteria|p__Pseudomonadota|c__CFGB2403|o__OFGB2403|f__FGB2403	0.0	0.0	0.0	0.0	0.0	0.0	0.0	0.0	0.0	0.0	0.0	2.704003	2.830373	2.936177	0.0	0.0	0.0	0.0	0.0	0.0	0.0	0.0	0.0	0.0	0.0	0.0	0.0	0.0	0.0	0.0	0.0	0.0	0.0	0.0	0.0	0.0	0.0	0.0	0.0	0.0	0.0	2.799411	2.96712	3.001816
k__Bacteria|p__Firmicutes|c__CFGB3012|o__OFGB3012|f__FGB3012	0.0	0.0	0.0	0.0	0.0	0.0	0.0	0.0	0.0	0.0	0.0	0.863524	0.798217	0.896717	0.0	0.0	0.0	0.0	0.0	0.0	0.0	0.0	0.0	0.0	0.0	0.0	0.0	0.0	0.0	0.0	0.0	0.0	0.0	0.0	0.0	0.0	0.0	0.0	0.0	0.0	0.0	0.0	0.0	0.0
k__Bacteria|p__Firmicutes|c__CFGB1380|o__OFGB1380|f__FGB1380	0.0	0.0	0.0	0.0	0.0	0.0	0.0	0.0	0.0	0.0	0.0	0.244061	0.28821	0.268028	0.0	0.0	0.0	0.0	0.0	0.0	0.0	0.0	0.0	0.0	0.0	0.0	0.0	0.0	0.0	0.0	0.0	0.0	0.0	0.0	0.0	0.0	0.0	0.0	0.0	0.0	0.0	0.0	0.0	0.0
k__Bacteria|p__Firmicutes|c__CFGB1292|o__OFGB1292|f__FGB1292	0.0	0.0	0.0	0.0	0.0	0.0	0.0	0.0	0.0	0.0	0.0	0.085589	0.038378	0.032504	0.005311	0.066201	0.026579	0.0	0.030223	0.048004	0.058672	0.042363	0.0	0.023727	0.014145	0.0	0.0	0.0	0.0	0.0	0.0	0.0	0.0	0.0	0.007081	0.050417	0.0	0.0	0.01379	0.0	0.0	0.035858	0.011489	0.0
k__Bacteria|p__Pseudomonadota|c__Betaproteobacteria|o__Burkholderiales|f__Oxalobacteraceae	0.0	0.0	0.0	0.0	0.0	0.0	0.0	0.0	0.0	0.0	0.0	0.047985	0.043833	0.041526	0.0	0.0	0.0	0.0	0.029707	0.023628	0.016017	0.035292	0.0	0.0	0.0	0.0	0.0	0.0	0.0	0.0	0.0	0.0	0.0	0.0	0.0	0.0	0.0	0.0	0.080714	0.088939	0.066118	0.0	0.0	0.0
k__Bacteria|p__Firmicutes|c__CFGB2898|o__OFGB2898|f__FGB2898	0.0	0.0	0.0	0.0	0.0	0.0	0.0	0.0	0.0	0.0	0.0	0.02161	0.025065	0.019203	0.0	0.0	0.0	0.0	0.0	0.0	0.0	0.0	0.0	0.0	0.0	0.0	0.0	0.0	0.0	0.0	0.0	0.0	0.0	0.0	0.0	0.0	0.0	0.0	0.0	0.0	0.0	0.0	0.0	0.0
k__Bacteria|p__Firmicutes|c__CFGB3048|o__OFGB3048|f__FGB3048	0.0	0.0	0.0	0.0	0.0	0.0	0.0	0.0	0.0	0.0	0.0	0.01648	0.006952	0.0	0.0	0.0	0.0	0.0	0.0	0.0	0.0	0.0	0.0	0.0	0.0	0.0	0.0	0.0	0.0	0.0	0.0	0.0	0.0	0.0	0.0	0.0	0.0	0.0	0.0	0.0	0.0	0.0	0.0	0.0
k__Bacteria|p__Firmicutes|c__CFGB38642|o__OFGB38642|f__FGB38642	0.0	0.0	0.0	0.0	0.0	0.0	0.0	0.0	0.0	0.0	0.0	0.005505	0.0	0.022365	0.0	0.0	0.0	0.0	0.085719	0.091063	0.074743	0.080732	0.037787	0.024353	0.03256	0.020314	0.0	0.0	0.0	0.0	0.0	0.0	0.0	0.0	0.0	0.0	0.0	0.0	0.056879	0.080801	0.072964	0.0	0.0	0.0
k__Bacteria|p__Firmicutes|c__Negativicutes|o__Selenomonadales|f__Selenomonadaceae|g__Megamonas	0.0	0.0	0.0	0.0	0.0	0.0	0.0	0.0	0.0	0.0	0.0	3.761392	3.848229	3.890066	0.0	0.0	0.0	0.0	0.0	0.0	0.0	0.0	0.0	0.0	0.0	0.0	0.0	0.0	0.0	0.0	0.0	0.0	0.0	0.0	0.0	0.0	0.0	0.0	0.0	0.0	0.0	0.0	0.0	0.0
k__Bacteria|p__Pseudomonadota|c__CFGB2403|o__OFGB2403|f__FGB2403|g__GGB6601	0.0	0.0	0.0	0.0	0.0	0.0	0.0	0.0	0.0	0.0	0.0	2.704003	2.830373	2.936177	0.0	0.0	0.0	0.0	0.0	0.0	0.0	0.0	0.0	0.0	0.0	0.0	0.0	0.0	0.0	0.0	0.0	0.0	0.0	0.0	0.0	0.0	0.0	0.0	0.0	0.0	0.0	0.0	0.0	0.0
k__Bacteria|p__Firmicutes|c__CFGB3012|o__OFGB3012|f__FGB3012|g__GGB9480	0.0	0.0	0.0	0.0	0.0	0.0	0.0	0.0	0.0	0.0	0.0	0.863524	0.798217	0.896717	0.0	0.0	0.0	0.0	0.0	0.0	0.0	0.0	0.0	0.0	0.0	0.0	0.0	0.0	0.0	0.0	0.0	0.0	0.0	0.0	0.0	0.0	0.0	0.0	0.0	0.0	0.0	0.0	0.0	0.0
k__Bacteria|p__Firmicutes|c__CFGB1380|o__OFGB1380|f__FGB1380|g__GGB3363	0.0	0.0	0.0	0.0	0.0	0.0	0.0	0.0	0.0	0.0	0.0	0.244061	0.28821	0.268028	0.0	0.0	0.0	0.0	0.0	0.0	0.0	0.0	0.0	0.0	0.0	0.0	0.0	0.0	0.0	0.0	0.0	0.0	0.0	0.0	0.0	0.0	0.0	0.0	0.0	0.0	0.0	0.0	0.0	0.0
k__Bacteria|p__Firmicutes|c__Clostridia|o__Eubacteriales|f__Oscillospiraceae|g__GGB9699	0.0	0.0	0.0	0.0	0.0	0.0	0.0	0.0	0.0	0.0	0.0	0.0901	0.090776	0.085461	0.0	0.0	0.0	0.0	0.0	0.0	0.0	0.0	0.113162	0.096531	0.091316	0.10727	0.0	0.0	0.0	0.0	0.0	0.0	0.0	0.0	0.0	0.0	0.0	0.0	0.0	0.0	0.0	0.065475	0.066856	0.069301
k__Bacteria|p__Firmicutes|c__CFGB1292|o__OFGB1292|f__FGB1292|g__GGB3109	0.0	0.0	0.0	0.0	0.0	0.0	0.0	0.0	0.0	0.0	0.0	0.085589	0.038378	0.032504	0.005311	0.066201	0.026579	0.0	0.030223	0.048004	0.058672	0.042363	0.0	0.023727	0.014145	0.0	0.0	0.0	0.0	0.0	0.0	0.0	0.0	0.0	0.007081	0.050417	0.0	0.0	0.01379	0.0	0.0	0.035858	0.011489	0.0
k__Bacteria|p__Firmicutes|c__Erysipelotrichia|o__Erysipelotrichales|f__Coprobacillaceae|g__Faecalibacillus	0.0	0.0	0.0	0.0	0.0	0.0	0.0	0.0	0.0	0.0	0.0	0.068276	0.069971	0.069985	0.224465	0.185021	0.196078	0.228649	0.231013	0.320559	0.241939	0.178281	0.059961	0.058035	0.073155	0.055413	0.0	0.0	0.0	0.0	0.0	0.0	0.0	0.0	0.0	0.0	0.0	0.0	0.033819	0.041553	0.051546	0.0	0.0	0.0
k__Bacteria|p__Pseudomonadota|c__Betaproteobacteria|o__Burkholderiales|f__Oxalobacteraceae|g__GGB141206	0.0	0.0	0.0	0.0	0.0	0.0	0.0	0.0	0.0	0.0	0.0	0.047985	0.043833	0.041526	0.0	0.0	0.0	0.0	0.0	0.0	0.0	0.0	0.0	0.0	0.0	0.0	0.0	0.0	0.0	0.0	0.0	0.0	0.0	0.0	0.0	0.0	0.0	0.0	0.0	0.0	0.0	0.0	0.0	0.0
k__Bacteria|p__Firmicutes|c__CFGB2898|o__OFGB2898|f__FGB2898|g__GGB9211	0.0	0.0	0.0	0.0	0.0	0.0	0.0	0.0	0.0	0.0	0.0	0.02161	0.025065	0.019203	0.0	0.0	0.0	0.0	0.0	0.0	0.0	0.0	0.0	0.0	0.0	0.0	0.0	0.0	0.0	0.0	0.0	0.0	0.0	0.0	0.0	0.0	0.0	0.0	0.0	0.0	0.0	0.0	0.0	0.0
k__Bacteria|p__Firmicutes|c__CFGB3048|o__OFGB3048|f__FGB3048|g__GGB9561	0.0	0.0	0.0	0.0	0.0	0.0	0.0	0.0	0.0	0.0	0.0	0.01648	0.006952	0.0	0.0	0.0	0.0	0.0	0.0	0.0	0.0	0.0	0.0	0.0	0.0	0.0	0.0	0.0	0.0	0.0	0.0	0.0	0.0	0.0	0.0	0.0	0.0	0.0	0.0	0.0	0.0	0.0	0.0	0.0
k__Bacteria|p__Firmicutes|c__CFGB38642|o__OFGB38642|f__FGB38642|g__GGB9770	0.0	0.0	0.0	0.0	0.0	0.0	0.0	0.0	0.0	0.0	0.0	0.005505	0.0	0.022365	0.0	0.0	0.0	0.0	0.085719	0.091063	0.074743	0.080732	0.037787	0.024353	0.03256	0.020314	0.0	0.0	0.0	0.0	0.0	0.0	0.0	0.0	0.0	0.0	0.0	0.0	0.048371	0.065438	0.065198	0.0	0.0	0.0
k__Bacteria|p__Bacteroidota|c__Bacteroidia|o__Bacteroidales|f__Rikenellaceae|g__Alistipes|s__Alistipes_onderdonkii	0.0	0.0	0.0	0.0	0.0	0.0	0.0	0.0	0.0	0.0	0.0	4.989379	4.741653	4.62925	0.0	0.0	0.0	0.0	0.32015	0.339761	0.325546	0.318465	0.20674	0.169854	0.186015	0.176344	0.0	0.0	0.0	0.0	0.0	0.0	0.0	0.0	3.220744	2.896331	2.995919	2.977086	0.088577	0.068848	0.067475	1.494431	1.417258	1.420955
k__Bacteria|p__Firmicutes|c__Negativicutes|o__Selenomonadales|f__Selenomonadaceae|g__Megamonas|s__Megamonas_funiformis	0.0	0.0	0.0	0.0	0.0	0.0	0.0	0.0	0.0	0.0	0.0	3.761392	3.848229	3.890066	0.0	0.0	0.0	0.0	0.0	0.0	0.0	0.0	0.0	0.0	0.0	0.0	0.0	0.0	0.0	0.0	0.0	0.0	0.0	0.0	0.0	0.0	0.0	0.0	0.0	0.0	0.0	0.0	0.0	0.0
k__Bacteria|p__Pseudomonadota|c__CFGB2403|o__OFGB2403|f__FGB2403|g__GGB6601|s__GGB6601_SGB9333	0.0	0.0	0.0	0.0	0.0	0.0	0.0	0.0	0.0	0.0	0.0	2.704003	2.830373	2.936177	0.0	0.0	0.0	0.0	0.0	0.0	0.0	0.0	0.0	0.0	0.0	0.0	0.0	0.0	0.0	0.0	0.0	0.0	0.0	0.0	0.0	0.0	0.0	0.0	0.0	0.0	0.0	0.0	0.0	0.0
k__Bacteria|p__Bacteroidota|c__Bacteroidia|o__Bacteroidales|f__Bacteroidaceae|g__Bacteroides|s__Bacteroides_faecis	0.0	0.0	0.0	0.0	0.0	0.0	0.0	0.0	0.0	0.0	0.0	2.555691	2.671564	2.673867	0.0	0.0	0.0	0.0	0.0	0.0	0.0	0.0	0.0	0.0	0.0	0.0	0.0	0.0	0.0	0.0	0.0	0.0	0.0	0.0	0.0	0.0	0.0	0.0	0.541692	0.577736	0.575922	0.0	0.0	0.0
k__Bacteria|p__Firmicutes|c__Clostridia|o__Lachnospirales|f__Lachnospiraceae|g__Coprococcus|s__Coprococcus_eutactus	0.0	0.0	0.0	0.0	0.0	0.0	0.0	0.0	0.0	0.0	0.0	1.085288	1.083988	1.061607	0.0	0.0	0.0	0.0	0.0	0.0	0.0	0.0	0.822636	0.794214	0.799781	0.826589	0.422699	0.406501	0.407643	0.370102	0.051449	0.024042	0.0	0.0	0.0	0.0	0.0	0.0	0.0	0.0	0.0	0.0	0.0	0.0
k__Bacteria|p__Verrucomicrobiota|c__Verrucomicrobiia|o__Verrucomicrobiales|f__Akkermansiaceae|g__Akkermansia|s__Akkermansia_massiliensis	0.0	0.0	0.0	0.0	0.0	0.0	0.0	0.0	0.0	0.0	0.0	1.046191	1.040738	1.035126	0.0	0.0	0.0	0.0	0.0	0.0	0.0	0.0	0.0	0.0	0.0	0.0	0.0	0.0	0.0	0.0	0.0	0.0	0.0	0.0	0.0	0.0	0.0	0.0	0.0	0.0	0.0	0.0	0.0	0.0
k__Bacteria|p__Firmicutes|c__CFGB3012|o__OFGB3012|f__FGB3012|g__GGB9480|s__GGB9480_SGB14874	0.0	0.0	0.0	0.0	0.0	0.0	0.0	0.0	0.0	0.0	0.0	0.863524	0.798217	0.896717	0.0	0.0	0.0	0.0	0.0	0.0	0.0	0.0	0.0	0.0	0.0	0.0	0.0	0.0	0.0	0.0	0.0	0.0	0.0	0.0	0.0	0.0	0.0	0.0	0.0	0.0	0.0	0.0	0.0	0.0
k__Bacteria|p__Firmicutes|c__CFGB3054|o__OFGB3054|f__FGB3054|g__GGB9715|s__GGB9715_SGB15265	0.0	0.0	0.0	0.0	0.0	0.0	0.0	0.0	0.0	0.0	0.0	0.648237	0.798198	0.630302	0.0	0.0	0.0	0.0	0.0	0.0	0.0	0.0	0.223262	0.161817	0.221069	0.212308	0.007073	0.021092	0.026283	0.01871	0.361891	0.246253	0.0	0.068003	0.0	0.0	0.0	0.0	0.0	0.0	0.0	0.0	0.0	0.0
k__Bacteria|p__Pseudomonadota|c__Betaproteobacteria|o__Burkholderiales|f__Sutterellaceae|g__Parasutterella|s__Parasutterella_SGB9260	0.0	0.0	0.0	0.0	0.0	0.0	0.0	0.0	0.0	0.0	0.0	0.536435	0.527053	0.484666	0.0	0.0	0.0	0.0	0.096952	0.143683	0.126566	0.112136	0.0	0.0	0.0	0.0	0.0	0.0	0.0	0.0	0.0	0.0	0.0	0.0	0.0	0.0	0.0	0.0	0.086493	0.108241	0.073	0.0	0.0	0.0
k__Bacteria|p__Bacteroidota|c__Bacteroidia|o__Bacteroidales|f__Odoribacteraceae|g__Odoribacter|s__Odoribacter_laneus	0.0	0.0	0.0	0.0	0.0	0.0	0.0	0.0	0.0	0.0	0.0	0.26253	0.244162	0.244263	0.0	0.0	0.0	0.0	0.0	0.0	0.0	0.0	0.0	0.0	0.0	0.0	0.0	0.0	0.0	0.0	0.0	0.0	0.0	0.0	0.0	0.0	0.0	0.0	0.0	0.0	0.0	2.707134	2.660351	2.674873
k__Bacteria|p__Firmicutes|c__CFGB1380|o__OFGB1380|f__FGB1380|g__GGB3363|s__GGB3363_SGB4447	0.0	0.0	0.0	0.0	0.0	0.0	0.0	0.0	0.0	0.0	0.0	0.244061	0.28821	0.268028	0.0	0.0	0.0	0.0	0.0	0.0	0.0	0.0	0.0	0.0	0.0	0.0	0.0	0.0	0.0	0.0	0.0	0.0	0.0	0.0	0.0	0.0	0.0	0.0	0.0	0.0	0.0	0.0	0.0	0.0
k__Bacteria|p__Actinomycetota|c__Actinomycetes|o__Bifidobacteriales|f__Bifidobacteriaceae|g__Bifidobacterium|s__Bifidobacterium_adolescentis	0.0	0.0	0.0	0.0	0.0	0.0	0.0	0.0	0.0	0.0	0.0	0.181327	0.175922	0.181911	0.0	0.0	0.0	0.0	0.79079	0.820028	0.80178	0.751287	0.0	0.0	0.0	0.0	0.0	0.0	0.0	0.0	0.208825	0.126057	0.0	0.0	0.0	0.0	0.0	0.0	0.363327	0.309274	0.295759	0.0	0.0	0.0
k__Bacteria|p__Firmicutes|c__Clostridia|o__Eubacteriales|f__Oscillospiraceae|g__GGB9699|s__GGB9699_SGB15216	0.0	0.0	0.0	0.0	0.0	0.0	0.0	0.0	0.0	0.0	0.0	0.0901	0.090776	0.085461	0.0	0.0	0.0	0.0	0.0	0.0	0.0	0.0	0.113162	0.096531	0.091316	0.10727	0.0	0.0	0.0	0.0	0.0	0.0	0.0	0.0	0.0	0.0	0.0	0.0	0.0	0.0	0.0	0.065475	0.066856	0.069301
k__Bacteria|p__Firmicutes|c__CFGB1292|o__OFGB1292|f__FGB1292|g__GGB3109|s__GGB3109_SGB4121	0.0	0.0	0.0	0.0	0.0	0.0	0.0	0.0	0.0	0.0	0.0	0.085589	0.038378	0.032504	0.005311	0.066201	0.026579	0.0	0.0	0.0	0.0	0.0	0.0	0.023727	0.014145	0.0	0.0	0.0	0.0	0.0	0.0	0.0	0.0	0.0	0.007081	0.050417	0.0	0.0	0.0	0.0	0.0	0.035858	0.011489	0.0
k__Bacteria|p__Firmicutes|c__Erysipelotrichia|o__Erysipelotrichales|f__Coprobacillaceae|g__Faecalibacillus|s__Faecalibacillus_intestinalis	0.0	0.0	0.0	0.0	0.0	0.0	0.0	0.0	0.0	0.0	0.0	0.068276	0.069971	0.069985	0.0	0.0	0.0	0.0	0.0	0.0	0.0	0.0	0.059961	0.058035	0.073155	0.055413	0.0	0.0	0.0	0.0	0.0	0.0	0.0	0.0	0.0	0.0	0.0	0.0	0.016099	0.023145	0.029978	0.0	0.0	0.0
k__Bacteria|p__Firmicutes|c__Clostridia|o__Eubacteriales|f__Oscillospiraceae|g__Faecalibacterium|s__Faecalibacterium_wellingii	0.0	0.0	0.0	0.0	0.0	0.0	0.0	0.0	0.0	0.0	0.0	0.066806	0.042834	0.062163	0.0	0.0	0.0	0.0	0.028114	0.027315	0.040332	0.050271	0.098333	0.093316	0.099746	0.084319	0.046367	0.021656	0.030179	0.026898	0.0	0.0	0.0	0.0	0.0	0.0	0.0	0.0	0.006038	0.001761	0.0	0.0	0.0	0.0
k__Bacteria|p__Bacteroidota|c__Bacteroidia|o__Bacteroidales|f__Rikenellaceae|g__Alistipes|s__Alistipes_timonensis	0.0	0.0	0.0	0.0	0.0	0.0	0.0	0.0	0.0	0.0	0.0	0.06534	0.086283	0.069915	0.0	0.0	0.0	0.0	0.0	0.0	0.0	0.0	0.09331	0.104503	0.097221	0.126539	0.0	0.0	0.0	0.0	0.0	0.0	0.0	0.0	0.0	0.0	0.0	0.0	0.0	0.0	0.0	0.0	0.0	0.0
k__Bacteria|p__Pseudomonadota|c__Betaproteobacteria|o__Burkholderiales|f__Oxalobacteraceae|g__GGB141206|s__GGB141206_SGB209149	0.0	0.0	0.0	0.0	0.0	0.0	0.0	0.0	0.0	0.0	0.0	0.047985	0.043833	0.041526	0.0	0.0	0.0	0.0	0.0	0.0	0.0	0.0	0.0	0.0	0.0	0.0	0.0	0.0	0.0	0.0	0.0	0.0	0.0	0.0	0.0	0.0	0.0	0.0	0.0	0.0	0.0	0.0	0.0	0.0
k__Bacteria|p__Actinomycetota|c__Actinomycetes|o__Bifidobacteriales|f__Bifidobacteriaceae|g__Bifidobacterium|s__Bifidobacterium_catenulatum	0.0	0.0	0.0	0.0	0.0	0.0	0.0	0.0	0.0	0.0	0.0	0.042568	0.038761	0.02886	0.0	0.0	0.0	0.0	0.033466	0.024318	0.022838	0.01772	0.0	0.0	0.0	0.0	0.0	0.0	0.0	0.0	0.0	0.0	0.0	0.0	0.0	0.0	0.0	0.0	0.0	0.0	0.0	0.0	0.0	0.0
k__Bacteria|p__Firmicutes|c__Clostridia|o__Eubacteriales|f__Eubacteriales_Family_XIII_Incertae_Sedis|g__Lentihominibacter|s__Lentihominibacter_faecis	0.0	0.0	0.0	0.0	0.0	0.0	0.0	0.0	0.0	0.0	0.0	0.026951	0.030267	0.022033	0.0	0.0	0.0	0.0	0.0	0.0	0.0	0.0	0.0	0.0	0.0	0.0	0.0	0.0	0.0	0.0	0.0	0.0	0.0	0.0	0.0	0.0	0.0	0.0	0.0	0.0	0.0	0.0	0.0	0.0
k__Bacteria|p__Firmicutes|c__CFGB2898|o__OFGB2898|f__FGB2898|g__GGB9211|s__GGB9211_SGB14151	0.0	0.0	0.0	0.0	0.0	0.0	0.0	0.0	0.0	0.0	0.0	0.02161	0.025065	0.019203	0.0	0.0	0.0	0.0	0.0	0.0	0.0	0.0	0.0	0.0	0.0	0.0	0.0	0.0	0.0	0.0	0.0	0.0	0.0	0.0	0.0	0.0	0.0	0.0	0.0	0.0	0.0	0.0	0.0	0.0
k__Bacteria|p__Firmicutes|c__Clostridia|o__Lachnospirales|f__Lachnospiraceae|g__Lachnospira|s__Lachnospira_hominis_ex_Liu_et_al_2021	0.0	0.0	0.0	0.0	0.0	0.0	0.0	0.0	0.0	0.0	0.0	0.021026	0.030547	0.026669	0.125444	0.110351	0.092587	0.132527	1.290388	1.246684	1.35244	1.319479	0.0	0.0	0.0	0.0	0.0	0.0	0.0	0.0	0.0	0.0	0.0	0.0	0.0	0.0	0.0	0.0	0.237636	0.274833	0.274442	0.0	0.0	0.0
k__Bacteria|p__Firmicutes|c__CFGB3048|o__OFGB3048|f__FGB3048|g__GGB9561|s__GGB9561_SGB14972	0.0	0.0	0.0	0.0	0.0	0.0	0.0	0.0	0.0	0.0	0.0	0.01648	0.006952	0.0	0.0	0.0	0.0	0.0	0.0	0.0	0.0	0.0	0.0	0.0	0.0	0.0	0.0	0.0	0.0	0.0	0.0	0.0	0.0	0.0	0.0	0.0	0.0	0.0	0.0	0.0	0.0	0.0	0.0	0.0
k__Bacteria|p__Firmicutes|c__Clostridia|o__Eubacteriales|f__Eubacteriaceae|g__Eubacterium|s__Eubacterium_sp_AF34_35BH	0.0	0.0	0.0	0.0	0.0	0.0	0.0	0.0	0.0	0.0	0.0	0.014613	0.027794	0.004201	0.0	0.0	0.0	0.0	0.09341	0.111827	0.091192	0.058827	0.0	0.0	0.0	0.0	0.0	0.0	0.0	0.0	0.0	0.0	0.0	0.0	0.0	0.0	0.0	0.0	0.0	0.0	0.0	0.0	0.0	0.0
k__Bacteria|p__Firmicutes|c__Clostridia|o__Eubacteriales|f__Clostridiaceae|g__Clostridium|s__Clostridium_SGB48024	0.0	0.0	0.0	0.0	0.0	0.0	0.0	0.0	0.0	0.0	0.0	0.010688	0.008813	0.0	0.0	0.0	0.0	0.0	0.0	0.0	0.0	0.0	0.0	0.0	0.0	0.0	0.0	0.0	0.0	0.0	0.0	0.0	0.0	0.0	0.0	0.0	0.0	0.0	0.0	0.0	0.0	0.005074	0.017965	0.001729
k__Bacteria|p__Firmicutes|c__Bacilli|o__Lactobacillales|f__Streptococcaceae|g__Streptococcus|s__Streptococcus_thermophilus	0.0	0.0	0.0	0.0	0.0	0.0	0.0	0.0	0.0	0.0	0.0	0.006362	0.0	0.0	0.0	0.0	0.0	0.0	0.0	0.0	0.0	0.0	0.0	0.0	0.0	0.0	0.0	0.0	0.0	0.0	0.0	0.0	0.0	0.0	0.0	0.0	0.0	0.0	0.0	0.0	0.0	0.0	0.0	0.0
k__Bacteria|p__Firmicutes|c__CFGB38642|o__OFGB38642|f__FGB38642|g__GGB9770|s__GGB9770_SGB15390	0.0	0.0	0.0	0.0	0.0	0.0	0.0	0.0	0.0	0.0	0.0	0.005505	0.0	0.022365	0.0	0.0	0.0	0.0	0.085719	0.091063	0.074743	0.080732	0.03451	0.024353	0.029348	0.020314	0.0	0.0	0.0	0.0	0.0	0.0	0.0	0.0	0.0	0.0	0.0	0.0	0.048371	0.065438	0.065198	0.0	0.0	0.0
k__Bacteria|p__Firmicutes|c__Clostridia|o__Eubacteriales|f__Oscillospiraceae|g__Ruminococcus|s__Ruminococcus_bromii|t__SGB4290	0.0	0.0	0.0	0.0	0.0	0.0	0.0	0.0	0.0	0.0	0.0	6.576193	6.546778	6.565005	0.0	0.0	0.0	0.0	1.431487	1.399941	1.448449	1.512935	0.0	0.0	0.0	0.0	1.38322	1.404658	1.332447	1.344977	0.0	0.0	0.0	0.0	0.0	0.0	0.0	0.0	2.770345	2.821726	2.946747	0.0	0.0	0.0
k__Bacteria|p__Bacteroidota|c__Bacteroidia|o__Bacteroidales|f__Rikenellaceae|g__Alistipes|s__Alistipes_onderdonkii|t__SGB2303	0.0	0.0	0.0	0.0	0.0	0.0	0.0	0.0	0.0	0.0	0.0	4.989379	4.741653	4.62925	0.0	0.0	0.0	0.0	0.32015	0.339761	0.325546	0.318465	0.20674	0.169854	0.186015	0.176344	0.0	0.0	0.0	0.0	0.0	0.0	0.0	0.0	3.220744	2.896331	2.995919	2.977086	0.088577	0.068848	0.067475	1.494431	1.417258	1.420955
k__Bacteria|p__Firmicutes|c__Negativicutes|o__Selenomonadales|f__Selenomonadaceae|g__Megamonas|s__Megamonas_funiformis|t__SGB6962	0.0	0.0	0.0	0.0	0.0	0.0	0.0	0.0	0.0	0.0	0.0	3.761392	3.848229	3.890066	0.0	0.0	0.0	0.0	0.0	0.0	0.0	0.0	0.0	0.0	0.0	0.0	0.0	0.0	0.0	0.0	0.0	0.0	0.0	0.0	0.0	0.0	0.0	0.0	0.0	0.0	0.0	0.0	0.0	0.0
k__Bacteria|p__Pseudomonadota|c__CFGB2403|o__OFGB2403|f__FGB2403|g__GGB6601|s__GGB6601_SGB9333|t__SGB9333	0.0	0.0	0.0	0.0	0.0	0.0	0.0	0.0	0.0	0.0	0.0	2.704003	2.830373	2.936177	0.0	0.0	0.0	0.0	0.0	0.0	0.0	0.0	0.0	0.0	0.0	0.0	0.0	0.0	0.0	0.0	0.0	0.0	0.0	0.0	0.0	0.0	0.0	0.0	0.0	0.0	0.0	0.0	0.0	0.0
k__Bacteria|p__Bacteroidota|c__Bacteroidia|o__Bacteroidales|f__Bacteroidaceae|g__Bacteroides|s__Bacteroides_faecis|t__SGB1860	0.0	0.0	0.0	0.0	0.0	0.0	0.0	0.0	0.0	0.0	0.0	2.555691	2.671564	2.673867	0.0	0.0	0.0	0.0	0.0	0.0	0.0	0.0	0.0	0.0	0.0	0.0	0.0	0.0	0.0	0.0	0.0	0.0	0.0	0.0	0.0	0.0	0.0	0.0	0.541692	0.577736	0.575922	0.0	0.0	0.0
k__Bacteria|p__Firmicutes|c__Clostridia|o__Lachnospirales|f__Lachnospiraceae|g__Coprococcus|s__Coprococcus_eutactus|t__SGB5117	0.0	0.0	0.0	0.0	0.0	0.0	0.0	0.0	0.0	0.0	0.0	1.085288	1.083988	1.061607	0.0	0.0	0.0	0.0	0.0	0.0	0.0	0.0	0.822636	0.794214	0.799781	0.826589	0.422699	0.406501	0.407643	0.370102	0.051449	0.024042	0.0	0.0	0.0	0.0	0.0	0.0	0.0	0.0	0.0	0.0	0.0	0.0
k__Bacteria|p__Verrucomicrobiota|c__Verrucomicrobiia|o__Verrucomicrobiales|f__Akkermansiaceae|g__Akkermansia|s__Akkermansia_massiliensis|t__SGB9228	0.0	0.0	0.0	0.0	0.0	0.0	0.0	0.0	0.0	0.0	0.0	1.046191	1.040738	1.035126	0.0	0.0	0.0	0.0	0.0	0.0	0.0	0.0	0.0	0.0	0.0	0.0	0.0	0.0	0.0	0.0	0.0	0.0	0.0	0.0	0.0	0.0	0.0	0.0	0.0	0.0	0.0	0.0	0.0	0.0
k__Bacteria|p__Firmicutes|c__CFGB3012|o__OFGB3012|f__FGB3012|g__GGB9480|s__GGB9480_SGB14874|t__SGB14874	0.0	0.0	0.0	0.0	0.0	0.0	0.0	0.0	0.0	0.0	0.0	0.863524	0.798217	0.896717	0.0	0.0	0.0	0.0	0.0	0.0	0.0	0.0	0.0	0.0	0.0	0.0	0.0	0.0	0.0	0.0	0.0	0.0	0.0	0.0	0.0	0.0	0.0	0.0	0.0	0.0	0.0	0.0	0.0	0.0
k__Bacteria|p__Firmicutes|c__CFGB3054|o__OFGB3054|f__FGB3054|g__GGB9715|s__GGB9715_SGB15265|t__SGB15265	0.0	0.0	0.0	0.0	0.0	0.0	0.0	0.0	0.0	0.0	0.0	0.648237	0.798198	0.630302	0.0	0.0	0.0	0.0	0.0	0.0	0.0	0.0	0.223262	0.161817	0.221069	0.212308	0.007073	0.021092	0.026283	0.01871	0.361891	0.246253	0.0	0.068003	0.0	0.0	0.0	0.0	0.0	0.0	0.0	0.0	0.0	0.0
k__Bacteria|p__Pseudomonadota|c__Betaproteobacteria|o__Burkholderiales|f__Sutterellaceae|g__Parasutterella|s__Parasutterella_SGB9260|t__SGB9260	0.0	0.0	0.0	0.0	0.0	0.0	0.0	0.0	0.0	0.0	0.0	0.536435	0.527053	0.484666	0.0	0.0	0.0	0.0	0.096952	0.143683	0.126566	0.112136	0.0	0.0	0.0	0.0	0.0	0.0	0.0	0.0	0.0	0.0	0.0	0.0	0.0	0.0	0.0	0.0	0.086493	0.108241	0.073	0.0	0.0	0.0
k__Bacteria|p__Firmicutes|c__Clostridia|o__Eubacteriales|f__Oscillospiraceae|g__Ruminococcus|s__Ruminococcus_callidus|t__SGB4420	0.0	0.0	0.0	0.0	0.0	0.0	0.0	0.0	0.0	0.0	0.0	0.414841	0.424522	0.397088	0.0	0.0	0.0	0.0	0.0	0.0	0.0	0.0	0.0	0.0	0.0	0.0	0.416298	0.42761	0.443076	0.377644	0.0	0.0	0.0	0.0	0.0	0.0	0.0	0.0	0.0	0.0	0.0	0.0	0.0	0.0
k__Bacteria|p__Bacteroidota|c__Bacteroidia|o__Bacteroidales|f__Odoribacteraceae|g__Odoribacter|s__Odoribacter_laneus|t__SGB1792	0.0	0.0	0.0	0.0	0.0	0.0	0.0	0.0	0.0	0.0	0.0	0.26253	0.244162	0.244263	0.0	0.0	0.0	0.0	0.0	0.0	0.0	0.0	0.0	0.0	0.0	0.0	0.0	0.0	0.0	0.0	0.0	0.0	0.0	0.0	0.0	0.0	0.0	0.0	0.0	0.0	0.0	2.707134	2.660351	2.674873
k__Bacteria|p__Firmicutes|c__CFGB1380|o__OFGB1380|f__FGB1380|g__GGB3363|s__GGB3363_SGB4447|t__SGB4447	0.0	0.0	0.0	0.0	0.0	0.0	0.0	0.0	0.0	0.0	0.0	0.244061	0.28821	0.268028	0.0	0.0	0.0	0.0	0.0	0.0	0.0	0.0	0.0	0.0	0.0	0.0	0.0	0.0	0.0	0.0	0.0	0.0	0.0	0.0	0.0	0.0	0.0	0.0	0.0	0.0	0.0	0.0	0.0	0.0
k__Bacteria|p__Actinomycetota|c__Actinomycetes|o__Bifidobacteriales|f__Bifidobacteriaceae|g__Bifidobacterium|s__Bifidobacterium_adolescentis|t__SGB17244	0.0	0.0	0.0	0.0	0.0	0.0	0.0	0.0	0.0	0.0	0.0	0.181327	0.175922	0.181911	0.0	0.0	0.0	0.0	0.79079	0.820028	0.80178	0.751287	0.0	0.0	0.0	0.0	0.0	0.0	0.0	0.0	0.208825	0.126057	0.0	0.0	0.0	0.0	0.0	0.0	0.363327	0.309274	0.295759	0.0	0.0	0.0
k__Bacteria|p__Firmicutes|c__Clostridia|o__Eubacteriales|f__Butyricicoccaceae|g__Agathobaculum|s__Agathobaculum_butyriciproducens|t__SGB14991	0.0	0.0	0.0	0.0	0.0	0.0	0.0	0.0	0.0	0.0	0.0	0.117069	0.095106	0.130547	0.0	0.0	0.0	0.0	0.0	0.0	0.0	0.0	0.0	0.0	0.0	0.0	0.0	0.0	0.0	0.0	0.0	0.0	0.0	0.0	0.068783	0.062036	0.069957	0.077859	0.0	0.0	0.0	0.0	0.0	0.0
k__Bacteria|p__Firmicutes|c__Clostridia|o__Lachnospirales|f__Lachnospiraceae|g__Anaerostipes|s__Anaerostipes_hadrus|t__SGB4547	0.0	0.0	0.0	0.0	0.0	0.0	0.0	0.0	0.0	0.0	0.0	0.093573	0.091521	0.105532	0.0	0.0	0.0	0.0	0.0	0.0	0.0	0.0	0.034977	0.039472	0.037404	0.028392	0.0	0.0	0.0	0.0	0.0	0.0	0.0	0.0	0.0	0.0	0.0	0.0	0.194559	0.163583	0.173249	0.0	0.0	0.0
k__Bacteria|p__Firmicutes|c__Clostridia|o__Eubacteriales|f__Oscillospiraceae|g__GGB9699|s__GGB9699_SGB15216|t__SGB15216	0.0	0.0	0.0	0.0	0.0	0.0	0.0	0.0	0.0	0.0	0.0	0.0901	0.090776	0.085461	0.0	0.0	0.0	0.0	0.0	0.0	0.0	0.0	0.113162	0.096531	0.091316	0.10727	0.0	0.0	0.0	0.0	0.0	0.0	0.0	0.0	0.0	0.0	0.0	0.0	0.0	0.0	0.0	0.065475	0.066856	0.069301
k__Bacteria|p__Firmicutes|c__CFGB1292|o__OFGB1292|f__FGB1292|g__GGB3109|s__GGB3109_SGB4121|t__SGB4121	0.0	0.0	0.0	0.0	0.0	0.0	0.0	0.0	0.0	0.0	0.0	0.085589	0.038378	0.032504	0.005311	0.066201	0.026579	0.0	0.0	0.0	0.0	0.0	0.0	0.023727	0.014145	0.0	0.0	0.0	0.0	0.0	0.0	0.0	0.0	0.0	0.007081	0.050417	0.0	0.0	0.0	0.0	0.0	0.035858	0.011489	0.0
k__Bacteria|p__Firmicutes|c__Erysipelotrichia|o__Erysipelotrichales|f__Coprobacillaceae|g__Faecalibacillus|s__Faecalibacillus_intestinalis|t__SGB6754	0.0	0.0	0.0	0.0	0.0	0.0	0.0	0.0	0.0	0.0	0.0	0.068276	0.069971	0.069985	0.0	0.0	0.0	0.0	0.0	0.0	0.0	0.0	0.059961	0.058035	0.073155	0.055413	0.0	0.0	0.0	0.0	0.0	0.0	0.0	0.0	0.0	0.0	0.0	0.0	0.016099	0.023145	0.029978	0.0	0.0	0.0
k__Bacteria|p__Firmicutes|c__Clostridia|o__Eubacteriales|f__Oscillospiraceae|g__Faecalibacterium|s__Faecalibacterium_wellingii|t__SGB15340	0.0	0.0	0.0	0.0	0.0	0.0	0.0	0.0	0.0	0.0	0.0	0.066806	0.042834	0.062163	0.0	0.0	0.0	0.0	0.028114	0.027315	0.040332	0.050271	0.098333	0.093316	0.099746	0.084319	0.046367	0.021656	0.030179	0.026898	0.0	0.0	0.0	0.0	0.0	0.0	0.0	0.0	0.006038	0.001761	0.0	0.0	0.0	0.0
k__Bacteria|p__Bacteroidota|c__Bacteroidia|o__Bacteroidales|f__Rikenellaceae|g__Alistipes|s__Alistipes_timonensis|t__SGB2299	0.0	0.0	0.0	0.0	0.0	0.0	0.0	0.0	0.0	0.0	0.0	0.06534	0.086283	0.069915	0.0	0.0	0.0	0.0	0.0	0.0	0.0	0.0	0.09331	0.104503	0.097221	0.126539	0.0	0.0	0.0	0.0	0.0	0.0	0.0	0.0	0.0	0.0	0.0	0.0	0.0	0.0	0.0	0.0	0.0	0.0
k__Bacteria|p__Pseudomonadota|c__Betaproteobacteria|o__Burkholderiales|f__Oxalobacteraceae|g__GGB141206|s__GGB141206_SGB209149|t__SGB209149	0.0	0.0	0.0	0.0	0.0	0.0	0.0	0.0	0.0	0.0	0.0	0.047985	0.043833	0.041526	0.0	0.0	0.0	0.0	0.0	0.0	0.0	0.0	0.0	0.0	0.0	0.0	0.0	0.0	0.0	0.0	0.0	0.0	0.0	0.0	0.0	0.0	0.0	0.0	0.0	0.0	0.0	0.0	0.0	0.0
k__Bacteria|p__Actinomycetota|c__Actinomycetes|o__Bifidobacteriales|f__Bifidobacteriaceae|g__Bifidobacterium|s__Bifidobacterium_catenulatum|t__SGB17241	0.0	0.0	0.0	0.0	0.0	0.0	0.0	0.0	0.0	0.0	0.0	0.042568	0.038761	0.02886	0.0	0.0	0.0	0.0	0.033466	0.024318	0.022838	0.01772	0.0	0.0	0.0	0.0	0.0	0.0	0.0	0.0	0.0	0.0	0.0	0.0	0.0	0.0	0.0	0.0	0.0	0.0	0.0	0.0	0.0	0.0
k__Bacteria|p__Firmicutes|c__Clostridia|o__Eubacteriales|f__Eubacteriales_Family_XIII_Incertae_Sedis|g__Lentihominibacter|s__Lentihominibacter_faecis|t__SGB3957	0.0	0.0	0.0	0.0	0.0	0.0	0.0	0.0	0.0	0.0	0.0	0.026951	0.030267	0.022033	0.0	0.0	0.0	0.0	0.0	0.0	0.0	0.0	0.0	0.0	0.0	0.0	0.0	0.0	0.0	0.0	0.0	0.0	0.0	0.0	0.0	0.0	0.0	0.0	0.0	0.0	0.0	0.0	0.0	0.0
k__Bacteria|p__Firmicutes|c__CFGB2898|o__OFGB2898|f__FGB2898|g__GGB9211|s__GGB9211_SGB14151|t__SGB14151	0.0	0.0	0.0	0.0	0.0	0.0	0.0	0.0	0.0	0.0	0.0	0.02161	0.025065	0.019203	0.0	0.0	0.0	0.0	0.0	0.0	0.0	0.0	0.0	0.0	0.0	0.0	0.0	0.0	0.0	0.0	0.0	0.0	0.0	0.0	0.0	0.0	0.0	0.0	0.0	0.0	0.0	0.0	0.0	0.0
k__Bacteria|p__Firmicutes|c__Clostridia|o__Lachnospirales|f__Lachnospiraceae|g__Lachnospira|s__Lachnospira_hominis_ex_Liu_et_al_2021|t__SGB5087	0.0	0.0	0.0	0.0	0.0	0.0	0.0	0.0	0.0	0.0	0.0	0.021026	0.030547	0.026669	0.125444	0.110351	0.092587	0.132527	1.290388	1.246684	1.35244	1.319479	0.0	0.0	0.0	0.0	0.0	0.0	0.0	0.0	0.0	0.0	0.0	0.0	0.0	0.0	0.0	0.0	0.237636	0.274833	0.274442	0.0	0.0	0.0
k__Bacteria|p__Firmicutes|c__CFGB3048|o__OFGB3048|f__FGB3048|g__GGB9561|s__GGB9561_SGB14972|t__SGB14972	0.0	0.0	0.0	0.0	0.0	0.0	0.0	0.0	0.0	0.0	0.0	0.01648	0.006952	0.0	0.0	0.0	0.0	0.0	0.0	0.0	0.0	0.0	0.0	0.0	0.0	0.0	0.0	0.0	0.0	0.0	0.0	0.0	0.0	0.0	0.0	0.0	0.0	0.0	0.0	0.0	0.0	0.0	0.0	0.0
k__Bacteria|p__Firmicutes|c__Clostridia|o__Eubacteriales|f__Eubacteriaceae|g__Eubacterium|s__Eubacterium_sp_AF34_35BH|t__SGB5051	0.0	0.0	0.0	0.0	0.0	0.0	0.0	0.0	0.0	0.0	0.0	0.014613	0.027794	0.004201	0.0	0.0	0.0	0.0	0.09341	0.111827	0.091192	0.058827	0.0	0.0	0.0	0.0	0.0	0.0	0.0	0.0	0.0	0.0	0.0	0.0	0.0	0.0	0.0	0.0	0.0	0.0	0.0	0.0	0.0	0.0
k__Bacteria|p__Firmicutes|c__Clostridia|o__Eubacteriales|f__Clostridiaceae|g__Clostridium|s__Clostridium_SGB48024|t__SGB48024	0.0	0.0	0.0	0.0	0.0	0.0	0.0	0.0	0.0	0.0	0.0	0.010688	0.008813	0.0	0.0	0.0	0.0	0.0	0.0	0.0	0.0	0.0	0.0	0.0	0.0	0.0	0.0	0.0	0.0	0.0	0.0	0.0	0.0	0.0	0.0	0.0	0.0	0.0	0.0	0.0	0.0	0.005074	0.017965	0.001729
k__Bacteria|p__Firmicutes|c__Bacilli|o__Lactobacillales|f__Streptococcaceae|g__Streptococcus|s__Streptococcus_thermophilus|t__SGB8002	0.0	0.0	0.0	0.0	0.0	0.0	0.0	0.0	0.0	0.0	0.0	0.006362	0.0	0.0	0.0	0.0	0.0	0.0	0.0	0.0	0.0	0.0	0.0	0.0	0.0	0.0	0.0	0.0	0.0	0.0	0.0	0.0	0.0	0.0	0.0	0.0	0.0	0.0	0.0	0.0	0.0	0.0	0.0	0.0
k__Bacteria|p__Firmicutes|c__CFGB38642|o__OFGB38642|f__FGB38642|g__GGB9770|s__GGB9770_SGB15390|t__SGB15390	0.0	0.0	0.0	0.0	0.0	0.0	0.0	0.0	0.0	0.0	0.0	0.005505	0.0	0.022365	0.0	0.0	0.0	0.0	0.085719	0.091063	0.074743	0.080732	0.03451	0.024353	0.029348	0.020314	0.0	0.0	0.0	0.0	0.0	0.0	0.0	0.0	0.0	0.0	0.0	0.0	0.048371	0.065438	0.065198	0.0	0.0	0.0
k__Bacteria|p__Firmicutes|c__CFGB3023|o__OFGB3023|f__FGB3023|g__GGB9502	0.0	0.0	0.0	0.0	0.0	0.0	0.0	0.0	0.0	0.0	0.0	0.0	0.002817	0.0	0.0	0.0	0.0	0.0	0.0	0.0	0.0	0.0	0.030315	0.031848	0.032197	0.018435	0.0	0.0	0.0	0.0	0.0	0.0	0.0	0.0	0.0	0.0	0.0	0.0	0.0	0.0	0.0	0.0	0.0	0.0
k__Bacteria|p__Actinomycetota|c__Coriobacteriia|o__Coriobacteriales|f__Coriobacteriaceae|g__Senegalimassilia|s__Senegalimassilia_anaerobia	0.0	0.0	0.0	0.0	0.0	0.0	0.0	0.0	0.0	0.0	0.0	0.0	0.01469	0.0	0.0	0.0	0.0	0.0	0.0	0.0	0.0	0.0	0.0	0.0	0.0	0.0	0.0	0.0	0.0	0.0	0.0	0.0	0.0	0.0	0.0	0.0	0.0	0.0	0.0	0.0	0.0	0.0	0.0	0.0
k__Bacteria|p__Firmicutes|c__CFGB3023|o__OFGB3023|f__FGB3023|g__GGB9502|s__GGB9502_SGB14899	0.0	0.0	0.0	0.0	0.0	0.0	0.0	0.0	0.0	0.0	0.0	0.0	0.002817	0.0	0.0	0.0	0.0	0.0	0.0	0.0	0.0	0.0	0.030315	0.031848	0.032197	0.018435	0.0	0.0	0.0	0.0	0.0	0.0	0.0	0.0	0.0	0.0	0.0	0.0	0.0	0.0	0.0	0.0	0.0	0.0
k__Bacteria|p__Firmicutes|c__Clostridia|o__Lachnospirales|f__Anaerotignaceae|g__Anaerotignum|s__Anaerotignum_sp_MSJ_24	0.0	0.0	0.0	0.0	0.0	0.0	0.0	0.0	0.0	0.0	0.0	0.0	0.000663	0.0	0.0	0.0	0.0	0.0	0.0	0.0	0.0	0.0	0.0	0.0	0.0	0.0	0.0	0.0	0.0	0.0	0.0	0.0	0.0	0.0	0.0	0.0	0.0	0.0	0.0	0.0	0.0	0.0	0.0	0.0
k__Bacteria|p__Actinomycetota|c__Coriobacteriia|o__Coriobacteriales|f__Coriobacteriaceae|g__Senegalimassilia|s__Senegalimassilia_anaerobia|t__SGB14824_group	0.0	0.0	0.0	0.0	0.0	0.0	0.0	0.0	0.0	0.0	0.0	0.0	0.01469	0.0	0.0	0.0	0.0	0.0	0.0	0.0	0.0	0.0	0.0	0.0	0.0	0.0	0.0	0.0	0.0	0.0	0.0	0.0	0.0	0.0	0.0	0.0	0.0	0.0	0.0	0.0	0.0	0.0	0.0	0.0
k__Bacteria|p__Firmicutes|c__CFGB3023|o__OFGB3023|f__FGB3023|g__GGB9502|s__GGB9502_SGB14899|t__SGB14899	0.0	0.0	0.0	0.0	0.0	0.0	0.0	0.0	0.0	0.0	0.0	0.0	0.002817	0.0	0.0	0.0	0.0	0.0	0.0	0.0	0.0	0.0	0.030315	0.031848	0.032197	0.018435	0.0	0.0	0.0	0.0	0.0	0.0	0.0	0.0	0.0	0.0	0.0	0.0	0.0	0.0	0.0	0.0	0.0	0.0
k__Bacteria|p__Firmicutes|c__Clostridia|o__Lachnospirales|f__Anaerotignaceae|g__Anaerotignum|s__Anaerotignum_sp_MSJ_24|t__SGB5180	0.0	0.0	0.0	0.0	0.0	0.0	0.0	0.0	0.0	0.0	0.0	0.0	0.000663	0.0	0.0	0.0	0.0	0.0	0.0	0.0	0.0	0.0	0.0	0.0	0.0	0.0	0.0	0.0	0.0	0.0	0.0	0.0	0.0	0.0	0.0	0.0	0.0	0.0	0.0	0.0	0.0	0.0	0.0	0.0
k__Bacteria|p__Pseudomonadota|c__CFGB90573	0.0	0.0	0.0	0.0	0.0	0.0	0.0	0.0	0.0	0.0	0.0	0.0	0.0	0.0	0.076166	0.090007	0.080371	0.065169	0.0	0.0	0.0	0.0	0.0	0.0	0.0	0.0	0.0	0.0	0.0	0.0	0.0	0.0	0.0	0.0	0.0	0.0	0.0	0.0	0.0	0.0	0.0	0.0	0.0	0.0
k__Bacteria|p__Firmicutes|c__CFGB3057	0.0	0.0	0.0	0.0	0.0	0.0	0.0	0.0	0.0	0.0	0.0	0.0	0.0	0.0	0.016613	0.00678	0.008342	0.012222	0.0	0.0	0.0	0.0	0.0	0.0	0.0	0.0	0.0	0.0	0.0	0.0	0.0	0.0	0.0	0.0	0.002373	0.0	0.0	0.012619	0.0	0.0	0.0	0.058514	0.036343	0.048584
k__Bacteria|p__Pseudomonadota|c__CFGB90573|o__OFGB90573	0.0	0.0	0.0	0.0	0.0	0.0	0.0	0.0	0.0	0.0	0.0	0.0	0.0	0.0	0.076166	0.090007	0.080371	0.065169	0.0	0.0	0.0	0.0	0.0	0.0	0.0	0.0	0.0	0.0	0.0	0.0	0.0	0.0	0.0	0.0	0.0	0.0	0.0	0.0	0.0	0.0	0.0	0.0	0.0	0.0
k__Bacteria|p__Firmicutes|c__CFGB3057|o__OFGB3057	0.0	0.0	0.0	0.0	0.0	0.0	0.0	0.0	0.0	0.0	0.0	0.0	0.0	0.0	0.016613	0.00678	0.008342	0.012222	0.0	0.0	0.0	0.0	0.0	0.0	0.0	0.0	0.0	0.0	0.0	0.0	0.0	0.0	0.0	0.0	0.002373	0.0	0.0	0.012619	0.0	0.0	0.0	0.058514	0.036343	0.048584
k__Bacteria|p__Pseudomonadota|c__CFGB90573|o__OFGB90573|f__FGB90573	0.0	0.0	0.0	0.0	0.0	0.0	0.0	0.0	0.0	0.0	0.0	0.0	0.0	0.0	0.076166	0.090007	0.080371	0.065169	0.0	0.0	0.0	0.0	0.0	0.0	0.0	0.0	0.0	0.0	0.0	0.0	0.0	0.0	0.0	0.0	0.0	0.0	0.0	0.0	0.0	0.0	0.0	0.0	0.0	0.0
k__Bacteria|p__Firmicutes|c__CFGB3057|o__OFGB3057|f__FGB3057	0.0	0.0	0.0	0.0	0.0	0.0	0.0	0.0	0.0	0.0	0.0	0.0	0.0	0.0	0.016613	0.00678	0.008342	0.012222	0.0	0.0	0.0	0.0	0.0	0.0	0.0	0.0	0.0	0.0	0.0	0.0	0.0	0.0	0.0	0.0	0.002373	0.0	0.0	0.012619	0.0	0.0	0.0	0.058514	0.036343	0.048584
k__Bacteria|p__Firmicutes|c__Clostridia|o__Eubacteriales|f__Eubacteriaceae|g__GGB3278	0.0	0.0	0.0	0.0	0.0	0.0	0.0	0.0	0.0	0.0	0.0	0.0	0.0	0.0	0.354071	0.349226	0.330336	0.380535	0.489355	0.531967	0.523355	0.501463	0.0	0.0	0.0	0.0	0.0	0.0	0.0	0.0	0.0	0.0	0.0	0.0	0.0	0.0	0.0	0.0	0.0	0.0	0.0	0.0	0.0	0.0
k__Bacteria|p__Pseudomonadota|c__CFGB90573|o__OFGB90573|f__FGB90573|g__GGB36599	0.0	0.0	0.0	0.0	0.0	0.0	0.0	0.0	0.0	0.0	0.0	0.0	0.0	0.0	0.076166	0.090007	0.080371	0.065169	0.0	0.0	0.0	0.0	0.0	0.0	0.0	0.0	0.0	0.0	0.0	0.0	0.0	0.0	0.0	0.0	0.0	0.0	0.0	0.0	0.0	0.0	0.0	0.0	0.0	0.0
k__Bacteria|p__Firmicutes|c__CFGB1011|o__OFGB1011|f__FGB1011|g__GGB2653	0.0	0.0	0.0	0.0	0.0	0.0	0.0	0.0	0.0	0.0	0.0	0.0	0.0	0.0	0.038711	0.017669	0.016809	0.038239	0.0	0.0	0.001648	0.0	0.02112	0.008525	0.015581	0.028554	0.0	0.0	0.0	0.0	0.0	0.0	0.0	0.0	0.012843	0.006845	0.022816	0.001254	0.0	0.0	0.0	0.036283	0.036616	0.037214
k__Bacteria|p__Firmicutes|c__CFGB3057|o__OFGB3057|f__FGB3057|g__GGB9719	0.0	0.0	0.0	0.0	0.0	0.0	0.0	0.0	0.0	0.0	0.0	0.0	0.0	0.0	0.016613	0.00678	0.008342	0.012222	0.0	0.0	0.0	0.0	0.0	0.0	0.0	0.0	0.0	0.0	0.0	0.0	0.0	0.0	0.0	0.0	0.002373	0.0	0.0	0.012619	0.0	0.0	0.0	0.058514	0.036343	0.048584
k__Bacteria|p__Firmicutes|c__Clostridia|o__Eubacteriales|f__Eubacteriaceae|g__GGB3278|s__GGB3278_SGB4328	0.0	0.0	0.0	0.0	0.0	0.0	0.0	0.0	0.0	0.0	0.0	0.0	0.0	0.0	0.354071	0.349226	0.330336	0.380535	0.489355	0.531967	0.523355	0.501463	0.0	0.0	0.0	0.0	0.0	0.0	0.0	0.0	0.0	0.0	0.0	0.0	0.0	0.0	0.0	0.0	0.0	0.0	0.0	0.0	0.0	0.0
k__Bacteria|p__Firmicutes|c__Erysipelotrichia|o__Erysipelotrichales|f__Coprobacillaceae|g__Faecalibacillus|s__Faecalibacillus_SGB6753	0.0	0.0	0.0	0.0	0.0	0.0	0.0	0.0	0.0	0.0	0.0	0.0	0.0	0.0	0.224465	0.185021	0.196078	0.228649	0.231013	0.320559	0.241939	0.178281	0.0	0.0	0.0	0.0	0.0	0.0	0.0	0.0	0.0	0.0	0.0	0.0	0.0	0.0	0.0	0.0	0.0	0.0	0.0	0.0	0.0	0.0
k__Bacteria|p__Firmicutes|c__Clostridia|o__Eubacteriales|f__Eubacteriales_unclassified|g__Eubacteriales_unclassified|s__Eubacteriales_unclassified_SGB15158	0.0	0.0	0.0	0.0	0.0	0.0	0.0	0.0	0.0	0.0	0.0	0.0	0.0	0.0	0.102515	0.119958	0.109274	0.065526	0.0	0.0	0.0	0.0	0.0	0.0	0.0	0.0	0.0	0.0	0.0	0.0	0.0	0.0	0.0	0.0	0.0	0.0	0.0	0.0	0.0	0.0	0.0	0.0	0.0	0.0
k__Bacteria|p__Pseudomonadota|c__CFGB90573|o__OFGB90573|f__FGB90573|g__GGB36599|s__GGB36599_SGB9269	0.0	0.0	0.0	0.0	0.0	0.0	0.0	0.0	0.0	0.0	0.0	0.0	0.0	0.0	0.076166	0.090007	0.080371	0.065169	0.0	0.0	0.0	0.0	0.0	0.0	0.0	0.0	0.0	0.0	0.0	0.0	0.0	0.0	0.0	0.0	0.0	0.0	0.0	0.0	0.0	0.0	0.0	0.0	0.0	0.0
k__Bacteria|p__Firmicutes|c__CFGB1011|o__OFGB1011|f__FGB1011|g__GGB2653|s__GGB2653_SGB3574	0.0	0.0	0.0	0.0	0.0	0.0	0.0	0.0	0.0	0.0	0.0	0.0	0.0	0.0	0.038711	0.017669	0.016809	0.038239	0.0	0.0	0.001648	0.0	0.02112	0.008525	0.015581	0.028554	0.0	0.0	0.0	0.0	0.0	0.0	0.0	0.0	0.012843	0.006845	0.022816	0.001254	0.0	0.0	0.0	0.036283	0.036616	0.037214
k__Bacteria|p__Firmicutes|c__Clostridia|o__Lachnospirales|f__Lachnospiraceae|g__Anaerobutyricum|s__Anaerobutyricum_soehngenii	0.0	0.0	0.0	0.0	0.0	0.0	0.0	0.0	0.0	0.0	0.0	0.0	0.0	0.0	0.022196	0.025496	0.024789	0.02424	0.0	0.0	0.0	0.0	0.0	0.0	0.0	0.0	0.012892	0.011105	0.015101	0.002862	0.0	0.0	0.0	0.0	0.0	0.0	0.0	0.0	0.0	0.0	0.0	0.169297	0.179202	0.182429
k__Bacteria|p__Firmicutes|c__Clostridia|o__Lachnospirales|f__Lachnospiraceae|g__Coprococcus|s__Coprococcus_catus	0.0	0.0	0.0	0.0	0.0	0.0	0.0	0.0	0.0	0.0	0.0	0.0	0.0	0.0	0.019561	0.026846	0.020907	0.010575	0.06257	0.064263	0.056867	0.049949	0.048001	0.036349	0.045825	0.048485	0.005521	0.0	0.004943	0.001925	0.0	0.0	0.0	0.0	0.0	0.0	0.0	0.0	0.026807	0.023969	0.023001	0.008271	0.013189	0.007548
k__Bacteria|p__Firmicutes|c__Clostridia|o__Eubacteriales|f__Clostridiaceae|g__Clostridiaceae_unclassified|s__Clostridiaceae_bacterium_Marseille_Q3526	0.0	0.0	0.0	0.0	0.0	0.0	0.0	0.0	0.0	0.0	0.0	0.0	0.0	0.0	0.017802	0.010419	0.004031	0.0	0.0	0.0	0.0	0.0	0.0	0.0	0.0	0.0	0.0	0.0	0.0	0.0	0.0	0.0	0.0	0.0	0.211429	0.192275	0.21196	0.177394	0.0	0.0	0.0	0.0	0.0	0.0
k__Bacteria|p__Firmicutes|c__CFGB3057|o__OFGB3057|f__FGB3057|g__GGB9719|s__GGB9719_SGB15273	0.0	0.0	0.0	0.0	0.0	0.0	0.0	0.0	0.0	0.0	0.0	0.0	0.0	0.0	0.016613	0.00678	0.008342	0.012222	0.0	0.0	0.0	0.0	0.0	0.0	0.0	0.0	0.0	0.0	0.0	0.0	0.0	0.0	0.0	0.0	0.0	0.0	0.0	0.0	0.0	0.0	0.0	0.0	0.0	0.0
k__Bacteria|p__Firmicutes|c__Clostridia|o__Eubacteriales|f__Eubacteriaceae|g__GGB3278|s__GGB3278_SGB4328|t__SGB4328	0.0	0.0	0.0	0.0	0.0	0.0	0.0	0.0	0.0	0.0	0.0	0.0	0.0	0.0	0.354071	0.349226	0.330336	0.380535	0.489355	0.531967	0.523355	0.501463	0.0	0.0	0.0	0.0	0.0	0.0	0.0	0.0	0.0	0.0	0.0	0.0	0.0	0.0	0.0	0.0	0.0	0.0	0.0	0.0	0.0	0.0
k__Bacteria|p__Firmicutes|c__Erysipelotrichia|o__Erysipelotrichales|f__Coprobacillaceae|g__Faecalibacillus|s__Faecalibacillus_SGB6753|t__SGB6753	0.0	0.0	0.0	0.0	0.0	0.0	0.0	0.0	0.0	0.0	0.0	0.0	0.0	0.0	0.224465	0.185021	0.196078	0.228649	0.231013	0.320559	0.241939	0.178281	0.0	0.0	0.0	0.0	0.0	0.0	0.0	0.0	0.0	0.0	0.0	0.0	0.0	0.0	0.0	0.0	0.0	0.0	0.0	0.0	0.0	0.0
k__Bacteria|p__Firmicutes|c__Clostridia|o__Lachnospirales|f__Lachnospiraceae|g__Dorea|s__Dorea_longicatena|t__SGB4581	0.0	0.0	0.0	0.0	0.0	0.0	0.0	0.0	0.0	0.0	0.0	0.0	0.0	0.0	0.120853	0.132738	0.119658	0.089351	0.204707	0.209209	0.161497	0.20976	0.205516	0.178069	0.209572	0.204165	0.050291	0.05109	0.04704	0.029217	0.250402	0.223661	0.256791	0.0	0.0	0.0	0.0	0.0	0.128454	0.137165	0.130854	0.102447	0.097141	0.099909
k__Bacteria|p__Firmicutes|c__Clostridia|o__Eubacteriales|f__Eubacteriales_unclassified|g__Eubacteriales_unclassified|s__Eubacteriales_unclassified_SGB15158|t__SGB15158	0.0	0.0	0.0	0.0	0.0	0.0	0.0	0.0	0.0	0.0	0.0	0.0	0.0	0.0	0.102515	0.119958	0.109274	0.065526	0.0	0.0	0.0	0.0	0.0	0.0	0.0	0.0	0.0	0.0	0.0	0.0	0.0	0.0	0.0	0.0	0.0	0.0	0.0	0.0	0.0	0.0	0.0	0.0	0.0	0.0
k__Bacteria|p__Pseudomonadota|c__CFGB90573|o__OFGB90573|f__FGB90573|g__GGB36599|s__GGB36599_SGB9269|t__SGB9269	0.0	0.0	0.0	0.0	0.0	0.0	0.0	0.0	0.0	0.0	0.0	0.0	0.0	0.0	0.076166	0.090007	0.080371	0.065169	0.0	0.0	0.0	0.0	0.0	0.0	0.0	0.0	0.0	0.0	0.0	0.0	0.0	0.0	0.0	0.0	0.0	0.0	0.0	0.0	0.0	0.0	0.0	0.0	0.0	0.0
k__Bacteria|p__Firmicutes|c__CFGB1011|o__OFGB1011|f__FGB1011|g__GGB2653|s__GGB2653_SGB3574|t__SGB3574	0.0	0.0	0.0	0.0	0.0	0.0	0.0	0.0	0.0	0.0	0.0	0.0	0.0	0.0	0.038711	0.017669	0.016809	0.038239	0.0	0.0	0.001648	0.0	0.02112	0.008525	0.015581	0.028554	0.0	0.0	0.0	0.0	0.0	0.0	0.0	0.0	0.012843	0.006845	0.022816	0.001254	0.0	0.0	0.0	0.036283	0.036616	0.037214
k__Bacteria|p__Firmicutes|c__Clostridia|o__Lachnospirales|f__Lachnospiraceae|g__Anaerobutyricum|s__Anaerobutyricum_soehngenii|t__SGB4537	0.0	0.0	0.0	0.0	0.0	0.0	0.0	0.0	0.0	0.0	0.0	0.0	0.0	0.0	0.022196	0.025496	0.024789	0.02424	0.0	0.0	0.0	0.0	0.0	0.0	0.0	0.0	0.012892	0.011105	0.015101	0.002862	0.0	0.0	0.0	0.0	0.0	0.0	0.0	0.0	0.0	0.0	0.0	0.169297	0.179202	0.182429
k__Bacteria|p__Firmicutes|c__Clostridia|o__Lachnospirales|f__Lachnospiraceae|g__Coprococcus|s__Coprococcus_catus|t__SGB4670	0.0	0.0	0.0	0.0	0.0	0.0	0.0	0.0	0.0	0.0	0.0	0.0	0.0	0.0	0.019561	0.026846	0.020907	0.010575	0.06257	0.064263	0.056867	0.049949	0.048001	0.036349	0.045825	0.048485	0.0	0.0	0.0	0.0	0.0	0.0	0.0	0.0	0.0	0.0	0.0	0.0	0.0	0.0	0.0	0.001901	0.0	0.0
k__Bacteria|p__Firmicutes|c__Clostridia|o__Eubacteriales|f__Clostridiaceae|g__Clostridiaceae_unclassified|s__Clostridiaceae_bacterium_Marseille_Q3526|t__SGB4703	0.0	0.0	0.0	0.0	0.0	0.0	0.0	0.0	0.0	0.0	0.0	0.0	0.0	0.0	0.017802	0.010419	0.004031	0.0	0.0	0.0	0.0	0.0	0.0	0.0	0.0	0.0	0.0	0.0	0.0	0.0	0.0	0.0	0.0	0.0	0.211429	0.192275	0.21196	0.177394	0.0	0.0	0.0	0.0	0.0	0.0
k__Bacteria|p__Firmicutes|c__CFGB3057|o__OFGB3057|f__FGB3057|g__GGB9719|s__GGB9719_SGB15273|t__SGB15273	0.0	0.0	0.0	0.0	0.0	0.0	0.0	0.0	0.0	0.0	0.0	0.0	0.0	0.0	0.016613	0.00678	0.008342	0.012222	0.0	0.0	0.0	0.0	0.0	0.0	0.0	0.0	0.0	0.0	0.0	0.0	0.0	0.0	0.0	0.0	0.0	0.0	0.0	0.0	0.0	0.0	0.0	0.0	0.0	0.0
k__Bacteria|p__Actinomycetota|c__Coriobacteriia|o__Eggerthellales|f__Eggerthellaceae|g__Adlercreutzia	0.0	0.0	0.0	0.0	0.0	0.0	0.0	0.0	0.0	0.0	0.0	0.0	0.0	0.0	0.0	0.008276	0.008205	0.001742	0.0	0.0	0.0	0.0	0.0	0.0	0.0	0.0	0.0	0.0	0.0	0.0	0.0	0.0	0.0	0.0	0.0	0.0	0.0	0.0	0.0	0.0	0.0	0.0	0.0	0.0
k__Bacteria|p__Actinomycetota|c__Coriobacteriia|o__Eggerthellales|f__Eggerthellaceae|g__Adlercreutzia|s__Adlercreutzia_equolifaciens	0.0	0.0	0.0	0.0	0.0	0.0	0.0	0.0	0.0	0.0	0.0	0.0	0.0	0.0	0.0	0.008276	0.008205	0.001742	0.0	0.0	0.0	0.0	0.0	0.0	0.0	0.0	0.0	0.0	0.0	0.0	0.0	0.0	0.0	0.0	0.0	0.0	0.0	0.0	0.0	0.0	0.0	0.0	0.0	0.0
k__Bacteria|p__Actinomycetota|c__Coriobacteriia|o__Eggerthellales|f__Eggerthellaceae|g__Adlercreutzia|s__Adlercreutzia_equolifaciens|t__SGB14797	0.0	0.0	0.0	0.0	0.0	0.0	0.0	0.0	0.0	0.0	0.0	0.0	0.0	0.0	0.0	0.008276	0.008205	0.001742	0.0	0.0	0.0	0.0	0.0	0.0	0.0	0.0	0.0	0.0	0.0	0.0	0.0	0.0	0.0	0.0	0.0	0.0	0.0	0.0	0.0	0.0	0.0	0.0	0.0	0.0
k__Bacteria|p__Bacteroidota|c__Bacteroidia|o__Bacteroidales|f__Prevotellaceae|g__GGB41119	0.0	0.0	0.0	0.0	0.0	0.0	0.0	0.0	0.0	0.0	0.0	0.0	0.0	0.0	0.0	0.0	0.000686	0.0	0.0	0.0	0.0	0.0	0.0	0.0	0.0	0.0	4.21753	3.948674	3.95259	3.821805	0.0	0.0	0.0	0.0	0.0	0.0	0.0	0.0	0.0	0.0	0.0	0.0	0.0	0.0
k__Bacteria|p__Bacteroidota|c__Bacteroidia|o__Bacteroidales|f__Prevotellaceae|g__GGB41119|s__GGB41119_SGB48196	0.0	0.0	0.0	0.0	0.0	0.0	0.0	0.0	0.0	0.0	0.0	0.0	0.0	0.0	0.0	0.0	0.000686	0.0	0.0	0.0	0.0	0.0	0.0	0.0	0.0	0.0	4.21753	3.948674	3.95259	3.821805	0.0	0.0	0.0	0.0	0.0	0.0	0.0	0.0	0.0	0.0	0.0	0.0	0.0	0.0
k__Bacteria|p__Bacteroidota|c__Bacteroidia|o__Bacteroidales|f__Prevotellaceae|g__GGB41119|s__GGB41119_SGB48196|t__SGB48196	0.0	0.0	0.0	0.0	0.0	0.0	0.0	0.0	0.0	0.0	0.0	0.0	0.0	0.0	0.0	0.0	0.000686	0.0	0.0	0.0	0.0	0.0	0.0	0.0	0.0	0.0	4.21753	3.948674	3.95259	3.821805	0.0	0.0	0.0	0.0	0.0	0.0	0.0	0.0	0.0	0.0	0.0	0.0	0.0	0.0
k__Bacteria|p__Firmicutes|c__CFGB2984	0.0	0.0	0.0	0.0	0.0	0.0	0.0	0.0	0.0	0.0	0.0	0.0	0.0	0.0	0.0	0.0	0.0	0.0	4.458185	4.29477	4.407887	4.426624	0.415462	0.410226	0.372906	0.392056	0.0	0.0	0.0	0.0	0.038846	0.074626	0.0	0.0	0.0	0.0	0.0	0.0	0.155325	0.180684	0.160371	0.0	0.0	0.0
k__Bacteria|p__Firmicutes|c__CFGB94588	0.0	0.0	0.0	0.0	0.0	0.0	0.0	0.0	0.0	0.0	0.0	0.0	0.0	0.0	0.0	0.0	0.0	0.0	3.538195	3.467141	3.637081	3.58071	0.0	0.0	0.0	0.0	1.581615	1.493312	1.528766	1.551776	1.398747	1.314486	1.001321	0.980835	0.0	0.0	0.0	0.0	0.0	0.0	0.0	8.789582	8.641412	8.66843
k__Bacteria|p__Firmicutes|c__CFGB73062	0.0	0.0	0.0	0.0	0.0	0.0	0.0	0.0	0.0	0.0	0.0	0.0	0.0	0.0	0.0	0.0	0.0	0.0	2.167529	2.217584	2.202169	2.218999	8.551335	8.617925	8.433875	8.578308	0.0	0.0	0.0	0.0	0.0	0.0	0.0	0.0	0.0	0.0	0.0	0.0	0.173473	0.172371	0.138551	0.0	0.0	0.0
k__Bacteria|p__Pseudomonadota|c__CFGB2404	0.0	0.0	0.0	0.0	0.0	0.0	0.0	0.0	0.0	0.0	0.0	0.0	0.0	0.0	0.0	0.0	0.0	0.0	1.704897	1.713655	1.684031	1.729154	0.025827	0.021247	0.019877	0.028148	0.0	0.0	0.0	0.0	0.0	0.0	0.0	0.0	0.0	0.0	0.0	0.0	0.0	0.0	0.0	2.068017	2.068738	2.168507
k__Bacteria|p__Firmicutes|c__CFGB2875	0.0	0.0	0.0	0.0	0.0	0.0	0.0	0.0	0.0	0.0	0.0	0.0	0.0	0.0	0.0	0.0	0.0	0.0	1.409861	1.577652	1.518274	1.519917	0.503658	0.515209	0.505617	0.500359	0.0	0.0	0.0	0.0	0.0	0.0	0.0	0.0	0.0	0.0	0.0	0.0	0.012561	0.008021	0.021299	0.0	0.0	0.0
k__Bacteria|p__Firmicutes|c__CFGB94730	0.0	0.0	0.0	0.0	0.0	0.0	0.0	0.0	0.0	0.0	0.0	0.0	0.0	0.0	0.0	0.0	0.0	0.0	1.403394	1.452586	1.447304	1.563405	0.464663	0.537018	0.505016	0.52624	0.0	0.0	0.0	0.0	0.887833	0.891778	1.186369	1.240908	0.0	0.0	0.0	0.0	0.0	0.0	0.0	0.0	0.0	0.0
k__Bacteria|p__Firmicutes|c__CFGB1776	0.0	0.0	0.0	0.0	0.0	0.0	0.0	0.0	0.0	0.0	0.0	0.0	0.0	0.0	0.0	0.0	0.0	0.0	0.815624	0.889591	0.835701	0.83987	0.0	0.0	0.0	0.0	0.0	0.0	0.0	0.0	0.174661	0.156422	0.082272	0.287162	0.0	0.0	0.0	0.0	5.40519	5.605516	5.51716	0.0	0.0	0.0
k__Bacteria|p__Firmicutes|c__CFGB2979	0.0	0.0	0.0	0.0	0.0	0.0	0.0	0.0	0.0	0.0	0.0	0.0	0.0	0.0	0.0	0.0	0.0	0.0	0.80478	0.890863	0.812778	0.831298	0.0	0.0	0.0	0.0	0.0	0.0	0.0	0.0	0.0	0.0	0.0	0.0	0.0	0.0	0.0	0.0	0.0	0.0	0.0	0.0	0.0	0.0
k__Bacteria|p__Firmicutes|c__CFGB41726	0.0	0.0	0.0	0.0	0.0	0.0	0.0	0.0	0.0	0.0	0.0	0.0	0.0	0.0	0.0	0.0	0.0	0.0	0.789463	0.795706	0.811063	0.784012	0.0	0.0	0.0	0.0	0.0	0.0	0.0	0.0	0.0	0.0	0.0	0.0	0.0	0.0	0.0	0.0	0.058658	0.048497	0.050507	0.0	0.0	0.0
k__Bacteria|p__Firmicutes|c__CFGB10318	0.0	0.0	0.0	0.0	0.0	0.0	0.0	0.0	0.0	0.0	0.0	0.0	0.0	0.0	0.0	0.0	0.0	0.0	0.471657	0.515721	0.477939	0.477654	0.0	0.0	0.0	0.0	0.0	0.0	0.0	0.0	0.0	0.0	0.0	0.0	0.0	0.0	0.0	0.0	0.0	0.0	0.0	0.0	0.0	0.0
k__Bacteria|p__Firmicutes|c__CFGB74971	0.0	0.0	0.0	0.0	0.0	0.0	0.0	0.0	0.0	0.0	0.0	0.0	0.0	0.0	0.0	0.0	0.0	0.0	0.29752	0.330599	0.330209	0.309638	0.0	0.0	0.0	0.0	0.0	0.0	0.0	0.0	0.0	0.0	0.0	0.0	0.0	0.0	0.0	0.0	0.0	0.0	0.0	0.0	0.0	0.0
k__Bacteria|p__Firmicutes|c__CFGB92044	0.0	0.0	0.0	0.0	0.0	0.0	0.0	0.0	0.0	0.0	0.0	0.0	0.0	0.0	0.0	0.0	0.0	0.0	0.276246	0.220215	0.265886	0.25025	0.083381	0.06832	0.061876	0.079374	0.0	0.0	0.0	0.0	0.0	0.0	0.0	0.0	0.0	0.0	0.0	0.0	0.004249	0.002564	0.0	0.0	0.0	0.0
k__Bacteria|p__Verrucomicrobiota|c__Opitutia	0.0	0.0	0.0	0.0	0.0	0.0	0.0	0.0	0.0	0.0	0.0	0.0	0.0	0.0	0.0	0.0	0.0	0.0	0.263981	0.185401	0.253389	0.287523	0.0	0.0	0.0	0.0	0.0	0.0	0.0	0.0	0.0	0.0	0.0	0.0	0.0	0.0	0.0	0.0	0.0	0.0	0.0	0.0	0.0	0.0
k__Bacteria|p__Firmicutes|c__CFGB88483	0.0	0.0	0.0	0.0	0.0	0.0	0.0	0.0	0.0	0.0	0.0	0.0	0.0	0.0	0.0	0.0	0.0	0.0	0.210167	0.211737	0.197824	0.19353	0.0	0.0	0.0	0.0	0.0	0.0	0.0	0.0	0.0	0.0	0.0	0.0	0.0	0.0	0.0	0.0	0.0	0.0	0.0	0.0	0.0	0.0
k__Bacteria|p__Firmicutes|c__CFGB78183	0.0	0.0	0.0	0.0	0.0	0.0	0.0	0.0	0.0	0.0	0.0	0.0	0.0	0.0	0.0	0.0	0.0	0.0	0.084345	0.059778	0.050554	0.084672	0.0	0.0	0.0	0.0	0.0	0.0	0.0	0.0	0.0	0.0	0.0	0.0	0.0	0.0	0.0	0.0	0.0	0.0	0.0	0.0	0.0	0.0
k__Bacteria|p__Firmicutes|c__CFGB3043	0.0	0.0	0.0	0.0	0.0	0.0	0.0	0.0	0.0	0.0	0.0	0.0	0.0	0.0	0.0	0.0	0.0	0.0	0.075437	0.073604	0.078241	0.079335	0.037346	0.028255	0.029539	0.026582	0.0	0.0	0.0	0.0	0.0	0.0	0.0	0.0	0.0	0.0	0.0	0.0	0.309209	0.279588	0.286051	0.0	0.0	0.0
k__Bacteria|p__Firmicutes|c__CFGB79315	0.0	0.0	0.0	0.0	0.0	0.0	0.0	0.0	0.0	0.0	0.0	0.0	0.0	0.0	0.0	0.0	0.0	0.0	0.074884	0.071086	0.086016	0.062481	0.0	0.0	0.0	0.0	0.0	0.0	0.0	0.0	0.064597	0.050609	0.0	0.0	0.0	0.0	0.0	0.0	3.016525	2.928778	2.867695	0.0	0.0	0.0
k__Bacteria|p__Firmicutes|c__CFGB11739	0.0	0.0	0.0	0.0	0.0	0.0	0.0	0.0	0.0	0.0	0.0	0.0	0.0	0.0	0.0	0.0	0.0	0.0	0.066948	0.097819	0.086492	0.073109	0.0	0.0	0.0	0.0	0.0	0.0	0.0	0.0	0.0	0.0	0.0	0.0	0.0	0.0	0.0	0.0	0.104298	0.104585	0.10012	0.0	0.0	0.0
k__Bacteria|p__Firmicutes|c__CFGB1539	0.0	0.0	0.0	0.0	0.0	0.0	0.0	0.0	0.0	0.0	0.0	0.0	0.0	0.0	0.0	0.0	0.0	0.0	0.055047	0.054076	0.060567	0.061894	0.0	0.0	0.0	0.0	0.0	0.0	0.0	0.0	0.0	0.0	0.0	0.0	0.0	0.0	0.0	0.0	0.0	0.0	0.0	0.0	0.0	0.0
k__Bacteria|p__Firmicutes|c__CFGB82250	0.0	0.0	0.0	0.0	0.0	0.0	0.0	0.0	0.0	0.0	0.0	0.0	0.0	0.0	0.0	0.0	0.0	0.0	0.047909	0.050084	0.052033	0.070847	0.0	0.0	0.0	0.0	0.0	0.0	0.0	0.0	0.0	0.0	0.0	0.0	0.0	0.0	0.0	0.0	0.0	0.0	0.0	0.0	0.0	0.0
k__Bacteria|p__Firmicutes|c__CFGB2890	0.0	0.0	0.0	0.0	0.0	0.0	0.0	0.0	0.0	0.0	0.0	0.0	0.0	0.0	0.0	0.0	0.0	0.0	0.02536	0.018713	0.017793	0.024319	0.0	0.0	0.0	0.0	0.0	0.0	0.0	0.0	0.0	0.0	0.0	0.0	0.0	0.0	0.0	0.0	0.005922	0.008427	0.008581	0.0	0.0	0.0
k__Bacteria|p__Firmicutes|c__CFGB32310	0.0	0.0	0.0	0.0	0.0	0.0	0.0	0.0	0.0	0.0	0.0	0.0	0.0	0.0	0.0	0.0	0.0	0.0	0.024419	0.020889	0.017777	0.017628	0.0	0.0	0.0	0.0	0.0	0.0	0.0	0.0	0.0	0.0	0.0	0.0	0.0	0.0	0.0	0.0	0.052814	0.047247	0.053862	0.0	0.0	0.0
k__Bacteria|p__Firmicutes|c__CFGB9491	0.0	0.0	0.0	0.0	0.0	0.0	0.0	0.0	0.0	0.0	0.0	0.0	0.0	0.0	0.0	0.0	0.0	0.0	0.016518	0.01715	0.018189	0.016927	0.0	0.0	0.0	0.0	0.0	0.0	0.0	0.0	0.0	0.0	0.0	0.0	0.0	0.0	0.0	0.0	0.0	0.0	0.0	0.0	0.0	0.0
k__Bacteria|p__Firmicutes|c__CFGB82363	0.0	0.0	0.0	0.0	0.0	0.0	0.0	0.0	0.0	0.0	0.0	0.0	0.0	0.0	0.0	0.0	0.0	0.0	0.01566	0.012942	0.013526	0.014786	0.0	0.0	0.0	0.0	0.0	0.0	0.0	0.0	0.0	0.0	0.0	0.0	0.0	0.0	0.0	0.0	0.0	0.0	0.0	0.0	0.0	0.0
k__Bacteria|p__Firmicutes|c__CFGB3070	0.0	0.0	0.0	0.0	0.0	0.0	0.0	0.0	0.0	0.0	0.0	0.0	0.0	0.0	0.0	0.0	0.0	0.0	0.015079	0.018311	0.0	0.016454	0.0	0.0	0.0	0.0	0.0	0.0	0.0	0.0	0.0	0.0	0.0	0.0	0.0	0.0	0.0	0.0	0.049106	0.061328	0.039843	0.0	0.0	0.0
k__Bacteria|p__Firmicutes|c__CFGB30287	0.0	0.0	0.0	0.0	0.0	0.0	0.0	0.0	0.0	0.0	0.0	0.0	0.0	0.0	0.0	0.0	0.0	0.0	0.004435	0.004051	0.001301	0.00385	0.0	0.0	0.0	0.0	0.0	0.0	0.0	0.0	0.0	0.0	0.0	0.0	0.0	0.0	0.0	0.0	0.06408	0.052214	0.043081	0.0	0.0	0.0
k__Bacteria|p__Firmicutes|c__CFGB2984|o__OFGB2984	0.0	0.0	0.0	0.0	0.0	0.0	0.0	0.0	0.0	0.0	0.0	0.0	0.0	0.0	0.0	0.0	0.0	0.0	4.458185	4.29477	4.407887	4.426624	0.415462	0.410226	0.372906	0.392056	0.0	0.0	0.0	0.0	0.038846	0.074626	0.0	0.0	0.0	0.0	0.0	0.0	0.155325	0.180684	0.160371	0.0	0.0	0.0
k__Bacteria|p__Firmicutes|c__CFGB94588|o__OFGB94588	0.0	0.0	0.0	0.0	0.0	0.0	0.0	0.0	0.0	0.0	0.0	0.0	0.0	0.0	0.0	0.0	0.0	0.0	3.538195	3.467141	3.637081	3.58071	0.0	0.0	0.0	0.0	1.581615	1.493312	1.528766	1.551776	1.398747	1.314486	1.001321	0.980835	0.0	0.0	0.0	0.0	0.0	0.0	0.0	8.789582	8.641412	8.66843
k__Bacteria|p__Firmicutes|c__CFGB73062|o__OFGB73062	0.0	0.0	0.0	0.0	0.0	0.0	0.0	0.0	0.0	0.0	0.0	0.0	0.0	0.0	0.0	0.0	0.0	0.0	2.167529	2.217584	2.202169	2.218999	8.551335	8.617925	8.433875	8.578308	0.0	0.0	0.0	0.0	0.0	0.0	0.0	0.0	0.0	0.0	0.0	0.0	0.173473	0.172371	0.138551	0.0	0.0	0.0
k__Bacteria|p__Pseudomonadota|c__CFGB2404|o__OFGB2404	0.0	0.0	0.0	0.0	0.0	0.0	0.0	0.0	0.0	0.0	0.0	0.0	0.0	0.0	0.0	0.0	0.0	0.0	1.704897	1.713655	1.684031	1.729154	0.025827	0.021247	0.019877	0.028148	0.0	0.0	0.0	0.0	0.0	0.0	0.0	0.0	0.0	0.0	0.0	0.0	0.0	0.0	0.0	2.068017	2.068738	2.168507
k__Bacteria|p__Firmicutes|c__CFGB2875|o__OFGB2875	0.0	0.0	0.0	0.0	0.0	0.0	0.0	0.0	0.0	0.0	0.0	0.0	0.0	0.0	0.0	0.0	0.0	0.0	1.409861	1.577652	1.518274	1.519917	0.503658	0.515209	0.505617	0.500359	0.0	0.0	0.0	0.0	0.0	0.0	0.0	0.0	0.0	0.0	0.0	0.0	0.012561	0.008021	0.021299	0.0	0.0	0.0
k__Bacteria|p__Firmicutes|c__CFGB94730|o__OFGB94730	0.0	0.0	0.0	0.0	0.0	0.0	0.0	0.0	0.0	0.0	0.0	0.0	0.0	0.0	0.0	0.0	0.0	0.0	1.403394	1.452586	1.447304	1.563405	0.464663	0.537018	0.505016	0.52624	0.0	0.0	0.0	0.0	0.887833	0.891778	1.186369	1.240908	0.0	0.0	0.0	0.0	0.0	0.0	0.0	0.0	0.0	0.0
k__Bacteria|p__Firmicutes|c__CFGB1776|o__OFGB1776	0.0	0.0	0.0	0.0	0.0	0.0	0.0	0.0	0.0	0.0	0.0	0.0	0.0	0.0	0.0	0.0	0.0	0.0	0.815624	0.889591	0.835701	0.83987	0.0	0.0	0.0	0.0	0.0	0.0	0.0	0.0	0.174661	0.156422	0.082272	0.287162	0.0	0.0	0.0	0.0	5.40519	5.605516	5.51716	0.0	0.0	0.0
k__Bacteria|p__Firmicutes|c__CFGB2979|o__OFGB2979	0.0	0.0	0.0	0.0	0.0	0.0	0.0	0.0	0.0	0.0	0.0	0.0	0.0	0.0	0.0	0.0	0.0	0.0	0.80478	0.890863	0.812778	0.831298	0.0	0.0	0.0	0.0	0.0	0.0	0.0	0.0	0.0	0.0	0.0	0.0	0.0	0.0	0.0	0.0	0.0	0.0	0.0	0.0	0.0	0.0
k__Bacteria|p__Firmicutes|c__CFGB41726|o__OFGB41726	0.0	0.0	0.0	0.0	0.0	0.0	0.0	0.0	0.0	0.0	0.0	0.0	0.0	0.0	0.0	0.0	0.0	0.0	0.789463	0.795706	0.811063	0.784012	0.0	0.0	0.0	0.0	0.0	0.0	0.0	0.0	0.0	0.0	0.0	0.0	0.0	0.0	0.0	0.0	0.058658	0.048497	0.050507	0.0	0.0	0.0
k__Bacteria|p__Firmicutes|c__CFGB10318|o__OFGB10318	0.0	0.0	0.0	0.0	0.0	0.0	0.0	0.0	0.0	0.0	0.0	0.0	0.0	0.0	0.0	0.0	0.0	0.0	0.471657	0.515721	0.477939	0.477654	0.0	0.0	0.0	0.0	0.0	0.0	0.0	0.0	0.0	0.0	0.0	0.0	0.0	0.0	0.0	0.0	0.0	0.0	0.0	0.0	0.0	0.0
k__Bacteria|p__Firmicutes|c__CFGB74971|o__OFGB74971	0.0	0.0	0.0	0.0	0.0	0.0	0.0	0.0	0.0	0.0	0.0	0.0	0.0	0.0	0.0	0.0	0.0	0.0	0.29752	0.330599	0.330209	0.309638	0.0	0.0	0.0	0.0	0.0	0.0	0.0	0.0	0.0	0.0	0.0	0.0	0.0	0.0	0.0	0.0	0.0	0.0	0.0	0.0	0.0	0.0
k__Bacteria|p__Firmicutes|c__CFGB92044|o__OFGB92044	0.0	0.0	0.0	0.0	0.0	0.0	0.0	0.0	0.0	0.0	0.0	0.0	0.0	0.0	0.0	0.0	0.0	0.0	0.276246	0.220215	0.265886	0.25025	0.083381	0.06832	0.061876	0.079374	0.0	0.0	0.0	0.0	0.0	0.0	0.0	0.0	0.0	0.0	0.0	0.0	0.004249	0.002564	0.0	0.0	0.0	0.0
k__Bacteria|p__Verrucomicrobiota|c__Opitutia|o__Puniceicoccales	0.0	0.0	0.0	0.0	0.0	0.0	0.0	0.0	0.0	0.0	0.0	0.0	0.0	0.0	0.0	0.0	0.0	0.0	0.263981	0.185401	0.253389	0.287523	0.0	0.0	0.0	0.0	0.0	0.0	0.0	0.0	0.0	0.0	0.0	0.0	0.0	0.0	0.0	0.0	0.0	0.0	0.0	0.0	0.0	0.0
k__Bacteria|p__Firmicutes|c__CFGB88483|o__OFGB88483	0.0	0.0	0.0	0.0	0.0	0.0	0.0	0.0	0.0	0.0	0.0	0.0	0.0	0.0	0.0	0.0	0.0	0.0	0.210167	0.211737	0.197824	0.19353	0.0	0.0	0.0	0.0	0.0	0.0	0.0	0.0	0.0	0.0	0.0	0.0	0.0	0.0	0.0	0.0	0.0	0.0	0.0	0.0	0.0	0.0
k__Bacteria|p__Firmicutes|c__CFGB78183|o__OFGB78183	0.0	0.0	0.0	0.0	0.0	0.0	0.0	0.0	0.0	0.0	0.0	0.0	0.0	0.0	0.0	0.0	0.0	0.0	0.084345	0.059778	0.050554	0.084672	0.0	0.0	0.0	0.0	0.0	0.0	0.0	0.0	0.0	0.0	0.0	0.0	0.0	0.0	0.0	0.0	0.0	0.0	0.0	0.0	0.0	0.0
k__Bacteria|p__Firmicutes|c__CFGB3043|o__OFGB3043	0.0	0.0	0.0	0.0	0.0	0.0	0.0	0.0	0.0	0.0	0.0	0.0	0.0	0.0	0.0	0.0	0.0	0.0	0.075437	0.073604	0.078241	0.079335	0.037346	0.028255	0.029539	0.026582	0.0	0.0	0.0	0.0	0.0	0.0	0.0	0.0	0.0	0.0	0.0	0.0	0.309209	0.279588	0.286051	0.0	0.0	0.0
k__Bacteria|p__Firmicutes|c__CFGB79315|o__OFGB79315	0.0	0.0	0.0	0.0	0.0	0.0	0.0	0.0	0.0	0.0	0.0	0.0	0.0	0.0	0.0	0.0	0.0	0.0	0.074884	0.071086	0.086016	0.062481	0.0	0.0	0.0	0.0	0.0	0.0	0.0	0.0	0.064597	0.050609	0.0	0.0	0.0	0.0	0.0	0.0	3.016525	2.928778	2.867695	0.0	0.0	0.0
k__Bacteria|p__Firmicutes|c__CFGB11739|o__OFGB11739	0.0	0.0	0.0	0.0	0.0	0.0	0.0	0.0	0.0	0.0	0.0	0.0	0.0	0.0	0.0	0.0	0.0	0.0	0.066948	0.097819	0.086492	0.073109	0.0	0.0	0.0	0.0	0.0	0.0	0.0	0.0	0.0	0.0	0.0	0.0	0.0	0.0	0.0	0.0	0.104298	0.104585	0.10012	0.0	0.0	0.0
k__Bacteria|p__Firmicutes|c__CFGB1539|o__OFGB1539	0.0	0.0	0.0	0.0	0.0	0.0	0.0	0.0	0.0	0.0	0.0	0.0	0.0	0.0	0.0	0.0	0.0	0.0	0.055047	0.054076	0.060567	0.061894	0.0	0.0	0.0	0.0	0.0	0.0	0.0	0.0	0.0	0.0	0.0	0.0	0.0	0.0	0.0	0.0	0.0	0.0	0.0	0.0	0.0	0.0
k__Bacteria|p__Firmicutes|c__CFGB82250|o__OFGB82250	0.0	0.0	0.0	0.0	0.0	0.0	0.0	0.0	0.0	0.0	0.0	0.0	0.0	0.0	0.0	0.0	0.0	0.0	0.047909	0.050084	0.052033	0.070847	0.0	0.0	0.0	0.0	0.0	0.0	0.0	0.0	0.0	0.0	0.0	0.0	0.0	0.0	0.0	0.0	0.0	0.0	0.0	0.0	0.0	0.0
k__Bacteria|p__Firmicutes|c__CFGB2890|o__OFGB2890	0.0	0.0	0.0	0.0	0.0	0.0	0.0	0.0	0.0	0.0	0.0	0.0	0.0	0.0	0.0	0.0	0.0	0.0	0.02536	0.018713	0.017793	0.024319	0.0	0.0	0.0	0.0	0.0	0.0	0.0	0.0	0.0	0.0	0.0	0.0	0.0	0.0	0.0	0.0	0.005922	0.008427	0.008581	0.0	0.0	0.0
k__Bacteria|p__Firmicutes|c__CFGB32310|o__OFGB32310	0.0	0.0	0.0	0.0	0.0	0.0	0.0	0.0	0.0	0.0	0.0	0.0	0.0	0.0	0.0	0.0	0.0	0.0	0.024419	0.020889	0.017777	0.017628	0.0	0.0	0.0	0.0	0.0	0.0	0.0	0.0	0.0	0.0	0.0	0.0	0.0	0.0	0.0	0.0	0.052814	0.047247	0.053862	0.0	0.0	0.0
k__Bacteria|p__Firmicutes|c__CFGB9491|o__OFGB9491	0.0	0.0	0.0	0.0	0.0	0.0	0.0	0.0	0.0	0.0	0.0	0.0	0.0	0.0	0.0	0.0	0.0	0.0	0.016518	0.01715	0.018189	0.016927	0.0	0.0	0.0	0.0	0.0	0.0	0.0	0.0	0.0	0.0	0.0	0.0	0.0	0.0	0.0	0.0	0.0	0.0	0.0	0.0	0.0	0.0
k__Bacteria|p__Firmicutes|c__CFGB82363|o__OFGB82363	0.0	0.0	0.0	0.0	0.0	0.0	0.0	0.0	0.0	0.0	0.0	0.0	0.0	0.0	0.0	0.0	0.0	0.0	0.01566	0.012942	0.013526	0.014786	0.0	0.0	0.0	0.0	0.0	0.0	0.0	0.0	0.0	0.0	0.0	0.0	0.0	0.0	0.0	0.0	0.0	0.0	0.0	0.0	0.0	0.0
k__Bacteria|p__Firmicutes|c__CFGB3070|o__OFGB3070	0.0	0.0	0.0	0.0	0.0	0.0	0.0	0.0	0.0	0.0	0.0	0.0	0.0	0.0	0.0	0.0	0.0	0.0	0.015079	0.018311	0.0	0.016454	0.0	0.0	0.0	0.0	0.0	0.0	0.0	0.0	0.0	0.0	0.0	0.0	0.0	0.0	0.0	0.0	0.049106	0.061328	0.039843	0.0	0.0	0.0
k__Bacteria|p__Firmicutes|c__CFGB30287|o__OFGB30287	0.0	0.0	0.0	0.0	0.0	0.0	0.0	0.0	0.0	0.0	0.0	0.0	0.0	0.0	0.0	0.0	0.0	0.0	0.004435	0.004051	0.001301	0.00385	0.0	0.0	0.0	0.0	0.0	0.0	0.0	0.0	0.0	0.0	0.0	0.0	0.0	0.0	0.0	0.0	0.06408	0.052214	0.043081	0.0	0.0	0.0
k__Bacteria|p__Firmicutes|c__CFGB2984|o__OFGB2984|f__FGB2984	0.0	0.0	0.0	0.0	0.0	0.0	0.0	0.0	0.0	0.0	0.0	0.0	0.0	0.0	0.0	0.0	0.0	0.0	4.458185	4.29477	4.407887	4.426624	0.415462	0.410226	0.372906	0.392056	0.0	0.0	0.0	0.0	0.038846	0.074626	0.0	0.0	0.0	0.0	0.0	0.0	0.155325	0.180684	0.160371	0.0	0.0	0.0
k__Bacteria|p__Firmicutes|c__CFGB94588|o__OFGB94588|f__FGB94588	0.0	0.0	0.0	0.0	0.0	0.0	0.0	0.0	0.0	0.0	0.0	0.0	0.0	0.0	0.0	0.0	0.0	0.0	3.538195	3.467141	3.637081	3.58071	0.0	0.0	0.0	0.0	1.581615	1.493312	1.528766	1.551776	1.398747	1.314486	1.001321	0.980835	0.0	0.0	0.0	0.0	0.0	0.0	0.0	8.789582	8.641412	8.66843
k__Bacteria|p__Firmicutes|c__CFGB73062|o__OFGB73062|f__FGB73062	0.0	0.0	0.0	0.0	0.0	0.0	0.0	0.0	0.0	0.0	0.0	0.0	0.0	0.0	0.0	0.0	0.0	0.0	2.167529	2.217584	2.202169	2.218999	8.551335	8.617925	8.433875	8.578308	0.0	0.0	0.0	0.0	0.0	0.0	0.0	0.0	0.0	0.0	0.0	0.0	0.173473	0.172371	0.138551	0.0	0.0	0.0
k__Bacteria|p__Pseudomonadota|c__CFGB2404|o__OFGB2404|f__FGB2404	0.0	0.0	0.0	0.0	0.0	0.0	0.0	0.0	0.0	0.0	0.0	0.0	0.0	0.0	0.0	0.0	0.0	0.0	1.704897	1.713655	1.684031	1.729154	0.025827	0.021247	0.019877	0.028148	0.0	0.0	0.0	0.0	0.0	0.0	0.0	0.0	0.0	0.0	0.0	0.0	0.0	0.0	0.0	2.068017	2.068738	2.168507
k__Bacteria|p__Firmicutes|c__CFGB2875|o__OFGB2875|f__FGB2875	0.0	0.0	0.0	0.0	0.0	0.0	0.0	0.0	0.0	0.0	0.0	0.0	0.0	0.0	0.0	0.0	0.0	0.0	1.409861	1.577652	1.518274	1.519917	0.503658	0.515209	0.505617	0.500359	0.0	0.0	0.0	0.0	0.0	0.0	0.0	0.0	0.0	0.0	0.0	0.0	0.012561	0.008021	0.021299	0.0	0.0	0.0
k__Bacteria|p__Firmicutes|c__CFGB94730|o__OFGB94730|f__FGB94730	0.0	0.0	0.0	0.0	0.0	0.0	0.0	0.0	0.0	0.0	0.0	0.0	0.0	0.0	0.0	0.0	0.0	0.0	1.403394	1.452586	1.447304	1.563405	0.464663	0.537018	0.505016	0.52624	0.0	0.0	0.0	0.0	0.887833	0.891778	1.186369	1.240908	0.0	0.0	0.0	0.0	0.0	0.0	0.0	0.0	0.0	0.0
k__Bacteria|p__Firmicutes|c__CFGB1776|o__OFGB1776|f__FGB1776	0.0	0.0	0.0	0.0	0.0	0.0	0.0	0.0	0.0	0.0	0.0	0.0	0.0	0.0	0.0	0.0	0.0	0.0	0.815624	0.889591	0.835701	0.83987	0.0	0.0	0.0	0.0	0.0	0.0	0.0	0.0	0.174661	0.156422	0.082272	0.287162	0.0	0.0	0.0	0.0	5.40519	5.605516	5.51716	0.0	0.0	0.0
k__Bacteria|p__Firmicutes|c__CFGB2979|o__OFGB2979|f__FGB2979	0.0	0.0	0.0	0.0	0.0	0.0	0.0	0.0	0.0	0.0	0.0	0.0	0.0	0.0	0.0	0.0	0.0	0.0	0.80478	0.890863	0.812778	0.831298	0.0	0.0	0.0	0.0	0.0	0.0	0.0	0.0	0.0	0.0	0.0	0.0	0.0	0.0	0.0	0.0	0.0	0.0	0.0	0.0	0.0	0.0
k__Bacteria|p__Firmicutes|c__CFGB41726|o__OFGB41726|f__FGB41726	0.0	0.0	0.0	0.0	0.0	0.0	0.0	0.0	0.0	0.0	0.0	0.0	0.0	0.0	0.0	0.0	0.0	0.0	0.789463	0.795706	0.811063	0.784012	0.0	0.0	0.0	0.0	0.0	0.0	0.0	0.0	0.0	0.0	0.0	0.0	0.0	0.0	0.0	0.0	0.058658	0.048497	0.050507	0.0	0.0	0.0
k__Bacteria|p__Bacteroidota|c__Bacteroidia|o__Bacteroidales|f__Bacteroidales_unclassified	0.0	0.0	0.0	0.0	0.0	0.0	0.0	0.0	0.0	0.0	0.0	0.0	0.0	0.0	0.0	0.0	0.0	0.0	0.536057	0.548583	0.534142	0.489392	0.0	0.0	0.0	0.0	0.0	0.0	0.0	0.0	0.0	0.0	0.0	0.0	0.0	0.0	0.0	0.0	0.0	0.0	0.0	0.0	0.0	0.0
k__Bacteria|p__Firmicutes|c__CFGB10318|o__OFGB10318|f__FGB10318	0.0	0.0	0.0	0.0	0.0	0.0	0.0	0.0	0.0	0.0	0.0	0.0	0.0	0.0	0.0	0.0	0.0	0.0	0.471657	0.515721	0.477939	0.477654	0.0	0.0	0.0	0.0	0.0	0.0	0.0	0.0	0.0	0.0	0.0	0.0	0.0	0.0	0.0	0.0	0.0	0.0	0.0	0.0	0.0	0.0
k__Bacteria|p__Firmicutes|c__CFGB74971|o__OFGB74971|f__FGB74971	0.0	0.0	0.0	0.0	0.0	0.0	0.0	0.0	0.0	0.0	0.0	0.0	0.0	0.0	0.0	0.0	0.0	0.0	0.29752	0.330599	0.330209	0.309638	0.0	0.0	0.0	0.0	0.0	0.0	0.0	0.0	0.0	0.0	0.0	0.0	0.0	0.0	0.0	0.0	0.0	0.0	0.0	0.0	0.0	0.0
k__Bacteria|p__Firmicutes|c__CFGB92044|o__OFGB92044|f__FGB92044	0.0	0.0	0.0	0.0	0.0	0.0	0.0	0.0	0.0	0.0	0.0	0.0	0.0	0.0	0.0	0.0	0.0	0.0	0.276246	0.220215	0.265886	0.25025	0.083381	0.06832	0.061876	0.079374	0.0	0.0	0.0	0.0	0.0	0.0	0.0	0.0	0.0	0.0	0.0	0.0	0.004249	0.002564	0.0	0.0	0.0	0.0
k__Bacteria|p__Verrucomicrobiota|c__Opitutia|o__Puniceicoccales|f__Puniceicoccaceae	0.0	0.0	0.0	0.0	0.0	0.0	0.0	0.0	0.0	0.0	0.0	0.0	0.0	0.0	0.0	0.0	0.0	0.0	0.263981	0.185401	0.253389	0.287523	0.0	0.0	0.0	0.0	0.0	0.0	0.0	0.0	0.0	0.0	0.0	0.0	0.0	0.0	0.0	0.0	0.0	0.0	0.0	0.0	0.0	0.0
k__Bacteria|p__Firmicutes|c__CFGB88483|o__OFGB88483|f__FGB88483	0.0	0.0	0.0	0.0	0.0	0.0	0.0	0.0	0.0	0.0	0.0	0.0	0.0	0.0	0.0	0.0	0.0	0.0	0.210167	0.211737	0.197824	0.19353	0.0	0.0	0.0	0.0	0.0	0.0	0.0	0.0	0.0	0.0	0.0	0.0	0.0	0.0	0.0	0.0	0.0	0.0	0.0	0.0	0.0	0.0
k__Bacteria|p__Firmicutes|c__CFGB78183|o__OFGB78183|f__FGB78183	0.0	0.0	0.0	0.0	0.0	0.0	0.0	0.0	0.0	0.0	0.0	0.0	0.0	0.0	0.0	0.0	0.0	0.0	0.084345	0.059778	0.050554	0.084672	0.0	0.0	0.0	0.0	0.0	0.0	0.0	0.0	0.0	0.0	0.0	0.0	0.0	0.0	0.0	0.0	0.0	0.0	0.0	0.0	0.0	0.0
k__Bacteria|p__Firmicutes|c__CFGB3043|o__OFGB3043|f__FGB3043	0.0	0.0	0.0	0.0	0.0	0.0	0.0	0.0	0.0	0.0	0.0	0.0	0.0	0.0	0.0	0.0	0.0	0.0	0.075437	0.073604	0.078241	0.079335	0.037346	0.028255	0.029539	0.026582	0.0	0.0	0.0	0.0	0.0	0.0	0.0	0.0	0.0	0.0	0.0	0.0	0.309209	0.279588	0.286051	0.0	0.0	0.0
k__Bacteria|p__Firmicutes|c__CFGB79315|o__OFGB79315|f__FGB79315	0.0	0.0	0.0	0.0	0.0	0.0	0.0	0.0	0.0	0.0	0.0	0.0	0.0	0.0	0.0	0.0	0.0	0.0	0.074884	0.071086	0.086016	0.062481	0.0	0.0	0.0	0.0	0.0	0.0	0.0	0.0	0.064597	0.050609	0.0	0.0	0.0	0.0	0.0	0.0	3.016525	2.928778	2.867695	0.0	0.0	0.0
k__Bacteria|p__Firmicutes|c__CFGB11739|o__OFGB11739|f__FGB11739	0.0	0.0	0.0	0.0	0.0	0.0	0.0	0.0	0.0	0.0	0.0	0.0	0.0	0.0	0.0	0.0	0.0	0.0	0.066948	0.097819	0.086492	0.073109	0.0	0.0	0.0	0.0	0.0	0.0	0.0	0.0	0.0	0.0	0.0	0.0	0.0	0.0	0.0	0.0	0.104298	0.104585	0.10012	0.0	0.0	0.0
k__Bacteria|p__Firmicutes|c__CFGB1539|o__OFGB1539|f__FGB1539	0.0	0.0	0.0	0.0	0.0	0.0	0.0	0.0	0.0	0.0	0.0	0.0	0.0	0.0	0.0	0.0	0.0	0.0	0.055047	0.054076	0.060567	0.061894	0.0	0.0	0.0	0.0	0.0	0.0	0.0	0.0	0.0	0.0	0.0	0.0	0.0	0.0	0.0	0.0	0.0	0.0	0.0	0.0	0.0	0.0
k__Bacteria|p__Firmicutes|c__CFGB82250|o__OFGB82250|f__FGB82250	0.0	0.0	0.0	0.0	0.0	0.0	0.0	0.0	0.0	0.0	0.0	0.0	0.0	0.0	0.0	0.0	0.0	0.0	0.047909	0.050084	0.052033	0.070847	0.0	0.0	0.0	0.0	0.0	0.0	0.0	0.0	0.0	0.0	0.0	0.0	0.0	0.0	0.0	0.0	0.0	0.0	0.0	0.0	0.0	0.0
k__Bacteria|p__Firmicutes|c__CFGB2890|o__OFGB2890|f__FGB2890	0.0	0.0	0.0	0.0	0.0	0.0	0.0	0.0	0.0	0.0	0.0	0.0	0.0	0.0	0.0	0.0	0.0	0.0	0.02536	0.018713	0.017793	0.024319	0.0	0.0	0.0	0.0	0.0	0.0	0.0	0.0	0.0	0.0	0.0	0.0	0.0	0.0	0.0	0.0	0.005922	0.008427	0.008581	0.0	0.0	0.0
k__Bacteria|p__Firmicutes|c__CFGB32310|o__OFGB32310|f__FGB32310	0.0	0.0	0.0	0.0	0.0	0.0	0.0	0.0	0.0	0.0	0.0	0.0	0.0	0.0	0.0	0.0	0.0	0.0	0.024419	0.020889	0.017777	0.017628	0.0	0.0	0.0	0.0	0.0	0.0	0.0	0.0	0.0	0.0	0.0	0.0	0.0	0.0	0.0	0.0	0.052814	0.047247	0.053862	0.0	0.0	0.0
k__Bacteria|p__Firmicutes|c__CFGB9491|o__OFGB9491|f__FGB9491	0.0	0.0	0.0	0.0	0.0	0.0	0.0	0.0	0.0	0.0	0.0	0.0	0.0	0.0	0.0	0.0	0.0	0.0	0.016518	0.01715	0.018189	0.016927	0.0	0.0	0.0	0.0	0.0	0.0	0.0	0.0	0.0	0.0	0.0	0.0	0.0	0.0	0.0	0.0	0.0	0.0	0.0	0.0	0.0	0.0
k__Bacteria|p__Firmicutes|c__CFGB82363|o__OFGB82363|f__FGB82363	0.0	0.0	0.0	0.0	0.0	0.0	0.0	0.0	0.0	0.0	0.0	0.0	0.0	0.0	0.0	0.0	0.0	0.0	0.01566	0.012942	0.013526	0.014786	0.0	0.0	0.0	0.0	0.0	0.0	0.0	0.0	0.0	0.0	0.0	0.0	0.0	0.0	0.0	0.0	0.0	0.0	0.0	0.0	0.0	0.0
k__Bacteria|p__Firmicutes|c__CFGB3070|o__OFGB3070|f__FGB3070	0.0	0.0	0.0	0.0	0.0	0.0	0.0	0.0	0.0	0.0	0.0	0.0	0.0	0.0	0.0	0.0	0.0	0.0	0.015079	0.018311	0.0	0.016454	0.0	0.0	0.0	0.0	0.0	0.0	0.0	0.0	0.0	0.0	0.0	0.0	0.0	0.0	0.0	0.0	0.049106	0.061328	0.039843	0.0	0.0	0.0
k__Bacteria|p__Firmicutes|c__Clostridia|o__Eubacteriales|f__Acutalibacteraceae	0.0	0.0	0.0	0.0	0.0	0.0	0.0	0.0	0.0	0.0	0.0	0.0	0.0	0.0	0.0	0.0	0.0	0.0	0.013962	0.011229	0.007998	0.012611	0.0	0.0	0.0	0.0	0.0	0.0	0.0	0.0	0.0	0.0	0.0	0.0	0.038278	0.034861	0.016103	0.009276	0.074325	0.094333	0.104894	0.00796	0.0	0.0
k__Bacteria|p__Firmicutes|c__CFGB30287|o__OFGB30287|f__FGB30287	0.0	0.0	0.0	0.0	0.0	0.0	0.0	0.0	0.0	0.0	0.0	0.0	0.0	0.0	0.0	0.0	0.0	0.0	0.004435	0.004051	0.001301	0.00385	0.0	0.0	0.0	0.0	0.0	0.0	0.0	0.0	0.0	0.0	0.0	0.0	0.0	0.0	0.0	0.0	0.06408	0.052214	0.043081	0.0	0.0	0.0
k__Bacteria|p__Bacteroidota|c__Bacteroidia|o__Bacteroidales|f__Rikenellaceae|g__Rikenellaceae_unclassified	0.0	0.0	0.0	0.0	0.0	0.0	0.0	0.0	0.0	0.0	0.0	0.0	0.0	0.0	0.0	0.0	0.0	0.0	7.830247	7.665934	7.269717	7.346304	0.0	0.0	0.0	0.0	0.0	0.0	0.0	0.0	0.0	0.0	0.0	0.0	0.0	0.0	0.0	0.0	0.0	0.0	0.0	0.0	0.0	0.0
k__Bacteria|p__Firmicutes|c__CFGB2984|o__OFGB2984|f__FGB2984|g__GGB9347	0.0	0.0	0.0	0.0	0.0	0.0	0.0	0.0	0.0	0.0	0.0	0.0	0.0	0.0	0.0	0.0	0.0	0.0	4.458185	4.29477	4.407887	4.426624	0.415462	0.410226	0.372906	0.392056	0.0	0.0	0.0	0.0	0.038846	0.074626	0.0	0.0	0.0	0.0	0.0	0.0	0.155325	0.180684	0.160371	0.0	0.0	0.0
k__Bacteria|p__Firmicutes|c__CFGB94588|o__OFGB94588|f__FGB94588|g__GGB51647	0.0	0.0	0.0	0.0	0.0	0.0	0.0	0.0	0.0	0.0	0.0	0.0	0.0	0.0	0.0	0.0	0.0	0.0	3.538195	3.467141	3.637081	3.58071	0.0	0.0	0.0	0.0	1.581615	1.493312	1.528766	1.551776	1.398747	1.314486	1.001321	0.980835	0.0	0.0	0.0	0.0	0.0	0.0	0.0	8.789582	8.641412	8.66843
k__Bacteria|p__Firmicutes|c__CFGB1765|o__OFGB1765|f__FGB1765|g__GGB4585	0.0	0.0	0.0	0.0	0.0	0.0	0.0	0.0	0.0	0.0	0.0	0.0	0.0	0.0	0.0	0.0	0.0	0.0	3.019843	3.260508	3.23312	3.282517	0.637238	0.603659	0.653647	0.637713	0.325439	0.305724	0.308715	0.295235	0.0	0.0	0.0	0.0	0.0	0.0	0.0	0.0	0.0	0.0	0.0	0.0	0.0	0.0
k__Bacteria|p__Firmicutes|c__CFGB73062|o__OFGB73062|f__FGB73062|g__GGB9059	0.0	0.0	0.0	0.0	0.0	0.0	0.0	0.0	0.0	0.0	0.0	0.0	0.0	0.0	0.0	0.0	0.0	0.0	2.167529	2.217584	2.202169	2.218999	8.551335	8.617925	8.433875	8.578308	0.0	0.0	0.0	0.0	0.0	0.0	0.0	0.0	0.0	0.0	0.0	0.0	0.173473	0.172371	0.138551	0.0	0.0	0.0
k__Bacteria|p__Firmicutes|c__CFGB2875|o__OFGB2875|f__FGB2875|g__GGB9176	0.0	0.0	0.0	0.0	0.0	0.0	0.0	0.0	0.0	0.0	0.0	0.0	0.0	0.0	0.0	0.0	0.0	0.0	1.409861	1.577652	1.518274	1.519917	0.503658	0.515209	0.505617	0.500359	0.0	0.0	0.0	0.0	0.0	0.0	0.0	0.0	0.0	0.0	0.0	0.0	0.012561	0.008021	0.021299	0.0	0.0	0.0
k__Bacteria|p__Firmicutes|c__CFGB94730|o__OFGB94730|f__FGB94730|g__GGB4745	0.0	0.0	0.0	0.0	0.0	0.0	0.0	0.0	0.0	0.0	0.0	0.0	0.0	0.0	0.0	0.0	0.0	0.0	1.403394	1.452586	1.447304	1.563405	0.464663	0.537018	0.505016	0.52624	0.0	0.0	0.0	0.0	0.0	0.0	0.0	0.0	0.0	0.0	0.0	0.0	0.0	0.0	0.0	0.0	0.0	0.0
k__Bacteria|p__Pseudomonadota|c__CFGB2404|o__OFGB2404|f__FGB2404|g__GGB6612	0.0	0.0	0.0	0.0	0.0	0.0	0.0	0.0	0.0	0.0	0.0	0.0	0.0	0.0	0.0	0.0	0.0	0.0	0.865235	0.875415	0.837753	0.869581	0.0	0.0	0.0	0.0	0.0	0.0	0.0	0.0	0.0	0.0	0.0	0.0	0.0	0.0	0.0	0.0	0.0	0.0	0.0	0.0	0.0	0.0
k__Bacteria|p__Pseudomonadota|c__CFGB2404|o__OFGB2404|f__FGB2404|g__GGB6608	0.0	0.0	0.0	0.0	0.0	0.0	0.0	0.0	0.0	0.0	0.0	0.0	0.0	0.0	0.0	0.0	0.0	0.0	0.839662	0.83824	0.846278	0.859573	0.0	0.0	0.0	0.0	0.0	0.0	0.0	0.0	0.0	0.0	0.0	0.0	0.0	0.0	0.0	0.0	0.0	0.0	0.0	0.0	0.0	0.0
k__Bacteria|p__Firmicutes|c__CFGB1776|o__OFGB1776|f__FGB1776|g__GGB4746	0.0	0.0	0.0	0.0	0.0	0.0	0.0	0.0	0.0	0.0	0.0	0.0	0.0	0.0	0.0	0.0	0.0	0.0	0.815624	0.889591	0.835701	0.83987	0.0	0.0	0.0	0.0	0.0	0.0	0.0	0.0	0.0	0.0	0.0	0.0	0.0	0.0	0.0	0.0	0.0	0.0	0.0	0.0	0.0	0.0
k__Bacteria|p__Firmicutes|c__CFGB2979|o__OFGB2979|f__FGB2979|g__GGB40351	0.0	0.0	0.0	0.0	0.0	0.0	0.0	0.0	0.0	0.0	0.0	0.0	0.0	0.0	0.0	0.0	0.0	0.0	0.80478	0.890863	0.812778	0.831298	0.0	0.0	0.0	0.0	0.0	0.0	0.0	0.0	0.0	0.0	0.0	0.0	0.0	0.0	0.0	0.0	0.0	0.0	0.0	0.0	0.0	0.0
k__Bacteria|p__Firmicutes|c__CFGB41726|o__OFGB41726|f__FGB41726|g__GGB9343	0.0	0.0	0.0	0.0	0.0	0.0	0.0	0.0	0.0	0.0	0.0	0.0	0.0	0.0	0.0	0.0	0.0	0.0	0.789463	0.795706	0.811063	0.784012	0.0	0.0	0.0	0.0	0.0	0.0	0.0	0.0	0.0	0.0	0.0	0.0	0.0	0.0	0.0	0.0	0.058658	0.048497	0.050507	0.0	0.0	0.0
k__Bacteria|p__Bacteroidota|c__Bacteroidia|o__Bacteroidales|f__Bacteroidales_unclassified|g__Bacteroidales_unclassified	0.0	0.0	0.0	0.0	0.0	0.0	0.0	0.0	0.0	0.0	0.0	0.0	0.0	0.0	0.0	0.0	0.0	0.0	0.536057	0.548583	0.534142	0.489392	0.0	0.0	0.0	0.0	0.0	0.0	0.0	0.0	0.0	0.0	0.0	0.0	0.0	0.0	0.0	0.0	0.0	0.0	0.0	0.0	0.0	0.0
k__Bacteria|p__Candidatus_Melainabacteria|c__Candidatus_Melainabacteria_unclassified|o__Candidatus_Gastranaerophilales|f__Candidatus_Gastranaerophilales_unclassified|g__GGB6006	0.0	0.0	0.0	0.0	0.0	0.0	0.0	0.0	0.0	0.0	0.0	0.0	0.0	0.0	0.0	0.0	0.0	0.0	0.496009	0.465285	0.4408	0.480896	0.0	0.0	0.0	0.0	0.0	0.0	0.0	0.0	0.0	0.0	0.0	0.0	0.0	0.0	0.0	0.0	0.0	0.0	0.0	0.0	0.0	0.0
k__Bacteria|p__Bacteroidota|c__Bacteroidia|o__Bacteroidales|f__Prevotellaceae|g__GGB23948	0.0	0.0	0.0	0.0	0.0	0.0	0.0	0.0	0.0	0.0	0.0	0.0	0.0	0.0	0.0	0.0	0.0	0.0	0.321727	0.334823	0.303707	0.337406	0.0	0.0	0.0	0.0	0.0	0.0	0.0	0.0	0.0	0.0	0.0	0.0	0.0	0.0	0.0	0.0	0.0	0.0	0.0	0.0	0.0	0.0
k__Bacteria|p__Firmicutes|c__CFGB74971|o__OFGB74971|f__FGB74971|g__GGB9333	0.0	0.0	0.0	0.0	0.0	0.0	0.0	0.0	0.0	0.0	0.0	0.0	0.0	0.0	0.0	0.0	0.0	0.0	0.29752	0.330599	0.330209	0.309638	0.0	0.0	0.0	0.0	0.0	0.0	0.0	0.0	0.0	0.0	0.0	0.0	0.0	0.0	0.0	0.0	0.0	0.0	0.0	0.0	0.0	0.0
k__Bacteria|p__Firmicutes|c__CFGB92044|o__OFGB92044|f__FGB92044|g__GGB9547	0.0	0.0	0.0	0.0	0.0	0.0	0.0	0.0	0.0	0.0	0.0	0.0	0.0	0.0	0.0	0.0	0.0	0.0	0.276246	0.220215	0.265886	0.25025	0.083381	0.06832	0.061876	0.079374	0.0	0.0	0.0	0.0	0.0	0.0	0.0	0.0	0.0	0.0	0.0	0.0	0.004249	0.002564	0.0	0.0	0.0	0.0
k__Bacteria|p__Firmicutes|c__CFGB10318|o__OFGB10318|f__FGB10318|g__GGB4619	0.0	0.0	0.0	0.0	0.0	0.0	0.0	0.0	0.0	0.0	0.0	0.0	0.0	0.0	0.0	0.0	0.0	0.0	0.273506	0.284164	0.276346	0.269507	0.0	0.0	0.0	0.0	0.0	0.0	0.0	0.0	0.0	0.0	0.0	0.0	0.0	0.0	0.0	0.0	0.0	0.0	0.0	0.0	0.0	0.0
k__Bacteria|p__Verrucomicrobiota|c__Opitutia|o__Puniceicoccales|f__Puniceicoccaceae|g__GGB6123	0.0	0.0	0.0	0.0	0.0	0.0	0.0	0.0	0.0	0.0	0.0	0.0	0.0	0.0	0.0	0.0	0.0	0.0	0.263981	0.185401	0.253389	0.287523	0.0	0.0	0.0	0.0	0.0	0.0	0.0	0.0	0.0	0.0	0.0	0.0	0.0	0.0	0.0	0.0	0.0	0.0	0.0	0.0	0.0	0.0
k__Bacteria|p__Firmicutes|c__CFGB1765|o__OFGB1765|f__FGB1765|g__GGB4571	0.0	0.0	0.0	0.0	0.0	0.0	0.0	0.0	0.0	0.0	0.0	0.0	0.0	0.0	0.0	0.0	0.0	0.0	0.26104	0.247623	0.241786	0.253855	0.258673	0.269275	0.292917	0.290048	0.0	0.0	0.0	0.0	0.0	0.0	0.0	0.0	0.0	0.0	0.0	0.0	0.0	0.0	0.0	0.0	0.0	0.0
k__Bacteria|p__Firmicutes|c__CFGB88483|o__OFGB88483|f__FGB88483|g__GGB9291	0.0	0.0	0.0	0.0	0.0	0.0	0.0	0.0	0.0	0.0	0.0	0.0	0.0	0.0	0.0	0.0	0.0	0.0	0.210167	0.211737	0.197824	0.19353	0.0	0.0	0.0	0.0	0.0	0.0	0.0	0.0	0.0	0.0	0.0	0.0	0.0	0.0	0.0	0.0	0.0	0.0	0.0	0.0	0.0	0.0
k__Bacteria|p__Firmicutes|c__CFGB10318|o__OFGB10318|f__FGB10318|g__GGB4659	0.0	0.0	0.0	0.0	0.0	0.0	0.0	0.0	0.0	0.0	0.0	0.0	0.0	0.0	0.0	0.0	0.0	0.0	0.198152	0.231557	0.201594	0.208147	0.0	0.0	0.0	0.0	0.0	0.0	0.0	0.0	0.0	0.0	0.0	0.0	0.0	0.0	0.0	0.0	0.0	0.0	0.0	0.0	0.0	0.0
k__Bacteria|p__Thermodesulfobacteriota|c__Desulfovibrionia|o__Desulfovibrionales|f__Desulfovibrionaceae|g__GGB9813	0.0	0.0	0.0	0.0	0.0	0.0	0.0	0.0	0.0	0.0	0.0	0.0	0.0	0.0	0.0	0.0	0.0	0.0	0.192441	0.165275	0.166949	0.170737	0.139967	0.122752	0.153141	0.119523	0.070728	0.050594	0.065607	0.047236	0.0	0.0	0.0	0.0	0.0	0.0	0.0	0.0	0.0	0.0	0.0	0.0	0.0	0.0
k__Bacteria|p__Firmicutes|c__Clostridia|o__Eubacteriales|f__Oscillospiraceae|g__GGB9608	0.0	0.0	0.0	0.0	0.0	0.0	0.0	0.0	0.0	0.0	0.0	0.0	0.0	0.0	0.0	0.0	0.0	0.0	0.181832	0.153488	0.1205	0.121592	0.0	0.0	0.0	0.0	0.0	0.0	0.0	0.0	0.0	0.0	0.0	0.0	0.0	0.0	0.0	0.0	0.014979	0.030042	0.024239	0.0	0.0	0.0
k__Bacteria|p__Firmicutes|c__Clostridia|o__Eubacteriales|f__Oscillospiraceae|g__GGB9782	0.0	0.0	0.0	0.0	0.0	0.0	0.0	0.0	0.0	0.0	0.0	0.0	0.0	0.0	0.0	0.0	0.0	0.0	0.153332	0.173582	0.145061	0.163535	0.007333	0.008906	0.01388	0.005774	0.0	0.0	0.0	0.0	0.0	0.0	0.0	0.0	0.0	0.0	0.0	0.0	0.039004	0.020887	0.034275	0.0	0.0	0.0
k__Bacteria|p__Firmicutes|c__Clostridia|o__Eubacteriales|f__Oscillospiraceae|g__Yanshouia	0.0	0.0	0.0	0.0	0.0	0.0	0.0	0.0	0.0	0.0	0.0	0.0	0.0	0.0	0.0	0.0	0.0	0.0	0.150007	0.193371	0.173325	0.177756	0.0	0.0	0.0	0.0	0.0	0.0	0.0	0.0	0.0	0.0	0.0	0.0	0.0	0.0	0.0	0.0	0.0	0.0	0.0	0.0	0.0	0.0
k__Bacteria|p__Lentisphaerota|c__CFGB2378|o__OFGB2378|f__FGB2378|g__GGB6519	0.0	0.0	0.0	0.0	0.0	0.0	0.0	0.0	0.0	0.0	0.0	0.0	0.0	0.0	0.0	0.0	0.0	0.0	0.116016	0.086594	0.102984	0.119422	0.0	0.0	0.0	0.0	0.0	0.0	0.0	0.0	0.0	0.0	0.0	0.0	0.0	0.0	0.0	0.0	0.0	0.0	0.0	0.0	0.0	0.0
k__Bacteria|p__Firmicutes|c__Negativicutes|o__Selenomonadales|f__Selenomonadaceae|g__Mitsuokella	0.0	0.0	0.0	0.0	0.0	0.0	0.0	0.0	0.0	0.0	0.0	0.0	0.0	0.0	0.0	0.0	0.0	0.0	0.113337	0.112318	0.078879	0.082136	0.0	0.0	0.0	0.0	1.858543	1.844231	1.792623	1.776398	0.0	0.0	0.0	0.0	0.0	0.0	0.0	0.0	0.0	0.0	0.0	0.0	0.0	0.0
k__Bacteria|p__Bacteroidota|c__Bacteroidia|o__Bacteroidales|f__Odoribacteraceae|g__GGB74121	0.0	0.0	0.0	0.0	0.0	0.0	0.0	0.0	0.0	0.0	0.0	0.0	0.0	0.0	0.0	0.0	0.0	0.0	0.100838	0.083605	0.092023	0.097296	0.0	0.0	0.0	0.0	0.0	0.0	0.0	0.0	0.0	0.0	0.0	0.0	0.0	0.0	0.0	0.0	0.0	0.0	0.0	0.0	0.0	0.0
k__Bacteria|p__Firmicutes|c__Clostridia|o__Lachnospirales|f__Lachnospiraceae|g__GGB3475	0.0	0.0	0.0	0.0	0.0	0.0	0.0	0.0	0.0	0.0	0.0	0.0	0.0	0.0	0.0	0.0	0.0	0.0	0.094762	0.089904	0.083142	0.09123	0.015275	0.020474	0.014965	0.026385	0.0	0.0	0.0	0.0	0.0	0.0	0.0	0.0	0.0	0.0	0.0	0.0	0.0	0.0	0.0	0.0	0.0	0.0
k__Bacteria|p__Firmicutes|c__CFGB78183|o__OFGB78183|f__FGB78183|g__GGB9109	0.0	0.0	0.0	0.0	0.0	0.0	0.0	0.0	0.0	0.0	0.0	0.0	0.0	0.0	0.0	0.0	0.0	0.0	0.084345	0.059778	0.050554	0.084672	0.0	0.0	0.0	0.0	0.0	0.0	0.0	0.0	0.0	0.0	0.0	0.0	0.0	0.0	0.0	0.0	0.0	0.0	0.0	0.0	0.0	0.0
k__Bacteria|p__Firmicutes|c__Clostridia|o__Eubacteriales|f__Eubacteriales_unclassified|g__Massilistercora	0.0	0.0	0.0	0.0	0.0	0.0	0.0	0.0	0.0	0.0	0.0	0.0	0.0	0.0	0.0	0.0	0.0	0.0	0.080934	0.063895	0.096474	0.075056	0.0	0.0	0.0	0.0	0.0	0.0	0.0	0.0	0.0	0.0	0.0	0.0	0.0	0.0	0.0	0.0	0.0	0.0	0.0	0.0	0.0	0.0
k__Bacteria|p__Firmicutes|c__CFGB3043|o__OFGB3043|f__FGB3043|g__GGB9551	0.0	0.0	0.0	0.0	0.0	0.0	0.0	0.0	0.0	0.0	0.0	0.0	0.0	0.0	0.0	0.0	0.0	0.0	0.075437	0.073604	0.078241	0.079335	0.0	0.0	0.0	0.0	0.0	0.0	0.0	0.0	0.0	0.0	0.0	0.0	0.0	0.0	0.0	0.0	0.309209	0.279588	0.286051	0.0	0.0	0.0
k__Bacteria|p__Firmicutes|c__CFGB79315|o__OFGB79315|f__FGB79315|g__GGB9765	0.0	0.0	0.0	0.0	0.0	0.0	0.0	0.0	0.0	0.0	0.0	0.0	0.0	0.0	0.0	0.0	0.0	0.0	0.074884	0.071086	0.086016	0.062481	0.0	0.0	0.0	0.0	0.0	0.0	0.0	0.0	0.0	0.0	0.0	0.0	0.0	0.0	0.0	0.0	0.0	0.000656	0.0	0.0	0.0	0.0
k__Bacteria|p__Firmicutes|c__CFGB1765|o__OFGB1765|f__FGB1765|g__GGB4605	0.0	0.0	0.0	0.0	0.0	0.0	0.0	0.0	0.0	0.0	0.0	0.0	0.0	0.0	0.0	0.0	0.0	0.0	0.074605	0.095229	0.082542	0.090667	0.0	0.0	0.0	0.0	0.082348	0.083281	0.103789	0.102468	0.0	0.0	0.0	0.0	0.0	0.0	0.0	0.0	0.0	0.0	0.0	0.0	0.0	0.0
k__Bacteria|p__Firmicutes|c__Clostridia|o__Eubacteriales|f__Oscillospiraceae|g__GGB9724	0.0	0.0	0.0	0.0	0.0	0.0	0.0	0.0	0.0	0.0	0.0	0.0	0.0	0.0	0.0	0.0	0.0	0.0	0.067583	0.073024	0.064521	0.040701	0.0	0.0	0.0	0.0	0.0	0.0	0.0	0.0	0.0	0.0	0.0	0.0	0.0	0.0	0.0	0.0	0.0	0.0	0.0	0.0	0.0	0.0
k__Bacteria|p__Firmicutes|c__CFGB11739|o__OFGB11739|f__FGB11739|g__GGB9210	0.0	0.0	0.0	0.0	0.0	0.0	0.0	0.0	0.0	0.0	0.0	0.0	0.0	0.0	0.0	0.0	0.0	0.0	0.066948	0.097819	0.086492	0.073109	0.0	0.0	0.0	0.0	0.0	0.0	0.0	0.0	0.0	0.0	0.0	0.0	0.0	0.0	0.0	0.0	0.104298	0.104585	0.10012	0.0	0.0	0.0
k__Bacteria|p__Bacteroidota|c__Bacteroidia|o__Bacteroidales|f__Rikenellaceae|g__GGB1663	0.0	0.0	0.0	0.0	0.0	0.0	0.0	0.0	0.0	0.0	0.0	0.0	0.0	0.0	0.0	0.0	0.0	0.0	0.060065	0.066254	0.07366	0.054211	0.0	0.0	0.0	0.0	0.0	0.0	0.0	0.0	0.0	0.0	0.0	0.0	0.0	0.0	0.0	0.0	0.018843	0.019088	0.023382	0.0	0.0	0.0
k__Bacteria|p__Firmicutes|c__Clostridia|o__Eubacteriales|f__Clostridiaceae|g__GGB3478	0.0	0.0	0.0	0.0	0.0	0.0	0.0	0.0	0.0	0.0	0.0	0.0	0.0	0.0	0.0	0.0	0.0	0.0	0.05796	0.059176	0.053536	0.039973	0.0	0.0	0.0	0.0	0.0	0.0	0.0	0.0	0.0	0.0	0.0	0.0	0.0	0.0	0.0	0.0	0.0	0.0	0.0	0.0	0.0	0.0
k__Bacteria|p__Firmicutes|c__CFGB3054|o__OFGB3054|f__FGB3054|g__GGB9695	0.0	0.0	0.0	0.0	0.0	0.0	0.0	0.0	0.0	0.0	0.0	0.0	0.0	0.0	0.0	0.0	0.0	0.0	0.057288	0.058325	0.051502	0.046611	0.0	0.0	0.0	0.0	0.0	0.0	0.0	0.0	0.0	0.0	0.0	0.0	0.0	0.0	0.0	0.0	0.005277	0.001044	0.002699	0.0	0.0	0.0
k__Bacteria|p__Firmicutes|c__CFGB1539|o__OFGB1539|f__FGB1539|g__GGB3893	0.0	0.0	0.0	0.0	0.0	0.0	0.0	0.0	0.0	0.0	0.0	0.0	0.0	0.0	0.0	0.0	0.0	0.0	0.055047	0.054076	0.060567	0.061894	0.0	0.0	0.0	0.0	0.0	0.0	0.0	0.0	0.0	0.0	0.0	0.0	0.0	0.0	0.0	0.0	0.0	0.0	0.0	0.0	0.0	0.0
k__Bacteria|p__Firmicutes|c__Clostridia|o__Lachnospirales|f__Lachnospiraceae|g__Wujia	0.0	0.0	0.0	0.0	0.0	0.0	0.0	0.0	0.0	0.0	0.0	0.0	0.0	0.0	0.0	0.0	0.0	0.0	0.054576	0.066607	0.058948	0.062661	1.312533	1.218931	1.321068	1.262172	0.0	0.0	0.0	0.0	0.0	0.0	0.0	0.0	0.0	0.0	0.0	0.0	0.256631	0.255037	0.256832	0.0	0.0	0.0
k__Bacteria|p__Firmicutes|c__CFGB82250|o__OFGB82250|f__FGB82250|g__GGB9350	0.0	0.0	0.0	0.0	0.0	0.0	0.0	0.0	0.0	0.0	0.0	0.0	0.0	0.0	0.0	0.0	0.0	0.0	0.047909	0.050084	0.052033	0.070847	0.0	0.0	0.0	0.0	0.0	0.0	0.0	0.0	0.0	0.0	0.0	0.0	0.0	0.0	0.0	0.0	0.0	0.0	0.0	0.0	0.0	0.0
k__Bacteria|p__Firmicutes|c__Clostridia|o__Lachnospirales|f__Lachnospiraceae|g__GGB3496	0.0	0.0	0.0	0.0	0.0	0.0	0.0	0.0	0.0	0.0	0.0	0.0	0.0	0.0	0.0	0.0	0.0	0.0	0.046598	0.057878	0.053871	0.086651	0.0	0.0	0.0	0.0	0.0	0.0	0.0	0.0	0.0	0.0	0.0	0.0	0.0	0.0	0.0	0.0	0.0	0.0	0.0	0.0	0.0	0.0
k__Bacteria|p__Firmicutes|c__Erysipelotrichia|o__Erysipelotrichales|f__Erysipelotrichaceae|g__Faecalicoccus	0.0	0.0	0.0	0.0	0.0	0.0	0.0	0.0	0.0	0.0	0.0	0.0	0.0	0.0	0.0	0.0	0.0	0.0	0.03058	0.017687	0.027204	0.018027	0.0	0.0	0.0	0.0	0.0	0.0	0.0	0.0	0.0	0.0	0.0	0.0	0.0	0.0	0.0	0.0	0.0	0.0	0.0	0.0	0.0	0.0
k__Bacteria|p__Pseudomonadota|c__Betaproteobacteria|o__Burkholderiales|f__Oxalobacteraceae|g__Oxalobacter	0.0	0.0	0.0	0.0	0.0	0.0	0.0	0.0	0.0	0.0	0.0	0.0	0.0	0.0	0.0	0.0	0.0	0.0	0.029707	0.023628	0.016017	0.035292	0.0	0.0	0.0	0.0	0.0	0.0	0.0	0.0	0.0	0.0	0.0	0.0	0.0	0.0	0.0	0.0	0.080714	0.088939	0.066118	0.0	0.0	0.0
k__Bacteria|p__Firmicutes|c__Bacillota_unclassified|o__Bacillota_unclassified|f__Bacillota_unclassified|g__GGB143098	0.0	0.0	0.0	0.0	0.0	0.0	0.0	0.0	0.0	0.0	0.0	0.0	0.0	0.0	0.0	0.0	0.0	0.0	0.029234	0.002431	0.002524	0.0	0.0	0.0	0.0	0.0	0.0	0.0	0.0	0.0	0.0	0.0	0.0	0.0	0.0	0.0	0.0	0.0	0.003827	0.005816	0.00887	0.009937	0.003824	0.000673
k__Bacteria|p__Firmicutes|c__CFGB3054|o__OFGB3054|f__FGB3054|g__GGB33512	0.0	0.0	0.0	0.0	0.0	0.0	0.0	0.0	0.0	0.0	0.0	0.0	0.0	0.0	0.0	0.0	0.0	0.0	0.026213	0.020034	0.013518	0.015852	0.07647	0.073713	0.055223	0.06152	0.0	0.0	0.0	0.0	0.0	0.0	0.0	0.0	0.0	0.0	0.0	0.0	0.239276	0.206481	0.226323	0.0	0.0	0.0
k__Bacteria|p__Firmicutes|c__CFGB2890|o__OFGB2890|f__FGB2890|g__GGB9198	0.0	0.0	0.0	0.0	0.0	0.0	0.0	0.0	0.0	0.0	0.0	0.0	0.0	0.0	0.0	0.0	0.0	0.0	0.02536	0.018713	0.017793	0.024319	0.0	0.0	0.0	0.0	0.0	0.0	0.0	0.0	0.0	0.0	0.0	0.0	0.0	0.0	0.0	0.0	0.0	0.0	0.0	0.0	0.0	0.0
k__Bacteria|p__Firmicutes|c__CFGB32310|o__OFGB32310|f__FGB32310|g__GGB128561	0.0	0.0	0.0	0.0	0.0	0.0	0.0	0.0	0.0	0.0	0.0	0.0	0.0	0.0	0.0	0.0	0.0	0.0	0.024419	0.020889	0.017777	0.017628	0.0	0.0	0.0	0.0	0.0	0.0	0.0	0.0	0.0	0.0	0.0	0.0	0.0	0.0	0.0	0.0	0.052814	0.047247	0.053862	0.0	0.0	0.0
k__Bacteria|p__Firmicutes|c__CFGB1765|o__OFGB1765|f__FGB1765|g__GGB4562	0.0	0.0	0.0	0.0	0.0	0.0	0.0	0.0	0.0	0.0	0.0	0.0	0.0	0.0	0.0	0.0	0.0	0.0	0.024162	0.021536	0.032161	0.013822	0.0	0.0	0.0	0.0	0.0	0.0	0.0	0.0	0.0	0.0	0.0	0.0	0.0	0.0	0.0	0.0	0.0	0.0	0.0	0.0	0.0	0.0
k__Bacteria|p__Firmicutes|c__Bacillota_unclassified|o__Bacillota_unclassified|f__Bacillota_unclassified|g__GGB2998	0.0	0.0	0.0	0.0	0.0	0.0	0.0	0.0	0.0	0.0	0.0	0.0	0.0	0.0	0.0	0.0	0.0	0.0	0.017308	0.017554	0.007827	0.010769	0.017489	0.023194	0.01815	0.009335	0.032254	0.031497	0.023493	0.013041	0.0	0.0	0.0	0.0	0.0	0.0	0.0	0.0	0.002695	0.0	0.00233	0.0	0.0	0.0
k__Bacteria|p__Firmicutes|c__CFGB9491|o__OFGB9491|f__FGB9491|g__GGB45603	0.0	0.0	0.0	0.0	0.0	0.0	0.0	0.0	0.0	0.0	0.0	0.0	0.0	0.0	0.0	0.0	0.0	0.0	0.016518	0.01715	0.018189	0.016927	0.0	0.0	0.0	0.0	0.0	0.0	0.0	0.0	0.0	0.0	0.0	0.0	0.0	0.0	0.0	0.0	0.0	0.0	0.0	0.0	0.0	0.0
k__Bacteria|p__Firmicutes|c__CFGB82363|o__OFGB82363|f__FGB82363|g__GGB9545	0.0	0.0	0.0	0.0	0.0	0.0	0.0	0.0	0.0	0.0	0.0	0.0	0.0	0.0	0.0	0.0	0.0	0.0	0.01566	0.012942	0.013526	0.014786	0.0	0.0	0.0	0.0	0.0	0.0	0.0	0.0	0.0	0.0	0.0	0.0	0.0	0.0	0.0	0.0	0.0	0.0	0.0	0.0	0.0	0.0
k__Bacteria|p__Firmicutes|c__CFGB3070|o__OFGB3070|f__FGB3070|g__GGB9775	0.0	0.0	0.0	0.0	0.0	0.0	0.0	0.0	0.0	0.0	0.0	0.0	0.0	0.0	0.0	0.0	0.0	0.0	0.015079	0.018311	0.0	0.016454	0.0	0.0	0.0	0.0	0.0	0.0	0.0	0.0	0.0	0.0	0.0	0.0	0.0	0.0	0.0	0.0	0.0	0.0	0.0	0.0	0.0	0.0
k__Bacteria|p__Firmicutes|c__CFGB3054|o__OFGB3054|f__FGB3054|g__GGB9582	0.0	0.0	0.0	0.0	0.0	0.0	0.0	0.0	0.0	0.0	0.0	0.0	0.0	0.0	0.0	0.0	0.0	0.0	0.014976	0.011325	0.022902	0.018379	0.0	0.0	0.0	0.0	0.0	0.0	0.0	0.0	0.0	0.0	0.0	0.0	0.0	0.0	0.0	0.0	0.023052	0.01151	0.010858	0.0	0.0	0.0
k__Bacteria|p__Firmicutes|c__Clostridia|o__Eubacteriales|f__Oscillospiraceae|g__GGB41366	0.0	0.0	0.0	0.0	0.0	0.0	0.0	0.0	0.0	0.0	0.0	0.0	0.0	0.0	0.0	0.0	0.0	0.0	0.0149	0.031257	0.029064	0.009824	0.0	0.0	0.0	0.0	0.0	0.0	0.0	0.0	0.0	0.0	0.0	0.0	0.0	0.0	0.0	0.0	0.0	0.0	0.0	0.0	0.0	0.0
k__Bacteria|p__Firmicutes|c__Clostridia|o__Eubacteriales|f__Acutalibacteraceae|g__Anaeromassilibacillus	0.0	0.0	0.0	0.0	0.0	0.0	0.0	0.0	0.0	0.0	0.0	0.0	0.0	0.0	0.0	0.0	0.0	0.0	0.013962	0.011229	0.007998	0.012611	0.0	0.0	0.0	0.0	0.0	0.0	0.0	0.0	0.0	0.0	0.0	0.0	0.0	0.0	0.0	0.0	0.0	0.0	0.0	0.0	0.0	0.0
k__Bacteria|p__Firmicutes|c__Erysipelotrichia|o__Erysipelotrichales|f__Erysipelotrichaceae|g__Massilimicrobiota	0.0	0.0	0.0	0.0	0.0	0.0	0.0	0.0	0.0	0.0	0.0	0.0	0.0	0.0	0.0	0.0	0.0	0.0	0.011859	0.01291	0.002862	0.011804	0.0	0.0	0.0	0.0	0.0	0.0	0.0	0.0	0.0	0.0	0.0	0.0	0.16819	0.198028	0.155984	0.186074	0.0	0.0	0.0	0.0	0.0	0.0
k__Bacteria|p__Firmicutes|c__Clostridia|o__Christensenellales|f__Christensenellaceae|g__GGB9098	0.0	0.0	0.0	0.0	0.0	0.0	0.0	0.0	0.0	0.0	0.0	0.0	0.0	0.0	0.0	0.0	0.0	0.0	0.008384	0.0	0.0	0.0	0.0	0.0	0.0	0.0	0.0	0.0	0.0	0.0	0.0	0.0	0.0	0.0	0.0	0.0	0.0	0.0	0.0	0.0	0.0	0.0	0.0	0.0
k__Bacteria|p__Firmicutes|c__Clostridia|o__Eubacteriales|f__Eubacteriales_unclassified|g__GGB9250	0.0	0.0	0.0	0.0	0.0	0.0	0.0	0.0	0.0	0.0	0.0	0.0	0.0	0.0	0.0	0.0	0.0	0.0	0.00809	0.0	0.006533	0.002664	0.0	0.0	0.0	0.0	0.0	0.0	0.0	0.0	0.0	0.0	0.0	0.0	0.0	0.0	0.0	0.0	0.0	0.0	0.0	0.0	0.0	0.0
k__Bacteria|p__Actinomycetota|c__Coriobacteriia|o__Eggerthellales|f__Eggerthellaceae|g__Gordonibacter	0.0	0.0	0.0	0.0	0.0	0.0	0.0	0.0	0.0	0.0	0.0	0.0	0.0	0.0	0.0	0.0	0.0	0.0	0.007107	0.0	0.0	0.0	0.0	0.0	0.0	0.0	0.0	0.0	0.0	0.0	0.0	0.0	0.0	0.0	0.0	0.0	0.0	0.0	0.0	0.0	0.0	0.0	0.0	0.0
k__Bacteria|p__Pseudomonadota|c__Gammaproteobacteria|o__Enterobacterales|f__Enterobacteriaceae|g__Escherichia	0.0	0.0	0.0	0.0	0.0	0.0	0.0	0.0	0.0	0.0	0.0	0.0	0.0	0.0	0.0	0.0	0.0	0.0	0.006515	0.002826	0.009141	0.007389	0.001361	0.0	0.0	0.0	0.0	0.0	0.0	0.0	0.0	0.0	0.0	0.0	0.0	0.0	0.0	0.0	0.097954	0.09759	0.078461	0.0	0.0	0.0
k__Bacteria|p__Firmicutes|c__Clostridia|o__Lachnospirales|f__Lachnospiraceae|g__GGB3446	0.0	0.0	0.0	0.0	0.0	0.0	0.0	0.0	0.0	0.0	0.0	0.0	0.0	0.0	0.0	0.0	0.0	0.0	0.005395	0.014416	0.0	0.000797	0.0	0.0	0.0	0.0	0.0	0.0	0.0	0.0	0.0	0.0	0.0	0.0	0.0	0.0	0.0	0.0	0.0	0.0	0.0	0.0	0.0	0.0
k__Bacteria|p__Firmicutes|c__CFGB30287|o__OFGB30287|f__FGB30287|g__GGB42378	0.0	0.0	0.0	0.0	0.0	0.0	0.0	0.0	0.0	0.0	0.0	0.0	0.0	0.0	0.0	0.0	0.0	0.0	0.004435	0.004051	0.001301	0.00385	0.0	0.0	0.0	0.0	0.0	0.0	0.0	0.0	0.0	0.0	0.0	0.0	0.0	0.0	0.0	0.0	0.06408	0.052214	0.043081	0.0	0.0	0.0
k__Bacteria|p__Firmicutes|c__Clostridia|o__Christensenellales|f__Christensenellaceae|g__GGB9186	0.0	0.0	0.0	0.0	0.0	0.0	0.0	0.0	0.0	0.0	0.0	0.0	0.0	0.0	0.0	0.0	0.0	0.0	0.003842	0.0	0.005703	0.000793	0.0	0.0	0.0	0.0	0.0	0.0	0.0	0.0	0.0	0.0	0.0	0.0	0.0	0.0	0.0	0.0	0.0	0.0	0.0	0.000961	0.0	0.0
k__Bacteria|p__Firmicutes|c__Erysipelotrichia|o__Erysipelotrichales|f__Erysipelotrichaceae|g__GGB3033	0.0	0.0	0.0	0.0	0.0	0.0	0.0	0.0	0.0	0.0	0.0	0.0	0.0	0.0	0.0	0.0	0.0	0.0	0.00081	0.0	0.000856	0.0	0.0	0.0	0.0	0.0	0.0	0.0	0.0	0.0	0.0	0.0	0.0	0.0	0.0	0.0	0.0	0.0	0.0	0.004615	0.0	0.0	0.0	0.0
k__Bacteria|p__Bacteroidota|c__Bacteroidia|o__Bacteroidales|f__Rikenellaceae|g__Rikenellaceae_unclassified|s__Rikenellaceae_bacterium	0.0	0.0	0.0	0.0	0.0	0.0	0.0	0.0	0.0	0.0	0.0	0.0	0.0	0.0	0.0	0.0	0.0	0.0	7.830247	7.665934	7.269717	7.346304	0.0	0.0	0.0	0.0	0.0	0.0	0.0	0.0	0.0	0.0	0.0	0.0	0.0	0.0	0.0	0.0	0.0	0.0	0.0	0.0	0.0	0.0
k__Bacteria|p__Firmicutes|c__CFGB2984|o__OFGB2984|f__FGB2984|g__GGB9347|s__GGB9347_SGB14313	0.0	0.0	0.0	0.0	0.0	0.0	0.0	0.0	0.0	0.0	0.0	0.0	0.0	0.0	0.0	0.0	0.0	0.0	4.458185	4.29477	4.407887	4.426624	0.415462	0.410226	0.372906	0.392056	0.0	0.0	0.0	0.0	0.038846	0.074626	0.0	0.0	0.0	0.0	0.0	0.0	0.155325	0.180684	0.160371	0.0	0.0	0.0
k__Bacteria|p__Firmicutes|c__CFGB94588|o__OFGB94588|f__FGB94588|g__GGB51647|s__GGB51647_SGB4348	0.0	0.0	0.0	0.0	0.0	0.0	0.0	0.0	0.0	0.0	0.0	0.0	0.0	0.0	0.0	0.0	0.0	0.0	3.538195	3.467141	3.637081	3.58071	0.0	0.0	0.0	0.0	1.581615	1.493312	1.528766	1.551776	1.398747	1.314486	1.001321	0.980835	0.0	0.0	0.0	0.0	0.0	0.0	0.0	8.789582	8.641412	8.66843
k__Bacteria|p__Firmicutes|c__CFGB1765|o__OFGB1765|f__FGB1765|g__GGB4585|s__GGB4585_SGB6340	0.0	0.0	0.0	0.0	0.0	0.0	0.0	0.0	0.0	0.0	0.0	0.0	0.0	0.0	0.0	0.0	0.0	0.0	3.019843	3.260508	3.23312	3.282517	0.637238	0.603659	0.653647	0.637713	0.325439	0.305724	0.308715	0.295235	0.0	0.0	0.0	0.0	0.0	0.0	0.0	0.0	0.0	0.0	0.0	0.0	0.0	0.0
k__Bacteria|p__Firmicutes|c__CFGB73062|o__OFGB73062|f__FGB73062|g__GGB9059|s__GGB9059_SGB13976	0.0	0.0	0.0	0.0	0.0	0.0	0.0	0.0	0.0	0.0	0.0	0.0	0.0	0.0	0.0	0.0	0.0	0.0	2.167529	2.217584	2.202169	2.218999	8.551335	8.617925	8.433875	8.578308	0.0	0.0	0.0	0.0	0.0	0.0	0.0	0.0	0.0	0.0	0.0	0.0	0.173473	0.172371	0.138551	0.0	0.0	0.0
k__Bacteria|p__Firmicutes|c__CFGB2875|o__OFGB2875|f__FGB2875|g__GGB9176|s__GGB9176_SGB14114	0.0	0.0	0.0	0.0	0.0	0.0	0.0	0.0	0.0	0.0	0.0	0.0	0.0	0.0	0.0	0.0	0.0	0.0	1.409861	1.577652	1.518274	1.519917	0.503658	0.515209	0.505617	0.500359	0.0	0.0	0.0	0.0	0.0	0.0	0.0	0.0	0.0	0.0	0.0	0.0	0.012561	0.008021	0.021299	0.0	0.0	0.0
k__Bacteria|p__Firmicutes|c__CFGB94730|o__OFGB94730|f__FGB94730|g__GGB4745|s__GGB4745_SGB6571	0.0	0.0	0.0	0.0	0.0	0.0	0.0	0.0	0.0	0.0	0.0	0.0	0.0	0.0	0.0	0.0	0.0	0.0	1.403394	1.452586	1.447304	1.563405	0.464663	0.537018	0.505016	0.52624	0.0	0.0	0.0	0.0	0.0	0.0	0.0	0.0	0.0	0.0	0.0	0.0	0.0	0.0	0.0	0.0	0.0	0.0
k__Bacteria|p__Pseudomonadota|c__CFGB2404|o__OFGB2404|f__FGB2404|g__GGB6612|s__GGB6612_SGB9346	0.0	0.0	0.0	0.0	0.0	0.0	0.0	0.0	0.0	0.0	0.0	0.0	0.0	0.0	0.0	0.0	0.0	0.0	0.865235	0.875415	0.837753	0.869581	0.0	0.0	0.0	0.0	0.0	0.0	0.0	0.0	0.0	0.0	0.0	0.0	0.0	0.0	0.0	0.0	0.0	0.0	0.0	0.0	0.0	0.0
k__Bacteria|p__Pseudomonadota|c__CFGB2404|o__OFGB2404|f__FGB2404|g__GGB6608|s__GGB6608_SGB9342	0.0	0.0	0.0	0.0	0.0	0.0	0.0	0.0	0.0	0.0	0.0	0.0	0.0	0.0	0.0	0.0	0.0	0.0	0.839662	0.83824	0.846278	0.859573	0.0	0.0	0.0	0.0	0.0	0.0	0.0	0.0	0.0	0.0	0.0	0.0	0.0	0.0	0.0	0.0	0.0	0.0	0.0	0.0	0.0	0.0
k__Bacteria|p__Firmicutes|c__CFGB1776|o__OFGB1776|f__FGB1776|g__GGB4746|s__GGB4746_SGB6574	0.0	0.0	0.0	0.0	0.0	0.0	0.0	0.0	0.0	0.0	0.0	0.0	0.0	0.0	0.0	0.0	0.0	0.0	0.815624	0.889591	0.835701	0.83987	0.0	0.0	0.0	0.0	0.0	0.0	0.0	0.0	0.0	0.0	0.0	0.0	0.0	0.0	0.0	0.0	0.0	0.0	0.0	0.0	0.0	0.0
k__Bacteria|p__Firmicutes|c__CFGB2979|o__OFGB2979|f__FGB2979|g__GGB40351|s__GGB40351_SGB14301	0.0	0.0	0.0	0.0	0.0	0.0	0.0	0.0	0.0	0.0	0.0	0.0	0.0	0.0	0.0	0.0	0.0	0.0	0.80478	0.890863	0.812778	0.831298	0.0	0.0	0.0	0.0	0.0	0.0	0.0	0.0	0.0	0.0	0.0	0.0	0.0	0.0	0.0	0.0	0.0	0.0	0.0	0.0	0.0	0.0
k__Bacteria|p__Firmicutes|c__CFGB41726|o__OFGB41726|f__FGB41726|g__GGB9343|s__GGB9343_SGB14307	0.0	0.0	0.0	0.0	0.0	0.0	0.0	0.0	0.0	0.0	0.0	0.0	0.0	0.0	0.0	0.0	0.0	0.0	0.789463	0.795706	0.811063	0.784012	0.0	0.0	0.0	0.0	0.0	0.0	0.0	0.0	0.0	0.0	0.0	0.0	0.0	0.0	0.0	0.0	0.058658	0.048497	0.050507	0.0	0.0	0.0
k__Bacteria|p__Bacteroidota|c__Bacteroidia|o__Bacteroidales|f__Bacteroidales_unclassified|g__Bacteroidales_unclassified|s__Bacteroidales_bacterium	0.0	0.0	0.0	0.0	0.0	0.0	0.0	0.0	0.0	0.0	0.0	0.0	0.0	0.0	0.0	0.0	0.0	0.0	0.536057	0.548583	0.534142	0.489392	0.0	0.0	0.0	0.0	0.0	0.0	0.0	0.0	0.0	0.0	0.0	0.0	0.0	0.0	0.0	0.0	0.0	0.0	0.0	0.0	0.0	0.0
k__Bacteria|p__Candidatus_Melainabacteria|c__Candidatus_Melainabacteria_unclassified|o__Candidatus_Gastranaerophilales|f__Candidatus_Gastranaerophilales_unclassified|g__GGB6006|s__GGB6006_SGB8631	0.0	0.0	0.0	0.0	0.0	0.0	0.0	0.0	0.0	0.0	0.0	0.0	0.0	0.0	0.0	0.0	0.0	0.0	0.496009	0.465285	0.4408	0.480896	0.0	0.0	0.0	0.0	0.0	0.0	0.0	0.0	0.0	0.0	0.0	0.0	0.0	0.0	0.0	0.0	0.0	0.0	0.0	0.0	0.0	0.0
k__Bacteria|p__Firmicutes|c__CFGB1765|o__OFGB1765|f__FGB1765|g__GGB4552|s__GGB4552_SGB6274	0.0	0.0	0.0	0.0	0.0	0.0	0.0	0.0	0.0	0.0	0.0	0.0	0.0	0.0	0.0	0.0	0.0	0.0	0.472183	0.557583	0.52106	0.570221	0.0	0.0	0.0	0.0	0.0	0.0	0.0	0.0	0.0	0.0	0.0	0.0	0.0	0.0	0.0	0.0	0.0	0.0	0.0	0.0	0.0	0.0
k__Bacteria|p__Firmicutes|c__Clostridia|o__Lachnospirales|f__Lachnospiraceae|g__Mediterraneibacter|s__Ruminococcus_lactaris	0.0	0.0	0.0	0.0	0.0	0.0	0.0	0.0	0.0	0.0	0.0	0.0	0.0	0.0	0.0	0.0	0.0	0.0	0.340235	0.369748	0.355537	0.386653	0.0	0.0	0.0	0.0	0.0	0.0	0.0	0.0	0.0	0.0	0.0	0.0	0.891676	0.935445	0.851902	0.920135	0.0	0.0	0.0	0.0	0.0	0.0
k__Bacteria|p__Bacteroidota|c__Bacteroidia|o__Bacteroidales|f__Prevotellaceae|g__GGB23948|s__GGB23948_SGB35694	0.0	0.0	0.0	0.0	0.0	0.0	0.0	0.0	0.0	0.0	0.0	0.0	0.0	0.0	0.0	0.0	0.0	0.0	0.321727	0.334823	0.303707	0.337406	0.0	0.0	0.0	0.0	0.0	0.0	0.0	0.0	0.0	0.0	0.0	0.0	0.0	0.0	0.0	0.0	0.0	0.0	0.0	0.0	0.0	0.0
k__Bacteria|p__Firmicutes|c__CFGB74971|o__OFGB74971|f__FGB74971|g__GGB9333|s__GGB9333_SGB14296	0.0	0.0	0.0	0.0	0.0	0.0	0.0	0.0	0.0	0.0	0.0	0.0	0.0	0.0	0.0	0.0	0.0	0.0	0.29752	0.330599	0.330209	0.309638	0.0	0.0	0.0	0.0	0.0	0.0	0.0	0.0	0.0	0.0	0.0	0.0	0.0	0.0	0.0	0.0	0.0	0.0	0.0	0.0	0.0	0.0
k__Bacteria|p__Firmicutes|c__CFGB92044|o__OFGB92044|f__FGB92044|g__GGB9547|s__GGB9547_SGB14954	0.0	0.0	0.0	0.0	0.0	0.0	0.0	0.0	0.0	0.0	0.0	0.0	0.0	0.0	0.0	0.0	0.0	0.0	0.276246	0.220215	0.265886	0.25025	0.083381	0.06832	0.061876	0.079374	0.0	0.0	0.0	0.0	0.0	0.0	0.0	0.0	0.0	0.0	0.0	0.0	0.0	0.0	0.0	0.0	0.0	0.0
k__Bacteria|p__Firmicutes|c__CFGB10318|o__OFGB10318|f__FGB10318|g__GGB4619|s__GGB4619_SGB6395	0.0	0.0	0.0	0.0	0.0	0.0	0.0	0.0	0.0	0.0	0.0	0.0	0.0	0.0	0.0	0.0	0.0	0.0	0.273506	0.284164	0.276346	0.269507	0.0	0.0	0.0	0.0	0.0	0.0	0.0	0.0	0.0	0.0	0.0	0.0	0.0	0.0	0.0	0.0	0.0	0.0	0.0	0.0	0.0	0.0
k__Bacteria|p__Verrucomicrobiota|c__Opitutia|o__Puniceicoccales|f__Puniceicoccaceae|g__GGB6123|s__GGB6123_SGB8767	0.0	0.0	0.0	0.0	0.0	0.0	0.0	0.0	0.0	0.0	0.0	0.0	0.0	0.0	0.0	0.0	0.0	0.0	0.263981	0.185401	0.253389	0.287523	0.0	0.0	0.0	0.0	0.0	0.0	0.0	0.0	0.0	0.0	0.0	0.0	0.0	0.0	0.0	0.0	0.0	0.0	0.0	0.0	0.0	0.0
k__Bacteria|p__Firmicutes|c__CFGB1765|o__OFGB1765|f__FGB1765|g__GGB4571|s__GGB4571_SGB6317	0.0	0.0	0.0	0.0	0.0	0.0	0.0	0.0	0.0	0.0	0.0	0.0	0.0	0.0	0.0	0.0	0.0	0.0	0.26104	0.247623	0.241786	0.253855	0.258673	0.269275	0.292917	0.290048	0.0	0.0	0.0	0.0	0.0	0.0	0.0	0.0	0.0	0.0	0.0	0.0	0.0	0.0	0.0	0.0	0.0	0.0
k__Bacteria|p__Firmicutes|c__Clostridia|o__Eubacteriales|f__Clostridiaceae|g__Clostridium|s__Clostridium_sp_AF15_41	0.0	0.0	0.0	0.0	0.0	0.0	0.0	0.0	0.0	0.0	0.0	0.0	0.0	0.0	0.0	0.0	0.0	0.0	0.24845	0.288747	0.287673	0.225687	0.0	0.0	0.0	0.0	0.14945	0.144536	0.124281	0.120307	1.525421	1.499378	1.498879	1.676591	0.0	0.0	0.0	0.0	0.0	0.0	0.0	0.0	0.0	0.0
k__Bacteria|p__Firmicutes|c__Clostridia|o__Lachnospirales|f__Lachnospiraceae|g__Roseburia|s__Roseburia_amylophila	0.0	0.0	0.0	0.0	0.0	0.0	0.0	0.0	0.0	0.0	0.0	0.0	0.0	0.0	0.0	0.0	0.0	0.0	0.239336	0.257843	0.222035	0.252294	0.017054	0.010241	0.005998	0.015994	0.020822	0.007947	0.006284	0.014362	0.380494	0.237264	0.326134	0.2124	11.43539	11.899455	12.217232	11.823599	0.040282	0.04362	0.042897	0.0	0.0	0.0
k__Bacteria|p__Firmicutes|c__Clostridia|o__Eubacteriales|f__Oscillospiraceae|g__Oscillospiraceae_unclassified|s__Oscillospiraceae_unclassified_SGB4197	0.0	0.0	0.0	0.0	0.0	0.0	0.0	0.0	0.0	0.0	0.0	0.0	0.0	0.0	0.0	0.0	0.0	0.0	0.219217	0.222589	0.232917	0.209074	0.0	0.0	0.0	0.0	0.0	0.0	0.0	0.0	0.0	0.0	0.0	0.0	0.0	0.0	0.0	0.0	0.0	0.0	0.0	0.0	0.0	0.0
k__Bacteria|p__Firmicutes|c__CFGB88483|o__OFGB88483|f__FGB88483|g__GGB9291|s__GGB9291_SGB14248	0.0	0.0	0.0	0.0	0.0	0.0	0.0	0.0	0.0	0.0	0.0	0.0	0.0	0.0	0.0	0.0	0.0	0.0	0.210167	0.211737	0.197824	0.19353	0.0	0.0	0.0	0.0	0.0	0.0	0.0	0.0	0.0	0.0	0.0	0.0	0.0	0.0	0.0	0.0	0.0	0.0	0.0	0.0	0.0	0.0
k__Bacteria|p__Firmicutes|c__CFGB10318|o__OFGB10318|f__FGB10318|g__GGB4659|s__GGB4659_SGB6447	0.0	0.0	0.0	0.0	0.0	0.0	0.0	0.0	0.0	0.0	0.0	0.0	0.0	0.0	0.0	0.0	0.0	0.0	0.198152	0.231557	0.201594	0.208147	0.0	0.0	0.0	0.0	0.0	0.0	0.0	0.0	0.0	0.0	0.0	0.0	0.0	0.0	0.0	0.0	0.0	0.0	0.0	0.0	0.0	0.0
k__Bacteria|p__Thermodesulfobacteriota|c__Desulfovibrionia|o__Desulfovibrionales|f__Desulfovibrionaceae|g__GGB9813|s__GGB9813_SGB15447	0.0	0.0	0.0	0.0	0.0	0.0	0.0	0.0	0.0	0.0	0.0	0.0	0.0	0.0	0.0	0.0	0.0	0.0	0.192441	0.165275	0.166949	0.170737	0.139967	0.122752	0.153141	0.119523	0.070728	0.050594	0.065607	0.047236	0.0	0.0	0.0	0.0	0.0	0.0	0.0	0.0	0.0	0.0	0.0	0.0	0.0	0.0
k__Bacteria|p__Firmicutes|c__Clostridia|o__Eubacteriales|f__Oscillospiraceae|g__GGB9608|s__GGB9608_SGB15041	0.0	0.0	0.0	0.0	0.0	0.0	0.0	0.0	0.0	0.0	0.0	0.0	0.0	0.0	0.0	0.0	0.0	0.0	0.181832	0.153488	0.1205	0.121592	0.0	0.0	0.0	0.0	0.0	0.0	0.0	0.0	0.0	0.0	0.0	0.0	0.0	0.0	0.0	0.0	0.0	0.0	0.0	0.0	0.0	0.0
k__Bacteria|p__Firmicutes|c__Clostridia|o__Eubacteriales|f__Oscillospiraceae|g__Oscillospiraceae_unclassified|s__Oscillospiraceae_bacterium	0.0	0.0	0.0	0.0	0.0	0.0	0.0	0.0	0.0	0.0	0.0	0.0	0.0	0.0	0.0	0.0	0.0	0.0	0.180175	0.186147	0.17685	0.179363	0.010349	0.009841	0.012294	0.013929	0.0	0.0	0.0	0.0	0.0	0.0	0.0	0.0	0.05447	0.063267	0.073597	0.06081	0.658699	0.702747	0.740629	0.0	0.0	0.0
k__Bacteria|p__Firmicutes|c__Clostridia|o__Eubacteriales|f__Oscillospiraceae|g__GGB9782|s__GGB9782_SGB15403	0.0	0.0	0.0	0.0	0.0	0.0	0.0	0.0	0.0	0.0	0.0	0.0	0.0	0.0	0.0	0.0	0.0	0.0	0.153332	0.173582	0.145061	0.163535	0.007333	0.008906	0.01388	0.005774	0.0	0.0	0.0	0.0	0.0	0.0	0.0	0.0	0.0	0.0	0.0	0.0	0.039004	0.020887	0.034275	0.0	0.0	0.0
k__Bacteria|p__Firmicutes|c__Clostridia|o__Eubacteriales|f__Oscillospiraceae|g__Yanshouia|s__Yanshouia_hominis	0.0	0.0	0.0	0.0	0.0	0.0	0.0	0.0	0.0	0.0	0.0	0.0	0.0	0.0	0.0	0.0	0.0	0.0	0.150007	0.193371	0.173325	0.177756	0.0	0.0	0.0	0.0	0.0	0.0	0.0	0.0	0.0	0.0	0.0	0.0	0.0	0.0	0.0	0.0	0.0	0.0	0.0	0.0	0.0	0.0
k__Bacteria|p__Firmicutes|c__Clostridia|o__Eubacteriales|f__Eubacteriaceae|g__Eubacterium|s__Eubacterium_album	0.0	0.0	0.0	0.0	0.0	0.0	0.0	0.0	0.0	0.0	0.0	0.0	0.0	0.0	0.0	0.0	0.0	0.0	0.141606	0.13255	0.143672	0.15953	0.033394	0.039224	0.048135	0.044711	0.0	0.0	0.0	0.0	0.0	0.0	0.0	0.0	0.0	0.0	0.0	0.0	0.0	0.0	0.0	0.0	0.0	0.0
k__Bacteria|p__Firmicutes|c__Clostridia|o__Eubacteriales|f__Oscillospiraceae|g__Lawsonibacter|s__Lawsonibacter_hominis	0.0	0.0	0.0	0.0	0.0	0.0	0.0	0.0	0.0	0.0	0.0	0.0	0.0	0.0	0.0	0.0	0.0	0.0	0.129819	0.102856	0.125788	0.09011	0.0	0.0	0.0	0.0	0.0	0.0	0.0	0.0	0.0	0.0	0.0	0.0	0.0	0.0	0.0	0.0	0.0	0.008236	0.0	0.0	0.0	0.0
k__Bacteria|p__Bacteroidota|c__Bacteroidia|o__Bacteroidales|f__Rikenellaceae|g__Alistipes|s__Alistipes_ihumii	0.0	0.0	0.0	0.0	0.0	0.0	0.0	0.0	0.0	0.0	0.0	0.0	0.0	0.0	0.0	0.0	0.0	0.0	0.118301	0.09905	0.114863	0.094722	0.014577	0.018587	0.01452	0.002563	0.0	0.0	0.0	0.0	0.0	0.0	0.0	0.0	0.0	0.0	0.0	0.0	0.025933	0.026079	0.026864	0.0	0.0	0.0
k__Bacteria|p__Lentisphaerota|c__CFGB2378|o__OFGB2378|f__FGB2378|g__GGB6519|s__GGB6519_SGB9208	0.0	0.0	0.0	0.0	0.0	0.0	0.0	0.0	0.0	0.0	0.0	0.0	0.0	0.0	0.0	0.0	0.0	0.0	0.116016	0.086594	0.102984	0.119422	0.0	0.0	0.0	0.0	0.0	0.0	0.0	0.0	0.0	0.0	0.0	0.0	0.0	0.0	0.0	0.0	0.0	0.0	0.0	0.0	0.0	0.0
k__Bacteria|p__Firmicutes|c__Negativicutes|o__Selenomonadales|f__Selenomonadaceae|g__Mitsuokella|s__Mitsuokella_jalaludinii	0.0	0.0	0.0	0.0	0.0	0.0	0.0	0.0	0.0	0.0	0.0	0.0	0.0	0.0	0.0	0.0	0.0	0.0	0.113337	0.112318	0.078879	0.082136	0.0	0.0	0.0	0.0	1.858543	1.844231	1.792623	1.776398	0.0	0.0	0.0	0.0	0.0	0.0	0.0	0.0	0.0	0.0	0.0	0.0	0.0	0.0
k__Bacteria|p__Bacteroidota|c__Bacteroidia|o__Bacteroidales|f__Tannerellaceae|g__Parabacteroides|s__Parabacteroides_hominis	0.0	0.0	0.0	0.0	0.0	0.0	0.0	0.0	0.0	0.0	0.0	0.0	0.0	0.0	0.0	0.0	0.0	0.0	0.104105	0.074337	0.103139	0.074277	0.0	0.0	0.0	0.0	0.0	0.0	0.0	0.0	0.0	0.0	0.0	0.0	0.0	0.0	0.0	0.0	0.0	0.0	0.0	0.0	0.0	0.0
k__Bacteria|p__Bacteroidota|c__Bacteroidia|o__Bacteroidales|f__Odoribacteraceae|g__GGB74121|s__GGB74121_SGB48082	0.0	0.0	0.0	0.0	0.0	0.0	0.0	0.0	0.0	0.0	0.0	0.0	0.0	0.0	0.0	0.0	0.0	0.0	0.100838	0.083605	0.092023	0.097296	0.0	0.0	0.0	0.0	0.0	0.0	0.0	0.0	0.0	0.0	0.0	0.0	0.0	0.0	0.0	0.0	0.0	0.0	0.0	0.0	0.0	0.0
k__Bacteria|p__Bacteroidota|c__Bacteroidia|o__Bacteroidales|f__Rikenellaceae|g__Alistipes|s__Alistipes_provencensis	0.0	0.0	0.0	0.0	0.0	0.0	0.0	0.0	0.0	0.0	0.0	0.0	0.0	0.0	0.0	0.0	0.0	0.0	0.098371	0.089082	0.092475	0.089442	0.0	0.0	0.0	0.0	0.0	0.0	0.0	0.0	0.0	0.0	0.0	0.0	0.0	0.0	0.0	0.0	0.0	0.0	0.0	0.0	0.0	0.0
k__Bacteria|p__Firmicutes|c__Clostridia|o__Lachnospirales|f__Lachnospiraceae|g__GGB3475|s__GGB3475_SGB4638	0.0	0.0	0.0	0.0	0.0	0.0	0.0	0.0	0.0	0.0	0.0	0.0	0.0	0.0	0.0	0.0	0.0	0.0	0.094762	0.089904	0.083142	0.09123	0.015275	0.020474	0.014965	0.026385	0.0	0.0	0.0	0.0	0.0	0.0	0.0	0.0	0.0	0.0	0.0	0.0	0.0	0.0	0.0	0.0	0.0	0.0
k__Bacteria|p__Firmicutes|c__CFGB78183|o__OFGB78183|f__FGB78183|g__GGB9109|s__GGB9109_SGB14042	0.0	0.0	0.0	0.0	0.0	0.0	0.0	0.0	0.0	0.0	0.0	0.0	0.0	0.0	0.0	0.0	0.0	0.0	0.084345	0.059778	0.050554	0.084672	0.0	0.0	0.0	0.0	0.0	0.0	0.0	0.0	0.0	0.0	0.0	0.0	0.0	0.0	0.0	0.0	0.0	0.0	0.0	0.0	0.0	0.0
k__Bacteria|p__Firmicutes|c__Clostridia|o__Eubacteriales|f__Eubacteriales_unclassified|g__Massilistercora|s__Massilistercora_timonensis	0.0	0.0	0.0	0.0	0.0	0.0	0.0	0.0	0.0	0.0	0.0	0.0	0.0	0.0	0.0	0.0	0.0	0.0	0.080934	0.063895	0.096474	0.075056	0.0	0.0	0.0	0.0	0.0	0.0	0.0	0.0	0.0	0.0	0.0	0.0	0.0	0.0	0.0	0.0	0.0	0.0	0.0	0.0	0.0	0.0
k__Bacteria|p__Actinomycetota|c__Coriobacteriia|o__Coriobacteriales|f__Coriobacteriaceae|g__Collinsella|s__Collinsella_sp_AF08_23	0.0	0.0	0.0	0.0	0.0	0.0	0.0	0.0	0.0	0.0	0.0	0.0	0.0	0.0	0.0	0.0	0.0	0.0	0.076106	0.058958	0.054708	0.067203	0.0	0.0	0.0	0.0	0.0	0.0	0.0	0.0	0.0	0.0	0.0	0.0	0.0	0.0	0.0	0.0	0.0	0.0	0.0	0.0	0.0	0.0
k__Bacteria|p__Firmicutes|c__CFGB3043|o__OFGB3043|f__FGB3043|g__GGB9551|s__GGB9551_SGB14958	0.0	0.0	0.0	0.0	0.0	0.0	0.0	0.0	0.0	0.0	0.0	0.0	0.0	0.0	0.0	0.0	0.0	0.0	0.075437	0.073604	0.078241	0.079335	0.0	0.0	0.0	0.0	0.0	0.0	0.0	0.0	0.0	0.0	0.0	0.0	0.0	0.0	0.0	0.0	0.309209	0.279588	0.286051	0.0	0.0	0.0
k__Bacteria|p__Firmicutes|c__CFGB79315|o__OFGB79315|f__FGB79315|g__GGB9765|s__GGB9765_SGB15382	0.0	0.0	0.0	0.0	0.0	0.0	0.0	0.0	0.0	0.0	0.0	0.0	0.0	0.0	0.0	0.0	0.0	0.0	0.074884	0.071086	0.086016	0.062481	0.0	0.0	0.0	0.0	0.0	0.0	0.0	0.0	0.0	0.0	0.0	0.0	0.0	0.0	0.0	0.0	0.0	0.000656	0.0	0.0	0.0	0.0
k__Bacteria|p__Firmicutes|c__CFGB1765|o__OFGB1765|f__FGB1765|g__GGB4605|s__GGB4605_SGB6376	0.0	0.0	0.0	0.0	0.0	0.0	0.0	0.0	0.0	0.0	0.0	0.0	0.0	0.0	0.0	0.0	0.0	0.0	0.074605	0.095229	0.082542	0.090667	0.0	0.0	0.0	0.0	0.082348	0.083281	0.103789	0.102468	0.0	0.0	0.0	0.0	0.0	0.0	0.0	0.0	0.0	0.0	0.0	0.0	0.0	0.0
k__Bacteria|p__Firmicutes|c__Clostridia|o__Eubacteriales|f__Oscillospiraceae|g__GGB9724|s__GGB9724_SGB15278	0.0	0.0	0.0	0.0	0.0	0.0	0.0	0.0	0.0	0.0	0.0	0.0	0.0	0.0	0.0	0.0	0.0	0.0	0.067583	0.073024	0.064521	0.040701	0.0	0.0	0.0	0.0	0.0	0.0	0.0	0.0	0.0	0.0	0.0	0.0	0.0	0.0	0.0	0.0	0.0	0.0	0.0	0.0	0.0	0.0
k__Bacteria|p__Firmicutes|c__CFGB11739|o__OFGB11739|f__FGB11739|g__GGB9210|s__GGB9210_SGB14149	0.0	0.0	0.0	0.0	0.0	0.0	0.0	0.0	0.0	0.0	0.0	0.0	0.0	0.0	0.0	0.0	0.0	0.0	0.066948	0.097819	0.086492	0.073109	0.0	0.0	0.0	0.0	0.0	0.0	0.0	0.0	0.0	0.0	0.0	0.0	0.0	0.0	0.0	0.0	0.104298	0.104585	0.10012	0.0	0.0	0.0
k__Bacteria|p__Firmicutes|c__Clostridia|o__Eubacteriales|f__Oscillospiraceae|g__Faecalibacterium|s__Faecalibacterium_butyricigenerans	0.0	0.0	0.0	0.0	0.0	0.0	0.0	0.0	0.0	0.0	0.0	0.0	0.0	0.0	0.0	0.0	0.0	0.0	0.063308	0.064484	0.0382	0.028955	0.620197	0.572311	0.586864	0.601975	0.0	0.0	0.0	0.0	0.0	0.0	0.0	0.0	0.0	0.0	0.0	0.0	0.047564	0.054659	0.021277	0.0	0.0	0.0
k__Bacteria|p__Bacteroidota|c__Bacteroidia|o__Bacteroidales|f__Rikenellaceae|g__GGB1663|s__GGB1663_SGB2279	0.0	0.0	0.0	0.0	0.0	0.0	0.0	0.0	0.0	0.0	0.0	0.0	0.0	0.0	0.0	0.0	0.0	0.0	0.060065	0.066254	0.07366	0.054211	0.0	0.0	0.0	0.0	0.0	0.0	0.0	0.0	0.0	0.0	0.0	0.0	0.0	0.0	0.0	0.0	0.018843	0.019088	0.023382	0.0	0.0	0.0
k__Bacteria|p__Firmicutes|c__Clostridia|o__Eubacteriales|f__Clostridiaceae|g__GGB3478|s__GGB3478_SGB4643	0.0	0.0	0.0	0.0	0.0	0.0	0.0	0.0	0.0	0.0	0.0	0.0	0.0	0.0	0.0	0.0	0.0	0.0	0.05796	0.059176	0.053536	0.039973	0.0	0.0	0.0	0.0	0.0	0.0	0.0	0.0	0.0	0.0	0.0	0.0	0.0	0.0	0.0	0.0	0.0	0.0	0.0	0.0	0.0	0.0
k__Bacteria|p__Actinomycetota|c__Coriobacteriia|o__Coriobacteriales|f__Coriobacteriaceae|g__Collinsella|s__Collinsella_tanakaei	0.0	0.0	0.0	0.0	0.0	0.0	0.0	0.0	0.0	0.0	0.0	0.0	0.0	0.0	0.0	0.0	0.0	0.0	0.057513	0.020523	0.039485	0.042729	0.0	0.0	0.0	0.0	0.0	0.0	0.0	0.0	0.0	0.0	0.0	0.0	0.0	0.0	0.0	0.0	0.0	0.0	0.0	0.0	0.0	0.0
k__Bacteria|p__Firmicutes|c__CFGB3054|o__OFGB3054|f__FGB3054|g__GGB9695|s__GGB9695_SGB15209	0.0	0.0	0.0	0.0	0.0	0.0	0.0	0.0	0.0	0.0	0.0	0.0	0.0	0.0	0.0	0.0	0.0	0.0	0.055858	0.058325	0.051502	0.046611	0.0	0.0	0.0	0.0	0.0	0.0	0.0	0.0	0.0	0.0	0.0	0.0	0.0	0.0	0.0	0.0	0.005277	0.001044	0.002699	0.0	0.0	0.0
k__Bacteria|p__Firmicutes|c__CFGB1539|o__OFGB1539|f__FGB1539|g__GGB3893|s__GGB3893_SGB5291	0.0	0.0	0.0	0.0	0.0	0.0	0.0	0.0	0.0	0.0	0.0	0.0	0.0	0.0	0.0	0.0	0.0	0.0	0.055047	0.054076	0.060567	0.061894	0.0	0.0	0.0	0.0	0.0	0.0	0.0	0.0	0.0	0.0	0.0	0.0	0.0	0.0	0.0	0.0	0.0	0.0	0.0	0.0	0.0	0.0
k__Bacteria|p__Firmicutes|c__Clostridia|o__Lachnospirales|f__Lachnospiraceae|g__Wujia|s__Wujia_chipingensis	0.0	0.0	0.0	0.0	0.0	0.0	0.0	0.0	0.0	0.0	0.0	0.0	0.0	0.0	0.0	0.0	0.0	0.0	0.054576	0.066607	0.058948	0.062661	1.312533	1.218931	1.321068	1.262172	0.0	0.0	0.0	0.0	0.0	0.0	0.0	0.0	0.0	0.0	0.0	0.0	0.256631	0.255037	0.256832	0.0	0.0	0.0
k__Bacteria|p__Firmicutes|c__CFGB82250|o__OFGB82250|f__FGB82250|g__GGB9350|s__GGB9350_SGB14317	0.0	0.0	0.0	0.0	0.0	0.0	0.0	0.0	0.0	0.0	0.0	0.0	0.0	0.0	0.0	0.0	0.0	0.0	0.047909	0.050084	0.052033	0.070847	0.0	0.0	0.0	0.0	0.0	0.0	0.0	0.0	0.0	0.0	0.0	0.0	0.0	0.0	0.0	0.0	0.0	0.0	0.0	0.0	0.0	0.0
k__Bacteria|p__Firmicutes|c__Clostridia|o__Eubacteriales|f__Eubacteriales_unclassified|g__Intestinimonas|s__Intestinimonas_massiliensis_ex_Afouda_et_al_2020	0.0	0.0	0.0	0.0	0.0	0.0	0.0	0.0	0.0	0.0	0.0	0.0	0.0	0.0	0.0	0.0	0.0	0.0	0.047179	0.055683	0.048473	0.053393	0.0	0.0	0.0	0.0	0.0	0.0	0.0	0.0	0.0	0.0	0.0	0.0	0.0	0.0	0.0	0.0	0.0	0.0	0.0	0.005244	0.003435	0.006775
k__Bacteria|p__Firmicutes|c__Clostridia|o__Lachnospirales|f__Lachnospiraceae|g__GGB3496|s__GGB3496_SGB4671	0.0	0.0	0.0	0.0	0.0	0.0	0.0	0.0	0.0	0.0	0.0	0.0	0.0	0.0	0.0	0.0	0.0	0.0	0.046598	0.057878	0.053871	0.086651	0.0	0.0	0.0	0.0	0.0	0.0	0.0	0.0	0.0	0.0	0.0	0.0	0.0	0.0	0.0	0.0	0.0	0.0	0.0	0.0	0.0	0.0
k__Bacteria|p__Firmicutes|c__Clostridia|o__Lachnospirales|f__Lachnospiraceae|g__Blautia|s__Blautia_glucerasea	0.0	0.0	0.0	0.0	0.0	0.0	0.0	0.0	0.0	0.0	0.0	0.0	0.0	0.0	0.0	0.0	0.0	0.0	0.035918	0.015254	0.029553	0.00214	0.0	0.0	0.0	0.0	0.0	0.0	0.0	0.0	0.0	0.0	0.0	0.0	0.008575	0.0	0.0	0.012553	0.0243	0.0	0.01491	0.0	0.0	0.0
k__Bacteria|p__Firmicutes|c__Erysipelotrichia|o__Erysipelotrichales|f__Erysipelotrichaceae|g__Faecalicoccus|s__Faecalicoccus_pleomorphus	0.0	0.0	0.0	0.0	0.0	0.0	0.0	0.0	0.0	0.0	0.0	0.0	0.0	0.0	0.0	0.0	0.0	0.0	0.03058	0.017687	0.027204	0.018027	0.0	0.0	0.0	0.0	0.0	0.0	0.0	0.0	0.0	0.0	0.0	0.0	0.0	0.0	0.0	0.0	0.0	0.0	0.0	0.0	0.0	0.0
k__Bacteria|p__Firmicutes|c__CFGB1292|o__OFGB1292|f__FGB1292|g__GGB3109|s__GGB3109_SGB4119	0.0	0.0	0.0	0.0	0.0	0.0	0.0	0.0	0.0	0.0	0.0	0.0	0.0	0.0	0.0	0.0	0.0	0.0	0.030223	0.048004	0.058672	0.042363	0.0	0.0	0.0	0.0	0.0	0.0	0.0	0.0	0.0	0.0	0.0	0.0	0.0	0.0	0.0	0.0	0.01379	0.0	0.0	0.0	0.0	0.0
k__Bacteria|p__Pseudomonadota|c__Betaproteobacteria|o__Burkholderiales|f__Oxalobacteraceae|g__Oxalobacter|s__Oxalobacter_aliiformigenes	0.0	0.0	0.0	0.0	0.0	0.0	0.0	0.0	0.0	0.0	0.0	0.0	0.0	0.0	0.0	0.0	0.0	0.0	0.029707	0.023628	0.016017	0.035292	0.0	0.0	0.0	0.0	0.0	0.0	0.0	0.0	0.0	0.0	0.0	0.0	0.0	0.0	0.0	0.0	0.0	0.0	0.0	0.0	0.0	0.0
k__Bacteria|p__Firmicutes|c__Bacillota_unclassified|o__Bacillota_unclassified|f__Bacillota_unclassified|g__GGB143098|s__GGB143098_SGB14906	0.0	0.0	0.0	0.0	0.0	0.0	0.0	0.0	0.0	0.0	0.0	0.0	0.0	0.0	0.0	0.0	0.0	0.0	0.029234	0.002431	0.002524	0.0	0.0	0.0	0.0	0.0	0.0	0.0	0.0	0.0	0.0	0.0	0.0	0.0	0.0	0.0	0.0	0.0	0.003827	0.005816	0.00887	0.009937	0.003824	0.000673
k__Bacteria|p__Firmicutes|c__CFGB3054|o__OFGB3054|f__FGB3054|g__GGB33512|s__GGB33512_SGB15203	0.0	0.0	0.0	0.0	0.0	0.0	0.0	0.0	0.0	0.0	0.0	0.0	0.0	0.0	0.0	0.0	0.0	0.0	0.026213	0.020034	0.013518	0.015852	0.010035	0.0	0.0	0.0	0.0	0.0	0.0	0.0	0.0	0.0	0.0	0.0	0.0	0.0	0.0	0.0	0.129324	0.093861	0.10374	0.0	0.0	0.0
k__Bacteria|p__Firmicutes|c__CFGB2890|o__OFGB2890|f__FGB2890|g__GGB9198|s__GGB9198_SGB14137	0.0	0.0	0.0	0.0	0.0	0.0	0.0	0.0	0.0	0.0	0.0	0.0	0.0	0.0	0.0	0.0	0.0	0.0	0.02536	0.018713	0.017793	0.024319	0.0	0.0	0.0	0.0	0.0	0.0	0.0	0.0	0.0	0.0	0.0	0.0	0.0	0.0	0.0	0.0	0.0	0.0	0.0	0.0	0.0	0.0
k__Bacteria|p__Firmicutes|c__CFGB32310|o__OFGB32310|f__FGB32310|g__GGB128561|s__GGB128561_SGB156440	0.0	0.0	0.0	0.0	0.0	0.0	0.0	0.0	0.0	0.0	0.0	0.0	0.0	0.0	0.0	0.0	0.0	0.0	0.024419	0.020889	0.017777	0.017628	0.0	0.0	0.0	0.0	0.0	0.0	0.0	0.0	0.0	0.0	0.0	0.0	0.0	0.0	0.0	0.0	0.052814	0.047247	0.053862	0.0	0.0	0.0
k__Bacteria|p__Firmicutes|c__CFGB1765|o__OFGB1765|f__FGB1765|g__GGB4562|s__GGB4562_SGB6298	0.0	0.0	0.0	0.0	0.0	0.0	0.0	0.0	0.0	0.0	0.0	0.0	0.0	0.0	0.0	0.0	0.0	0.0	0.024162	0.021536	0.032161	0.013822	0.0	0.0	0.0	0.0	0.0	0.0	0.0	0.0	0.0	0.0	0.0	0.0	0.0	0.0	0.0	0.0	0.0	0.0	0.0	0.0	0.0	0.0
k__Bacteria|p__Firmicutes|c__Clostridia|o__Lachnospirales|f__Lachnospiraceae|g__Lachnospiraceae_unclassified|s__Lachnospiraceae_bacterium	0.0	0.0	0.0	0.0	0.0	0.0	0.0	0.0	0.0	0.0	0.0	0.0	0.0	0.0	0.0	0.0	0.0	0.0	0.023179	0.040115	0.028774	0.039442	0.014806	0.009337	0.008301	0.014506	0.0	0.0	0.0	0.0	0.0	0.0	0.0	0.0	0.0	0.0	0.0	0.0	0.0	0.0	0.0	0.0	0.0	0.0
k__Bacteria|p__Bacteroidota|c__Bacteroidia|o__Bacteroidales|f__Rikenellaceae|g__Alistipes|s__Alistipes_indistinctus	0.0	0.0	0.0	0.0	0.0	0.0	0.0	0.0	0.0	0.0	0.0	0.0	0.0	0.0	0.0	0.0	0.0	0.0	0.019789	0.043622	0.029924	0.020057	0.202237	0.168948	0.176984	0.172821	0.117539	0.123808	0.122128	0.124928	0.0	0.0	0.0	0.0	0.09535	0.095819	0.088335	0.051533	0.0	0.0	0.0	0.0	0.0	0.0
k__Bacteria|p__Firmicutes|c__Bacillota_unclassified|o__Bacillota_unclassified|f__Bacillota_unclassified|g__GGB2998|s__GGB2998_SGB3988	0.0	0.0	0.0	0.0	0.0	0.0	0.0	0.0	0.0	0.0	0.0	0.0	0.0	0.0	0.0	0.0	0.0	0.0	0.017308	0.017554	0.007827	0.010769	0.0	0.0	0.0	0.0	0.032254	0.031497	0.023493	0.013041	0.0	0.0	0.0	0.0	0.0	0.0	0.0	0.0	0.002695	0.0	0.00233	0.0	0.0	0.0
k__Bacteria|p__Firmicutes|c__CFGB9491|o__OFGB9491|f__FGB9491|g__GGB45603|s__GGB45603_SGB63315	0.0	0.0	0.0	0.0	0.0	0.0	0.0	0.0	0.0	0.0	0.0	0.0	0.0	0.0	0.0	0.0	0.0	0.0	0.016518	0.01715	0.018189	0.016927	0.0	0.0	0.0	0.0	0.0	0.0	0.0	0.0	0.0	0.0	0.0	0.0	0.0	0.0	0.0	0.0	0.0	0.0	0.0	0.0	0.0	0.0
k__Bacteria|p__Firmicutes|c__CFGB82363|o__OFGB82363|f__FGB82363|g__GGB9545|s__GGB9545_SGB14952	0.0	0.0	0.0	0.0	0.0	0.0	0.0	0.0	0.0	0.0	0.0	0.0	0.0	0.0	0.0	0.0	0.0	0.0	0.01566	0.012942	0.013526	0.014786	0.0	0.0	0.0	0.0	0.0	0.0	0.0	0.0	0.0	0.0	0.0	0.0	0.0	0.0	0.0	0.0	0.0	0.0	0.0	0.0	0.0	0.0
k__Bacteria|p__Firmicutes|c__CFGB3070|o__OFGB3070|f__FGB3070|g__GGB9775|s__GGB9775_SGB15395	0.0	0.0	0.0	0.0	0.0	0.0	0.0	0.0	0.0	0.0	0.0	0.0	0.0	0.0	0.0	0.0	0.0	0.0	0.015079	0.018311	0.0	0.016454	0.0	0.0	0.0	0.0	0.0	0.0	0.0	0.0	0.0	0.0	0.0	0.0	0.0	0.0	0.0	0.0	0.0	0.0	0.0	0.0	0.0	0.0
k__Bacteria|p__Firmicutes|c__CFGB3054|o__OFGB3054|f__FGB3054|g__GGB9582|s__GGB9582_SGB15001	0.0	0.0	0.0	0.0	0.0	0.0	0.0	0.0	0.0	0.0	0.0	0.0	0.0	0.0	0.0	0.0	0.0	0.0	0.014976	0.011325	0.022902	0.018379	0.0	0.0	0.0	0.0	0.0	0.0	0.0	0.0	0.0	0.0	0.0	0.0	0.0	0.0	0.0	0.0	0.0	0.0	0.0	0.0	0.0	0.0
k__Bacteria|p__Firmicutes|c__Clostridia|o__Eubacteriales|f__Oscillospiraceae|g__GGB41366|s__GGB41366_SGB58424	0.0	0.0	0.0	0.0	0.0	0.0	0.0	0.0	0.0	0.0	0.0	0.0	0.0	0.0	0.0	0.0	0.0	0.0	0.0149	0.031257	0.029064	0.009824	0.0	0.0	0.0	0.0	0.0	0.0	0.0	0.0	0.0	0.0	0.0	0.0	0.0	0.0	0.0	0.0	0.0	0.0	0.0	0.0	0.0	0.0
k__Bacteria|p__Firmicutes|c__Clostridia|o__Eubacteriales|f__Acutalibacteraceae|g__Anaeromassilibacillus|s__Anaeromassilibacillus_senegalensis	0.0	0.0	0.0	0.0	0.0	0.0	0.0	0.0	0.0	0.0	0.0	0.0	0.0	0.0	0.0	0.0	0.0	0.0	0.013962	0.011229	0.007998	0.012611	0.0	0.0	0.0	0.0	0.0	0.0	0.0	0.0	0.0	0.0	0.0	0.0	0.0	0.0	0.0	0.0	0.0	0.0	0.0	0.0	0.0	0.0
k__Bacteria|p__Firmicutes|c__Erysipelotrichia|o__Erysipelotrichales|f__Erysipelotrichaceae|g__Massilimicrobiota|s__Massilimicrobiota_timonensis	0.0	0.0	0.0	0.0	0.0	0.0	0.0	0.0	0.0	0.0	0.0	0.0	0.0	0.0	0.0	0.0	0.0	0.0	0.011859	0.01291	0.002862	0.011804	0.0	0.0	0.0	0.0	0.0	0.0	0.0	0.0	0.0	0.0	0.0	0.0	0.16819	0.198028	0.155984	0.186074	0.0	0.0	0.0	0.0	0.0	0.0
k__Bacteria|p__Firmicutes|c__Clostridia|o__Christensenellales|f__Christensenellaceae|g__GGB9098|s__GGB9098_SGB54305	0.0	0.0	0.0	0.0	0.0	0.0	0.0	0.0	0.0	0.0	0.0	0.0	0.0	0.0	0.0	0.0	0.0	0.0	0.008384	0.0	0.0	0.0	0.0	0.0	0.0	0.0	0.0	0.0	0.0	0.0	0.0	0.0	0.0	0.0	0.0	0.0	0.0	0.0	0.0	0.0	0.0	0.0	0.0	0.0
k__Bacteria|p__Firmicutes|c__Clostridia|o__Eubacteriales|f__Eubacteriales_unclassified|g__GGB9250|s__GGB9250_SGB14194	0.0	0.0	0.0	0.0	0.0	0.0	0.0	0.0	0.0	0.0	0.0	0.0	0.0	0.0	0.0	0.0	0.0	0.0	0.00809	0.0	0.006533	0.002664	0.0	0.0	0.0	0.0	0.0	0.0	0.0	0.0	0.0	0.0	0.0	0.0	0.0	0.0	0.0	0.0	0.0	0.0	0.0	0.0	0.0	0.0
k__Bacteria|p__Actinomycetota|c__Coriobacteriia|o__Eggerthellales|f__Eggerthellaceae|g__Gordonibacter|s__Gordonibacter_pamelaeae	0.0	0.0	0.0	0.0	0.0	0.0	0.0	0.0	0.0	0.0	0.0	0.0	0.0	0.0	0.0	0.0	0.0	0.0	0.007107	0.0	0.0	0.0	0.0	0.0	0.0	0.0	0.0	0.0	0.0	0.0	0.0	0.0	0.0	0.0	0.0	0.0	0.0	0.0	0.0	0.0	0.0	0.0	0.0	0.0
k__Bacteria|p__Firmicutes|c__Clostridia|o__Lachnospirales|f__Lachnospiraceae|g__Lachnospiraceae_unclassified|s__Lachnospiraceae_bacterium_AF02_47	0.0	0.0	0.0	0.0	0.0	0.0	0.0	0.0	0.0	0.0	0.0	0.0	0.0	0.0	0.0	0.0	0.0	0.0	0.006968	0.019696	0.006773	0.002061	0.0	0.0	0.0	0.0	0.0	0.0	0.0	0.0	0.0	0.0	0.0	0.0	0.0	0.0	0.0	0.0	0.0	0.0	0.0	0.0	0.0	0.0
k__Bacteria|p__Pseudomonadota|c__Gammaproteobacteria|o__Enterobacterales|f__Enterobacteriaceae|g__Escherichia|s__Escherichia_coli	0.0	0.0	0.0	0.0	0.0	0.0	0.0	0.0	0.0	0.0	0.0	0.0	0.0	0.0	0.0	0.0	0.0	0.0	0.006515	0.002826	0.009141	0.007389	0.001361	0.0	0.0	0.0	0.0	0.0	0.0	0.0	0.0	0.0	0.0	0.0	0.0	0.0	0.0	0.0	0.097954	0.09759	0.078461	0.0	0.0	0.0
k__Bacteria|p__Bacteroidota|c__Bacteroidia|o__Bacteroidales|f__Rikenellaceae|g__Alistipes|s__Alistipes_montrealensis	0.0	0.0	0.0	0.0	0.0	0.0	0.0	0.0	0.0	0.0	0.0	0.0	0.0	0.0	0.0	0.0	0.0	0.0	0.006117	0.0	0.00674	0.0	0.0	0.0	0.0	0.0	0.0	0.0	0.0	0.0	0.0	0.0	0.0	0.0	0.0	0.0	0.0	0.0	0.0	0.0	0.0	0.0	0.0	0.0
k__Bacteria|p__Firmicutes|c__Clostridia|o__Lachnospirales|f__Lachnospiraceae|g__GGB3446|s__GGB3446_SGB4597	0.0	0.0	0.0	0.0	0.0	0.0	0.0	0.0	0.0	0.0	0.0	0.0	0.0	0.0	0.0	0.0	0.0	0.0	0.005395	0.014416	0.0	0.000797	0.0	0.0	0.0	0.0	0.0	0.0	0.0	0.0	0.0	0.0	0.0	0.0	0.0	0.0	0.0	0.0	0.0	0.0	0.0	0.0	0.0	0.0
k__Bacteria|p__Firmicutes|c__CFGB30287|o__OFGB30287|f__FGB30287|g__GGB42378|s__GGB42378_SGB59548	0.0	0.0	0.0	0.0	0.0	0.0	0.0	0.0	0.0	0.0	0.0	0.0	0.0	0.0	0.0	0.0	0.0	0.0	0.004435	0.004051	0.001301	0.00385	0.0	0.0	0.0	0.0	0.0	0.0	0.0	0.0	0.0	0.0	0.0	0.0	0.0	0.0	0.0	0.0	0.06408	0.052214	0.043081	0.0	0.0	0.0
k__Bacteria|p__Firmicutes|c__Clostridia|o__Christensenellales|f__Christensenellaceae|g__GGB9186|s__GGB9186_SGB14125	0.0	0.0	0.0	0.0	0.0	0.0	0.0	0.0	0.0	0.0	0.0	0.0	0.0	0.0	0.0	0.0	0.0	0.0	0.003842	0.0	0.005703	0.000793	0.0	0.0	0.0	0.0	0.0	0.0	0.0	0.0	0.0	0.0	0.0	0.0	0.0	0.0	0.0	0.0	0.0	0.0	0.0	0.000961	0.0	0.0
k__Bacteria|p__Firmicutes|c__CFGB3054|o__OFGB3054|f__FGB3054|g__GGB9695|s__GGB9695_SGB15210	0.0	0.0	0.0	0.0	0.0	0.0	0.0	0.0	0.0	0.0	0.0	0.0	0.0	0.0	0.0	0.0	0.0	0.0	0.00143	0.0	0.0	0.0	0.0	0.0	0.0	0.0	0.0	0.0	0.0	0.0	0.0	0.0	0.0	0.0	0.0	0.0	0.0	0.0	0.0	0.0	0.0	0.0	0.0	0.0
k__Bacteria|p__Firmicutes|c__Erysipelotrichia|o__Erysipelotrichales|f__Erysipelotrichaceae|g__GGB3033|s__GGB3033_SGB4029	0.0	0.0	0.0	0.0	0.0	0.0	0.0	0.0	0.0	0.0	0.0	0.0	0.0	0.0	0.0	0.0	0.0	0.0	0.00081	0.0	0.000856	0.0	0.0	0.0	0.0	0.0	0.0	0.0	0.0	0.0	0.0	0.0	0.0	0.0	0.0	0.0	0.0	0.0	0.0	0.004615	0.0	0.0	0.0	0.0
k__Bacteria|p__Bacteroidota|c__Bacteroidia|o__Bacteroidales|f__Rikenellaceae|g__Rikenellaceae_unclassified|s__Rikenellaceae_bacterium|t__SGB2317	0.0	0.0	0.0	0.0	0.0	0.0	0.0	0.0	0.0	0.0	0.0	0.0	0.0	0.0	0.0	0.0	0.0	0.0	7.830247	7.665934	7.269717	7.346304	0.0	0.0	0.0	0.0	0.0	0.0	0.0	0.0	0.0	0.0	0.0	0.0	0.0	0.0	0.0	0.0	0.0	0.0	0.0	0.0	0.0	0.0
k__Bacteria|p__Firmicutes|c__CFGB2984|o__OFGB2984|f__FGB2984|g__GGB9347|s__GGB9347_SGB14313|t__SGB14313	0.0	0.0	0.0	0.0	0.0	0.0	0.0	0.0	0.0	0.0	0.0	0.0	0.0	0.0	0.0	0.0	0.0	0.0	4.458185	4.29477	4.407887	4.426624	0.415462	0.410226	0.372906	0.392056	0.0	0.0	0.0	0.0	0.038846	0.074626	0.0	0.0	0.0	0.0	0.0	0.0	0.155325	0.180684	0.160371	0.0	0.0	0.0
k__Bacteria|p__Firmicutes|c__CFGB94588|o__OFGB94588|f__FGB94588|g__GGB51647|s__GGB51647_SGB4348|t__SGB4348	0.0	0.0	0.0	0.0	0.0	0.0	0.0	0.0	0.0	0.0	0.0	0.0	0.0	0.0	0.0	0.0	0.0	0.0	3.538195	3.467141	3.637081	3.58071	0.0	0.0	0.0	0.0	1.581615	1.493312	1.528766	1.551776	1.398747	1.314486	1.001321	0.980835	0.0	0.0	0.0	0.0	0.0	0.0	0.0	8.789582	8.641412	8.66843
k__Bacteria|p__Firmicutes|c__CFGB1765|o__OFGB1765|f__FGB1765|g__GGB4585|s__GGB4585_SGB6340|t__SGB6340	0.0	0.0	0.0	0.0	0.0	0.0	0.0	0.0	0.0	0.0	0.0	0.0	0.0	0.0	0.0	0.0	0.0	0.0	3.019843	3.260508	3.23312	3.282517	0.637238	0.603659	0.653647	0.637713	0.325439	0.305724	0.308715	0.295235	0.0	0.0	0.0	0.0	0.0	0.0	0.0	0.0	0.0	0.0	0.0	0.0	0.0	0.0
k__Bacteria|p__Firmicutes|c__CFGB73062|o__OFGB73062|f__FGB73062|g__GGB9059|s__GGB9059_SGB13976|t__SGB13976	0.0	0.0	0.0	0.0	0.0	0.0	0.0	0.0	0.0	0.0	0.0	0.0	0.0	0.0	0.0	0.0	0.0	0.0	2.167529	2.217584	2.202169	2.218999	8.551335	8.617925	8.433875	8.578308	0.0	0.0	0.0	0.0	0.0	0.0	0.0	0.0	0.0	0.0	0.0	0.0	0.173473	0.172371	0.138551	0.0	0.0	0.0
k__Bacteria|p__Firmicutes|c__CFGB2875|o__OFGB2875|f__FGB2875|g__GGB9176|s__GGB9176_SGB14114|t__SGB14114	0.0	0.0	0.0	0.0	0.0	0.0	0.0	0.0	0.0	0.0	0.0	0.0	0.0	0.0	0.0	0.0	0.0	0.0	1.409861	1.577652	1.518274	1.519917	0.503658	0.515209	0.505617	0.500359	0.0	0.0	0.0	0.0	0.0	0.0	0.0	0.0	0.0	0.0	0.0	0.0	0.012561	0.008021	0.021299	0.0	0.0	0.0
k__Bacteria|p__Firmicutes|c__CFGB94730|o__OFGB94730|f__FGB94730|g__GGB4745|s__GGB4745_SGB6571|t__SGB6571	0.0	0.0	0.0	0.0	0.0	0.0	0.0	0.0	0.0	0.0	0.0	0.0	0.0	0.0	0.0	0.0	0.0	0.0	1.403394	1.452586	1.447304	1.563405	0.464663	0.537018	0.505016	0.52624	0.0	0.0	0.0	0.0	0.0	0.0	0.0	0.0	0.0	0.0	0.0	0.0	0.0	0.0	0.0	0.0	0.0	0.0
k__Bacteria|p__Pseudomonadota|c__CFGB2404|o__OFGB2404|f__FGB2404|g__GGB6612|s__GGB6612_SGB9346|t__SGB9346	0.0	0.0	0.0	0.0	0.0	0.0	0.0	0.0	0.0	0.0	0.0	0.0	0.0	0.0	0.0	0.0	0.0	0.0	0.865235	0.875415	0.837753	0.869581	0.0	0.0	0.0	0.0	0.0	0.0	0.0	0.0	0.0	0.0	0.0	0.0	0.0	0.0	0.0	0.0	0.0	0.0	0.0	0.0	0.0	0.0
k__Bacteria|p__Pseudomonadota|c__CFGB2404|o__OFGB2404|f__FGB2404|g__GGB6608|s__GGB6608_SGB9342|t__SGB9342	0.0	0.0	0.0	0.0	0.0	0.0	0.0	0.0	0.0	0.0	0.0	0.0	0.0	0.0	0.0	0.0	0.0	0.0	0.839662	0.83824	0.846278	0.859573	0.0	0.0	0.0	0.0	0.0	0.0	0.0	0.0	0.0	0.0	0.0	0.0	0.0	0.0	0.0	0.0	0.0	0.0	0.0	0.0	0.0	0.0
k__Bacteria|p__Firmicutes|c__CFGB1776|o__OFGB1776|f__FGB1776|g__GGB4746|s__GGB4746_SGB6574|t__SGB6574	0.0	0.0	0.0	0.0	0.0	0.0	0.0	0.0	0.0	0.0	0.0	0.0	0.0	0.0	0.0	0.0	0.0	0.0	0.815624	0.889591	0.835701	0.83987	0.0	0.0	0.0	0.0	0.0	0.0	0.0	0.0	0.0	0.0	0.0	0.0	0.0	0.0	0.0	0.0	0.0	0.0	0.0	0.0	0.0	0.0
k__Bacteria|p__Firmicutes|c__CFGB2979|o__OFGB2979|f__FGB2979|g__GGB40351|s__GGB40351_SGB14301|t__SGB14301	0.0	0.0	0.0	0.0	0.0	0.0	0.0	0.0	0.0	0.0	0.0	0.0	0.0	0.0	0.0	0.0	0.0	0.0	0.80478	0.890863	0.812778	0.831298	0.0	0.0	0.0	0.0	0.0	0.0	0.0	0.0	0.0	0.0	0.0	0.0	0.0	0.0	0.0	0.0	0.0	0.0	0.0	0.0	0.0	0.0
k__Bacteria|p__Firmicutes|c__CFGB41726|o__OFGB41726|f__FGB41726|g__GGB9343|s__GGB9343_SGB14307|t__SGB14307	0.0	0.0	0.0	0.0	0.0	0.0	0.0	0.0	0.0	0.0	0.0	0.0	0.0	0.0	0.0	0.0	0.0	0.0	0.789463	0.795706	0.811063	0.784012	0.0	0.0	0.0	0.0	0.0	0.0	0.0	0.0	0.0	0.0	0.0	0.0	0.0	0.0	0.0	0.0	0.058658	0.048497	0.050507	0.0	0.0	0.0
k__Bacteria|p__Bacteroidota|c__Bacteroidia|o__Bacteroidales|f__Bacteroidales_unclassified|g__Bacteroidales_unclassified|s__Bacteroidales_bacterium|t__SGB1961	0.0	0.0	0.0	0.0	0.0	0.0	0.0	0.0	0.0	0.0	0.0	0.0	0.0	0.0	0.0	0.0	0.0	0.0	0.536057	0.548583	0.534142	0.489392	0.0	0.0	0.0	0.0	0.0	0.0	0.0	0.0	0.0	0.0	0.0	0.0	0.0	0.0	0.0	0.0	0.0	0.0	0.0	0.0	0.0	0.0
k__Bacteria|p__Candidatus_Melainabacteria|c__Candidatus_Melainabacteria_unclassified|o__Candidatus_Gastranaerophilales|f__Candidatus_Gastranaerophilales_unclassified|g__GGB6006|s__GGB6006_SGB8631|t__SGB8631	0.0	0.0	0.0	0.0	0.0	0.0	0.0	0.0	0.0	0.0	0.0	0.0	0.0	0.0	0.0	0.0	0.0	0.0	0.496009	0.465285	0.4408	0.480896	0.0	0.0	0.0	0.0	0.0	0.0	0.0	0.0	0.0	0.0	0.0	0.0	0.0	0.0	0.0	0.0	0.0	0.0	0.0	0.0	0.0	0.0
k__Bacteria|p__Firmicutes|c__CFGB1765|o__OFGB1765|f__FGB1765|g__GGB4552|s__GGB4552_SGB6274|t__SGB6274	0.0	0.0	0.0	0.0	0.0	0.0	0.0	0.0	0.0	0.0	0.0	0.0	0.0	0.0	0.0	0.0	0.0	0.0	0.472183	0.557583	0.52106	0.570221	0.0	0.0	0.0	0.0	0.0	0.0	0.0	0.0	0.0	0.0	0.0	0.0	0.0	0.0	0.0	0.0	0.0	0.0	0.0	0.0	0.0	0.0
k__Bacteria|p__Firmicutes|c__Clostridia|o__Lachnospirales|f__Lachnospiraceae|g__Mediterraneibacter|s__Ruminococcus_lactaris|t__SGB4557	0.0	0.0	0.0	0.0	0.0	0.0	0.0	0.0	0.0	0.0	0.0	0.0	0.0	0.0	0.0	0.0	0.0	0.0	0.340235	0.369748	0.355537	0.386653	0.0	0.0	0.0	0.0	0.0	0.0	0.0	0.0	0.0	0.0	0.0	0.0	0.891676	0.935445	0.851902	0.920135	0.0	0.0	0.0	0.0	0.0	0.0
k__Bacteria|p__Bacteroidota|c__Bacteroidia|o__Bacteroidales|f__Prevotellaceae|g__GGB23948|s__GGB23948_SGB35694|t__SGB35694	0.0	0.0	0.0	0.0	0.0	0.0	0.0	0.0	0.0	0.0	0.0	0.0	0.0	0.0	0.0	0.0	0.0	0.0	0.321727	0.334823	0.303707	0.337406	0.0	0.0	0.0	0.0	0.0	0.0	0.0	0.0	0.0	0.0	0.0	0.0	0.0	0.0	0.0	0.0	0.0	0.0	0.0	0.0	0.0	0.0
k__Bacteria|p__Firmicutes|c__CFGB74971|o__OFGB74971|f__FGB74971|g__GGB9333|s__GGB9333_SGB14296|t__SGB14296	0.0	0.0	0.0	0.0	0.0	0.0	0.0	0.0	0.0	0.0	0.0	0.0	0.0	0.0	0.0	0.0	0.0	0.0	0.29752	0.330599	0.330209	0.309638	0.0	0.0	0.0	0.0	0.0	0.0	0.0	0.0	0.0	0.0	0.0	0.0	0.0	0.0	0.0	0.0	0.0	0.0	0.0	0.0	0.0	0.0
k__Bacteria|p__Firmicutes|c__CFGB92044|o__OFGB92044|f__FGB92044|g__GGB9547|s__GGB9547_SGB14954|t__SGB14954	0.0	0.0	0.0	0.0	0.0	0.0	0.0	0.0	0.0	0.0	0.0	0.0	0.0	0.0	0.0	0.0	0.0	0.0	0.276246	0.220215	0.265886	0.25025	0.083381	0.06832	0.061876	0.079374	0.0	0.0	0.0	0.0	0.0	0.0	0.0	0.0	0.0	0.0	0.0	0.0	0.0	0.0	0.0	0.0	0.0	0.0
k__Bacteria|p__Firmicutes|c__CFGB10318|o__OFGB10318|f__FGB10318|g__GGB4619|s__GGB4619_SGB6395|t__SGB6395	0.0	0.0	0.0	0.0	0.0	0.0	0.0	0.0	0.0	0.0	0.0	0.0	0.0	0.0	0.0	0.0	0.0	0.0	0.273506	0.284164	0.276346	0.269507	0.0	0.0	0.0	0.0	0.0	0.0	0.0	0.0	0.0	0.0	0.0	0.0	0.0	0.0	0.0	0.0	0.0	0.0	0.0	0.0	0.0	0.0
k__Bacteria|p__Verrucomicrobiota|c__Opitutia|o__Puniceicoccales|f__Puniceicoccaceae|g__GGB6123|s__GGB6123_SGB8767|t__SGB8767	0.0	0.0	0.0	0.0	0.0	0.0	0.0	0.0	0.0	0.0	0.0	0.0	0.0	0.0	0.0	0.0	0.0	0.0	0.263981	0.185401	0.253389	0.287523	0.0	0.0	0.0	0.0	0.0	0.0	0.0	0.0	0.0	0.0	0.0	0.0	0.0	0.0	0.0	0.0	0.0	0.0	0.0	0.0	0.0	0.0
k__Bacteria|p__Firmicutes|c__CFGB1765|o__OFGB1765|f__FGB1765|g__GGB4571|s__GGB4571_SGB6317|t__SGB6317	0.0	0.0	0.0	0.0	0.0	0.0	0.0	0.0	0.0	0.0	0.0	0.0	0.0	0.0	0.0	0.0	0.0	0.0	0.26104	0.247623	0.241786	0.253855	0.258673	0.269275	0.292917	0.290048	0.0	0.0	0.0	0.0	0.0	0.0	0.0	0.0	0.0	0.0	0.0	0.0	0.0	0.0	0.0	0.0	0.0	0.0
k__Bacteria|p__Firmicutes|c__Clostridia|o__Eubacteriales|f__Clostridiaceae|g__Clostridium|s__Clostridium_sp_AF15_41|t__SGB143306	0.0	0.0	0.0	0.0	0.0	0.0	0.0	0.0	0.0	0.0	0.0	0.0	0.0	0.0	0.0	0.0	0.0	0.0	0.24845	0.288747	0.287673	0.225687	0.0	0.0	0.0	0.0	0.14945	0.144536	0.124281	0.120307	1.525421	1.499378	1.498879	1.676591	0.0	0.0	0.0	0.0	0.0	0.0	0.0	0.0	0.0	0.0
k__Bacteria|p__Firmicutes|c__Clostridia|o__Lachnospirales|f__Lachnospiraceae|g__Roseburia|s__Roseburia_amylophila|t__SGB4938	0.0	0.0	0.0	0.0	0.0	0.0	0.0	0.0	0.0	0.0	0.0	0.0	0.0	0.0	0.0	0.0	0.0	0.0	0.239336	0.257843	0.222035	0.252294	0.017054	0.010241	0.005998	0.015994	0.020822	0.007947	0.006284	0.014362	0.380494	0.237264	0.326134	0.2124	11.43539	11.899455	12.217232	11.823599	0.040282	0.04362	0.042897	0.0	0.0	0.0
k__Bacteria|p__Firmicutes|c__Clostridia|o__Eubacteriales|f__Oscillospiraceae|g__Oscillospiraceae_unclassified|s__Oscillospiraceae_unclassified_SGB4197|t__SGB4197	0.0	0.0	0.0	0.0	0.0	0.0	0.0	0.0	0.0	0.0	0.0	0.0	0.0	0.0	0.0	0.0	0.0	0.0	0.219217	0.222589	0.232917	0.209074	0.0	0.0	0.0	0.0	0.0	0.0	0.0	0.0	0.0	0.0	0.0	0.0	0.0	0.0	0.0	0.0	0.0	0.0	0.0	0.0	0.0	0.0
k__Bacteria|p__Firmicutes|c__CFGB88483|o__OFGB88483|f__FGB88483|g__GGB9291|s__GGB9291_SGB14248|t__SGB14248	0.0	0.0	0.0	0.0	0.0	0.0	0.0	0.0	0.0	0.0	0.0	0.0	0.0	0.0	0.0	0.0	0.0	0.0	0.210167	0.211737	0.197824	0.19353	0.0	0.0	0.0	0.0	0.0	0.0	0.0	0.0	0.0	0.0	0.0	0.0	0.0	0.0	0.0	0.0	0.0	0.0	0.0	0.0	0.0	0.0
k__Bacteria|p__Firmicutes|c__CFGB10318|o__OFGB10318|f__FGB10318|g__GGB4659|s__GGB4659_SGB6447|t__SGB6447	0.0	0.0	0.0	0.0	0.0	0.0	0.0	0.0	0.0	0.0	0.0	0.0	0.0	0.0	0.0	0.0	0.0	0.0	0.198152	0.231557	0.201594	0.208147	0.0	0.0	0.0	0.0	0.0	0.0	0.0	0.0	0.0	0.0	0.0	0.0	0.0	0.0	0.0	0.0	0.0	0.0	0.0	0.0	0.0	0.0
k__Bacteria|p__Thermodesulfobacteriota|c__Desulfovibrionia|o__Desulfovibrionales|f__Desulfovibrionaceae|g__GGB9813|s__GGB9813_SGB15447|t__SGB15447	0.0	0.0	0.0	0.0	0.0	0.0	0.0	0.0	0.0	0.0	0.0	0.0	0.0	0.0	0.0	0.0	0.0	0.0	0.192441	0.165275	0.166949	0.170737	0.139967	0.122752	0.153141	0.119523	0.070728	0.050594	0.065607	0.047236	0.0	0.0	0.0	0.0	0.0	0.0	0.0	0.0	0.0	0.0	0.0	0.0	0.0	0.0
k__Bacteria|p__Firmicutes|c__Clostridia|o__Eubacteriales|f__Oscillospiraceae|g__GGB9608|s__GGB9608_SGB15041|t__SGB15041	0.0	0.0	0.0	0.0	0.0	0.0	0.0	0.0	0.0	0.0	0.0	0.0	0.0	0.0	0.0	0.0	0.0	0.0	0.181832	0.153488	0.1205	0.121592	0.0	0.0	0.0	0.0	0.0	0.0	0.0	0.0	0.0	0.0	0.0	0.0	0.0	0.0	0.0	0.0	0.0	0.0	0.0	0.0	0.0	0.0
k__Bacteria|p__Firmicutes|c__Clostridia|o__Eubacteriales|f__Oscillospiraceae|g__GGB9782|s__GGB9782_SGB15403|t__SGB15403	0.0	0.0	0.0	0.0	0.0	0.0	0.0	0.0	0.0	0.0	0.0	0.0	0.0	0.0	0.0	0.0	0.0	0.0	0.153332	0.173582	0.145061	0.163535	0.007333	0.008906	0.01388	0.005774	0.0	0.0	0.0	0.0	0.0	0.0	0.0	0.0	0.0	0.0	0.0	0.0	0.039004	0.020887	0.034275	0.0	0.0	0.0
k__Bacteria|p__Firmicutes|c__Clostridia|o__Eubacteriales|f__Oscillospiraceae|g__Yanshouia|s__Yanshouia_hominis|t__SGB53461	0.0	0.0	0.0	0.0	0.0	0.0	0.0	0.0	0.0	0.0	0.0	0.0	0.0	0.0	0.0	0.0	0.0	0.0	0.150007	0.193371	0.173325	0.177756	0.0	0.0	0.0	0.0	0.0	0.0	0.0	0.0	0.0	0.0	0.0	0.0	0.0	0.0	0.0	0.0	0.0	0.0	0.0	0.0	0.0	0.0
k__Bacteria|p__Firmicutes|c__Clostridia|o__Eubacteriales|f__Oscillospiraceae|g__Oscillospiraceae_unclassified|s__Oscillospiraceae_bacterium|t__SGB4184	0.0	0.0	0.0	0.0	0.0	0.0	0.0	0.0	0.0	0.0	0.0	0.0	0.0	0.0	0.0	0.0	0.0	0.0	0.146037	0.144647	0.141502	0.137612	0.0	0.0	0.0	0.0	0.0	0.0	0.0	0.0	0.0	0.0	0.0	0.0	0.05447	0.063267	0.073597	0.06081	0.0	0.0	0.0	0.0	0.0	0.0
k__Bacteria|p__Firmicutes|c__Clostridia|o__Eubacteriales|f__Eubacteriaceae|g__Eubacterium|s__Eubacterium_album|t__SGB5043	0.0	0.0	0.0	0.0	0.0	0.0	0.0	0.0	0.0	0.0	0.0	0.0	0.0	0.0	0.0	0.0	0.0	0.0	0.141606	0.13255	0.143672	0.15953	0.033394	0.039224	0.048135	0.044711	0.0	0.0	0.0	0.0	0.0	0.0	0.0	0.0	0.0	0.0	0.0	0.0	0.0	0.0	0.0	0.0	0.0	0.0
k__Bacteria|p__Firmicutes|c__Clostridia|o__Eubacteriales|f__Oscillospiraceae|g__Lawsonibacter|s__Lawsonibacter_hominis|t__SGB15131	0.0	0.0	0.0	0.0	0.0	0.0	0.0	0.0	0.0	0.0	0.0	0.0	0.0	0.0	0.0	0.0	0.0	0.0	0.129819	0.102856	0.125788	0.09011	0.0	0.0	0.0	0.0	0.0	0.0	0.0	0.0	0.0	0.0	0.0	0.0	0.0	0.0	0.0	0.0	0.0	0.008236	0.0	0.0	0.0	0.0
k__Bacteria|p__Bacteroidota|c__Bacteroidia|o__Bacteroidales|f__Rikenellaceae|g__Alistipes|s__Alistipes_ihumii|t__SGB2328	0.0	0.0	0.0	0.0	0.0	0.0	0.0	0.0	0.0	0.0	0.0	0.0	0.0	0.0	0.0	0.0	0.0	0.0	0.118301	0.09905	0.114863	0.094722	0.014577	0.018587	0.01452	0.002563	0.0	0.0	0.0	0.0	0.0	0.0	0.0	0.0	0.0	0.0	0.0	0.0	0.025933	0.026079	0.026864	0.0	0.0	0.0
k__Bacteria|p__Lentisphaerota|c__CFGB2378|o__OFGB2378|f__FGB2378|g__GGB6519|s__GGB6519_SGB9208|t__SGB9208	0.0	0.0	0.0	0.0	0.0	0.0	0.0	0.0	0.0	0.0	0.0	0.0	0.0	0.0	0.0	0.0	0.0	0.0	0.116016	0.086594	0.102984	0.119422	0.0	0.0	0.0	0.0	0.0	0.0	0.0	0.0	0.0	0.0	0.0	0.0	0.0	0.0	0.0	0.0	0.0	0.0	0.0	0.0	0.0	0.0
k__Bacteria|p__Firmicutes|c__Negativicutes|o__Selenomonadales|f__Selenomonadaceae|g__Mitsuokella|s__Mitsuokella_jalaludinii|t__SGB5904	0.0	0.0	0.0	0.0	0.0	0.0	0.0	0.0	0.0	0.0	0.0	0.0	0.0	0.0	0.0	0.0	0.0	0.0	0.113337	0.112318	0.078879	0.082136	0.0	0.0	0.0	0.0	1.858543	1.844231	1.792623	1.776398	0.0	0.0	0.0	0.0	0.0	0.0	0.0	0.0	0.0	0.0	0.0	0.0	0.0	0.0
k__Bacteria|p__Bacteroidota|c__Bacteroidia|o__Bacteroidales|f__Tannerellaceae|g__Parabacteroides|s__Parabacteroides_hominis|t__SGB1946	0.0	0.0	0.0	0.0	0.0	0.0	0.0	0.0	0.0	0.0	0.0	0.0	0.0	0.0	0.0	0.0	0.0	0.0	0.104105	0.074337	0.103139	0.074277	0.0	0.0	0.0	0.0	0.0	0.0	0.0	0.0	0.0	0.0	0.0	0.0	0.0	0.0	0.0	0.0	0.0	0.0	0.0	0.0	0.0	0.0
k__Bacteria|p__Bacteroidota|c__Bacteroidia|o__Bacteroidales|f__Odoribacteraceae|g__GGB74121|s__GGB74121_SGB48082|t__SGB48082	0.0	0.0	0.0	0.0	0.0	0.0	0.0	0.0	0.0	0.0	0.0	0.0	0.0	0.0	0.0	0.0	0.0	0.0	0.100838	0.083605	0.092023	0.097296	0.0	0.0	0.0	0.0	0.0	0.0	0.0	0.0	0.0	0.0	0.0	0.0	0.0	0.0	0.0	0.0	0.0	0.0	0.0	0.0	0.0	0.0
k__Bacteria|p__Bacteroidota|c__Bacteroidia|o__Bacteroidales|f__Rikenellaceae|g__Alistipes|s__Alistipes_provencensis|t__SGB2298	0.0	0.0	0.0	0.0	0.0	0.0	0.0	0.0	0.0	0.0	0.0	0.0	0.0	0.0	0.0	0.0	0.0	0.0	0.098371	0.089082	0.092475	0.089442	0.0	0.0	0.0	0.0	0.0	0.0	0.0	0.0	0.0	0.0	0.0	0.0	0.0	0.0	0.0	0.0	0.0	0.0	0.0	0.0	0.0	0.0
k__Bacteria|p__Firmicutes|c__Clostridia|o__Lachnospirales|f__Lachnospiraceae|g__GGB3475|s__GGB3475_SGB4638|t__SGB4638	0.0	0.0	0.0	0.0	0.0	0.0	0.0	0.0	0.0	0.0	0.0	0.0	0.0	0.0	0.0	0.0	0.0	0.0	0.094762	0.089904	0.083142	0.09123	0.015275	0.020474	0.014965	0.026385	0.0	0.0	0.0	0.0	0.0	0.0	0.0	0.0	0.0	0.0	0.0	0.0	0.0	0.0	0.0	0.0	0.0	0.0
k__Bacteria|p__Firmicutes|c__CFGB78183|o__OFGB78183|f__FGB78183|g__GGB9109|s__GGB9109_SGB14042|t__SGB14042	0.0	0.0	0.0	0.0	0.0	0.0	0.0	0.0	0.0	0.0	0.0	0.0	0.0	0.0	0.0	0.0	0.0	0.0	0.084345	0.059778	0.050554	0.084672	0.0	0.0	0.0	0.0	0.0	0.0	0.0	0.0	0.0	0.0	0.0	0.0	0.0	0.0	0.0	0.0	0.0	0.0	0.0	0.0	0.0	0.0
k__Bacteria|p__Firmicutes|c__Clostridia|o__Eubacteriales|f__Eubacteriales_unclassified|g__Massilistercora|s__Massilistercora_timonensis|t__SGB4628	0.0	0.0	0.0	0.0	0.0	0.0	0.0	0.0	0.0	0.0	0.0	0.0	0.0	0.0	0.0	0.0	0.0	0.0	0.080934	0.063895	0.096474	0.075056	0.0	0.0	0.0	0.0	0.0	0.0	0.0	0.0	0.0	0.0	0.0	0.0	0.0	0.0	0.0	0.0	0.0	0.0	0.0	0.0	0.0	0.0
k__Bacteria|p__Actinomycetota|c__Coriobacteriia|o__Coriobacteriales|f__Coriobacteriaceae|g__Collinsella|s__Collinsella_sp_AF08_23|t__SGB14739	0.0	0.0	0.0	0.0	0.0	0.0	0.0	0.0	0.0	0.0	0.0	0.0	0.0	0.0	0.0	0.0	0.0	0.0	0.076106	0.058958	0.054708	0.067203	0.0	0.0	0.0	0.0	0.0	0.0	0.0	0.0	0.0	0.0	0.0	0.0	0.0	0.0	0.0	0.0	0.0	0.0	0.0	0.0	0.0	0.0
k__Bacteria|p__Firmicutes|c__CFGB3043|o__OFGB3043|f__FGB3043|g__GGB9551|s__GGB9551_SGB14958|t__SGB14958	0.0	0.0	0.0	0.0	0.0	0.0	0.0	0.0	0.0	0.0	0.0	0.0	0.0	0.0	0.0	0.0	0.0	0.0	0.075437	0.073604	0.078241	0.079335	0.0	0.0	0.0	0.0	0.0	0.0	0.0	0.0	0.0	0.0	0.0	0.0	0.0	0.0	0.0	0.0	0.309209	0.279588	0.286051	0.0	0.0	0.0
k__Bacteria|p__Firmicutes|c__CFGB79315|o__OFGB79315|f__FGB79315|g__GGB9765|s__GGB9765_SGB15382|t__SGB15382	0.0	0.0	0.0	0.0	0.0	0.0	0.0	0.0	0.0	0.0	0.0	0.0	0.0	0.0	0.0	0.0	0.0	0.0	0.074884	0.071086	0.086016	0.062481	0.0	0.0	0.0	0.0	0.0	0.0	0.0	0.0	0.0	0.0	0.0	0.0	0.0	0.0	0.0	0.0	0.0	0.000656	0.0	0.0	0.0	0.0
k__Bacteria|p__Firmicutes|c__CFGB1765|o__OFGB1765|f__FGB1765|g__GGB4605|s__GGB4605_SGB6376|t__SGB6376	0.0	0.0	0.0	0.0	0.0	0.0	0.0	0.0	0.0	0.0	0.0	0.0	0.0	0.0	0.0	0.0	0.0	0.0	0.074605	0.095229	0.082542	0.090667	0.0	0.0	0.0	0.0	0.082348	0.083281	0.103789	0.102468	0.0	0.0	0.0	0.0	0.0	0.0	0.0	0.0	0.0	0.0	0.0	0.0	0.0	0.0
k__Bacteria|p__Firmicutes|c__Clostridia|o__Eubacteriales|f__Oscillospiraceae|g__GGB9724|s__GGB9724_SGB15278|t__SGB15278	0.0	0.0	0.0	0.0	0.0	0.0	0.0	0.0	0.0	0.0	0.0	0.0	0.0	0.0	0.0	0.0	0.0	0.0	0.067583	0.073024	0.064521	0.040701	0.0	0.0	0.0	0.0	0.0	0.0	0.0	0.0	0.0	0.0	0.0	0.0	0.0	0.0	0.0	0.0	0.0	0.0	0.0	0.0	0.0	0.0
k__Bacteria|p__Firmicutes|c__CFGB11739|o__OFGB11739|f__FGB11739|g__GGB9210|s__GGB9210_SGB14149|t__SGB14149	0.0	0.0	0.0	0.0	0.0	0.0	0.0	0.0	0.0	0.0	0.0	0.0	0.0	0.0	0.0	0.0	0.0	0.0	0.066948	0.097819	0.086492	0.073109	0.0	0.0	0.0	0.0	0.0	0.0	0.0	0.0	0.0	0.0	0.0	0.0	0.0	0.0	0.0	0.0	0.104298	0.104585	0.10012	0.0	0.0	0.0
k__Bacteria|p__Firmicutes|c__Clostridia|o__Eubacteriales|f__Oscillospiraceae|g__Faecalibacterium|s__Faecalibacterium_butyricigenerans|t__SGB15315	0.0	0.0	0.0	0.0	0.0	0.0	0.0	0.0	0.0	0.0	0.0	0.0	0.0	0.0	0.0	0.0	0.0	0.0	0.063308	0.064484	0.0382	0.028955	0.620197	0.572311	0.586864	0.601975	0.0	0.0	0.0	0.0	0.0	0.0	0.0	0.0	0.0	0.0	0.0	0.0	0.047564	0.054659	0.021277	0.0	0.0	0.0
k__Bacteria|p__Bacteroidota|c__Bacteroidia|o__Bacteroidales|f__Rikenellaceae|g__GGB1663|s__GGB1663_SGB2279|t__SGB2279	0.0	0.0	0.0	0.0	0.0	0.0	0.0	0.0	0.0	0.0	0.0	0.0	0.0	0.0	0.0	0.0	0.0	0.0	0.060065	0.066254	0.07366	0.054211	0.0	0.0	0.0	0.0	0.0	0.0	0.0	0.0	0.0	0.0	0.0	0.0	0.0	0.0	0.0	0.0	0.018843	0.019088	0.023382	0.0	0.0	0.0
k__Bacteria|p__Firmicutes|c__Clostridia|o__Eubacteriales|f__Clostridiaceae|g__GGB3478|s__GGB3478_SGB4643|t__SGB4643	0.0	0.0	0.0	0.0	0.0	0.0	0.0	0.0	0.0	0.0	0.0	0.0	0.0	0.0	0.0	0.0	0.0	0.0	0.05796	0.059176	0.053536	0.039973	0.0	0.0	0.0	0.0	0.0	0.0	0.0	0.0	0.0	0.0	0.0	0.0	0.0	0.0	0.0	0.0	0.0	0.0	0.0	0.0	0.0	0.0
k__Bacteria|p__Actinomycetota|c__Coriobacteriia|o__Coriobacteriales|f__Coriobacteriaceae|g__Collinsella|s__Collinsella_tanakaei|t__SGB14737	0.0	0.0	0.0	0.0	0.0	0.0	0.0	0.0	0.0	0.0	0.0	0.0	0.0	0.0	0.0	0.0	0.0	0.0	0.057513	0.020523	0.039485	0.042729	0.0	0.0	0.0	0.0	0.0	0.0	0.0	0.0	0.0	0.0	0.0	0.0	0.0	0.0	0.0	0.0	0.0	0.0	0.0	0.0	0.0	0.0
k__Bacteria|p__Firmicutes|c__CFGB3054|o__OFGB3054|f__FGB3054|g__GGB9695|s__GGB9695_SGB15209|t__SGB15209	0.0	0.0	0.0	0.0	0.0	0.0	0.0	0.0	0.0	0.0	0.0	0.0	0.0	0.0	0.0	0.0	0.0	0.0	0.055858	0.058325	0.051502	0.046611	0.0	0.0	0.0	0.0	0.0	0.0	0.0	0.0	0.0	0.0	0.0	0.0	0.0	0.0	0.0	0.0	0.005277	0.001044	0.002699	0.0	0.0	0.0
k__Bacteria|p__Firmicutes|c__CFGB1539|o__OFGB1539|f__FGB1539|g__GGB3893|s__GGB3893_SGB5291|t__SGB5291	0.0	0.0	0.0	0.0	0.0	0.0	0.0	0.0	0.0	0.0	0.0	0.0	0.0	0.0	0.0	0.0	0.0	0.0	0.055047	0.054076	0.060567	0.061894	0.0	0.0	0.0	0.0	0.0	0.0	0.0	0.0	0.0	0.0	0.0	0.0	0.0	0.0	0.0	0.0	0.0	0.0	0.0	0.0	0.0	0.0
k__Bacteria|p__Firmicutes|c__Clostridia|o__Lachnospirales|f__Lachnospiraceae|g__Wujia|s__Wujia_chipingensis|t__SGB5111	0.0	0.0	0.0	0.0	0.0	0.0	0.0	0.0	0.0	0.0	0.0	0.0	0.0	0.0	0.0	0.0	0.0	0.0	0.054576	0.066607	0.058948	0.062661	1.312533	1.218931	1.321068	1.262172	0.0	0.0	0.0	0.0	0.0	0.0	0.0	0.0	0.0	0.0	0.0	0.0	0.256631	0.255037	0.256832	0.0	0.0	0.0
k__Bacteria|p__Bacteroidota|c__Bacteroidia|o__Bacteroidales|f__Odoribacteraceae|g__Butyricimonas|s__Butyricimonas_paravirosa|t__SGB1781	0.0	0.0	0.0	0.0	0.0	0.0	0.0	0.0	0.0	0.0	0.0	0.0	0.0	0.0	0.0	0.0	0.0	0.0	0.04964	0.048588	0.043068	0.038702	0.0	0.0	0.0	0.0	0.0	0.0	0.0	0.0	0.0	0.0	0.0	0.0	0.0	0.0	0.0	0.0	0.0	0.0	0.0	0.0	0.0	0.0
k__Bacteria|p__Firmicutes|c__CFGB82250|o__OFGB82250|f__FGB82250|g__GGB9350|s__GGB9350_SGB14317|t__SGB14317	0.0	0.0	0.0	0.0	0.0	0.0	0.0	0.0	0.0	0.0	0.0	0.0	0.0	0.0	0.0	0.0	0.0	0.0	0.047909	0.050084	0.052033	0.070847	0.0	0.0	0.0	0.0	0.0	0.0	0.0	0.0	0.0	0.0	0.0	0.0	0.0	0.0	0.0	0.0	0.0	0.0	0.0	0.0	0.0	0.0
k__Bacteria|p__Firmicutes|c__Clostridia|o__Eubacteriales|f__Eubacteriales_unclassified|g__Intestinimonas|s__Intestinimonas_massiliensis_ex_Afouda_et_al_2020|t__SGB15127	0.0	0.0	0.0	0.0	0.0	0.0	0.0	0.0	0.0	0.0	0.0	0.0	0.0	0.0	0.0	0.0	0.0	0.0	0.047179	0.055683	0.048473	0.053393	0.0	0.0	0.0	0.0	0.0	0.0	0.0	0.0	0.0	0.0	0.0	0.0	0.0	0.0	0.0	0.0	0.0	0.0	0.0	0.005244	0.003435	0.006775
k__Bacteria|p__Firmicutes|c__Clostridia|o__Lachnospirales|f__Lachnospiraceae|g__GGB3496|s__GGB3496_SGB4671|t__SGB4671	0.0	0.0	0.0	0.0	0.0	0.0	0.0	0.0	0.0	0.0	0.0	0.0	0.0	0.0	0.0	0.0	0.0	0.0	0.046598	0.057878	0.053871	0.086651	0.0	0.0	0.0	0.0	0.0	0.0	0.0	0.0	0.0	0.0	0.0	0.0	0.0	0.0	0.0	0.0	0.0	0.0	0.0	0.0	0.0	0.0
k__Bacteria|p__Firmicutes|c__Clostridia|o__Lachnospirales|f__Lachnospiraceae|g__Blautia|s__Blautia_glucerasea|t__SGB4813	0.0	0.0	0.0	0.0	0.0	0.0	0.0	0.0	0.0	0.0	0.0	0.0	0.0	0.0	0.0	0.0	0.0	0.0	0.035918	0.015254	0.029553	0.00214	0.0	0.0	0.0	0.0	0.0	0.0	0.0	0.0	0.0	0.0	0.0	0.0	0.0	0.0	0.0	0.0	0.0243	0.0	0.01491	0.0	0.0	0.0
k__Bacteria|p__Firmicutes|c__Clostridia|o__Eubacteriales|f__Oscillospiraceae|g__Oscillospiraceae_unclassified|s__Oscillospiraceae_bacterium|t__SGB4247	0.0	0.0	0.0	0.0	0.0	0.0	0.0	0.0	0.0	0.0	0.0	0.0	0.0	0.0	0.0	0.0	0.0	0.0	0.034139	0.041499	0.035348	0.041751	0.0	0.0	0.0	0.0	0.0	0.0	0.0	0.0	0.0	0.0	0.0	0.0	0.0	0.0	0.0	0.0	0.658699	0.702747	0.740629	0.0	0.0	0.0
k__Bacteria|p__Firmicutes|c__Erysipelotrichia|o__Erysipelotrichales|f__Erysipelotrichaceae|g__Faecalicoccus|s__Faecalicoccus_pleomorphus|t__SGB6792	0.0	0.0	0.0	0.0	0.0	0.0	0.0	0.0	0.0	0.0	0.0	0.0	0.0	0.0	0.0	0.0	0.0	0.0	0.03058	0.017687	0.027204	0.018027	0.0	0.0	0.0	0.0	0.0	0.0	0.0	0.0	0.0	0.0	0.0	0.0	0.0	0.0	0.0	0.0	0.0	0.0	0.0	0.0	0.0	0.0
k__Bacteria|p__Firmicutes|c__CFGB1292|o__OFGB1292|f__FGB1292|g__GGB3109|s__GGB3109_SGB4119|t__SGB4119	0.0	0.0	0.0	0.0	0.0	0.0	0.0	0.0	0.0	0.0	0.0	0.0	0.0	0.0	0.0	0.0	0.0	0.0	0.030223	0.048004	0.058672	0.042363	0.0	0.0	0.0	0.0	0.0	0.0	0.0	0.0	0.0	0.0	0.0	0.0	0.0	0.0	0.0	0.0	0.01379	0.0	0.0	0.0	0.0	0.0
k__Bacteria|p__Pseudomonadota|c__Betaproteobacteria|o__Burkholderiales|f__Oxalobacteraceae|g__Oxalobacter|s__Oxalobacter_aliiformigenes|t__SGB9391	0.0	0.0	0.0	0.0	0.0	0.0	0.0	0.0	0.0	0.0	0.0	0.0	0.0	0.0	0.0	0.0	0.0	0.0	0.029707	0.023628	0.016017	0.035292	0.0	0.0	0.0	0.0	0.0	0.0	0.0	0.0	0.0	0.0	0.0	0.0	0.0	0.0	0.0	0.0	0.0	0.0	0.0	0.0	0.0	0.0
k__Bacteria|p__Firmicutes|c__Bacillota_unclassified|o__Bacillota_unclassified|f__Bacillota_unclassified|g__GGB143098|s__GGB143098_SGB14906|t__SGB14906	0.0	0.0	0.0	0.0	0.0	0.0	0.0	0.0	0.0	0.0	0.0	0.0	0.0	0.0	0.0	0.0	0.0	0.0	0.029234	0.002431	0.002524	0.0	0.0	0.0	0.0	0.0	0.0	0.0	0.0	0.0	0.0	0.0	0.0	0.0	0.0	0.0	0.0	0.0	0.003827	0.005816	0.00887	0.009937	0.003824	0.000673
k__Bacteria|p__Firmicutes|c__CFGB3054|o__OFGB3054|f__FGB3054|g__GGB33512|s__GGB33512_SGB15203|t__SGB15203	0.0	0.0	0.0	0.0	0.0	0.0	0.0	0.0	0.0	0.0	0.0	0.0	0.0	0.0	0.0	0.0	0.0	0.0	0.026213	0.020034	0.013518	0.015852	0.010035	0.0	0.0	0.0	0.0	0.0	0.0	0.0	0.0	0.0	0.0	0.0	0.0	0.0	0.0	0.0	0.129324	0.093861	0.10374	0.0	0.0	0.0
k__Bacteria|p__Firmicutes|c__CFGB2890|o__OFGB2890|f__FGB2890|g__GGB9198|s__GGB9198_SGB14137|t__SGB14137	0.0	0.0	0.0	0.0	0.0	0.0	0.0	0.0	0.0	0.0	0.0	0.0	0.0	0.0	0.0	0.0	0.0	0.0	0.02536	0.018713	0.017793	0.024319	0.0	0.0	0.0	0.0	0.0	0.0	0.0	0.0	0.0	0.0	0.0	0.0	0.0	0.0	0.0	0.0	0.0	0.0	0.0	0.0	0.0	0.0
k__Bacteria|p__Firmicutes|c__CFGB32310|o__OFGB32310|f__FGB32310|g__GGB128561|s__GGB128561_SGB156440|t__SGB156440	0.0	0.0	0.0	0.0	0.0	0.0	0.0	0.0	0.0	0.0	0.0	0.0	0.0	0.0	0.0	0.0	0.0	0.0	0.024419	0.020889	0.017777	0.017628	0.0	0.0	0.0	0.0	0.0	0.0	0.0	0.0	0.0	0.0	0.0	0.0	0.0	0.0	0.0	0.0	0.052814	0.047247	0.053862	0.0	0.0	0.0
k__Bacteria|p__Firmicutes|c__CFGB1765|o__OFGB1765|f__FGB1765|g__GGB4562|s__GGB4562_SGB6298|t__SGB6298	0.0	0.0	0.0	0.0	0.0	0.0	0.0	0.0	0.0	0.0	0.0	0.0	0.0	0.0	0.0	0.0	0.0	0.0	0.024162	0.021536	0.032161	0.013822	0.0	0.0	0.0	0.0	0.0	0.0	0.0	0.0	0.0	0.0	0.0	0.0	0.0	0.0	0.0	0.0	0.0	0.0	0.0	0.0	0.0	0.0
k__Bacteria|p__Firmicutes|c__Clostridia|o__Lachnospirales|f__Lachnospiraceae|g__Lachnospiraceae_unclassified|s__Lachnospiraceae_bacterium|t__SGB4781	0.0	0.0	0.0	0.0	0.0	0.0	0.0	0.0	0.0	0.0	0.0	0.0	0.0	0.0	0.0	0.0	0.0	0.0	0.023179	0.040115	0.028774	0.039442	0.0	0.0	0.0	0.0	0.0	0.0	0.0	0.0	0.0	0.0	0.0	0.0	0.0	0.0	0.0	0.0	0.0	0.0	0.0	0.0	0.0	0.0
k__Bacteria|p__Bacteroidota|c__Bacteroidia|o__Bacteroidales|f__Rikenellaceae|g__Alistipes|s__Alistipes_indistinctus|t__SGB2325	0.0	0.0	0.0	0.0	0.0	0.0	0.0	0.0	0.0	0.0	0.0	0.0	0.0	0.0	0.0	0.0	0.0	0.0	0.019789	0.043622	0.029924	0.020057	0.202237	0.168948	0.176984	0.172821	0.117539	0.123808	0.122128	0.124928	0.0	0.0	0.0	0.0	0.09535	0.095819	0.088335	0.051533	0.0	0.0	0.0	0.0	0.0	0.0
k__Bacteria|p__Firmicutes|c__Bacillota_unclassified|o__Bacillota_unclassified|f__Bacillota_unclassified|g__GGB2998|s__GGB2998_SGB3988|t__SGB3988	0.0	0.0	0.0	0.0	0.0	0.0	0.0	0.0	0.0	0.0	0.0	0.0	0.0	0.0	0.0	0.0	0.0	0.0	0.017308	0.017554	0.007827	0.010769	0.0	0.0	0.0	0.0	0.032254	0.031497	0.023493	0.013041	0.0	0.0	0.0	0.0	0.0	0.0	0.0	0.0	0.002695	0.0	0.00233	0.0	0.0	0.0
k__Bacteria|p__Firmicutes|c__CFGB9491|o__OFGB9491|f__FGB9491|g__GGB45603|s__GGB45603_SGB63315|t__SGB63315	0.0	0.0	0.0	0.0	0.0	0.0	0.0	0.0	0.0	0.0	0.0	0.0	0.0	0.0	0.0	0.0	0.0	0.0	0.016518	0.01715	0.018189	0.016927	0.0	0.0	0.0	0.0	0.0	0.0	0.0	0.0	0.0	0.0	0.0	0.0	0.0	0.0	0.0	0.0	0.0	0.0	0.0	0.0	0.0	0.0
k__Bacteria|p__Firmicutes|c__CFGB82363|o__OFGB82363|f__FGB82363|g__GGB9545|s__GGB9545_SGB14952|t__SGB14952	0.0	0.0	0.0	0.0	0.0	0.0	0.0	0.0	0.0	0.0	0.0	0.0	0.0	0.0	0.0	0.0	0.0	0.0	0.01566	0.012942	0.013526	0.014786	0.0	0.0	0.0	0.0	0.0	0.0	0.0	0.0	0.0	0.0	0.0	0.0	0.0	0.0	0.0	0.0	0.0	0.0	0.0	0.0	0.0	0.0
k__Bacteria|p__Firmicutes|c__CFGB3070|o__OFGB3070|f__FGB3070|g__GGB9775|s__GGB9775_SGB15395|t__SGB15395	0.0	0.0	0.0	0.0	0.0	0.0	0.0	0.0	0.0	0.0	0.0	0.0	0.0	0.0	0.0	0.0	0.0	0.0	0.015079	0.018311	0.0	0.016454	0.0	0.0	0.0	0.0	0.0	0.0	0.0	0.0	0.0	0.0	0.0	0.0	0.0	0.0	0.0	0.0	0.0	0.0	0.0	0.0	0.0	0.0
k__Bacteria|p__Firmicutes|c__CFGB3054|o__OFGB3054|f__FGB3054|g__GGB9582|s__GGB9582_SGB15001|t__SGB15001	0.0	0.0	0.0	0.0	0.0	0.0	0.0	0.0	0.0	0.0	0.0	0.0	0.0	0.0	0.0	0.0	0.0	0.0	0.014976	0.011325	0.022902	0.018379	0.0	0.0	0.0	0.0	0.0	0.0	0.0	0.0	0.0	0.0	0.0	0.0	0.0	0.0	0.0	0.0	0.0	0.0	0.0	0.0	0.0	0.0
k__Bacteria|p__Firmicutes|c__Clostridia|o__Eubacteriales|f__Oscillospiraceae|g__GGB41366|s__GGB41366_SGB58424|t__SGB58424	0.0	0.0	0.0	0.0	0.0	0.0	0.0	0.0	0.0	0.0	0.0	0.0	0.0	0.0	0.0	0.0	0.0	0.0	0.0149	0.031257	0.029064	0.009824	0.0	0.0	0.0	0.0	0.0	0.0	0.0	0.0	0.0	0.0	0.0	0.0	0.0	0.0	0.0	0.0	0.0	0.0	0.0	0.0	0.0	0.0
k__Bacteria|p__Firmicutes|c__Clostridia|o__Eubacteriales|f__Acutalibacteraceae|g__Anaeromassilibacillus|s__Anaeromassilibacillus_senegalensis|t__SGB14894	0.0	0.0	0.0	0.0	0.0	0.0	0.0	0.0	0.0	0.0	0.0	0.0	0.0	0.0	0.0	0.0	0.0	0.0	0.013962	0.011229	0.007998	0.012611	0.0	0.0	0.0	0.0	0.0	0.0	0.0	0.0	0.0	0.0	0.0	0.0	0.0	0.0	0.0	0.0	0.0	0.0	0.0	0.0	0.0	0.0
k__Bacteria|p__Firmicutes|c__Erysipelotrichia|o__Erysipelotrichales|f__Erysipelotrichaceae|g__Massilimicrobiota|s__Massilimicrobiota_timonensis|t__SGB6767	0.0	0.0	0.0	0.0	0.0	0.0	0.0	0.0	0.0	0.0	0.0	0.0	0.0	0.0	0.0	0.0	0.0	0.0	0.011859	0.01291	0.002862	0.011804	0.0	0.0	0.0	0.0	0.0	0.0	0.0	0.0	0.0	0.0	0.0	0.0	0.0	0.0	0.0	0.0	0.0	0.0	0.0	0.0	0.0	0.0
k__Bacteria|p__Firmicutes|c__Clostridia|o__Christensenellales|f__Christensenellaceae|g__GGB9098|s__GGB9098_SGB54305|t__SGB54305	0.0	0.0	0.0	0.0	0.0	0.0	0.0	0.0	0.0	0.0	0.0	0.0	0.0	0.0	0.0	0.0	0.0	0.0	0.008384	0.0	0.0	0.0	0.0	0.0	0.0	0.0	0.0	0.0	0.0	0.0	0.0	0.0	0.0	0.0	0.0	0.0	0.0	0.0	0.0	0.0	0.0	0.0	0.0	0.0
k__Bacteria|p__Firmicutes|c__Clostridia|o__Eubacteriales|f__Eubacteriales_unclassified|g__GGB9250|s__GGB9250_SGB14194|t__SGB14194	0.0	0.0	0.0	0.0	0.0	0.0	0.0	0.0	0.0	0.0	0.0	0.0	0.0	0.0	0.0	0.0	0.0	0.0	0.00809	0.0	0.006533	0.002664	0.0	0.0	0.0	0.0	0.0	0.0	0.0	0.0	0.0	0.0	0.0	0.0	0.0	0.0	0.0	0.0	0.0	0.0	0.0	0.0	0.0	0.0
k__Bacteria|p__Actinomycetota|c__Coriobacteriia|o__Eggerthellales|f__Eggerthellaceae|g__Gordonibacter|s__Gordonibacter_pamelaeae|t__SGB14807	0.0	0.0	0.0	0.0	0.0	0.0	0.0	0.0	0.0	0.0	0.0	0.0	0.0	0.0	0.0	0.0	0.0	0.0	0.007107	0.0	0.0	0.0	0.0	0.0	0.0	0.0	0.0	0.0	0.0	0.0	0.0	0.0	0.0	0.0	0.0	0.0	0.0	0.0	0.0	0.0	0.0	0.0	0.0	0.0
k__Bacteria|p__Firmicutes|c__Clostridia|o__Lachnospirales|f__Lachnospiraceae|g__Lachnospiraceae_unclassified|s__Lachnospiraceae_bacterium_AF02_47|t__SGB4687	0.0	0.0	0.0	0.0	0.0	0.0	0.0	0.0	0.0	0.0	0.0	0.0	0.0	0.0	0.0	0.0	0.0	0.0	0.006968	0.019696	0.006773	0.002061	0.0	0.0	0.0	0.0	0.0	0.0	0.0	0.0	0.0	0.0	0.0	0.0	0.0	0.0	0.0	0.0	0.0	0.0	0.0	0.0	0.0	0.0
k__Bacteria|p__Pseudomonadota|c__Gammaproteobacteria|o__Enterobacterales|f__Enterobacteriaceae|g__Escherichia|s__Escherichia_coli|t__SGB10068	0.0	0.0	0.0	0.0	0.0	0.0	0.0	0.0	0.0	0.0	0.0	0.0	0.0	0.0	0.0	0.0	0.0	0.0	0.006515	0.002826	0.009141	0.007389	0.001361	0.0	0.0	0.0	0.0	0.0	0.0	0.0	0.0	0.0	0.0	0.0	0.0	0.0	0.0	0.0	0.097954	0.09759	0.078461	0.0	0.0	0.0
k__Bacteria|p__Bacteroidota|c__Bacteroidia|o__Bacteroidales|f__Rikenellaceae|g__Alistipes|s__Alistipes_montrealensis|t__SGB2293	0.0	0.0	0.0	0.0	0.0	0.0	0.0	0.0	0.0	0.0	0.0	0.0	0.0	0.0	0.0	0.0	0.0	0.0	0.006117	0.0	0.00674	0.0	0.0	0.0	0.0	0.0	0.0	0.0	0.0	0.0	0.0	0.0	0.0	0.0	0.0	0.0	0.0	0.0	0.0	0.0	0.0	0.0	0.0	0.0
k__Bacteria|p__Firmicutes|c__Clostridia|o__Lachnospirales|f__Lachnospiraceae|g__GGB3446|s__GGB3446_SGB4597|t__SGB4597	0.0	0.0	0.0	0.0	0.0	0.0	0.0	0.0	0.0	0.0	0.0	0.0	0.0	0.0	0.0	0.0	0.0	0.0	0.005395	0.014416	0.0	0.000797	0.0	0.0	0.0	0.0	0.0	0.0	0.0	0.0	0.0	0.0	0.0	0.0	0.0	0.0	0.0	0.0	0.0	0.0	0.0	0.0	0.0	0.0
k__Bacteria|p__Firmicutes|c__CFGB30287|o__OFGB30287|f__FGB30287|g__GGB42378|s__GGB42378_SGB59548|t__SGB59548	0.0	0.0	0.0	0.0	0.0	0.0	0.0	0.0	0.0	0.0	0.0	0.0	0.0	0.0	0.0	0.0	0.0	0.0	0.004435	0.004051	0.001301	0.00385	0.0	0.0	0.0	0.0	0.0	0.0	0.0	0.0	0.0	0.0	0.0	0.0	0.0	0.0	0.0	0.0	0.06408	0.052214	0.043081	0.0	0.0	0.0
k__Bacteria|p__Firmicutes|c__Clostridia|o__Christensenellales|f__Christensenellaceae|g__GGB9186|s__GGB9186_SGB14125|t__SGB14125	0.0	0.0	0.0	0.0	0.0	0.0	0.0	0.0	0.0	0.0	0.0	0.0	0.0	0.0	0.0	0.0	0.0	0.0	0.003842	0.0	0.005703	0.000793	0.0	0.0	0.0	0.0	0.0	0.0	0.0	0.0	0.0	0.0	0.0	0.0	0.0	0.0	0.0	0.0	0.0	0.0	0.0	0.000961	0.0	0.0
k__Bacteria|p__Firmicutes|c__CFGB3054|o__OFGB3054|f__FGB3054|g__GGB9695|s__GGB9695_SGB15210|t__SGB15210	0.0	0.0	0.0	0.0	0.0	0.0	0.0	0.0	0.0	0.0	0.0	0.0	0.0	0.0	0.0	0.0	0.0	0.0	0.00143	0.0	0.0	0.0	0.0	0.0	0.0	0.0	0.0	0.0	0.0	0.0	0.0	0.0	0.0	0.0	0.0	0.0	0.0	0.0	0.0	0.0	0.0	0.0	0.0	0.0
k__Bacteria|p__Firmicutes|c__Erysipelotrichia|o__Erysipelotrichales|f__Erysipelotrichaceae|g__GGB3033|s__GGB3033_SGB4029|t__SGB4029	0.0	0.0	0.0	0.0	0.0	0.0	0.0	0.0	0.0	0.0	0.0	0.0	0.0	0.0	0.0	0.0	0.0	0.0	0.00081	0.0	0.000856	0.0	0.0	0.0	0.0	0.0	0.0	0.0	0.0	0.0	0.0	0.0	0.0	0.0	0.0	0.0	0.0	0.0	0.0	0.004615	0.0	0.0	0.0	0.0
k__Bacteria|p__Firmicutes|c__Clostridia|o__Eubacteriales|f__Eubacteriaceae|g__GGB42571	0.0	0.0	0.0	0.0	0.0	0.0	0.0	0.0	0.0	0.0	0.0	0.0	0.0	0.0	0.0	0.0	0.0	0.0	0.0	0.000748	0.0	0.0	0.0	0.0	0.0	0.0	0.0	0.0	0.0	0.0	0.0	0.0	0.0	0.0	0.0	0.0	0.0	0.0	0.0	0.0	0.0	0.0	0.0	0.0
k__Bacteria|p__Firmicutes|c__Clostridia|o__Eubacteriales|f__Eubacteriaceae|g__GGB42571|s__GGB42571_SGB59766	0.0	0.0	0.0	0.0	0.0	0.0	0.0	0.0	0.0	0.0	0.0	0.0	0.0	0.0	0.0	0.0	0.0	0.0	0.0	0.000748	0.0	0.0	0.0	0.0	0.0	0.0	0.0	0.0	0.0	0.0	0.0	0.0	0.0	0.0	0.0	0.0	0.0	0.0	0.0	0.0	0.0	0.0	0.0	0.0
k__Bacteria|p__Firmicutes|c__Clostridia|o__Lachnospirales|f__Lachnospiraceae|g__Lachnospiraceae_unclassified|s__Lachnospiraceae_bacterium_AM53_6	0.0	0.0	0.0	0.0	0.0	0.0	0.0	0.0	0.0	0.0	0.0	0.0	0.0	0.0	0.0	0.0	0.0	0.0	0.0	0.000653	0.000676	0.0	0.0	0.0	0.0	0.0	0.003009	0.0	0.0	0.002417	0.0	0.0	0.0	0.0	0.0	0.0	0.0	0.0	0.0	0.0	0.0	0.0	0.0	0.0
k__Bacteria|p__Firmicutes|c__Clostridia|o__Eubacteriales|f__Eubacteriaceae|g__GGB42571|s__GGB42571_SGB59766|t__SGB59766	0.0	0.0	0.0	0.0	0.0	0.0	0.0	0.0	0.0	0.0	0.0	0.0	0.0	0.0	0.0	0.0	0.0	0.0	0.0	0.000748	0.0	0.0	0.0	0.0	0.0	0.0	0.0	0.0	0.0	0.0	0.0	0.0	0.0	0.0	0.0	0.0	0.0	0.0	0.0	0.0	0.0	0.0	0.0	0.0
k__Bacteria|p__Firmicutes|c__Clostridia|o__Lachnospirales|f__Lachnospiraceae|g__Lachnospiraceae_unclassified|s__Lachnospiraceae_bacterium_AM53_6|t__SGB4648	0.0	0.0	0.0	0.0	0.0	0.0	0.0	0.0	0.0	0.0	0.0	0.0	0.0	0.0	0.0	0.0	0.0	0.0	0.0	0.000653	0.000676	0.0	0.0	0.0	0.0	0.0	0.003009	0.0	0.0	0.002417	0.0	0.0	0.0	0.0	0.0	0.0	0.0	0.0	0.0	0.0	0.0	0.0	0.0	0.0
k__Bacteria|p__Firmicutes|c__Clostridia|o__Eubacteriales|f__Oscillospiraceae|g__GGB45627	0.0	0.0	0.0	0.0	0.0	0.0	0.0	0.0	0.0	0.0	0.0	0.0	0.0	0.0	0.0	0.0	0.0	0.0	0.0	0.0	0.003448	0.0	0.0	0.0	0.0	0.0	0.0	0.0	0.0	0.0	0.0	0.0	0.0	0.0	0.0	0.0	0.0	0.0	0.0	0.0	0.0	0.0	0.0	0.0
k__Bacteria|p__Firmicutes|c__Clostridia|o__Eubacteriales|f__Oscillospiraceae|g__GGB45627|s__GGB45627_SGB63341	0.0	0.0	0.0	0.0	0.0	0.0	0.0	0.0	0.0	0.0	0.0	0.0	0.0	0.0	0.0	0.0	0.0	0.0	0.0	0.0	0.003448	0.0	0.0	0.0	0.0	0.0	0.0	0.0	0.0	0.0	0.0	0.0	0.0	0.0	0.0	0.0	0.0	0.0	0.0	0.0	0.0	0.0	0.0	0.0
k__Bacteria|p__Firmicutes|c__Clostridia|o__Eubacteriales|f__Oscillospiraceae|g__GGB45627|s__GGB45627_SGB63341|t__SGB63341	0.0	0.0	0.0	0.0	0.0	0.0	0.0	0.0	0.0	0.0	0.0	0.0	0.0	0.0	0.0	0.0	0.0	0.0	0.0	0.0	0.003448	0.0	0.0	0.0	0.0	0.0	0.0	0.0	0.0	0.0	0.0	0.0	0.0	0.0	0.0	0.0	0.0	0.0	0.0	0.0	0.0	0.0	0.0	0.0
k__Archaea	0.0	0.0	0.0	0.0	0.0	0.0	0.0	0.0	0.0	0.0	0.0	0.0	0.0	0.0	0.0	0.0	0.0	0.0	0.0	0.0	0.0	0.0	0.145242	0.134994	0.122618	0.140743	0.0	0.0	0.0	0.0	0.13254	0.091951	0.148996	0.024303	0.0	0.0	0.0	0.0	0.900675	0.958432	0.830453	0.0	0.0	0.0
k__Archaea|p__Thermoplasmatota	0.0	0.0	0.0	0.0	0.0	0.0	0.0	0.0	0.0	0.0	0.0	0.0	0.0	0.0	0.0	0.0	0.0	0.0	0.0	0.0	0.0	0.0	0.145242	0.130923	0.122618	0.135924	0.0	0.0	0.0	0.0	0.0	0.0	0.0	0.0	0.0	0.0	0.0	0.0	0.0	0.0	0.0	0.0	0.0	0.0
k__Bacteria|p__Mycoplasmatota	0.0	0.0	0.0	0.0	0.0	0.0	0.0	0.0	0.0	0.0	0.0	0.0	0.0	0.0	0.0	0.0	0.0	0.0	0.0	0.0	0.0	0.0	0.141781	0.150381	0.130614	0.145675	0.0	0.0	0.0	0.0	0.0	0.0	0.0	0.0	0.0	0.0	0.0	0.0	0.0	0.0	0.0	0.0	0.0	0.0
k__Bacteria|p__Firmicutes|c__CFGB2833	0.0	0.0	0.0	0.0	0.0	0.0	0.0	0.0	0.0	0.0	0.0	0.0	0.0	0.0	0.0	0.0	0.0	0.0	0.0	0.0	0.0	0.0	9.279135	9.258444	9.332436	9.235989	0.0	0.0	0.0	0.0	0.0	0.0	0.0	0.0	0.0	0.0	0.0	0.0	0.0	0.0	0.0	0.0	0.0	0.0
k__Bacteria|p__Firmicutes|c__CFGB2858	0.0	0.0	0.0	0.0	0.0	0.0	0.0	0.0	0.0	0.0	0.0	0.0	0.0	0.0	0.0	0.0	0.0	0.0	0.0	0.0	0.0	0.0	5.148211	5.330496	5.416848	5.488007	0.0	0.0	0.0	0.0	0.0	0.0	0.0	0.0	0.0	0.0	0.0	0.0	0.0	0.0	0.0	0.0	0.0	0.0
k__Bacteria|p__Firmicutes|c__CFGB31455	0.0	0.0	0.0	0.0	0.0	0.0	0.0	0.0	0.0	0.0	0.0	0.0	0.0	0.0	0.0	0.0	0.0	0.0	0.0	0.0	0.0	0.0	2.565424	2.663169	2.514216	2.638681	0.0	0.0	0.0	0.0	6.293737	6.318476	10.106224	11.239868	0.0	0.0	0.0	0.0	3.865291	4.052036	3.992017	0.0	0.0	0.0
k__Bacteria|p__Firmicutes|c__CFGB2982	0.0	0.0	0.0	0.0	0.0	0.0	0.0	0.0	0.0	0.0	0.0	0.0	0.0	0.0	0.0	0.0	0.0	0.0	0.0	0.0	0.0	0.0	1.161284	1.128512	1.188356	1.184273	0.0	0.0	0.0	0.0	0.0	0.0	0.0	0.0	0.0	0.0	0.0	0.0	1.159477	1.192839	1.260385	0.0	0.0	0.0
k__Bacteria|p__Firmicutes|c__CFGB3062	0.0	0.0	0.0	0.0	0.0	0.0	0.0	0.0	0.0	0.0	0.0	0.0	0.0	0.0	0.0	0.0	0.0	0.0	0.0	0.0	0.0	0.0	0.860301	0.855134	0.822498	0.777927	0.0	0.0	0.0	0.0	0.0	0.0	0.0	0.0	0.0	0.0	0.0	0.0	2.527732	2.350574	2.373878	0.0	0.0	0.0
k__Bacteria|p__Firmicutes|c__CFGB2937	0.0	0.0	0.0	0.0	0.0	0.0	0.0	0.0	0.0	0.0	0.0	0.0	0.0	0.0	0.0	0.0	0.0	0.0	0.0	0.0	0.0	0.0	0.625444	0.628809	0.659276	0.61977	0.0	0.0	0.0	0.0	0.0	0.0	0.0	0.0	0.0	0.0	0.0	0.0	0.0	0.0	0.0	0.0	0.0	0.0
k__Bacteria|p__Firmicutes|c__CFGB9119	0.0	0.0	0.0	0.0	0.0	0.0	0.0	0.0	0.0	0.0	0.0	0.0	0.0	0.0	0.0	0.0	0.0	0.0	0.0	0.0	0.0	0.0	0.328116	0.338114	0.34669	0.327014	0.0	0.0	0.0	0.0	0.0	0.0	0.0	0.0	0.0	0.0	0.0	0.0	0.0	0.0	0.0	0.0	0.0	0.0
k__Bacteria|p__Firmicutes|c__CFGB2845	0.0	0.0	0.0	0.0	0.0	0.0	0.0	0.0	0.0	0.0	0.0	0.0	0.0	0.0	0.0	0.0	0.0	0.0	0.0	0.0	0.0	0.0	0.180872	0.173607	0.169818	0.179795	0.0	0.0	0.0	0.0	0.0	0.0	0.0	0.0	0.0	0.0	0.0	0.0	0.0	0.0	0.0	0.0	0.0	0.0
k__Bacteria|p__Firmicutes|c__CFGB72904	0.0	0.0	0.0	0.0	0.0	0.0	0.0	0.0	0.0	0.0	0.0	0.0	0.0	0.0	0.0	0.0	0.0	0.0	0.0	0.0	0.0	0.0	0.15762	0.169808	0.157616	0.170305	0.0	0.0	0.0	0.0	0.0	0.0	0.0	0.0	0.0	0.0	0.0	0.0	0.0	0.0	0.0	0.0	0.0	0.0
k__Archaea|p__Thermoplasmatota|c__Thermoplasmata	0.0	0.0	0.0	0.0	0.0	0.0	0.0	0.0	0.0	0.0	0.0	0.0	0.0	0.0	0.0	0.0	0.0	0.0	0.0	0.0	0.0	0.0	0.145242	0.130923	0.122618	0.135924	0.0	0.0	0.0	0.0	0.0	0.0	0.0	0.0	0.0	0.0	0.0	0.0	0.0	0.0	0.0	0.0	0.0	0.0
k__Bacteria|p__Mycoplasmatota|c__CFGB94683	0.0	0.0	0.0	0.0	0.0	0.0	0.0	0.0	0.0	0.0	0.0	0.0	0.0	0.0	0.0	0.0	0.0	0.0	0.0	0.0	0.0	0.0	0.141781	0.150381	0.130614	0.145675	0.0	0.0	0.0	0.0	0.0	0.0	0.0	0.0	0.0	0.0	0.0	0.0	0.0	0.0	0.0	0.0	0.0	0.0
k__Bacteria|p__Lentisphaerota|c__Lentisphaeria	0.0	0.0	0.0	0.0	0.0	0.0	0.0	0.0	0.0	0.0	0.0	0.0	0.0	0.0	0.0	0.0	0.0	0.0	0.0	0.0	0.0	0.0	0.100736	0.110223	0.096603	0.098462	0.0	0.0	0.0	0.0	0.0	0.0	0.0	0.0	0.0	0.0	0.0	0.0	0.0	0.0	0.0	0.0	0.0	0.0
k__Bacteria|p__Firmicutes|c__CFGB2952	0.0	0.0	0.0	0.0	0.0	0.0	0.0	0.0	0.0	0.0	0.0	0.0	0.0	0.0	0.0	0.0	0.0	0.0	0.0	0.0	0.0	0.0	0.066623	0.043067	0.048841	0.047017	0.0	0.0	0.0	0.0	0.044912	0.0	0.0	0.0	0.0	0.0	0.0	0.0	0.0	0.0	0.0	0.0	0.0	0.0
k__Bacteria|p__Firmicutes|c__CFGB1359	0.0	0.0	0.0	0.0	0.0	0.0	0.0	0.0	0.0	0.0	0.0	0.0	0.0	0.0	0.0	0.0	0.0	0.0	0.0	0.0	0.0	0.0	0.061541	0.058956	0.063018	0.052472	0.0	0.0	0.0	0.0	0.717665	0.589795	0.436674	0.58362	0.0	0.0	0.0	0.0	0.039483	0.050462	0.04336	0.0	0.0	0.0
k__Bacteria|p__Firmicutes|c__CFGB2846	0.0	0.0	0.0	0.0	0.0	0.0	0.0	0.0	0.0	0.0	0.0	0.0	0.0	0.0	0.0	0.0	0.0	0.0	0.0	0.0	0.0	0.0	0.044035	0.03513	0.037811	0.026506	0.0	0.0	0.0	0.0	0.0	0.0	0.0	0.0	0.0	0.0	0.0	0.0	0.0	0.0	0.0	0.0	0.0	0.0
k__Bacteria|p__Firmicutes|c__CFGB2881	0.0	0.0	0.0	0.0	0.0	0.0	0.0	0.0	0.0	0.0	0.0	0.0	0.0	0.0	0.0	0.0	0.0	0.0	0.0	0.0	0.0	0.0	0.028166	0.020216	0.039295	0.022181	0.0	0.0	0.0	0.0	0.0	0.0	0.0	0.0	0.0	0.0	0.0	0.0	0.067244	0.06228	0.045462	0.0	0.0	0.0
k__Bacteria|p__Firmicutes|c__CFGB2844	0.0	0.0	0.0	0.0	0.0	0.0	0.0	0.0	0.0	0.0	0.0	0.0	0.0	0.0	0.0	0.0	0.0	0.0	0.0	0.0	0.0	0.0	0.028102	0.025896	0.021502	0.02306	0.0	0.0	0.0	0.0	0.0	0.0	0.0	0.0	0.0	0.0	0.0	0.0	0.017734	0.024365	0.007676	0.0	0.0	0.0
k__Bacteria|p__Firmicutes|c__CFGB2950	0.0	0.0	0.0	0.0	0.0	0.0	0.0	0.0	0.0	0.0	0.0	0.0	0.0	0.0	0.0	0.0	0.0	0.0	0.0	0.0	0.0	0.0	0.025437	0.02229	0.024138	0.022055	0.0	0.0	0.0	0.0	0.0	0.0	0.0	0.0	0.0	0.0	0.0	0.0	0.0	0.0	0.0	0.0	0.0	0.0
k__Bacteria|p__Bacteroidota|c__CFGB658	0.0	0.0	0.0	0.0	0.0	0.0	0.0	0.0	0.0	0.0	0.0	0.0	0.0	0.0	0.0	0.0	0.0	0.0	0.0	0.0	0.0	0.0	0.014317	0.027147	0.017129	0.024382	0.0	0.0	0.0	0.0	0.0	0.0	0.0	0.0	0.0	0.0	0.0	0.0	0.0	0.0	0.0	0.0	0.0	0.0
k__Bacteria|p__Firmicutes|c__CFGB28386	0.0	0.0	0.0	0.0	0.0	0.0	0.0	0.0	0.0	0.0	0.0	0.0	0.0	0.0	0.0	0.0	0.0	0.0	0.0	0.0	0.0	0.0	0.009126	0.013681	0.014938	0.004637	0.0	0.0	0.0	0.0	0.0	0.0	0.0	0.0	0.0	0.0	0.0	0.0	0.0	0.0	0.0	0.0	0.0	0.0
k__Bacteria|p__Firmicutes|c__CFGB3047	0.0	0.0	0.0	0.0	0.0	0.0	0.0	0.0	0.0	0.0	0.0	0.0	0.0	0.0	0.0	0.0	0.0	0.0	0.0	0.0	0.0	0.0	0.003432	0.003263	0.002668	0.001406	0.0	0.0	0.0	0.0	0.0	0.0	0.0	0.0	0.0	0.0	0.0	0.0	0.0	0.0	0.0	0.0	0.0	0.0
k__Bacteria|p__Firmicutes|c__CFGB2833|o__OFGB2833	0.0	0.0	0.0	0.0	0.0	0.0	0.0	0.0	0.0	0.0	0.0	0.0	0.0	0.0	0.0	0.0	0.0	0.0	0.0	0.0	0.0	0.0	9.279135	9.258444	9.332436	9.235989	0.0	0.0	0.0	0.0	0.0	0.0	0.0	0.0	0.0	0.0	0.0	0.0	0.0	0.0	0.0	0.0	0.0	0.0
k__Bacteria|p__Firmicutes|c__CFGB2858|o__OFGB2858	0.0	0.0	0.0	0.0	0.0	0.0	0.0	0.0	0.0	0.0	0.0	0.0	0.0	0.0	0.0	0.0	0.0	0.0	0.0	0.0	0.0	0.0	5.148211	5.330496	5.416848	5.488007	0.0	0.0	0.0	0.0	0.0	0.0	0.0	0.0	0.0	0.0	0.0	0.0	0.0	0.0	0.0	0.0	0.0	0.0
k__Bacteria|p__Firmicutes|c__CFGB31455|o__OFGB31455	0.0	0.0	0.0	0.0	0.0	0.0	0.0	0.0	0.0	0.0	0.0	0.0	0.0	0.0	0.0	0.0	0.0	0.0	0.0	0.0	0.0	0.0	2.565424	2.663169	2.514216	2.638681	0.0	0.0	0.0	0.0	6.293737	6.318476	10.106224	11.239868	0.0	0.0	0.0	0.0	3.865291	4.052036	3.992017	0.0	0.0	0.0
k__Bacteria|p__Firmicutes|c__CFGB2982|o__OFGB2982	0.0	0.0	0.0	0.0	0.0	0.0	0.0	0.0	0.0	0.0	0.0	0.0	0.0	0.0	0.0	0.0	0.0	0.0	0.0	0.0	0.0	0.0	1.161284	1.128512	1.188356	1.184273	0.0	0.0	0.0	0.0	0.0	0.0	0.0	0.0	0.0	0.0	0.0	0.0	1.159477	1.192839	1.260385	0.0	0.0	0.0
k__Bacteria|p__Firmicutes|c__CFGB3062|o__OFGB3062	0.0	0.0	0.0	0.0	0.0	0.0	0.0	0.0	0.0	0.0	0.0	0.0	0.0	0.0	0.0	0.0	0.0	0.0	0.0	0.0	0.0	0.0	0.860301	0.855134	0.822498	0.777927	0.0	0.0	0.0	0.0	0.0	0.0	0.0	0.0	0.0	0.0	0.0	0.0	2.527732	2.350574	2.373878	0.0	0.0	0.0
k__Bacteria|p__Firmicutes|c__CFGB2937|o__OFGB2937	0.0	0.0	0.0	0.0	0.0	0.0	0.0	0.0	0.0	0.0	0.0	0.0	0.0	0.0	0.0	0.0	0.0	0.0	0.0	0.0	0.0	0.0	0.625444	0.628809	0.659276	0.61977	0.0	0.0	0.0	0.0	0.0	0.0	0.0	0.0	0.0	0.0	0.0	0.0	0.0	0.0	0.0	0.0	0.0	0.0
k__Bacteria|p__Firmicutes|c__CFGB9119|o__OFGB9119	0.0	0.0	0.0	0.0	0.0	0.0	0.0	0.0	0.0	0.0	0.0	0.0	0.0	0.0	0.0	0.0	0.0	0.0	0.0	0.0	0.0	0.0	0.328116	0.338114	0.34669	0.327014	0.0	0.0	0.0	0.0	0.0	0.0	0.0	0.0	0.0	0.0	0.0	0.0	0.0	0.0	0.0	0.0	0.0	0.0
k__Bacteria|p__Firmicutes|c__CFGB2845|o__OFGB2845	0.0	0.0	0.0	0.0	0.0	0.0	0.0	0.0	0.0	0.0	0.0	0.0	0.0	0.0	0.0	0.0	0.0	0.0	0.0	0.0	0.0	0.0	0.180872	0.173607	0.169818	0.179795	0.0	0.0	0.0	0.0	0.0	0.0	0.0	0.0	0.0	0.0	0.0	0.0	0.0	0.0	0.0	0.0	0.0	0.0
k__Bacteria|p__Firmicutes|c__CFGB72904|o__OFGB72904	0.0	0.0	0.0	0.0	0.0	0.0	0.0	0.0	0.0	0.0	0.0	0.0	0.0	0.0	0.0	0.0	0.0	0.0	0.0	0.0	0.0	0.0	0.15762	0.169808	0.157616	0.170305	0.0	0.0	0.0	0.0	0.0	0.0	0.0	0.0	0.0	0.0	0.0	0.0	0.0	0.0	0.0	0.0	0.0	0.0
k__Archaea|p__Thermoplasmatota|c__Thermoplasmata|o__Methanomassiliicoccales	0.0	0.0	0.0	0.0	0.0	0.0	0.0	0.0	0.0	0.0	0.0	0.0	0.0	0.0	0.0	0.0	0.0	0.0	0.0	0.0	0.0	0.0	0.145242	0.130923	0.122618	0.135924	0.0	0.0	0.0	0.0	0.0	0.0	0.0	0.0	0.0	0.0	0.0	0.0	0.0	0.0	0.0	0.0	0.0	0.0
k__Bacteria|p__Mycoplasmatota|c__CFGB94683|o__OFGB94683	0.0	0.0	0.0	0.0	0.0	0.0	0.0	0.0	0.0	0.0	0.0	0.0	0.0	0.0	0.0	0.0	0.0	0.0	0.0	0.0	0.0	0.0	0.141781	0.150381	0.130614	0.145675	0.0	0.0	0.0	0.0	0.0	0.0	0.0	0.0	0.0	0.0	0.0	0.0	0.0	0.0	0.0	0.0	0.0	0.0
k__Bacteria|p__Lentisphaerota|c__Lentisphaeria|o__Victivallales	0.0	0.0	0.0	0.0	0.0	0.0	0.0	0.0	0.0	0.0	0.0	0.0	0.0	0.0	0.0	0.0	0.0	0.0	0.0	0.0	0.0	0.0	0.100736	0.110223	0.096603	0.098462	0.0	0.0	0.0	0.0	0.0	0.0	0.0	0.0	0.0	0.0	0.0	0.0	0.0	0.0	0.0	0.0	0.0	0.0
k__Bacteria|p__Firmicutes|c__CFGB2952|o__OFGB2952	0.0	0.0	0.0	0.0	0.0	0.0	0.0	0.0	0.0	0.0	0.0	0.0	0.0	0.0	0.0	0.0	0.0	0.0	0.0	0.0	0.0	0.0	0.066623	0.043067	0.048841	0.047017	0.0	0.0	0.0	0.0	0.044912	0.0	0.0	0.0	0.0	0.0	0.0	0.0	0.0	0.0	0.0	0.0	0.0	0.0
k__Bacteria|p__Firmicutes|c__CFGB1359|o__OFGB1359	0.0	0.0	0.0	0.0	0.0	0.0	0.0	0.0	0.0	0.0	0.0	0.0	0.0	0.0	0.0	0.0	0.0	0.0	0.0	0.0	0.0	0.0	0.061541	0.058956	0.063018	0.052472	0.0	0.0	0.0	0.0	0.717665	0.589795	0.436674	0.58362	0.0	0.0	0.0	0.0	0.039483	0.050462	0.04336	0.0	0.0	0.0
k__Bacteria|p__Firmicutes|c__CFGB2846|o__OFGB2846	0.0	0.0	0.0	0.0	0.0	0.0	0.0	0.0	0.0	0.0	0.0	0.0	0.0	0.0	0.0	0.0	0.0	0.0	0.0	0.0	0.0	0.0	0.044035	0.03513	0.037811	0.026506	0.0	0.0	0.0	0.0	0.0	0.0	0.0	0.0	0.0	0.0	0.0	0.0	0.0	0.0	0.0	0.0	0.0	0.0
k__Bacteria|p__Firmicutes|c__CFGB2881|o__OFGB2881	0.0	0.0	0.0	0.0	0.0	0.0	0.0	0.0	0.0	0.0	0.0	0.0	0.0	0.0	0.0	0.0	0.0	0.0	0.0	0.0	0.0	0.0	0.028166	0.020216	0.039295	0.022181	0.0	0.0	0.0	0.0	0.0	0.0	0.0	0.0	0.0	0.0	0.0	0.0	0.067244	0.06228	0.045462	0.0	0.0	0.0
k__Bacteria|p__Firmicutes|c__CFGB2844|o__OFGB2844	0.0	0.0	0.0	0.0	0.0	0.0	0.0	0.0	0.0	0.0	0.0	0.0	0.0	0.0	0.0	0.0	0.0	0.0	0.0	0.0	0.0	0.0	0.028102	0.025896	0.021502	0.02306	0.0	0.0	0.0	0.0	0.0	0.0	0.0	0.0	0.0	0.0	0.0	0.0	0.017734	0.024365	0.007676	0.0	0.0	0.0
k__Bacteria|p__Firmicutes|c__CFGB2950|o__OFGB2950	0.0	0.0	0.0	0.0	0.0	0.0	0.0	0.0	0.0	0.0	0.0	0.0	0.0	0.0	0.0	0.0	0.0	0.0	0.0	0.0	0.0	0.0	0.025437	0.02229	0.024138	0.022055	0.0	0.0	0.0	0.0	0.0	0.0	0.0	0.0	0.0	0.0	0.0	0.0	0.0	0.0	0.0	0.0	0.0	0.0
k__Bacteria|p__Bacteroidota|c__CFGB658|o__OFGB658	0.0	0.0	0.0	0.0	0.0	0.0	0.0	0.0	0.0	0.0	0.0	0.0	0.0	0.0	0.0	0.0	0.0	0.0	0.0	0.0	0.0	0.0	0.014317	0.027147	0.017129	0.024382	0.0	0.0	0.0	0.0	0.0	0.0	0.0	0.0	0.0	0.0	0.0	0.0	0.0	0.0	0.0	0.0	0.0	0.0
k__Bacteria|p__Firmicutes|c__CFGB28386|o__OFGB28386	0.0	0.0	0.0	0.0	0.0	0.0	0.0	0.0	0.0	0.0	0.0	0.0	0.0	0.0	0.0	0.0	0.0	0.0	0.0	0.0	0.0	0.0	0.009126	0.013681	0.014938	0.004637	0.0	0.0	0.0	0.0	0.0	0.0	0.0	0.0	0.0	0.0	0.0	0.0	0.0	0.0	0.0	0.0	0.0	0.0
k__Bacteria|p__Firmicutes|c__CFGB3047|o__OFGB3047	0.0	0.0	0.0	0.0	0.0	0.0	0.0	0.0	0.0	0.0	0.0	0.0	0.0	0.0	0.0	0.0	0.0	0.0	0.0	0.0	0.0	0.0	0.003432	0.003263	0.002668	0.001406	0.0	0.0	0.0	0.0	0.0	0.0	0.0	0.0	0.0	0.0	0.0	0.0	0.0	0.0	0.0	0.0	0.0	0.0
k__Bacteria|p__Firmicutes|c__CFGB2833|o__OFGB2833|f__FGB2833	0.0	0.0	0.0	0.0	0.0	0.0	0.0	0.0	0.0	0.0	0.0	0.0	0.0	0.0	0.0	0.0	0.0	0.0	0.0	0.0	0.0	0.0	9.279135	9.258444	9.332436	9.235989	0.0	0.0	0.0	0.0	0.0	0.0	0.0	0.0	0.0	0.0	0.0	0.0	0.0	0.0	0.0	0.0	0.0	0.0
k__Bacteria|p__Firmicutes|c__CFGB2858|o__OFGB2858|f__FGB2858	0.0	0.0	0.0	0.0	0.0	0.0	0.0	0.0	0.0	0.0	0.0	0.0	0.0	0.0	0.0	0.0	0.0	0.0	0.0	0.0	0.0	0.0	5.148211	5.330496	5.416848	5.488007	0.0	0.0	0.0	0.0	0.0	0.0	0.0	0.0	0.0	0.0	0.0	0.0	0.0	0.0	0.0	0.0	0.0	0.0
k__Bacteria|p__Firmicutes|c__CFGB31455|o__OFGB31455|f__FGB31455	0.0	0.0	0.0	0.0	0.0	0.0	0.0	0.0	0.0	0.0	0.0	0.0	0.0	0.0	0.0	0.0	0.0	0.0	0.0	0.0	0.0	0.0	2.565424	2.663169	2.514216	2.638681	0.0	0.0	0.0	0.0	6.293737	6.318476	10.106224	11.239868	0.0	0.0	0.0	0.0	3.865291	4.052036	3.992017	0.0	0.0	0.0
k__Bacteria|p__Firmicutes|c__CFGB2982|o__OFGB2982|f__FGB2982	0.0	0.0	0.0	0.0	0.0	0.0	0.0	0.0	0.0	0.0	0.0	0.0	0.0	0.0	0.0	0.0	0.0	0.0	0.0	0.0	0.0	0.0	1.161284	1.128512	1.188356	1.184273	0.0	0.0	0.0	0.0	0.0	0.0	0.0	0.0	0.0	0.0	0.0	0.0	1.159477	1.192839	1.260385	0.0	0.0	0.0
k__Bacteria|p__Firmicutes|c__CFGB3062|o__OFGB3062|f__FGB3062	0.0	0.0	0.0	0.0	0.0	0.0	0.0	0.0	0.0	0.0	0.0	0.0	0.0	0.0	0.0	0.0	0.0	0.0	0.0	0.0	0.0	0.0	0.860301	0.855134	0.822498	0.777927	0.0	0.0	0.0	0.0	0.0	0.0	0.0	0.0	0.0	0.0	0.0	0.0	2.527732	2.350574	2.373878	0.0	0.0	0.0
k__Bacteria|p__Firmicutes|c__CFGB2937|o__OFGB2937|f__FGB2937	0.0	0.0	0.0	0.0	0.0	0.0	0.0	0.0	0.0	0.0	0.0	0.0	0.0	0.0	0.0	0.0	0.0	0.0	0.0	0.0	0.0	0.0	0.625444	0.628809	0.659276	0.61977	0.0	0.0	0.0	0.0	0.0	0.0	0.0	0.0	0.0	0.0	0.0	0.0	0.0	0.0	0.0	0.0	0.0	0.0
k__Bacteria|p__Firmicutes|c__CFGB9119|o__OFGB9119|f__FGB9119	0.0	0.0	0.0	0.0	0.0	0.0	0.0	0.0	0.0	0.0	0.0	0.0	0.0	0.0	0.0	0.0	0.0	0.0	0.0	0.0	0.0	0.0	0.328116	0.338114	0.34669	0.327014	0.0	0.0	0.0	0.0	0.0	0.0	0.0	0.0	0.0	0.0	0.0	0.0	0.0	0.0	0.0	0.0	0.0	0.0
k__Bacteria|p__Firmicutes|c__CFGB2845|o__OFGB2845|f__FGB2845	0.0	0.0	0.0	0.0	0.0	0.0	0.0	0.0	0.0	0.0	0.0	0.0	0.0	0.0	0.0	0.0	0.0	0.0	0.0	0.0	0.0	0.0	0.180872	0.173607	0.169818	0.179795	0.0	0.0	0.0	0.0	0.0	0.0	0.0	0.0	0.0	0.0	0.0	0.0	0.0	0.0	0.0	0.0	0.0	0.0
k__Bacteria|p__Firmicutes|c__CFGB72904|o__OFGB72904|f__FGB72904	0.0	0.0	0.0	0.0	0.0	0.0	0.0	0.0	0.0	0.0	0.0	0.0	0.0	0.0	0.0	0.0	0.0	0.0	0.0	0.0	0.0	0.0	0.15762	0.169808	0.157616	0.170305	0.0	0.0	0.0	0.0	0.0	0.0	0.0	0.0	0.0	0.0	0.0	0.0	0.0	0.0	0.0	0.0	0.0	0.0
k__Archaea|p__Thermoplasmatota|c__Thermoplasmata|o__Methanomassiliicoccales|f__Methanomassiliicoccaceae	0.0	0.0	0.0	0.0	0.0	0.0	0.0	0.0	0.0	0.0	0.0	0.0	0.0	0.0	0.0	0.0	0.0	0.0	0.0	0.0	0.0	0.0	0.145242	0.130923	0.122618	0.135924	0.0	0.0	0.0	0.0	0.0	0.0	0.0	0.0	0.0	0.0	0.0	0.0	0.0	0.0	0.0	0.0	0.0	0.0
k__Bacteria|p__Mycoplasmatota|c__CFGB94683|o__OFGB94683|f__FGB94683	0.0	0.0	0.0	0.0	0.0	0.0	0.0	0.0	0.0	0.0	0.0	0.0	0.0	0.0	0.0	0.0	0.0	0.0	0.0	0.0	0.0	0.0	0.141781	0.150381	0.130614	0.145675	0.0	0.0	0.0	0.0	0.0	0.0	0.0	0.0	0.0	0.0	0.0	0.0	0.0	0.0	0.0	0.0	0.0	0.0
k__Bacteria|p__Lentisphaerota|c__Lentisphaeria|o__Victivallales|f__Victivallaceae	0.0	0.0	0.0	0.0	0.0	0.0	0.0	0.0	0.0	0.0	0.0	0.0	0.0	0.0	0.0	0.0	0.0	0.0	0.0	0.0	0.0	0.0	0.100736	0.110223	0.096603	0.098462	0.0	0.0	0.0	0.0	0.0	0.0	0.0	0.0	0.0	0.0	0.0	0.0	0.0	0.0	0.0	0.0	0.0	0.0
k__Bacteria|p__Firmicutes|c__CFGB2952|o__OFGB2952|f__FGB2952	0.0	0.0	0.0	0.0	0.0	0.0	0.0	0.0	0.0	0.0	0.0	0.0	0.0	0.0	0.0	0.0	0.0	0.0	0.0	0.0	0.0	0.0	0.066623	0.043067	0.048841	0.047017	0.0	0.0	0.0	0.0	0.044912	0.0	0.0	0.0	0.0	0.0	0.0	0.0	0.0	0.0	0.0	0.0	0.0	0.0
k__Bacteria|p__Firmicutes|c__CFGB1359|o__OFGB1359|f__FGB1359	0.0	0.0	0.0	0.0	0.0	0.0	0.0	0.0	0.0	0.0	0.0	0.0	0.0	0.0	0.0	0.0	0.0	0.0	0.0	0.0	0.0	0.0	0.061541	0.058956	0.063018	0.052472	0.0	0.0	0.0	0.0	0.717665	0.589795	0.436674	0.58362	0.0	0.0	0.0	0.0	0.039483	0.050462	0.04336	0.0	0.0	0.0
k__Bacteria|p__Firmicutes|c__CFGB2846|o__OFGB2846|f__FGB2846	0.0	0.0	0.0	0.0	0.0	0.0	0.0	0.0	0.0	0.0	0.0	0.0	0.0	0.0	0.0	0.0	0.0	0.0	0.0	0.0	0.0	0.0	0.044035	0.03513	0.037811	0.026506	0.0	0.0	0.0	0.0	0.0	0.0	0.0	0.0	0.0	0.0	0.0	0.0	0.0	0.0	0.0	0.0	0.0	0.0
k__Bacteria|p__Firmicutes|c__CFGB2881|o__OFGB2881|f__FGB2881	0.0	0.0	0.0	0.0	0.0	0.0	0.0	0.0	0.0	0.0	0.0	0.0	0.0	0.0	0.0	0.0	0.0	0.0	0.0	0.0	0.0	0.0	0.028166	0.020216	0.039295	0.022181	0.0	0.0	0.0	0.0	0.0	0.0	0.0	0.0	0.0	0.0	0.0	0.0	0.067244	0.06228	0.045462	0.0	0.0	0.0
k__Bacteria|p__Firmicutes|c__CFGB2844|o__OFGB2844|f__FGB2844	0.0	0.0	0.0	0.0	0.0	0.0	0.0	0.0	0.0	0.0	0.0	0.0	0.0	0.0	0.0	0.0	0.0	0.0	0.0	0.0	0.0	0.0	0.028102	0.025896	0.021502	0.02306	0.0	0.0	0.0	0.0	0.0	0.0	0.0	0.0	0.0	0.0	0.0	0.0	0.017734	0.024365	0.007676	0.0	0.0	0.0
k__Bacteria|p__Firmicutes|c__CFGB2950|o__OFGB2950|f__FGB2950	0.0	0.0	0.0	0.0	0.0	0.0	0.0	0.0	0.0	0.0	0.0	0.0	0.0	0.0	0.0	0.0	0.0	0.0	0.0	0.0	0.0	0.0	0.025437	0.02229	0.024138	0.022055	0.0	0.0	0.0	0.0	0.0	0.0	0.0	0.0	0.0	0.0	0.0	0.0	0.0	0.0	0.0	0.0	0.0	0.0
k__Bacteria|p__Bacteroidota|c__CFGB658|o__OFGB658|f__FGB658	0.0	0.0	0.0	0.0	0.0	0.0	0.0	0.0	0.0	0.0	0.0	0.0	0.0	0.0	0.0	0.0	0.0	0.0	0.0	0.0	0.0	0.0	0.014317	0.027147	0.017129	0.024382	0.0	0.0	0.0	0.0	0.0	0.0	0.0	0.0	0.0	0.0	0.0	0.0	0.0	0.0	0.0	0.0	0.0	0.0
k__Bacteria|p__Firmicutes|c__CFGB28386|o__OFGB28386|f__FGB28386	0.0	0.0	0.0	0.0	0.0	0.0	0.0	0.0	0.0	0.0	0.0	0.0	0.0	0.0	0.0	0.0	0.0	0.0	0.0	0.0	0.0	0.0	0.009126	0.013681	0.014938	0.004637	0.0	0.0	0.0	0.0	0.0	0.0	0.0	0.0	0.0	0.0	0.0	0.0	0.0	0.0	0.0	0.0	0.0	0.0
k__Bacteria|p__Firmicutes|c__CFGB3047|o__OFGB3047|f__FGB3047	0.0	0.0	0.0	0.0	0.0	0.0	0.0	0.0	0.0	0.0	0.0	0.0	0.0	0.0	0.0	0.0	0.0	0.0	0.0	0.0	0.0	0.0	0.003432	0.003263	0.002668	0.001406	0.0	0.0	0.0	0.0	0.0	0.0	0.0	0.0	0.0	0.0	0.0	0.0	0.0	0.0	0.0	0.0	0.0	0.0
k__Bacteria|p__Firmicutes|c__CFGB2833|o__OFGB2833|f__FGB2833|g__GGB9057	0.0	0.0	0.0	0.0	0.0	0.0	0.0	0.0	0.0	0.0	0.0	0.0	0.0	0.0	0.0	0.0	0.0	0.0	0.0	0.0	0.0	0.0	9.279135	9.258444	9.332436	9.235989	0.0	0.0	0.0	0.0	0.0	0.0	0.0	0.0	0.0	0.0	0.0	0.0	0.0	0.0	0.0	0.0	0.0	0.0
k__Bacteria|p__Firmicutes|c__CFGB2858|o__OFGB2858|f__FGB2858|g__GGB9134	0.0	0.0	0.0	0.0	0.0	0.0	0.0	0.0	0.0	0.0	0.0	0.0	0.0	0.0	0.0	0.0	0.0	0.0	0.0	0.0	0.0	0.0	5.148211	5.330496	5.416848	5.488007	0.0	0.0	0.0	0.0	0.0	0.0	0.0	0.0	0.0	0.0	0.0	0.0	0.0	0.0	0.0	0.0	0.0	0.0
k__Bacteria|p__Firmicutes|c__CFGB31455|o__OFGB31455|f__FGB31455|g__GGB4699	0.0	0.0	0.0	0.0	0.0	0.0	0.0	0.0	0.0	0.0	0.0	0.0	0.0	0.0	0.0	0.0	0.0	0.0	0.0	0.0	0.0	0.0	2.565424	2.663169	2.514216	2.638681	0.0	0.0	0.0	0.0	6.293737	6.318476	10.106224	11.239868	0.0	0.0	0.0	0.0	0.0	0.0	0.0	0.0	0.0	0.0
k__Bacteria|p__Bacteroidota|c__Bacteroidia|o__Bacteroidales|f__Prevotellaceae|g__Prevotellamassilia	0.0	0.0	0.0	0.0	0.0	0.0	0.0	0.0	0.0	0.0	0.0	0.0	0.0	0.0	0.0	0.0	0.0	0.0	0.0	0.0	0.0	0.0	2.416515	2.292798	2.332816	2.369488	0.0	0.0	0.0	0.0	2.094103	1.967048	1.679823	1.843262	0.04842	0.059999	0.039435	0.051434	0.0	0.0	0.0	0.0	0.0	0.0
k__Bacteria|p__Firmicutes|c__CFGB14936|o__OFGB14936|f__FGB14936|g__GGB5201	0.0	0.0	0.0	0.0	0.0	0.0	0.0	0.0	0.0	0.0	0.0	0.0	0.0	0.0	0.0	0.0	0.0	0.0	0.0	0.0	0.0	0.0	2.318823	2.267198	2.239123	2.198851	0.0	0.0	0.0	0.0	0.0	0.0	0.0	0.0	0.0	0.0	0.0	0.0	0.0	0.0	0.0	0.0	0.0	0.0
k__Bacteria|p__Bacteroidota|c__Bacteroidia|o__Bacteroidales|f__Prevotellaceae|g__GGB82047	0.0	0.0	0.0	0.0	0.0	0.0	0.0	0.0	0.0	0.0	0.0	0.0	0.0	0.0	0.0	0.0	0.0	0.0	0.0	0.0	0.0	0.0	2.215303	2.217881	2.114795	2.083884	0.0	0.0	0.0	0.0	0.0	0.0	0.0	0.0	0.0	0.0	0.0	0.0	0.0	0.0	0.0	0.0	0.0	0.0
k__Bacteria|p__Firmicutes|c__CFGB1765|o__OFGB1765|f__FGB1765|g__GGB4578	0.0	0.0	0.0	0.0	0.0	0.0	0.0	0.0	0.0	0.0	0.0	0.0	0.0	0.0	0.0	0.0	0.0	0.0	0.0	0.0	0.0	0.0	1.523222	1.645144	1.529228	1.582014	0.0	0.0	0.0	0.0	0.0	0.0	0.0	0.0	0.0	0.0	0.0	0.0	0.0	0.0	0.0	0.0	0.0	0.0
k__Bacteria|p__Firmicutes|c__CFGB2982|o__OFGB2982|f__FGB2982|g__GGB9342	0.0	0.0	0.0	0.0	0.0	0.0	0.0	0.0	0.0	0.0	0.0	0.0	0.0	0.0	0.0	0.0	0.0	0.0	0.0	0.0	0.0	0.0	1.161284	1.128512	1.188356	1.184273	0.0	0.0	0.0	0.0	0.0	0.0	0.0	0.0	0.0	0.0	0.0	0.0	1.159477	1.192839	1.260385	0.0	0.0	0.0
k__Bacteria|p__Bacteroidota|c__Bacteroidia|o__Bacteroidales|f__Prevotellaceae|g__GGB1247	0.0	0.0	0.0	0.0	0.0	0.0	0.0	0.0	0.0	0.0	0.0	0.0	0.0	0.0	0.0	0.0	0.0	0.0	0.0	0.0	0.0	0.0	1.103361	1.147519	1.11503	1.124394	0.0	0.0	0.0	0.0	0.902249	0.869416	0.649188	0.497059	0.0	0.0	0.0	0.0	0.0	0.0	0.0	0.0	0.0	0.0
k__Bacteria|p__Pseudomonadota|c__Betaproteobacteria|o__Burkholderiales|f__Sutterellaceae|g__GGB6565	0.0	0.0	0.0	0.0	0.0	0.0	0.0	0.0	0.0	0.0	0.0	0.0	0.0	0.0	0.0	0.0	0.0	0.0	0.0	0.0	0.0	0.0	1.052598	0.961855	1.002319	1.051063	0.0	0.0	0.0	0.0	0.0	0.0	0.0	0.0	0.0	0.0	0.0	0.0	0.0	0.0	0.0	0.0	0.0	0.0
k__Bacteria|p__Candidatus_Melainabacteria|c__Candidatus_Melainabacteria_unclassified|o__Candidatus_Gastranaerophilales|f__Candidatus_Gastranaerophilales_unclassified|g__GGB13727	0.0	0.0	0.0	0.0	0.0	0.0	0.0	0.0	0.0	0.0	0.0	0.0	0.0	0.0	0.0	0.0	0.0	0.0	0.0	0.0	0.0	0.0	0.965643	0.989229	0.970414	0.957761	0.0	0.0	0.0	0.0	0.0	0.0	0.0	0.0	0.0	0.0	0.0	0.0	0.0	0.0	0.0	0.0	0.0	0.0
k__Bacteria|p__Firmicutes|c__Clostridia|o__Eubacteriales|f__Oscillospiraceae|g__GGB9634	0.0	0.0	0.0	0.0	0.0	0.0	0.0	0.0	0.0	0.0	0.0	0.0	0.0	0.0	0.0	0.0	0.0	0.0	0.0	0.0	0.0	0.0	0.939239	0.851454	0.884433	0.886195	0.0	0.0	0.0	0.0	0.664327	0.767007	0.154376	0.192721	0.0	0.0	0.0	0.0	0.255528	0.255727	0.257194	2.780387	2.439648	2.417137
k__Bacteria|p__Firmicutes|c__CFGB3062|o__OFGB3062|f__FGB3062|g__GGB9747	0.0	0.0	0.0	0.0	0.0	0.0	0.0	0.0	0.0	0.0	0.0	0.0	0.0	0.0	0.0	0.0	0.0	0.0	0.0	0.0	0.0	0.0	0.860301	0.855134	0.822498	0.777927	0.0	0.0	0.0	0.0	0.0	0.0	0.0	0.0	0.0	0.0	0.0	0.0	2.527732	2.350574	2.373878	0.0	0.0	0.0
k__Bacteria|p__Firmicutes|c__Clostridia|o__Christensenellales|f__Christensenellaceae|g__GGB9103	0.0	0.0	0.0	0.0	0.0	0.0	0.0	0.0	0.0	0.0	0.0	0.0	0.0	0.0	0.0	0.0	0.0	0.0	0.0	0.0	0.0	0.0	0.844899	0.761198	0.825371	0.822321	0.0	0.0	0.0	0.0	0.0	0.0	0.0	0.0	0.0	0.0	0.0	0.0	0.0	0.0	0.0	0.0	0.0	0.0
k__Bacteria|p__Firmicutes|c__Clostridia|o__Eubacteriales|f__Oscillospiraceae|g__GGB9708	0.0	0.0	0.0	0.0	0.0	0.0	0.0	0.0	0.0	0.0	0.0	0.0	0.0	0.0	0.0	0.0	0.0	0.0	0.0	0.0	0.0	0.0	0.843885	0.75303	0.804623	0.719283	0.122763	0.112072	0.170459	0.151044	0.110466	0.128729	0.0	0.0	0.0	0.0	0.0	0.0	0.089134	0.086465	0.091128	0.0	0.008672	0.001062
k__Bacteria|p__Firmicutes|c__Clostridia|o__Eubacteriales|f__Oscillospiraceae|g__GGB9602	0.0	0.0	0.0	0.0	0.0	0.0	0.0	0.0	0.0	0.0	0.0	0.0	0.0	0.0	0.0	0.0	0.0	0.0	0.0	0.0	0.0	0.0	0.751994	0.696678	0.707258	0.734282	0.0	0.0	0.0	0.0	0.116491	0.145118	0.0	0.0	0.0	0.0	0.0	0.0	0.179127	0.163775	0.181256	0.0	0.0	0.0
k__Bacteria|p__Firmicutes|c__CFGB2937|o__OFGB2937|f__FGB2937|g__GGB9270	0.0	0.0	0.0	0.0	0.0	0.0	0.0	0.0	0.0	0.0	0.0	0.0	0.0	0.0	0.0	0.0	0.0	0.0	0.0	0.0	0.0	0.0	0.625444	0.628809	0.659276	0.61977	0.0	0.0	0.0	0.0	0.0	0.0	0.0	0.0	0.0	0.0	0.0	0.0	0.0	0.0	0.0	0.0	0.0	0.0
k__Bacteria|p__Firmicutes|c__Clostridia|o__Eubacteriales|f__Oscillospiraceae|g__GGB100518	0.0	0.0	0.0	0.0	0.0	0.0	0.0	0.0	0.0	0.0	0.0	0.0	0.0	0.0	0.0	0.0	0.0	0.0	0.0	0.0	0.0	0.0	0.412911	0.405716	0.405176	0.408031	0.0	0.0	0.0	0.0	0.0	0.0	0.0	0.0	0.0	0.0	0.0	0.0	0.0	0.0	0.0	0.0	0.0	0.0
k__Bacteria|p__Firmicutes|c__CFGB1765|o__OFGB1765|f__FGB1765|g__GGB4599	0.0	0.0	0.0	0.0	0.0	0.0	0.0	0.0	0.0	0.0	0.0	0.0	0.0	0.0	0.0	0.0	0.0	0.0	0.0	0.0	0.0	0.0	0.338103	0.358745	0.350394	0.3565	0.0	0.0	0.0	0.0	0.0	0.0	0.0	0.0	0.0	0.0	0.0	0.0	0.0	0.0	0.0	0.0	0.0	0.0
k__Bacteria|p__Firmicutes|c__CFGB9119|o__OFGB9119|f__FGB9119|g__GGB4667	0.0	0.0	0.0	0.0	0.0	0.0	0.0	0.0	0.0	0.0	0.0	0.0	0.0	0.0	0.0	0.0	0.0	0.0	0.0	0.0	0.0	0.0	0.328116	0.338114	0.34669	0.327014	0.0	0.0	0.0	0.0	0.0	0.0	0.0	0.0	0.0	0.0	0.0	0.0	0.0	0.0	0.0	0.0	0.0	0.0
k__Bacteria|p__Firmicutes|c__CFGB2845|o__OFGB2845|f__FGB2845|g__GGB9115	0.0	0.0	0.0	0.0	0.0	0.0	0.0	0.0	0.0	0.0	0.0	0.0	0.0	0.0	0.0	0.0	0.0	0.0	0.0	0.0	0.0	0.0	0.180872	0.173607	0.169818	0.179795	0.0	0.0	0.0	0.0	0.0	0.0	0.0	0.0	0.0	0.0	0.0	0.0	0.0	0.0	0.0	0.0	0.0	0.0
k__Bacteria|p__Firmicutes|c__CFGB72904|o__OFGB72904|f__FGB72904|g__GGB47150	0.0	0.0	0.0	0.0	0.0	0.0	0.0	0.0	0.0	0.0	0.0	0.0	0.0	0.0	0.0	0.0	0.0	0.0	0.0	0.0	0.0	0.0	0.15762	0.169808	0.157616	0.170305	0.0	0.0	0.0	0.0	0.0	0.0	0.0	0.0	0.0	0.0	0.0	0.0	0.0	0.0	0.0	0.0	0.0	0.0
k__Archaea|p__Thermoplasmatota|c__Thermoplasmata|o__Methanomassiliicoccales|f__Methanomassiliicoccaceae|g__Methanomassiliicoccus	0.0	0.0	0.0	0.0	0.0	0.0	0.0	0.0	0.0	0.0	0.0	0.0	0.0	0.0	0.0	0.0	0.0	0.0	0.0	0.0	0.0	0.0	0.145242	0.130923	0.122618	0.135924	0.0	0.0	0.0	0.0	0.0	0.0	0.0	0.0	0.0	0.0	0.0	0.0	0.0	0.0	0.0	0.0	0.0	0.0
k__Bacteria|p__Mycoplasmatota|c__CFGB94683|o__OFGB94683|f__FGB94683|g__GGB4768	0.0	0.0	0.0	0.0	0.0	0.0	0.0	0.0	0.0	0.0	0.0	0.0	0.0	0.0	0.0	0.0	0.0	0.0	0.0	0.0	0.0	0.0	0.141781	0.150381	0.130614	0.145675	0.0	0.0	0.0	0.0	0.0	0.0	0.0	0.0	0.0	0.0	0.0	0.0	0.0	0.0	0.0	0.0	0.0	0.0
k__Bacteria|p__Pseudomonadota|c__Betaproteobacteria|o__Burkholderiales|f__Sutterellaceae|g__Sutterella	0.0	0.0	0.0	0.0	0.0	0.0	0.0	0.0	0.0	0.0	0.0	0.0	0.0	0.0	0.0	0.0	0.0	0.0	0.0	0.0	0.0	0.0	0.115252	0.110793	0.112909	0.120909	0.812826	0.797683	0.780436	0.814563	0.0	0.0	0.0	0.0	0.0	0.0	0.0	0.0	0.0	0.000618	0.0	1.61562	1.67032	1.675549
k__Bacteria|p__Lentisphaerota|c__Lentisphaeria|o__Victivallales|f__Victivallaceae|g__Victivallis	0.0	0.0	0.0	0.0	0.0	0.0	0.0	0.0	0.0	0.0	0.0	0.0	0.0	0.0	0.0	0.0	0.0	0.0	0.0	0.0	0.0	0.0	0.100736	0.110223	0.096603	0.098462	0.0	0.0	0.0	0.0	0.0	0.0	0.0	0.0	0.0	0.0	0.0	0.0	0.0	0.0	0.0	0.0	0.0	0.0
k__Bacteria|p__Firmicutes|c__CFGB1765|o__OFGB1765|f__FGB1765|g__GGB4604	0.0	0.0	0.0	0.0	0.0	0.0	0.0	0.0	0.0	0.0	0.0	0.0	0.0	0.0	0.0	0.0	0.0	0.0	0.0	0.0	0.0	0.0	0.077768	0.095747	0.07863	0.079655	0.0	0.0	0.0	0.0	0.0	0.0	0.0	0.0	0.0	0.0	0.0	0.0	0.0	0.0	0.0	0.0	0.0	0.0
k__Bacteria|p__Firmicutes|c__CFGB2952|o__OFGB2952|f__FGB2952|g__GGB9293	0.0	0.0	0.0	0.0	0.0	0.0	0.0	0.0	0.0	0.0	0.0	0.0	0.0	0.0	0.0	0.0	0.0	0.0	0.0	0.0	0.0	0.0	0.066623	0.043067	0.048841	0.047017	0.0	0.0	0.0	0.0	0.044912	0.0	0.0	0.0	0.0	0.0	0.0	0.0	0.0	0.0	0.0	0.0	0.0	0.0
k__Bacteria|p__Firmicutes|c__CFGB1359|o__OFGB1359|f__FGB1359|g__GGB3321	0.0	0.0	0.0	0.0	0.0	0.0	0.0	0.0	0.0	0.0	0.0	0.0	0.0	0.0	0.0	0.0	0.0	0.0	0.0	0.0	0.0	0.0	0.061541	0.058956	0.063018	0.052472	0.0	0.0	0.0	0.0	0.00362	0.0	0.0	0.0	0.0	0.0	0.0	0.0	0.039483	0.050462	0.04336	0.0	0.0	0.0
k__Bacteria|p__Firmicutes|c__Clostridia|o__Lachnospirales|f__Lachnospiraceae|g__GGB13283	0.0	0.0	0.0	0.0	0.0	0.0	0.0	0.0	0.0	0.0	0.0	0.0	0.0	0.0	0.0	0.0	0.0	0.0	0.0	0.0	0.0	0.0	0.060182	0.066849	0.081343	0.067119	0.0	0.0	0.0	0.0	0.0	0.0	0.0	0.0	0.0	0.0	0.0	0.0	0.0	0.0	0.0	0.0	0.0	0.0
k__Bacteria|p__Firmicutes|c__Clostridia|o__Lachnospirales|f__Lachnospiraceae|g__GGB3619	0.0	0.0	0.0	0.0	0.0	0.0	0.0	0.0	0.0	0.0	0.0	0.0	0.0	0.0	0.0	0.0	0.0	0.0	0.0	0.0	0.0	0.0	0.053709	0.043223	0.049915	0.058422	0.0	0.0	0.0	0.0	0.0	0.0	0.0	0.0	0.0	0.0	0.0	0.0	0.0	0.0	0.0	0.0	0.0	0.0
k__Bacteria|p__Firmicutes|c__CFGB2834|o__OFGB2834|f__FGB2834|g__GGB33516	0.0	0.0	0.0	0.0	0.0	0.0	0.0	0.0	0.0	0.0	0.0	0.0	0.0	0.0	0.0	0.0	0.0	0.0	0.0	0.0	0.0	0.0	0.050829	0.043989	0.039249	0.046967	0.0	0.0	0.0	0.0	0.0	0.0	0.0	0.0	0.0	0.0	0.0	0.0	0.0	0.0	0.0	0.0	0.0	0.0
k__Bacteria|p__Firmicutes|c__CFGB2846|o__OFGB2846|f__FGB2846|g__GGB9117	0.0	0.0	0.0	0.0	0.0	0.0	0.0	0.0	0.0	0.0	0.0	0.0	0.0	0.0	0.0	0.0	0.0	0.0	0.0	0.0	0.0	0.0	0.044035	0.03513	0.037811	0.026506	0.0	0.0	0.0	0.0	0.0	0.0	0.0	0.0	0.0	0.0	0.0	0.0	0.0	0.0	0.0	0.0	0.0	0.0
k__Bacteria|p__Firmicutes|c__Clostridia|o__Eubacteriales|f__Oscillospiraceae|g__GGB9730	0.0	0.0	0.0	0.0	0.0	0.0	0.0	0.0	0.0	0.0	0.0	0.0	0.0	0.0	0.0	0.0	0.0	0.0	0.0	0.0	0.0	0.0	0.043074	0.031554	0.032407	0.044571	0.0	0.0	0.0	0.0	0.0	0.0	0.0	0.0	0.0	0.0	0.0	0.0	0.080691	0.080178	0.056911	0.0	0.0	0.0
k__Bacteria|p__Firmicutes|c__CFGB2834|o__OFGB2834|f__FGB2834|g__GGB9062	0.0	0.0	0.0	0.0	0.0	0.0	0.0	0.0	0.0	0.0	0.0	0.0	0.0	0.0	0.0	0.0	0.0	0.0	0.0	0.0	0.0	0.0	0.042723	0.037173	0.022806	0.03046	0.0	0.0	0.0	0.0	0.0	0.0	0.0	0.0	0.0	0.0	0.0	0.0	0.0	0.0	0.0	0.0	0.0	0.0
k__Bacteria|p__Thermodesulfobacteriota|c__Desulfovibrionia|o__Desulfovibrionales|f__Desulfovibrionaceae|g__GGB9819	0.0	0.0	0.0	0.0	0.0	0.0	0.0	0.0	0.0	0.0	0.0	0.0	0.0	0.0	0.0	0.0	0.0	0.0	0.0	0.0	0.0	0.0	0.040428	0.031837	0.041617	0.026172	0.0	0.0	0.0	0.0	0.0	0.0	0.0	0.0	0.0	0.0	0.0	0.0	0.0	0.0	0.0	0.0	0.0	0.0
k__Bacteria|p__Firmicutes|c__CFGB3043|o__OFGB3043|f__FGB3043|g__GGB9550	0.0	0.0	0.0	0.0	0.0	0.0	0.0	0.0	0.0	0.0	0.0	0.0	0.0	0.0	0.0	0.0	0.0	0.0	0.0	0.0	0.0	0.0	0.037346	0.028255	0.029539	0.026582	0.0	0.0	0.0	0.0	0.0	0.0	0.0	0.0	0.0	0.0	0.0	0.0	0.0	0.0	0.0	0.0	0.0	0.0
k__Bacteria|p__Firmicutes|c__Bacillota_unclassified|o__Bacillota_unclassified|f__Bacillota_unclassified|g__Negativibacillus	0.0	0.0	0.0	0.0	0.0	0.0	0.0	0.0	0.0	0.0	0.0	0.0	0.0	0.0	0.0	0.0	0.0	0.0	0.0	0.0	0.0	0.0	0.035124	0.037413	0.038714	0.045264	0.0	0.0	0.0	0.0	0.0	0.0	0.0	0.0	0.0	0.0	0.0	0.0	0.0	0.0	0.0	0.0	0.0	0.0
k__Bacteria|p__Firmicutes|c__Clostridia|o__Lachnospirales|f__Lachnospiraceae|g__GGB51441	0.0	0.0	0.0	0.0	0.0	0.0	0.0	0.0	0.0	0.0	0.0	0.0	0.0	0.0	0.0	0.0	0.0	0.0	0.0	0.0	0.0	0.0	0.030806	0.027827	0.027007	0.018064	0.0	0.0	0.0	0.0	0.0	0.0	0.0	0.0	0.0	0.0	0.0	0.0	0.0	0.0	0.0	0.0	0.0	0.0
k__Bacteria|p__Firmicutes|c__CFGB2881|o__OFGB2881|f__FGB2881|g__GGB9185	0.0	0.0	0.0	0.0	0.0	0.0	0.0	0.0	0.0	0.0	0.0	0.0	0.0	0.0	0.0	0.0	0.0	0.0	0.0	0.0	0.0	0.0	0.028166	0.020216	0.039295	0.022181	0.0	0.0	0.0	0.0	0.0	0.0	0.0	0.0	0.0	0.0	0.0	0.0	0.0	0.0	0.0	0.0	0.0	0.0
k__Bacteria|p__Firmicutes|c__CFGB2844|o__OFGB2844|f__FGB2844|g__GGB9110	0.0	0.0	0.0	0.0	0.0	0.0	0.0	0.0	0.0	0.0	0.0	0.0	0.0	0.0	0.0	0.0	0.0	0.0	0.0	0.0	0.0	0.0	0.028102	0.025896	0.021502	0.02306	0.0	0.0	0.0	0.0	0.0	0.0	0.0	0.0	0.0	0.0	0.0	0.0	0.0	0.0	0.0	0.0	0.0	0.0
k__Bacteria|p__Pseudomonadota|c__CFGB2404|o__OFGB2404|f__FGB2404|g__GGB9174	0.0	0.0	0.0	0.0	0.0	0.0	0.0	0.0	0.0	0.0	0.0	0.0	0.0	0.0	0.0	0.0	0.0	0.0	0.0	0.0	0.0	0.0	0.025827	0.021247	0.019877	0.028148	0.0	0.0	0.0	0.0	0.0	0.0	0.0	0.0	0.0	0.0	0.0	0.0	0.0	0.0	0.0	0.0	0.0	0.0
k__Bacteria|p__Firmicutes|c__CFGB2950|o__OFGB2950|f__FGB2950|g__GGB9292	0.0	0.0	0.0	0.0	0.0	0.0	0.0	0.0	0.0	0.0	0.0	0.0	0.0	0.0	0.0	0.0	0.0	0.0	0.0	0.0	0.0	0.0	0.025437	0.02229	0.024138	0.022055	0.0	0.0	0.0	0.0	0.0	0.0	0.0	0.0	0.0	0.0	0.0	0.0	0.0	0.0	0.0	0.0	0.0	0.0
k__Bacteria|p__Firmicutes|c__Clostridia|o__Lachnospirales|f__Lachnospiraceae|g__GGB3649	0.0	0.0	0.0	0.0	0.0	0.0	0.0	0.0	0.0	0.0	0.0	0.0	0.0	0.0	0.0	0.0	0.0	0.0	0.0	0.0	0.0	0.0	0.025434	0.012915	0.021699	0.018361	0.0	0.0	0.0	0.0	0.0	0.0	0.0	0.0	0.0	0.0	0.0	0.0	0.0	0.0	0.0	0.0	0.0	0.0
k__Bacteria|p__Bacteroidota|c__CFGB658|o__OFGB658|f__FGB658|g__GGB1627	0.0	0.0	0.0	0.0	0.0	0.0	0.0	0.0	0.0	0.0	0.0	0.0	0.0	0.0	0.0	0.0	0.0	0.0	0.0	0.0	0.0	0.0	0.014317	0.027147	0.017129	0.024382	0.0	0.0	0.0	0.0	0.0	0.0	0.0	0.0	0.0	0.0	0.0	0.0	0.0	0.0	0.0	0.0	0.0	0.0
k__Bacteria|p__Firmicutes|c__Clostridia|o__Eubacteriales|f__Oscillospiraceae|g__GGB52084	0.0	0.0	0.0	0.0	0.0	0.0	0.0	0.0	0.0	0.0	0.0	0.0	0.0	0.0	0.0	0.0	0.0	0.0	0.0	0.0	0.0	0.0	0.010419	0.004418	0.007179	0.004772	0.0	0.0	0.0	0.0	0.0	0.0	0.0	0.0	0.0	0.0	0.0	0.0	0.009169	0.001966	0.002076	0.0	0.0	0.0
k__Bacteria|p__Firmicutes|c__CFGB28386|o__OFGB28386|f__FGB28386|g__GGB44202	0.0	0.0	0.0	0.0	0.0	0.0	0.0	0.0	0.0	0.0	0.0	0.0	0.0	0.0	0.0	0.0	0.0	0.0	0.0	0.0	0.0	0.0	0.009126	0.013681	0.014938	0.004637	0.0	0.0	0.0	0.0	0.0	0.0	0.0	0.0	0.0	0.0	0.0	0.0	0.0	0.0	0.0	0.0	0.0	0.0
k__Bacteria|p__Firmicutes|c__Clostridia|o__Eubacteriales|f__Clostridiaceae|g__GGB3548	0.0	0.0	0.0	0.0	0.0	0.0	0.0	0.0	0.0	0.0	0.0	0.0	0.0	0.0	0.0	0.0	0.0	0.0	0.0	0.0	0.0	0.0	0.005082	0.000984	0.007809	0.0	0.0	0.0	0.0	0.0	0.0	0.0	0.0	0.0	0.0	0.0	0.0	0.0	0.0	0.0	0.0	0.0	0.0	0.0
k__Bacteria|p__Firmicutes|c__CFGB3047|o__OFGB3047|f__FGB3047|g__GGB52130	0.0	0.0	0.0	0.0	0.0	0.0	0.0	0.0	0.0	0.0	0.0	0.0	0.0	0.0	0.0	0.0	0.0	0.0	0.0	0.0	0.0	0.0	0.003432	0.003263	0.002668	0.001406	0.0	0.0	0.0	0.0	0.0	0.0	0.0	0.0	0.0	0.0	0.0	0.0	0.0	0.0	0.0	0.0	0.0	0.0
k__Bacteria|p__Firmicutes|c__Clostridia|o__Lachnospirales|f__Lachnospiraceae|g__Cuneatibacter	0.0	0.0	0.0	0.0	0.0	0.0	0.0	0.0	0.0	0.0	0.0	0.0	0.0	0.0	0.0	0.0	0.0	0.0	0.0	0.0	0.0	0.0	0.003099	0.001963	0.005164	0.003091	0.0	0.0	0.0	0.0	0.0	0.0	0.0	0.0	0.0	0.0	0.0	0.0	0.0	0.0	0.0	0.0	0.0	0.0
k__Bacteria|p__Firmicutes|c__Clostridia|o__Eubacteriales|f__Oscillospiraceae|g__GGB9237	0.0	0.0	0.0	0.0	0.0	0.0	0.0	0.0	0.0	0.0	0.0	0.0	0.0	0.0	0.0	0.0	0.0	0.0	0.0	0.0	0.0	0.0	0.002085	0.002817	0.004205	0.002347	0.0	0.0	0.0	0.0	0.0	0.0	0.0	0.0	0.0	0.0	0.0	0.0	0.0	0.0	0.0	0.0	0.0	0.0
k__Bacteria|p__Firmicutes|c__Clostridia|o__Lachnospirales|f__Lachnospiraceae|g__Anaerosacchariphilus	0.0	0.0	0.0	0.0	0.0	0.0	0.0	0.0	0.0	0.0	0.0	0.0	0.0	0.0	0.0	0.0	0.0	0.0	0.0	0.0	0.0	0.0	0.001886	0.004999	0.002072	0.002528	0.0	0.0	0.0	0.0	0.0	0.0	0.0	0.0	0.0	0.0	0.0	0.0	0.0	0.0	0.0	0.0	0.0	0.0
k__Bacteria|p__Firmicutes|c__Clostridia|o__Lachnospirales|f__Lachnospiraceae|g__GGB3593	0.0	0.0	0.0	0.0	0.0	0.0	0.0	0.0	0.0	0.0	0.0	0.0	0.0	0.0	0.0	0.0	0.0	0.0	0.0	0.0	0.0	0.0	0.001848	0.001563	0.001897	0.00046	0.0	0.0	0.0	0.0	0.0	0.0	0.0	0.0	0.0	0.0	0.0	0.0	0.0	0.0	0.0	0.0	0.0	0.0
k__Bacteria|p__Firmicutes|c__Clostridia|o__Eubacteriales|f__Oscillospiraceae|g__Youxingia	0.0	0.0	0.0	0.0	0.0	0.0	0.0	0.0	0.0	0.0	0.0	0.0	0.0	0.0	0.0	0.0	0.0	0.0	0.0	0.0	0.0	0.0	0.000841	0.000709	0.00038	0.004135	0.0	0.0	0.0	0.0	0.0	0.0	0.0	0.0	0.0	0.0	0.0	0.0	0.00019	0.0	0.0	0.0	0.0	0.0
k__Bacteria|p__Firmicutes|c__CFGB2833|o__OFGB2833|f__FGB2833|g__GGB9057|s__GGB9057_SGB13972	0.0	0.0	0.0	0.0	0.0	0.0	0.0	0.0	0.0	0.0	0.0	0.0	0.0	0.0	0.0	0.0	0.0	0.0	0.0	0.0	0.0	0.0	9.279135	9.258444	9.332436	9.235989	0.0	0.0	0.0	0.0	0.0	0.0	0.0	0.0	0.0	0.0	0.0	0.0	0.0	0.0	0.0	0.0	0.0	0.0
k__Bacteria|p__Bacteroidota|c__Bacteroidia|o__Bacteroidales|f__Prevotellaceae|g__Segatella|s__Segatella_sanihominis	0.0	0.0	0.0	0.0	0.0	0.0	0.0	0.0	0.0	0.0	0.0	0.0	0.0	0.0	0.0	0.0	0.0	0.0	0.0	0.0	0.0	0.0	6.229642	6.354987	6.375359	6.271772	1.33048	1.309377	1.31672	1.291234	1.229651	1.303699	0.869349	1.225519	0.0	0.0	0.0	0.0	0.0	0.0	0.0	0.0	0.0	0.0
k__Bacteria|p__Bacteroidota|c__Bacteroidia|o__Bacteroidales|f__Prevotellaceae|g__Segatella|s__Segatella_brasiliensis	0.0	0.0	0.0	0.0	0.0	0.0	0.0	0.0	0.0	0.0	0.0	0.0	0.0	0.0	0.0	0.0	0.0	0.0	0.0	0.0	0.0	0.0	5.181838	5.411696	5.324487	5.105166	6.637245	6.586237	6.362336	6.49112	4.302544	4.942051	4.883889	4.842146	0.0	0.0	0.0	0.0	0.0	0.0	0.0	0.0	0.0	0.0
k__Bacteria|p__Firmicutes|c__CFGB2858|o__OFGB2858|f__FGB2858|g__GGB9134|s__GGB9134_SGB14068	0.0	0.0	0.0	0.0	0.0	0.0	0.0	0.0	0.0	0.0	0.0	0.0	0.0	0.0	0.0	0.0	0.0	0.0	0.0	0.0	0.0	0.0	5.148211	5.330496	5.416848	5.488007	0.0	0.0	0.0	0.0	0.0	0.0	0.0	0.0	0.0	0.0	0.0	0.0	0.0	0.0	0.0	0.0	0.0	0.0
k__Bacteria|p__Firmicutes|c__CFGB31455|o__OFGB31455|f__FGB31455|g__GGB4699|s__GGB4699_SGB6503	0.0	0.0	0.0	0.0	0.0	0.0	0.0	0.0	0.0	0.0	0.0	0.0	0.0	0.0	0.0	0.0	0.0	0.0	0.0	0.0	0.0	0.0	2.565424	2.663169	2.514216	2.638681	0.0	0.0	0.0	0.0	3.735917	3.76786	6.014936	6.97248	0.0	0.0	0.0	0.0	0.0	0.0	0.0	0.0	0.0	0.0
k__Bacteria|p__Bacteroidota|c__Bacteroidia|o__Bacteroidales|f__Prevotellaceae|g__Prevotellamassilia|s__Prevotellamassilia_timonensis	0.0	0.0	0.0	0.0	0.0	0.0	0.0	0.0	0.0	0.0	0.0	0.0	0.0	0.0	0.0	0.0	0.0	0.0	0.0	0.0	0.0	0.0	2.416515	2.292798	2.332816	2.369488	0.0	0.0	0.0	0.0	2.094103	1.967048	1.679823	1.843262	0.04842	0.059999	0.039435	0.051434	0.0	0.0	0.0	0.0	0.0	0.0
k__Bacteria|p__Firmicutes|c__CFGB14936|o__OFGB14936|f__FGB14936|g__GGB5201|s__GGB5201_SGB7260	0.0	0.0	0.0	0.0	0.0	0.0	0.0	0.0	0.0	0.0	0.0	0.0	0.0	0.0	0.0	0.0	0.0	0.0	0.0	0.0	0.0	0.0	2.318823	2.267198	2.239123	2.198851	0.0	0.0	0.0	0.0	0.0	0.0	0.0	0.0	0.0	0.0	0.0	0.0	0.0	0.0	0.0	0.0	0.0	0.0
k__Bacteria|p__Bacteroidota|c__Bacteroidia|o__Bacteroidales|f__Prevotellaceae|g__GGB82047|s__GGB82047_SGB1701	0.0	0.0	0.0	0.0	0.0	0.0	0.0	0.0	0.0	0.0	0.0	0.0	0.0	0.0	0.0	0.0	0.0	0.0	0.0	0.0	0.0	0.0	2.215303	2.217881	2.114795	2.083884	0.0	0.0	0.0	0.0	0.0	0.0	0.0	0.0	0.0	0.0	0.0	0.0	0.0	0.0	0.0	0.0	0.0	0.0
k__Bacteria|p__Firmicutes|c__CFGB1765|o__OFGB1765|f__FGB1765|g__GGB4578|s__GGB4578_SGB6328	0.0	0.0	0.0	0.0	0.0	0.0	0.0	0.0	0.0	0.0	0.0	0.0	0.0	0.0	0.0	0.0	0.0	0.0	0.0	0.0	0.0	0.0	1.523222	1.645144	1.529228	1.582014	0.0	0.0	0.0	0.0	0.0	0.0	0.0	0.0	0.0	0.0	0.0	0.0	0.0	0.0	0.0	0.0	0.0	0.0
k__Bacteria|p__Firmicutes|c__CFGB2982|o__OFGB2982|f__FGB2982|g__GGB9342|s__GGB9342_SGB14306	0.0	0.0	0.0	0.0	0.0	0.0	0.0	0.0	0.0	0.0	0.0	0.0	0.0	0.0	0.0	0.0	0.0	0.0	0.0	0.0	0.0	0.0	1.161284	1.128512	1.188356	1.184273	0.0	0.0	0.0	0.0	0.0	0.0	0.0	0.0	0.0	0.0	0.0	0.0	1.159477	1.192839	1.260385	0.0	0.0	0.0
k__Bacteria|p__Bacteroidota|c__Bacteroidia|o__Bacteroidales|f__Prevotellaceae|g__GGB1247|s__GGB1247_SGB1668	0.0	0.0	0.0	0.0	0.0	0.0	0.0	0.0	0.0	0.0	0.0	0.0	0.0	0.0	0.0	0.0	0.0	0.0	0.0	0.0	0.0	0.0	1.103361	1.147519	1.11503	1.124394	0.0	0.0	0.0	0.0	0.902249	0.869416	0.649188	0.497059	0.0	0.0	0.0	0.0	0.0	0.0	0.0	0.0	0.0	0.0
k__Bacteria|p__Pseudomonadota|c__Betaproteobacteria|o__Burkholderiales|f__Sutterellaceae|g__GGB6565|s__GGB6565_SGB9274	0.0	0.0	0.0	0.0	0.0	0.0	0.0	0.0	0.0	0.0	0.0	0.0	0.0	0.0	0.0	0.0	0.0	0.0	0.0	0.0	0.0	0.0	1.052598	0.961855	1.002319	1.051063	0.0	0.0	0.0	0.0	0.0	0.0	0.0	0.0	0.0	0.0	0.0	0.0	0.0	0.0	0.0	0.0	0.0	0.0
k__Bacteria|p__Candidatus_Melainabacteria|c__Candidatus_Melainabacteria_unclassified|o__Candidatus_Gastranaerophilales|f__Candidatus_Gastranaerophilales_unclassified|g__GGB13727|s__GGB13727_SGB8655	0.0	0.0	0.0	0.0	0.0	0.0	0.0	0.0	0.0	0.0	0.0	0.0	0.0	0.0	0.0	0.0	0.0	0.0	0.0	0.0	0.0	0.0	0.965643	0.989229	0.970414	0.957761	0.0	0.0	0.0	0.0	0.0	0.0	0.0	0.0	0.0	0.0	0.0	0.0	0.0	0.0	0.0	0.0	0.0	0.0
k__Bacteria|p__Firmicutes|c__Clostridia|o__Eubacteriales|f__Oscillospiraceae|g__GGB9634|s__GGB9634_SGB15106	0.0	0.0	0.0	0.0	0.0	0.0	0.0	0.0	0.0	0.0	0.0	0.0	0.0	0.0	0.0	0.0	0.0	0.0	0.0	0.0	0.0	0.0	0.939239	0.851454	0.884433	0.886195	0.0	0.0	0.0	0.0	0.448546	0.449456	0.154376	0.192721	0.0	0.0	0.0	0.0	0.255528	0.255727	0.257194	2.362064	2.08569	2.081985
k__Bacteria|p__Firmicutes|c__Clostridia|o__Eubacteriales|f__Oscillospiraceae|g__Oscillibacter|s__Oscillibacter_sp_MSJ_31	0.0	0.0	0.0	0.0	0.0	0.0	0.0	0.0	0.0	0.0	0.0	0.0	0.0	0.0	0.0	0.0	0.0	0.0	0.0	0.0	0.0	0.0	0.911433	0.817667	0.822109	0.802362	0.115499	0.091619	0.065199	0.080296	0.436841	0.332349	0.0	0.243822	0.0	0.0	0.0	0.0	1.831813	1.63589	1.675359	1.008956	0.98097	1.011739
k__Bacteria|p__Firmicutes|c__CFGB3062|o__OFGB3062|f__FGB3062|g__GGB9747|s__GGB9747_SGB15356	0.0	0.0	0.0	0.0	0.0	0.0	0.0	0.0	0.0	0.0	0.0	0.0	0.0	0.0	0.0	0.0	0.0	0.0	0.0	0.0	0.0	0.0	0.860301	0.855134	0.822498	0.777927	0.0	0.0	0.0	0.0	0.0	0.0	0.0	0.0	0.0	0.0	0.0	0.0	2.527732	2.350574	2.373878	0.0	0.0	0.0
k__Bacteria|p__Firmicutes|c__Clostridia|o__Christensenellales|f__Christensenellaceae|g__GGB9103|s__GGB9103_SGB14035	0.0	0.0	0.0	0.0	0.0	0.0	0.0	0.0	0.0	0.0	0.0	0.0	0.0	0.0	0.0	0.0	0.0	0.0	0.0	0.0	0.0	0.0	0.844899	0.761198	0.825371	0.822321	0.0	0.0	0.0	0.0	0.0	0.0	0.0	0.0	0.0	0.0	0.0	0.0	0.0	0.0	0.0	0.0	0.0	0.0
k__Bacteria|p__Firmicutes|c__Clostridia|o__Eubacteriales|f__Oscillospiraceae|g__GGB9602|s__GGB9602_SGB15031	0.0	0.0	0.0	0.0	0.0	0.0	0.0	0.0	0.0	0.0	0.0	0.0	0.0	0.0	0.0	0.0	0.0	0.0	0.0	0.0	0.0	0.0	0.751994	0.696678	0.707258	0.734282	0.0	0.0	0.0	0.0	0.116491	0.145118	0.0	0.0	0.0	0.0	0.0	0.0	0.179127	0.163775	0.181256	0.0	0.0	0.0
k__Bacteria|p__Firmicutes|c__Clostridia|o__Eubacteriales|f__Oscillospiraceae|g__Brotocaccenecus|s__Brotocaccenecus_SGB15090	0.0	0.0	0.0	0.0	0.0	0.0	0.0	0.0	0.0	0.0	0.0	0.0	0.0	0.0	0.0	0.0	0.0	0.0	0.0	0.0	0.0	0.0	0.63587	0.561272	0.589462	0.555742	0.058959	0.029595	0.023667	0.040065	0.0	0.0	0.0	0.0	0.0	0.0	0.0	0.0	0.360927	0.324976	0.399375	0.0	0.0	0.0
k__Bacteria|p__Firmicutes|c__CFGB2937|o__OFGB2937|f__FGB2937|g__GGB9270|s__GGB9270_SGB14221	0.0	0.0	0.0	0.0	0.0	0.0	0.0	0.0	0.0	0.0	0.0	0.0	0.0	0.0	0.0	0.0	0.0	0.0	0.0	0.0	0.0	0.0	0.625444	0.628809	0.659276	0.61977	0.0	0.0	0.0	0.0	0.0	0.0	0.0	0.0	0.0	0.0	0.0	0.0	0.0	0.0	0.0	0.0	0.0	0.0
k__Bacteria|p__Firmicutes|c__Clostridia|o__Eubacteriales|f__Oscillospiraceae|g__GGB9708|s__GGB9708_SGB15234	0.0	0.0	0.0	0.0	0.0	0.0	0.0	0.0	0.0	0.0	0.0	0.0	0.0	0.0	0.0	0.0	0.0	0.0	0.0	0.0	0.0	0.0	0.564275	0.484771	0.515164	0.475004	0.111354	0.100806	0.148144	0.133499	0.0	0.0	0.0	0.0	0.0	0.0	0.0	0.0	0.0	0.0	0.0	0.0	0.008672	0.001062
k__Bacteria|p__Firmicutes|c__Clostridia|o__Eubacteriales|f__Oscillospiraceae|g__GGB100518|s__GGB100518_SGB15239	0.0	0.0	0.0	0.0	0.0	0.0	0.0	0.0	0.0	0.0	0.0	0.0	0.0	0.0	0.0	0.0	0.0	0.0	0.0	0.0	0.0	0.0	0.412911	0.405716	0.405176	0.408031	0.0	0.0	0.0	0.0	0.0	0.0	0.0	0.0	0.0	0.0	0.0	0.0	0.0	0.0	0.0	0.0	0.0	0.0
k__Bacteria|p__Firmicutes|c__CFGB1765|o__OFGB1765|f__FGB1765|g__GGB4599|s__GGB4599_SGB6362	0.0	0.0	0.0	0.0	0.0	0.0	0.0	0.0	0.0	0.0	0.0	0.0	0.0	0.0	0.0	0.0	0.0	0.0	0.0	0.0	0.0	0.0	0.338103	0.358745	0.350394	0.3565	0.0	0.0	0.0	0.0	0.0	0.0	0.0	0.0	0.0	0.0	0.0	0.0	0.0	0.0	0.0	0.0	0.0	0.0
k__Bacteria|p__Firmicutes|c__CFGB9119|o__OFGB9119|f__FGB9119|g__GGB4667|s__GGB4667_SGB6456	0.0	0.0	0.0	0.0	0.0	0.0	0.0	0.0	0.0	0.0	0.0	0.0	0.0	0.0	0.0	0.0	0.0	0.0	0.0	0.0	0.0	0.0	0.328116	0.338114	0.34669	0.327014	0.0	0.0	0.0	0.0	0.0	0.0	0.0	0.0	0.0	0.0	0.0	0.0	0.0	0.0	0.0	0.0	0.0	0.0
k__Bacteria|p__Bacteroidota|c__Bacteroidia|o__Bacteroidales|f__Prevotellaceae|g__Segatella|s__Segatella_sinica	0.0	0.0	0.0	0.0	0.0	0.0	0.0	0.0	0.0	0.0	0.0	0.0	0.0	0.0	0.0	0.0	0.0	0.0	0.0	0.0	0.0	0.0	0.306076	0.352419	0.367496	0.326019	0.0	0.0	0.0	0.0	0.0	0.0	0.0	0.0	0.0	0.0	0.0	0.0	0.0	0.0	0.0	0.0	0.0	0.0
k__Bacteria|p__Firmicutes|c__Clostridia|o__Eubacteriales|f__Oscillospiraceae|g__GGB9708|s__GGB9708_SGB15236	0.0	0.0	0.0	0.0	0.0	0.0	0.0	0.0	0.0	0.0	0.0	0.0	0.0	0.0	0.0	0.0	0.0	0.0	0.0	0.0	0.0	0.0	0.271893	0.262264	0.287446	0.24428	0.011409	0.011266	0.022315	0.017545	0.0	0.0	0.0	0.0	0.0	0.0	0.0	0.0	0.0	0.0	0.0	0.0	0.0	0.0
k__Bacteria|p__Firmicutes|c__Clostridia|o__Eubacteriales|f__Oscillospiraceae|g__Oscillospiraceae_unclassified|s__Ruminococcaceae_bacterium_AM53_2BH	0.0	0.0	0.0	0.0	0.0	0.0	0.0	0.0	0.0	0.0	0.0	0.0	0.0	0.0	0.0	0.0	0.0	0.0	0.0	0.0	0.0	0.0	0.193967	0.199544	0.205346	0.188972	0.0	0.0	0.0	0.0	0.0	0.0	0.0	0.0	0.0	0.0	0.0	0.0	0.0	0.0	0.0	0.0	0.0	0.0
k__Bacteria|p__Firmicutes|c__Clostridia|o__Eubacteriales|f__Oscillospiraceae|g__Oscillospiraceae_unclassified|s__Oscillospiraceae_unclassified_SGB15256	0.0	0.0	0.0	0.0	0.0	0.0	0.0	0.0	0.0	0.0	0.0	0.0	0.0	0.0	0.0	0.0	0.0	0.0	0.0	0.0	0.0	0.0	0.184192	0.220814	0.214221	0.167762	0.0	0.0	0.0	0.0	0.0	0.0	0.0	0.0	0.0	0.0	0.0	0.0	0.0	0.0	0.0	0.0	0.0	0.0
k__Bacteria|p__Firmicutes|c__CFGB2845|o__OFGB2845|f__FGB2845|g__GGB9115|s__GGB9115_SGB14048	0.0	0.0	0.0	0.0	0.0	0.0	0.0	0.0	0.0	0.0	0.0	0.0	0.0	0.0	0.0	0.0	0.0	0.0	0.0	0.0	0.0	0.0	0.180872	0.173607	0.169818	0.179795	0.0	0.0	0.0	0.0	0.0	0.0	0.0	0.0	0.0	0.0	0.0	0.0	0.0	0.0	0.0	0.0	0.0	0.0
k__Bacteria|p__Firmicutes|c__Clostridia|o__Eubacteriales|f__Clostridiaceae|g__Clostridiaceae_unclassified|s__Clostridiaceae_unclassified_SGB4769	0.0	0.0	0.0	0.0	0.0	0.0	0.0	0.0	0.0	0.0	0.0	0.0	0.0	0.0	0.0	0.0	0.0	0.0	0.0	0.0	0.0	0.0	0.175152	0.153767	0.14597	0.164711	0.0	0.0	0.0	0.0	0.0	0.0	0.0	0.0	0.0	0.0	0.0	0.0	0.0	0.0	0.0	0.001442	0.0	0.0
k__Bacteria|p__Firmicutes|c__CFGB72904|o__OFGB72904|f__FGB72904|g__GGB47150|s__GGB47150_SGB65079	0.0	0.0	0.0	0.0	0.0	0.0	0.0	0.0	0.0	0.0	0.0	0.0	0.0	0.0	0.0	0.0	0.0	0.0	0.0	0.0	0.0	0.0	0.15762	0.169808	0.157616	0.170305	0.0	0.0	0.0	0.0	0.0	0.0	0.0	0.0	0.0	0.0	0.0	0.0	0.0	0.0	0.0	0.0	0.0	0.0
k__Archaea|p__Thermoplasmatota|c__Thermoplasmata|o__Methanomassiliicoccales|f__Methanomassiliicoccaceae|g__Methanomassiliicoccus|s__Candidatus_Methanomassiliicoccus_intestinalis	0.0	0.0	0.0	0.0	0.0	0.0	0.0	0.0	0.0	0.0	0.0	0.0	0.0	0.0	0.0	0.0	0.0	0.0	0.0	0.0	0.0	0.0	0.145242	0.130923	0.122618	0.135924	0.0	0.0	0.0	0.0	0.0	0.0	0.0	0.0	0.0	0.0	0.0	0.0	0.0	0.0	0.0	0.0	0.0	0.0
k__Bacteria|p__Mycoplasmatota|c__CFGB94683|o__OFGB94683|f__FGB94683|g__GGB4768|s__GGB4768_SGB6601	0.0	0.0	0.0	0.0	0.0	0.0	0.0	0.0	0.0	0.0	0.0	0.0	0.0	0.0	0.0	0.0	0.0	0.0	0.0	0.0	0.0	0.0	0.141781	0.150381	0.130614	0.145675	0.0	0.0	0.0	0.0	0.0	0.0	0.0	0.0	0.0	0.0	0.0	0.0	0.0	0.0	0.0	0.0	0.0	0.0
k__Bacteria|p__Pseudomonadota|c__Betaproteobacteria|o__Burkholderiales|f__Sutterellaceae|g__Sutterella|s__Sutterella_wadsworthensis	0.0	0.0	0.0	0.0	0.0	0.0	0.0	0.0	0.0	0.0	0.0	0.0	0.0	0.0	0.0	0.0	0.0	0.0	0.0	0.0	0.0	0.0	0.115252	0.110793	0.112909	0.120909	0.812826	0.797683	0.780436	0.814563	0.0	0.0	0.0	0.0	0.0	0.0	0.0	0.0	0.0	0.0	0.0	1.61562	1.67032	1.675549
k__Bacteria|p__Lentisphaerota|c__Lentisphaeria|o__Victivallales|f__Victivallaceae|g__Victivallis|s__Victivallis_vadensis	0.0	0.0	0.0	0.0	0.0	0.0	0.0	0.0	0.0	0.0	0.0	0.0	0.0	0.0	0.0	0.0	0.0	0.0	0.0	0.0	0.0	0.0	0.080269	0.094252	0.084012	0.088364	0.0	0.0	0.0	0.0	0.0	0.0	0.0	0.0	0.0	0.0	0.0	0.0	0.0	0.0	0.0	0.0	0.0	0.0
k__Bacteria|p__Firmicutes|c__CFGB1765|o__OFGB1765|f__FGB1765|g__GGB4604|s__GGB4604_SGB6369	0.0	0.0	0.0	0.0	0.0	0.0	0.0	0.0	0.0	0.0	0.0	0.0	0.0	0.0	0.0	0.0	0.0	0.0	0.0	0.0	0.0	0.0	0.077768	0.095747	0.07863	0.079655	0.0	0.0	0.0	0.0	0.0	0.0	0.0	0.0	0.0	0.0	0.0	0.0	0.0	0.0	0.0	0.0	0.0	0.0
k__Bacteria|p__Firmicutes|c__CFGB2952|o__OFGB2952|f__FGB2952|g__GGB9293|s__GGB9293_SGB14250	0.0	0.0	0.0	0.0	0.0	0.0	0.0	0.0	0.0	0.0	0.0	0.0	0.0	0.0	0.0	0.0	0.0	0.0	0.0	0.0	0.0	0.0	0.066623	0.043067	0.048841	0.047017	0.0	0.0	0.0	0.0	0.044912	0.0	0.0	0.0	0.0	0.0	0.0	0.0	0.0	0.0	0.0	0.0	0.0	0.0
k__Bacteria|p__Firmicutes|c__CFGB3054|o__OFGB3054|f__FGB3054|g__GGB33512|s__GGB33512_SGB15201	0.0	0.0	0.0	0.0	0.0	0.0	0.0	0.0	0.0	0.0	0.0	0.0	0.0	0.0	0.0	0.0	0.0	0.0	0.0	0.0	0.0	0.0	0.062923	0.073713	0.055223	0.06152	0.0	0.0	0.0	0.0	0.0	0.0	0.0	0.0	0.0	0.0	0.0	0.0	0.0	0.0	0.0	0.0	0.0	0.0
k__Bacteria|p__Firmicutes|c__CFGB1359|o__OFGB1359|f__FGB1359|g__GGB3321|s__GGB3321_SGB4394	0.0	0.0	0.0	0.0	0.0	0.0	0.0	0.0	0.0	0.0	0.0	0.0	0.0	0.0	0.0	0.0	0.0	0.0	0.0	0.0	0.0	0.0	0.061541	0.058956	0.063018	0.052472	0.0	0.0	0.0	0.0	0.0	0.0	0.0	0.0	0.0	0.0	0.0	0.0	0.0	0.0	0.0	0.0	0.0	0.0
k__Bacteria|p__Firmicutes|c__Clostridia|o__Lachnospirales|f__Lachnospiraceae|g__GGB13283|s__GGB13283_SGB4948	0.0	0.0	0.0	0.0	0.0	0.0	0.0	0.0	0.0	0.0	0.0	0.0	0.0	0.0	0.0	0.0	0.0	0.0	0.0	0.0	0.0	0.0	0.060182	0.066849	0.081343	0.067119	0.0	0.0	0.0	0.0	0.0	0.0	0.0	0.0	0.0	0.0	0.0	0.0	0.0	0.0	0.0	0.0	0.0	0.0
k__Bacteria|p__Firmicutes|c__Clostridia|o__Eubacteriales|f__Eubacteriales_unclassified|g__Gemmiger|s__Gemmiger_SGB15295	0.0	0.0	0.0	0.0	0.0	0.0	0.0	0.0	0.0	0.0	0.0	0.0	0.0	0.0	0.0	0.0	0.0	0.0	0.0	0.0	0.0	0.0	0.060052	0.054031	0.065195	0.071092	0.0	0.0	0.0	0.0	0.0	0.0	0.0	0.0	0.0	0.0	0.0	0.0	0.0	0.0	0.0	0.0	0.0	0.0
k__Bacteria|p__Firmicutes|c__Clostridia|o__Eubacteriales|f__Oscillospiraceae|g__GGB9619|s__GGB9619_SGB15066	0.0	0.0	0.0	0.0	0.0	0.0	0.0	0.0	0.0	0.0	0.0	0.0	0.0	0.0	0.0	0.0	0.0	0.0	0.0	0.0	0.0	0.0	0.053868	0.041828	0.030136	0.029726	0.0	0.0	0.0	0.0	0.0	0.0	0.0	0.0	0.0	0.0	0.0	0.0	0.0	0.0	0.0	0.0	0.0	0.0
k__Bacteria|p__Firmicutes|c__Clostridia|o__Lachnospirales|f__Lachnospiraceae|g__GGB3619|s__GGB3619_SGB4894	0.0	0.0	0.0	0.0	0.0	0.0	0.0	0.0	0.0	0.0	0.0	0.0	0.0	0.0	0.0	0.0	0.0	0.0	0.0	0.0	0.0	0.0	0.053709	0.043223	0.049915	0.058422	0.0	0.0	0.0	0.0	0.0	0.0	0.0	0.0	0.0	0.0	0.0	0.0	0.0	0.0	0.0	0.0	0.0	0.0
k__Bacteria|p__Firmicutes|c__CFGB2834|o__OFGB2834|f__FGB2834|g__GGB33516|s__GGB33516_SGB54324	0.0	0.0	0.0	0.0	0.0	0.0	0.0	0.0	0.0	0.0	0.0	0.0	0.0	0.0	0.0	0.0	0.0	0.0	0.0	0.0	0.0	0.0	0.050829	0.043989	0.039249	0.046967	0.0	0.0	0.0	0.0	0.0	0.0	0.0	0.0	0.0	0.0	0.0	0.0	0.0	0.0	0.0	0.0	0.0	0.0
k__Bacteria|p__Firmicutes|c__CFGB2846|o__OFGB2846|f__FGB2846|g__GGB9117|s__GGB9117_SGB14050	0.0	0.0	0.0	0.0	0.0	0.0	0.0	0.0	0.0	0.0	0.0	0.0	0.0	0.0	0.0	0.0	0.0	0.0	0.0	0.0	0.0	0.0	0.044035	0.03513	0.037811	0.026506	0.0	0.0	0.0	0.0	0.0	0.0	0.0	0.0	0.0	0.0	0.0	0.0	0.0	0.0	0.0	0.0	0.0	0.0
k__Bacteria|p__Firmicutes|c__Clostridia|o__Eubacteriales|f__Oscillospiraceae|g__GGB9730|s__GGB9730_SGB15291	0.0	0.0	0.0	0.0	0.0	0.0	0.0	0.0	0.0	0.0	0.0	0.0	0.0	0.0	0.0	0.0	0.0	0.0	0.0	0.0	0.0	0.0	0.043074	0.031554	0.032407	0.044571	0.0	0.0	0.0	0.0	0.0	0.0	0.0	0.0	0.0	0.0	0.0	0.0	0.080691	0.080178	0.056911	0.0	0.0	0.0
k__Bacteria|p__Firmicutes|c__CFGB2834|o__OFGB2834|f__FGB2834|g__GGB9062|s__GGB9062_SGB13981	0.0	0.0	0.0	0.0	0.0	0.0	0.0	0.0	0.0	0.0	0.0	0.0	0.0	0.0	0.0	0.0	0.0	0.0	0.0	0.0	0.0	0.0	0.042723	0.037173	0.022806	0.03046	0.0	0.0	0.0	0.0	0.0	0.0	0.0	0.0	0.0	0.0	0.0	0.0	0.0	0.0	0.0	0.0	0.0	0.0
k__Bacteria|p__Thermodesulfobacteriota|c__Desulfovibrionia|o__Desulfovibrionales|f__Desulfovibrionaceae|g__GGB9819|s__GGB9819_SGB15460	0.0	0.0	0.0	0.0	0.0	0.0	0.0	0.0	0.0	0.0	0.0	0.0	0.0	0.0	0.0	0.0	0.0	0.0	0.0	0.0	0.0	0.0	0.040428	0.031837	0.041617	0.026172	0.0	0.0	0.0	0.0	0.0	0.0	0.0	0.0	0.0	0.0	0.0	0.0	0.0	0.0	0.0	0.0	0.0	0.0
k__Bacteria|p__Firmicutes|c__CFGB3043|o__OFGB3043|f__FGB3043|g__GGB9550|s__GGB9550_SGB14957	0.0	0.0	0.0	0.0	0.0	0.0	0.0	0.0	0.0	0.0	0.0	0.0	0.0	0.0	0.0	0.0	0.0	0.0	0.0	0.0	0.0	0.0	0.037346	0.028255	0.029539	0.026582	0.0	0.0	0.0	0.0	0.0	0.0	0.0	0.0	0.0	0.0	0.0	0.0	0.0	0.0	0.0	0.0	0.0	0.0
k__Bacteria|p__Firmicutes|c__Bacillota_unclassified|o__Bacillota_unclassified|f__Bacillota_unclassified|g__Negativibacillus|s__Negativibacillus_massiliensis	0.0	0.0	0.0	0.0	0.0	0.0	0.0	0.0	0.0	0.0	0.0	0.0	0.0	0.0	0.0	0.0	0.0	0.0	0.0	0.0	0.0	0.0	0.035124	0.037413	0.038714	0.045264	0.0	0.0	0.0	0.0	0.0	0.0	0.0	0.0	0.0	0.0	0.0	0.0	0.0	0.0	0.0	0.0	0.0	0.0
k__Bacteria|p__Firmicutes|c__Clostridia|o__Lachnospirales|f__Lachnospiraceae|g__GGB51441|s__GGB51441_SGB71759	0.0	0.0	0.0	0.0	0.0	0.0	0.0	0.0	0.0	0.0	0.0	0.0	0.0	0.0	0.0	0.0	0.0	0.0	0.0	0.0	0.0	0.0	0.030806	0.027827	0.027007	0.018064	0.0	0.0	0.0	0.0	0.0	0.0	0.0	0.0	0.0	0.0	0.0	0.0	0.0	0.0	0.0	0.0	0.0	0.0
k__Bacteria|p__Firmicutes|c__CFGB2881|o__OFGB2881|f__FGB2881|g__GGB9185|s__GGB9185_SGB14124	0.0	0.0	0.0	0.0	0.0	0.0	0.0	0.0	0.0	0.0	0.0	0.0	0.0	0.0	0.0	0.0	0.0	0.0	0.0	0.0	0.0	0.0	0.028166	0.020216	0.039295	0.022181	0.0	0.0	0.0	0.0	0.0	0.0	0.0	0.0	0.0	0.0	0.0	0.0	0.0	0.0	0.0	0.0	0.0	0.0
k__Bacteria|p__Firmicutes|c__CFGB2844|o__OFGB2844|f__FGB2844|g__GGB9110|s__GGB9110_SGB14043	0.0	0.0	0.0	0.0	0.0	0.0	0.0	0.0	0.0	0.0	0.0	0.0	0.0	0.0	0.0	0.0	0.0	0.0	0.0	0.0	0.0	0.0	0.028102	0.025896	0.021502	0.02306	0.0	0.0	0.0	0.0	0.0	0.0	0.0	0.0	0.0	0.0	0.0	0.0	0.0	0.0	0.0	0.0	0.0	0.0
k__Bacteria|p__Firmicutes|c__Clostridia|o__Lachnospirales|f__Lachnospiraceae|g__Roseburia|s__Roseburia_zhanii	0.0	0.0	0.0	0.0	0.0	0.0	0.0	0.0	0.0	0.0	0.0	0.0	0.0	0.0	0.0	0.0	0.0	0.0	0.0	0.0	0.0	0.0	0.027983	0.027869	0.017233	0.025121	0.0	0.0	0.0	0.0	0.0	0.0	0.0	0.0	0.0	0.0	0.0	0.0	0.0	0.0	0.0	0.009709	0.004223	0.004021
k__Bacteria|p__Firmicutes|c__Clostridia|o__Lachnospirales|f__Anaerotignaceae|g__Anaerotignum|s__Anaerotignum_faecicola	0.0	0.0	0.0	0.0	0.0	0.0	0.0	0.0	0.0	0.0	0.0	0.0	0.0	0.0	0.0	0.0	0.0	0.0	0.0	0.0	0.0	0.0	0.02761	0.037985	0.026068	0.035624	0.045529	0.040673	0.040777	0.036088	0.0	0.0	0.0	0.0	0.0	0.0	0.0	0.0	0.00748	0.031811	0.031894	0.195129	0.164293	0.157393
k__Bacteria|p__Firmicutes|c__Clostridia|o__Eubacteriales|f__Clostridiaceae|g__Clostridium|s__Clostridium_saudiense	0.0	0.0	0.0	0.0	0.0	0.0	0.0	0.0	0.0	0.0	0.0	0.0	0.0	0.0	0.0	0.0	0.0	0.0	0.0	0.0	0.0	0.0	0.026696	0.02258	0.02794	0.024629	0.0	0.0	0.0	0.0	0.0	0.0	0.0	0.0	0.0	0.0	0.0	0.0	0.0	0.0	0.0	0.0	0.0	0.0
k__Bacteria|p__Pseudomonadota|c__CFGB2404|o__OFGB2404|f__FGB2404|g__GGB9174|s__GGB9174_SGB14112	0.0	0.0	0.0	0.0	0.0	0.0	0.0	0.0	0.0	0.0	0.0	0.0	0.0	0.0	0.0	0.0	0.0	0.0	0.0	0.0	0.0	0.0	0.025827	0.021247	0.019877	0.028148	0.0	0.0	0.0	0.0	0.0	0.0	0.0	0.0	0.0	0.0	0.0	0.0	0.0	0.0	0.0	0.0	0.0	0.0
k__Bacteria|p__Firmicutes|c__CFGB2950|o__OFGB2950|f__FGB2950|g__GGB9292|s__GGB9292_SGB14249	0.0	0.0	0.0	0.0	0.0	0.0	0.0	0.0	0.0	0.0	0.0	0.0	0.0	0.0	0.0	0.0	0.0	0.0	0.0	0.0	0.0	0.0	0.025437	0.02229	0.024138	0.022055	0.0	0.0	0.0	0.0	0.0	0.0	0.0	0.0	0.0	0.0	0.0	0.0	0.0	0.0	0.0	0.0	0.0	0.0
k__Bacteria|p__Firmicutes|c__Clostridia|o__Lachnospirales|f__Lachnospiraceae|g__GGB3649|s__GGB3649_SGB4958	0.0	0.0	0.0	0.0	0.0	0.0	0.0	0.0	0.0	0.0	0.0	0.0	0.0	0.0	0.0	0.0	0.0	0.0	0.0	0.0	0.0	0.0	0.025434	0.012915	0.021699	0.018361	0.0	0.0	0.0	0.0	0.0	0.0	0.0	0.0	0.0	0.0	0.0	0.0	0.0	0.0	0.0	0.0	0.0	0.0
k__Bacteria|p__Lentisphaerota|c__Lentisphaeria|o__Victivallales|f__Victivallaceae|g__Victivallis|s__Victivallis_lenta	0.0	0.0	0.0	0.0	0.0	0.0	0.0	0.0	0.0	0.0	0.0	0.0	0.0	0.0	0.0	0.0	0.0	0.0	0.0	0.0	0.0	0.0	0.020467	0.015971	0.01259	0.010099	0.0	0.0	0.0	0.0	0.0	0.0	0.0	0.0	0.0	0.0	0.0	0.0	0.0	0.0	0.0	0.0	0.0	0.0
k__Bacteria|p__Firmicutes|c__Bacillota_unclassified|o__Bacillota_unclassified|f__Bacillota_unclassified|g__GGB2998|s__GGB2998_SGB3989	0.0	0.0	0.0	0.0	0.0	0.0	0.0	0.0	0.0	0.0	0.0	0.0	0.0	0.0	0.0	0.0	0.0	0.0	0.0	0.0	0.0	0.0	0.017489	0.023194	0.01815	0.009335	0.0	0.0	0.0	0.0	0.0	0.0	0.0	0.0	0.0	0.0	0.0	0.0	0.0	0.0	0.0	0.0	0.0	0.0
k__Bacteria|p__Firmicutes|c__Clostridia|o__Lachnospirales|f__Lachnospiraceae|g__Blautia|s__Blautia_intestinalis	0.0	0.0	0.0	0.0	0.0	0.0	0.0	0.0	0.0	0.0	0.0	0.0	0.0	0.0	0.0	0.0	0.0	0.0	0.0	0.0	0.0	0.0	0.014436	0.000894	0.009143	0.0	0.0	0.0	0.0	0.0	0.0	0.0	0.0	0.0	0.0	0.0	0.0	0.0	0.00513	0.0	0.0	0.016042	0.044146	0.023899
k__Bacteria|p__Bacteroidota|c__CFGB658|o__OFGB658|f__FGB658|g__GGB1627|s__GGB1627_SGB2230	0.0	0.0	0.0	0.0	0.0	0.0	0.0	0.0	0.0	0.0	0.0	0.0	0.0	0.0	0.0	0.0	0.0	0.0	0.0	0.0	0.0	0.0	0.014317	0.027147	0.017129	0.024382	0.0	0.0	0.0	0.0	0.0	0.0	0.0	0.0	0.0	0.0	0.0	0.0	0.0	0.0	0.0	0.0	0.0	0.0
k__Bacteria|p__Firmicutes|c__Clostridia|o__Eubacteriales|f__Oscillospiraceae|g__GGB52084|s__GGB52084_SGB72786	0.0	0.0	0.0	0.0	0.0	0.0	0.0	0.0	0.0	0.0	0.0	0.0	0.0	0.0	0.0	0.0	0.0	0.0	0.0	0.0	0.0	0.0	0.010419	0.004418	0.007179	0.004772	0.0	0.0	0.0	0.0	0.0	0.0	0.0	0.0	0.0	0.0	0.0	0.0	0.009169	0.001966	0.002076	0.0	0.0	0.0
k__Bacteria|p__Firmicutes|c__CFGB28386|o__OFGB28386|f__FGB28386|g__GGB44202|s__GGB44202_SGB61601	0.0	0.0	0.0	0.0	0.0	0.0	0.0	0.0	0.0	0.0	0.0	0.0	0.0	0.0	0.0	0.0	0.0	0.0	0.0	0.0	0.0	0.0	0.009126	0.013681	0.014938	0.004637	0.0	0.0	0.0	0.0	0.0	0.0	0.0	0.0	0.0	0.0	0.0	0.0	0.0	0.0	0.0	0.0	0.0	0.0
k__Bacteria|p__Firmicutes|c__Clostridia|o__Eubacteriales|f__Oscillospiraceae|g__GGB9708|s__GGB9708_SGB15233	0.0	0.0	0.0	0.0	0.0	0.0	0.0	0.0	0.0	0.0	0.0	0.0	0.0	0.0	0.0	0.0	0.0	0.0	0.0	0.0	0.0	0.0	0.007717	0.005995	0.002013	0.0	0.0	0.0	0.0	0.0	0.0	0.0	0.0	0.0	0.0	0.0	0.0	0.0	0.089134	0.086465	0.091128	0.0	0.0	0.0
k__Bacteria|p__Bacteroidota|c__Bacteroidia|o__Bacteroidales|f__Prevotellaceae|g__Segatella|s__Segatella_brunsvicensis	0.0	0.0	0.0	0.0	0.0	0.0	0.0	0.0	0.0	0.0	0.0	0.0	0.0	0.0	0.0	0.0	0.0	0.0	0.0	0.0	0.0	0.0	0.007519	0.012499	0.002534	0.001111	3.328628	3.360496	3.312583	3.399234	7.719861	7.381589	7.6422	7.468848	0.0	0.0	0.0	0.0	0.0	0.0	0.0	13.400474	13.535027	13.657852
k__Bacteria|p__Bacteroidota|c__Bacteroidia|o__Bacteroidales|f__Odoribacteraceae|g__Butyricimonas|s__Butyricimonas_hominis	0.0	0.0	0.0	0.0	0.0	0.0	0.0	0.0	0.0	0.0	0.0	0.0	0.0	0.0	0.0	0.0	0.0	0.0	0.0	0.0	0.0	0.0	0.007397	0.002998	0.0	0.0	0.0	0.0	0.0	0.0	0.0	0.0	0.0	0.0	0.0	0.0	0.0	0.0	0.0	0.0	0.0	0.238567	0.239033	0.262813
k__Bacteria|p__Firmicutes|c__Clostridia|o__Eubacteriales|f__Clostridiaceae|g__GGB3548|s__GGB3548_SGB4744	0.0	0.0	0.0	0.0	0.0	0.0	0.0	0.0	0.0	0.0	0.0	0.0	0.0	0.0	0.0	0.0	0.0	0.0	0.0	0.0	0.0	0.0	0.005082	0.000984	0.007809	0.0	0.0	0.0	0.0	0.0	0.0	0.0	0.0	0.0	0.0	0.0	0.0	0.0	0.0	0.0	0.0	0.0	0.0	0.0
k__Bacteria|p__Firmicutes|c__CFGB3054|o__OFGB3054|f__FGB3054|g__GGB33512|s__GGB33512_SGB15204	0.0	0.0	0.0	0.0	0.0	0.0	0.0	0.0	0.0	0.0	0.0	0.0	0.0	0.0	0.0	0.0	0.0	0.0	0.0	0.0	0.0	0.0	0.003513	0.0	0.0	0.0	0.0	0.0	0.0	0.0	0.0	0.0	0.0	0.0	0.0	0.0	0.0	0.0	0.004301	0.0	0.008209	0.0	0.0	0.0
k__Bacteria|p__Firmicutes|c__CFGB3047|o__OFGB3047|f__FGB3047|g__GGB52130|s__GGB52130_SGB14966	0.0	0.0	0.0	0.0	0.0	0.0	0.0	0.0	0.0	0.0	0.0	0.0	0.0	0.0	0.0	0.0	0.0	0.0	0.0	0.0	0.0	0.0	0.003432	0.003263	0.002668	0.001406	0.0	0.0	0.0	0.0	0.0	0.0	0.0	0.0	0.0	0.0	0.0	0.0	0.0	0.0	0.0	0.0	0.0	0.0
k__Bacteria|p__Firmicutes|c__CFGB38642|o__OFGB38642|f__FGB38642|g__GGB9770|s__GGB9770_SGB15389	0.0	0.0	0.0	0.0	0.0	0.0	0.0	0.0	0.0	0.0	0.0	0.0	0.0	0.0	0.0	0.0	0.0	0.0	0.0	0.0	0.0	0.0	0.003277	0.0	0.003212	0.0	0.0	0.0	0.0	0.0	0.0	0.0	0.0	0.0	0.0	0.0	0.0	0.0	0.0	0.0	0.0	0.0	0.0	0.0
k__Bacteria|p__Firmicutes|c__Clostridia|o__Lachnospirales|f__Lachnospiraceae|g__Cuneatibacter|s__Cuneatibacter_sp_NSJ_177	0.0	0.0	0.0	0.0	0.0	0.0	0.0	0.0	0.0	0.0	0.0	0.0	0.0	0.0	0.0	0.0	0.0	0.0	0.0	0.0	0.0	0.0	0.003099	0.001963	0.005164	0.003091	0.0	0.0	0.0	0.0	0.0	0.0	0.0	0.0	0.0	0.0	0.0	0.0	0.0	0.0	0.0	0.0	0.0	0.0
k__Bacteria|p__Firmicutes|c__Clostridia|o__Eubacteriales|f__Oscillospiraceae|g__Oscillospiraceae_unclassified|s__Oscillospiraceae_bacterium_Marseille_Q3528	0.0	0.0	0.0	0.0	0.0	0.0	0.0	0.0	0.0	0.0	0.0	0.0	0.0	0.0	0.0	0.0	0.0	0.0	0.0	0.0	0.0	0.0	0.002191	0.001374	0.001038	0.0	0.0	0.0	0.0	0.0	0.0	0.0	0.0	0.0	0.0	0.0	0.0	0.0	0.0	0.0	0.0	0.0	0.0	0.0
k__Bacteria|p__Firmicutes|c__CFGB93792|o__OFGB93792|f__FGB93792|g__GGB9524|s__GGB9524_SGB14924	0.0	0.0	0.0	0.0	0.0	0.0	0.0	0.0	0.0	0.0	0.0	0.0	0.0	0.0	0.0	0.0	0.0	0.0	0.0	0.0	0.0	0.0	0.002122	0.002657	0.000572	0.002966	0.0	0.0	0.0	0.0	0.0	0.0	0.0	0.0	0.0	0.0	0.0	0.0	0.000606	0.002377	0.0	0.0	0.0	0.0
k__Bacteria|p__Firmicutes|c__Clostridia|o__Eubacteriales|f__Oscillospiraceae|g__GGB9237|s__GGB9237_SGB14179	0.0	0.0	0.0	0.0	0.0	0.0	0.0	0.0	0.0	0.0	0.0	0.0	0.0	0.0	0.0	0.0	0.0	0.0	0.0	0.0	0.0	0.0	0.002085	0.002817	0.004205	0.002347	0.0	0.0	0.0	0.0	0.0	0.0	0.0	0.0	0.0	0.0	0.0	0.0	0.0	0.0	0.0	0.0	0.0	0.0
k__Bacteria|p__Firmicutes|c__Clostridia|o__Lachnospirales|f__Lachnospiraceae|g__Anaerosacchariphilus|s__Anaerosacchariphilus_hominis	0.0	0.0	0.0	0.0	0.0	0.0	0.0	0.0	0.0	0.0	0.0	0.0	0.0	0.0	0.0	0.0	0.0	0.0	0.0	0.0	0.0	0.0	0.001886	0.004999	0.002072	0.002528	0.0	0.0	0.0	0.0	0.0	0.0	0.0	0.0	0.0	0.0	0.0	0.0	0.0	0.0	0.0	0.0	0.0	0.0
k__Bacteria|p__Firmicutes|c__Clostridia|o__Lachnospirales|f__Lachnospiraceae|g__GGB3593|s__GGB3593_SGB4817	0.0	0.0	0.0	0.0	0.0	0.0	0.0	0.0	0.0	0.0	0.0	0.0	0.0	0.0	0.0	0.0	0.0	0.0	0.0	0.0	0.0	0.0	0.001848	0.001563	0.001897	0.00046	0.0	0.0	0.0	0.0	0.0	0.0	0.0	0.0	0.0	0.0	0.0	0.0	0.0	0.0	0.0	0.0	0.0	0.0
k__Bacteria|p__Firmicutes|c__Clostridia|o__Eubacteriales|f__Oscillospiraceae|g__Anaerotruncus|s__Anaerotruncus_rubiinfantis	0.0	0.0	0.0	0.0	0.0	0.0	0.0	0.0	0.0	0.0	0.0	0.0	0.0	0.0	0.0	0.0	0.0	0.0	0.0	0.0	0.0	0.0	0.001761	0.0	0.001184	0.000431	0.0	0.0	0.0	0.0	0.0	0.0	0.0	0.0	0.0	0.0	0.0	0.0	0.0	0.0	0.0	0.000531	0.0	0.0
k__Bacteria|p__Firmicutes|c__Clostridia|o__Eubacteriales|f__Oscillospiraceae|g__Youxingia|s__Youxingia_wuxianensis	0.0	0.0	0.0	0.0	0.0	0.0	0.0	0.0	0.0	0.0	0.0	0.0	0.0	0.0	0.0	0.0	0.0	0.0	0.0	0.0	0.0	0.0	0.000841	0.000709	0.00038	0.004135	0.0	0.0	0.0	0.0	0.0	0.0	0.0	0.0	0.0	0.0	0.0	0.0	0.00019	0.0	0.0	0.0	0.0	0.0
k__Bacteria|p__Firmicutes|c__CFGB2833|o__OFGB2833|f__FGB2833|g__GGB9057|s__GGB9057_SGB13972|t__SGB13972	0.0	0.0	0.0	0.0	0.0	0.0	0.0	0.0	0.0	0.0	0.0	0.0	0.0	0.0	0.0	0.0	0.0	0.0	0.0	0.0	0.0	0.0	9.279135	9.258444	9.332436	9.235989	0.0	0.0	0.0	0.0	0.0	0.0	0.0	0.0	0.0	0.0	0.0	0.0	0.0	0.0	0.0	0.0	0.0	0.0
k__Bacteria|p__Bacteroidota|c__Bacteroidia|o__Bacteroidales|f__Prevotellaceae|g__Segatella|s__Segatella_sanihominis|t__SGB1614	0.0	0.0	0.0	0.0	0.0	0.0	0.0	0.0	0.0	0.0	0.0	0.0	0.0	0.0	0.0	0.0	0.0	0.0	0.0	0.0	0.0	0.0	6.229642	6.354987	6.375359	6.271772	1.33048	1.309377	1.31672	1.291234	1.229651	1.303699	0.869349	1.225519	0.0	0.0	0.0	0.0	0.0	0.0	0.0	0.0	0.0	0.0
k__Bacteria|p__Bacteroidota|c__Bacteroidia|o__Bacteroidales|f__Prevotellaceae|g__Segatella|s__Segatella_brasiliensis|t__SGB1636	0.0	0.0	0.0	0.0	0.0	0.0	0.0	0.0	0.0	0.0	0.0	0.0	0.0	0.0	0.0	0.0	0.0	0.0	0.0	0.0	0.0	0.0	5.181838	5.411696	5.324487	5.105166	6.637245	6.586237	6.362336	6.49112	0.0	0.0	0.0	0.0	0.0	0.0	0.0	0.0	0.0	0.0	0.0	0.0	0.0	0.0
k__Bacteria|p__Firmicutes|c__CFGB2858|o__OFGB2858|f__FGB2858|g__GGB9134|s__GGB9134_SGB14068|t__SGB14068	0.0	0.0	0.0	0.0	0.0	0.0	0.0	0.0	0.0	0.0	0.0	0.0	0.0	0.0	0.0	0.0	0.0	0.0	0.0	0.0	0.0	0.0	5.148211	5.330496	5.416848	5.488007	0.0	0.0	0.0	0.0	0.0	0.0	0.0	0.0	0.0	0.0	0.0	0.0	0.0	0.0	0.0	0.0	0.0	0.0
k__Bacteria|p__Firmicutes|c__CFGB31455|o__OFGB31455|f__FGB31455|g__GGB4699|s__GGB4699_SGB6503|t__SGB6503	0.0	0.0	0.0	0.0	0.0	0.0	0.0	0.0	0.0	0.0	0.0	0.0	0.0	0.0	0.0	0.0	0.0	0.0	0.0	0.0	0.0	0.0	2.565424	2.663169	2.514216	2.638681	0.0	0.0	0.0	0.0	3.735917	3.76786	6.014936	6.97248	0.0	0.0	0.0	0.0	0.0	0.0	0.0	0.0	0.0	0.0
k__Bacteria|p__Bacteroidota|c__Bacteroidia|o__Bacteroidales|f__Prevotellaceae|g__Prevotellamassilia|s__Prevotellamassilia_timonensis|t__SGB1477	0.0	0.0	0.0	0.0	0.0	0.0	0.0	0.0	0.0	0.0	0.0	0.0	0.0	0.0	0.0	0.0	0.0	0.0	0.0	0.0	0.0	0.0	2.416515	2.292798	2.332816	2.369488	0.0	0.0	0.0	0.0	2.094103	1.967048	1.679823	1.843262	0.04842	0.059999	0.039435	0.051434	0.0	0.0	0.0	0.0	0.0	0.0
k__Bacteria|p__Firmicutes|c__CFGB14936|o__OFGB14936|f__FGB14936|g__GGB5201|s__GGB5201_SGB7260|t__SGB7260	0.0	0.0	0.0	0.0	0.0	0.0	0.0	0.0	0.0	0.0	0.0	0.0	0.0	0.0	0.0	0.0	0.0	0.0	0.0	0.0	0.0	0.0	2.318823	2.267198	2.239123	2.198851	0.0	0.0	0.0	0.0	0.0	0.0	0.0	0.0	0.0	0.0	0.0	0.0	0.0	0.0	0.0	0.0	0.0	0.0
k__Bacteria|p__Bacteroidota|c__Bacteroidia|o__Bacteroidales|f__Prevotellaceae|g__GGB82047|s__GGB82047_SGB1701|t__SGB1701	0.0	0.0	0.0	0.0	0.0	0.0	0.0	0.0	0.0	0.0	0.0	0.0	0.0	0.0	0.0	0.0	0.0	0.0	0.0	0.0	0.0	0.0	2.215303	2.217881	2.114795	2.083884	0.0	0.0	0.0	0.0	0.0	0.0	0.0	0.0	0.0	0.0	0.0	0.0	0.0	0.0	0.0	0.0	0.0	0.0
k__Bacteria|p__Firmicutes|c__CFGB1765|o__OFGB1765|f__FGB1765|g__GGB4578|s__GGB4578_SGB6328|t__SGB6328	0.0	0.0	0.0	0.0	0.0	0.0	0.0	0.0	0.0	0.0	0.0	0.0	0.0	0.0	0.0	0.0	0.0	0.0	0.0	0.0	0.0	0.0	1.523222	1.645144	1.529228	1.582014	0.0	0.0	0.0	0.0	0.0	0.0	0.0	0.0	0.0	0.0	0.0	0.0	0.0	0.0	0.0	0.0	0.0	0.0
k__Bacteria|p__Firmicutes|c__CFGB2982|o__OFGB2982|f__FGB2982|g__GGB9342|s__GGB9342_SGB14306|t__SGB14306	0.0	0.0	0.0	0.0	0.0	0.0	0.0	0.0	0.0	0.0	0.0	0.0	0.0	0.0	0.0	0.0	0.0	0.0	0.0	0.0	0.0	0.0	1.161284	1.128512	1.188356	1.184273	0.0	0.0	0.0	0.0	0.0	0.0	0.0	0.0	0.0	0.0	0.0	0.0	1.159477	1.192839	1.260385	0.0	0.0	0.0
k__Bacteria|p__Bacteroidota|c__Bacteroidia|o__Bacteroidales|f__Prevotellaceae|g__GGB1247|s__GGB1247_SGB1668|t__SGB1668	0.0	0.0	0.0	0.0	0.0	0.0	0.0	0.0	0.0	0.0	0.0	0.0	0.0	0.0	0.0	0.0	0.0	0.0	0.0	0.0	0.0	0.0	1.103361	1.147519	1.11503	1.124394	0.0	0.0	0.0	0.0	0.902249	0.869416	0.649188	0.497059	0.0	0.0	0.0	0.0	0.0	0.0	0.0	0.0	0.0	0.0
k__Bacteria|p__Pseudomonadota|c__Betaproteobacteria|o__Burkholderiales|f__Sutterellaceae|g__GGB6565|s__GGB6565_SGB9274|t__SGB9274	0.0	0.0	0.0	0.0	0.0	0.0	0.0	0.0	0.0	0.0	0.0	0.0	0.0	0.0	0.0	0.0	0.0	0.0	0.0	0.0	0.0	0.0	1.052598	0.961855	1.002319	1.051063	0.0	0.0	0.0	0.0	0.0	0.0	0.0	0.0	0.0	0.0	0.0	0.0	0.0	0.0	0.0	0.0	0.0	0.0
k__Bacteria|p__Candidatus_Melainabacteria|c__Candidatus_Melainabacteria_unclassified|o__Candidatus_Gastranaerophilales|f__Candidatus_Gastranaerophilales_unclassified|g__GGB13727|s__GGB13727_SGB8655|t__SGB8655	0.0	0.0	0.0	0.0	0.0	0.0	0.0	0.0	0.0	0.0	0.0	0.0	0.0	0.0	0.0	0.0	0.0	0.0	0.0	0.0	0.0	0.0	0.965643	0.989229	0.970414	0.957761	0.0	0.0	0.0	0.0	0.0	0.0	0.0	0.0	0.0	0.0	0.0	0.0	0.0	0.0	0.0	0.0	0.0	0.0
k__Bacteria|p__Firmicutes|c__Clostridia|o__Eubacteriales|f__Oscillospiraceae|g__GGB9634|s__GGB9634_SGB15106|t__SGB15106	0.0	0.0	0.0	0.0	0.0	0.0	0.0	0.0	0.0	0.0	0.0	0.0	0.0	0.0	0.0	0.0	0.0	0.0	0.0	0.0	0.0	0.0	0.939239	0.851454	0.884433	0.886195	0.0	0.0	0.0	0.0	0.448546	0.449456	0.154376	0.192721	0.0	0.0	0.0	0.0	0.255528	0.255727	0.257194	2.362064	2.08569	2.081985
k__Bacteria|p__Firmicutes|c__Clostridia|o__Eubacteriales|f__Oscillospiraceae|g__Oscillibacter|s__Oscillibacter_sp_MSJ_31|t__SGB15249	0.0	0.0	0.0	0.0	0.0	0.0	0.0	0.0	0.0	0.0	0.0	0.0	0.0	0.0	0.0	0.0	0.0	0.0	0.0	0.0	0.0	0.0	0.911433	0.817667	0.822109	0.802362	0.115499	0.091619	0.065199	0.080296	0.436841	0.332349	0.0	0.243822	0.0	0.0	0.0	0.0	1.831813	1.63589	1.675359	1.008956	0.98097	1.011739
k__Bacteria|p__Firmicutes|c__CFGB3062|o__OFGB3062|f__FGB3062|g__GGB9747|s__GGB9747_SGB15356|t__SGB15356	0.0	0.0	0.0	0.0	0.0	0.0	0.0	0.0	0.0	0.0	0.0	0.0	0.0	0.0	0.0	0.0	0.0	0.0	0.0	0.0	0.0	0.0	0.860301	0.855134	0.822498	0.777927	0.0	0.0	0.0	0.0	0.0	0.0	0.0	0.0	0.0	0.0	0.0	0.0	2.527732	2.350574	2.373878	0.0	0.0	0.0
k__Bacteria|p__Firmicutes|c__Clostridia|o__Christensenellales|f__Christensenellaceae|g__GGB9103|s__GGB9103_SGB14035|t__SGB14035	0.0	0.0	0.0	0.0	0.0	0.0	0.0	0.0	0.0	0.0	0.0	0.0	0.0	0.0	0.0	0.0	0.0	0.0	0.0	0.0	0.0	0.0	0.844899	0.761198	0.825371	0.822321	0.0	0.0	0.0	0.0	0.0	0.0	0.0	0.0	0.0	0.0	0.0	0.0	0.0	0.0	0.0	0.0	0.0	0.0
k__Bacteria|p__Firmicutes|c__Clostridia|o__Eubacteriales|f__Oscillospiraceae|g__GGB9602|s__GGB9602_SGB15031|t__SGB15031	0.0	0.0	0.0	0.0	0.0	0.0	0.0	0.0	0.0	0.0	0.0	0.0	0.0	0.0	0.0	0.0	0.0	0.0	0.0	0.0	0.0	0.0	0.751994	0.696678	0.707258	0.734282	0.0	0.0	0.0	0.0	0.116491	0.145118	0.0	0.0	0.0	0.0	0.0	0.0	0.179127	0.163775	0.181256	0.0	0.0	0.0
k__Bacteria|p__Firmicutes|c__Clostridia|o__Eubacteriales|f__Oscillospiraceae|g__Faecalibacterium|s__Faecalibacterium_prausnitzii|t__SGB15323	0.0	0.0	0.0	0.0	0.0	0.0	0.0	0.0	0.0	0.0	0.0	0.0	0.0	0.0	0.0	0.0	0.0	0.0	0.0	0.0	0.0	0.0	0.666129	0.638599	0.649799	0.623501	0.187465	0.183982	0.149215	0.171703	0.0	0.0	0.0	0.0	0.0	0.0	0.0	0.0	0.117943	0.094912	0.098192	0.0	0.0	0.0
k__Bacteria|p__Firmicutes|c__Clostridia|o__Eubacteriales|f__Oscillospiraceae|g__Brotocaccenecus|s__Brotocaccenecus_SGB15090|t__SGB15090	0.0	0.0	0.0	0.0	0.0	0.0	0.0	0.0	0.0	0.0	0.0	0.0	0.0	0.0	0.0	0.0	0.0	0.0	0.0	0.0	0.0	0.0	0.63587	0.561272	0.589462	0.555742	0.058959	0.029595	0.023667	0.040065	0.0	0.0	0.0	0.0	0.0	0.0	0.0	0.0	0.360927	0.324976	0.399375	0.0	0.0	0.0
k__Bacteria|p__Firmicutes|c__CFGB2937|o__OFGB2937|f__FGB2937|g__GGB9270|s__GGB9270_SGB14221|t__SGB14221	0.0	0.0	0.0	0.0	0.0	0.0	0.0	0.0	0.0	0.0	0.0	0.0	0.0	0.0	0.0	0.0	0.0	0.0	0.0	0.0	0.0	0.0	0.625444	0.628809	0.659276	0.61977	0.0	0.0	0.0	0.0	0.0	0.0	0.0	0.0	0.0	0.0	0.0	0.0	0.0	0.0	0.0	0.0	0.0	0.0
k__Bacteria|p__Firmicutes|c__Clostridia|o__Eubacteriales|f__Oscillospiraceae|g__GGB9708|s__GGB9708_SGB15234|t__SGB15234	0.0	0.0	0.0	0.0	0.0	0.0	0.0	0.0	0.0	0.0	0.0	0.0	0.0	0.0	0.0	0.0	0.0	0.0	0.0	0.0	0.0	0.0	0.564275	0.484771	0.515164	0.475004	0.111354	0.100806	0.148144	0.133499	0.0	0.0	0.0	0.0	0.0	0.0	0.0	0.0	0.0	0.0	0.0	0.0	0.008672	0.001062
k__Bacteria|p__Firmicutes|c__Clostridia|o__Eubacteriales|f__Oscillospiraceae|g__GGB100518|s__GGB100518_SGB15239|t__SGB15239	0.0	0.0	0.0	0.0	0.0	0.0	0.0	0.0	0.0	0.0	0.0	0.0	0.0	0.0	0.0	0.0	0.0	0.0	0.0	0.0	0.0	0.0	0.412911	0.405716	0.405176	0.408031	0.0	0.0	0.0	0.0	0.0	0.0	0.0	0.0	0.0	0.0	0.0	0.0	0.0	0.0	0.0	0.0	0.0	0.0
k__Bacteria|p__Firmicutes|c__CFGB1765|o__OFGB1765|f__FGB1765|g__GGB4599|s__GGB4599_SGB6362|t__SGB6362	0.0	0.0	0.0	0.0	0.0	0.0	0.0	0.0	0.0	0.0	0.0	0.0	0.0	0.0	0.0	0.0	0.0	0.0	0.0	0.0	0.0	0.0	0.338103	0.358745	0.350394	0.3565	0.0	0.0	0.0	0.0	0.0	0.0	0.0	0.0	0.0	0.0	0.0	0.0	0.0	0.0	0.0	0.0	0.0	0.0
k__Bacteria|p__Firmicutes|c__CFGB9119|o__OFGB9119|f__FGB9119|g__GGB4667|s__GGB4667_SGB6456|t__SGB6456	0.0	0.0	0.0	0.0	0.0	0.0	0.0	0.0	0.0	0.0	0.0	0.0	0.0	0.0	0.0	0.0	0.0	0.0	0.0	0.0	0.0	0.0	0.328116	0.338114	0.34669	0.327014	0.0	0.0	0.0	0.0	0.0	0.0	0.0	0.0	0.0	0.0	0.0	0.0	0.0	0.0	0.0	0.0	0.0	0.0
k__Bacteria|p__Bacteroidota|c__Bacteroidia|o__Bacteroidales|f__Prevotellaceae|g__Segatella|s__Segatella_sinica|t__SGB1653	0.0	0.0	0.0	0.0	0.0	0.0	0.0	0.0	0.0	0.0	0.0	0.0	0.0	0.0	0.0	0.0	0.0	0.0	0.0	0.0	0.0	0.0	0.306076	0.352419	0.367496	0.326019	0.0	0.0	0.0	0.0	0.0	0.0	0.0	0.0	0.0	0.0	0.0	0.0	0.0	0.0	0.0	0.0	0.0	0.0
k__Bacteria|p__Firmicutes|c__Clostridia|o__Eubacteriales|f__Oscillospiraceae|g__GGB9708|s__GGB9708_SGB15236|t__SGB15236	0.0	0.0	0.0	0.0	0.0	0.0	0.0	0.0	0.0	0.0	0.0	0.0	0.0	0.0	0.0	0.0	0.0	0.0	0.0	0.0	0.0	0.0	0.271893	0.262264	0.287446	0.24428	0.011409	0.011266	0.022315	0.017545	0.0	0.0	0.0	0.0	0.0	0.0	0.0	0.0	0.0	0.0	0.0	0.0	0.0	0.0
k__Bacteria|p__Firmicutes|c__Clostridia|o__Eubacteriales|f__Oscillospiraceae|g__Oscillospiraceae_unclassified|s__Ruminococcaceae_bacterium_AM53_2BH|t__SGB4191	0.0	0.0	0.0	0.0	0.0	0.0	0.0	0.0	0.0	0.0	0.0	0.0	0.0	0.0	0.0	0.0	0.0	0.0	0.0	0.0	0.0	0.0	0.193967	0.199544	0.205346	0.188972	0.0	0.0	0.0	0.0	0.0	0.0	0.0	0.0	0.0	0.0	0.0	0.0	0.0	0.0	0.0	0.0	0.0	0.0
k__Bacteria|p__Firmicutes|c__Clostridia|o__Eubacteriales|f__Oscillospiraceae|g__Oscillospiraceae_unclassified|s__Oscillospiraceae_unclassified_SGB15256|t__SGB15256	0.0	0.0	0.0	0.0	0.0	0.0	0.0	0.0	0.0	0.0	0.0	0.0	0.0	0.0	0.0	0.0	0.0	0.0	0.0	0.0	0.0	0.0	0.184192	0.220814	0.214221	0.167762	0.0	0.0	0.0	0.0	0.0	0.0	0.0	0.0	0.0	0.0	0.0	0.0	0.0	0.0	0.0	0.0	0.0	0.0
k__Bacteria|p__Firmicutes|c__CFGB2845|o__OFGB2845|f__FGB2845|g__GGB9115|s__GGB9115_SGB14048|t__SGB14048	0.0	0.0	0.0	0.0	0.0	0.0	0.0	0.0	0.0	0.0	0.0	0.0	0.0	0.0	0.0	0.0	0.0	0.0	0.0	0.0	0.0	0.0	0.180872	0.173607	0.169818	0.179795	0.0	0.0	0.0	0.0	0.0	0.0	0.0	0.0	0.0	0.0	0.0	0.0	0.0	0.0	0.0	0.0	0.0	0.0
k__Bacteria|p__Firmicutes|c__Clostridia|o__Eubacteriales|f__Clostridiaceae|g__Clostridiaceae_unclassified|s__Clostridiaceae_unclassified_SGB4769|t__SGB4769	0.0	0.0	0.0	0.0	0.0	0.0	0.0	0.0	0.0	0.0	0.0	0.0	0.0	0.0	0.0	0.0	0.0	0.0	0.0	0.0	0.0	0.0	0.175152	0.153767	0.14597	0.164711	0.0	0.0	0.0	0.0	0.0	0.0	0.0	0.0	0.0	0.0	0.0	0.0	0.0	0.0	0.0	0.001442	0.0	0.0
k__Bacteria|p__Firmicutes|c__CFGB72904|o__OFGB72904|f__FGB72904|g__GGB47150|s__GGB47150_SGB65079|t__SGB65079	0.0	0.0	0.0	0.0	0.0	0.0	0.0	0.0	0.0	0.0	0.0	0.0	0.0	0.0	0.0	0.0	0.0	0.0	0.0	0.0	0.0	0.0	0.15762	0.169808	0.157616	0.170305	0.0	0.0	0.0	0.0	0.0	0.0	0.0	0.0	0.0	0.0	0.0	0.0	0.0	0.0	0.0	0.0	0.0	0.0
k__Archaea|p__Thermoplasmatota|c__Thermoplasmata|o__Methanomassiliicoccales|f__Methanomassiliicoccaceae|g__Methanomassiliicoccus|s__Candidatus_Methanomassiliicoccus_intestinalis|t__SGB363	0.0	0.0	0.0	0.0	0.0	0.0	0.0	0.0	0.0	0.0	0.0	0.0	0.0	0.0	0.0	0.0	0.0	0.0	0.0	0.0	0.0	0.0	0.145242	0.130923	0.122618	0.135924	0.0	0.0	0.0	0.0	0.0	0.0	0.0	0.0	0.0	0.0	0.0	0.0	0.0	0.0	0.0	0.0	0.0	0.0
k__Bacteria|p__Mycoplasmatota|c__CFGB94683|o__OFGB94683|f__FGB94683|g__GGB4768|s__GGB4768_SGB6601|t__SGB6601	0.0	0.0	0.0	0.0	0.0	0.0	0.0	0.0	0.0	0.0	0.0	0.0	0.0	0.0	0.0	0.0	0.0	0.0	0.0	0.0	0.0	0.0	0.141781	0.150381	0.130614	0.145675	0.0	0.0	0.0	0.0	0.0	0.0	0.0	0.0	0.0	0.0	0.0	0.0	0.0	0.0	0.0	0.0	0.0	0.0
k__Bacteria|p__Pseudomonadota|c__Betaproteobacteria|o__Burkholderiales|f__Sutterellaceae|g__Sutterella|s__Sutterella_wadsworthensis|t__SGB9283	0.0	0.0	0.0	0.0	0.0	0.0	0.0	0.0	0.0	0.0	0.0	0.0	0.0	0.0	0.0	0.0	0.0	0.0	0.0	0.0	0.0	0.0	0.115252	0.110793	0.112909	0.120909	0.812826	0.797683	0.780436	0.814563	0.0	0.0	0.0	0.0	0.0	0.0	0.0	0.0	0.0	0.0	0.0	1.61562	1.67032	1.675549
k__Bacteria|p__Lentisphaerota|c__Lentisphaeria|o__Victivallales|f__Victivallaceae|g__Victivallis|s__Victivallis_vadensis|t__SGB9202	0.0	0.0	0.0	0.0	0.0	0.0	0.0	0.0	0.0	0.0	0.0	0.0	0.0	0.0	0.0	0.0	0.0	0.0	0.0	0.0	0.0	0.0	0.080269	0.094252	0.084012	0.088364	0.0	0.0	0.0	0.0	0.0	0.0	0.0	0.0	0.0	0.0	0.0	0.0	0.0	0.0	0.0	0.0	0.0	0.0
k__Bacteria|p__Firmicutes|c__CFGB1765|o__OFGB1765|f__FGB1765|g__GGB4604|s__GGB4604_SGB6369|t__SGB6369	0.0	0.0	0.0	0.0	0.0	0.0	0.0	0.0	0.0	0.0	0.0	0.0	0.0	0.0	0.0	0.0	0.0	0.0	0.0	0.0	0.0	0.0	0.077768	0.095747	0.07863	0.079655	0.0	0.0	0.0	0.0	0.0	0.0	0.0	0.0	0.0	0.0	0.0	0.0	0.0	0.0	0.0	0.0	0.0	0.0
k__Bacteria|p__Firmicutes|c__CFGB2952|o__OFGB2952|f__FGB2952|g__GGB9293|s__GGB9293_SGB14250|t__SGB14250	0.0	0.0	0.0	0.0	0.0	0.0	0.0	0.0	0.0	0.0	0.0	0.0	0.0	0.0	0.0	0.0	0.0	0.0	0.0	0.0	0.0	0.0	0.066623	0.043067	0.048841	0.047017	0.0	0.0	0.0	0.0	0.044912	0.0	0.0	0.0	0.0	0.0	0.0	0.0	0.0	0.0	0.0	0.0	0.0	0.0
k__Bacteria|p__Firmicutes|c__CFGB3054|o__OFGB3054|f__FGB3054|g__GGB33512|s__GGB33512_SGB15201|t__SGB15201	0.0	0.0	0.0	0.0	0.0	0.0	0.0	0.0	0.0	0.0	0.0	0.0	0.0	0.0	0.0	0.0	0.0	0.0	0.0	0.0	0.0	0.0	0.062923	0.073713	0.055223	0.06152	0.0	0.0	0.0	0.0	0.0	0.0	0.0	0.0	0.0	0.0	0.0	0.0	0.0	0.0	0.0	0.0	0.0	0.0
k__Bacteria|p__Firmicutes|c__CFGB1359|o__OFGB1359|f__FGB1359|g__GGB3321|s__GGB3321_SGB4394|t__SGB4394	0.0	0.0	0.0	0.0	0.0	0.0	0.0	0.0	0.0	0.0	0.0	0.0	0.0	0.0	0.0	0.0	0.0	0.0	0.0	0.0	0.0	0.0	0.061541	0.058956	0.063018	0.052472	0.0	0.0	0.0	0.0	0.0	0.0	0.0	0.0	0.0	0.0	0.0	0.0	0.0	0.0	0.0	0.0	0.0	0.0
k__Bacteria|p__Firmicutes|c__Clostridia|o__Lachnospirales|f__Lachnospiraceae|g__GGB13283|s__GGB13283_SGB4948|t__SGB4948	0.0	0.0	0.0	0.0	0.0	0.0	0.0	0.0	0.0	0.0	0.0	0.0	0.0	0.0	0.0	0.0	0.0	0.0	0.0	0.0	0.0	0.0	0.060182	0.066849	0.081343	0.067119	0.0	0.0	0.0	0.0	0.0	0.0	0.0	0.0	0.0	0.0	0.0	0.0	0.0	0.0	0.0	0.0	0.0	0.0
k__Bacteria|p__Firmicutes|c__Clostridia|o__Eubacteriales|f__Eubacteriales_unclassified|g__Gemmiger|s__Gemmiger_SGB15295|t__SGB15295	0.0	0.0	0.0	0.0	0.0	0.0	0.0	0.0	0.0	0.0	0.0	0.0	0.0	0.0	0.0	0.0	0.0	0.0	0.0	0.0	0.0	0.0	0.060052	0.054031	0.065195	0.071092	0.0	0.0	0.0	0.0	0.0	0.0	0.0	0.0	0.0	0.0	0.0	0.0	0.0	0.0	0.0	0.0	0.0	0.0
k__Bacteria|p__Firmicutes|c__Clostridia|o__Eubacteriales|f__Oscillospiraceae|g__GGB9619|s__GGB9619_SGB15066|t__SGB15066	0.0	0.0	0.0	0.0	0.0	0.0	0.0	0.0	0.0	0.0	0.0	0.0	0.0	0.0	0.0	0.0	0.0	0.0	0.0	0.0	0.0	0.0	0.053868	0.041828	0.030136	0.029726	0.0	0.0	0.0	0.0	0.0	0.0	0.0	0.0	0.0	0.0	0.0	0.0	0.0	0.0	0.0	0.0	0.0	0.0
k__Bacteria|p__Firmicutes|c__Clostridia|o__Lachnospirales|f__Lachnospiraceae|g__GGB3619|s__GGB3619_SGB4894|t__SGB4894	0.0	0.0	0.0	0.0	0.0	0.0	0.0	0.0	0.0	0.0	0.0	0.0	0.0	0.0	0.0	0.0	0.0	0.0	0.0	0.0	0.0	0.0	0.053709	0.043223	0.049915	0.058422	0.0	0.0	0.0	0.0	0.0	0.0	0.0	0.0	0.0	0.0	0.0	0.0	0.0	0.0	0.0	0.0	0.0	0.0
k__Bacteria|p__Firmicutes|c__CFGB2834|o__OFGB2834|f__FGB2834|g__GGB33516|s__GGB33516_SGB54324|t__SGB54324	0.0	0.0	0.0	0.0	0.0	0.0	0.0	0.0	0.0	0.0	0.0	0.0	0.0	0.0	0.0	0.0	0.0	0.0	0.0	0.0	0.0	0.0	0.050829	0.043989	0.039249	0.046967	0.0	0.0	0.0	0.0	0.0	0.0	0.0	0.0	0.0	0.0	0.0	0.0	0.0	0.0	0.0	0.0	0.0	0.0
k__Bacteria|p__Firmicutes|c__CFGB2846|o__OFGB2846|f__FGB2846|g__GGB9117|s__GGB9117_SGB14050|t__SGB14050	0.0	0.0	0.0	0.0	0.0	0.0	0.0	0.0	0.0	0.0	0.0	0.0	0.0	0.0	0.0	0.0	0.0	0.0	0.0	0.0	0.0	0.0	0.044035	0.03513	0.037811	0.026506	0.0	0.0	0.0	0.0	0.0	0.0	0.0	0.0	0.0	0.0	0.0	0.0	0.0	0.0	0.0	0.0	0.0	0.0
k__Bacteria|p__Firmicutes|c__Clostridia|o__Eubacteriales|f__Oscillospiraceae|g__GGB9730|s__GGB9730_SGB15291|t__SGB15291	0.0	0.0	0.0	0.0	0.0	0.0	0.0	0.0	0.0	0.0	0.0	0.0	0.0	0.0	0.0	0.0	0.0	0.0	0.0	0.0	0.0	0.0	0.043074	0.031554	0.032407	0.044571	0.0	0.0	0.0	0.0	0.0	0.0	0.0	0.0	0.0	0.0	0.0	0.0	0.080691	0.080178	0.056911	0.0	0.0	0.0
k__Bacteria|p__Firmicutes|c__CFGB2834|o__OFGB2834|f__FGB2834|g__GGB9062|s__GGB9062_SGB13981|t__SGB13981	0.0	0.0	0.0	0.0	0.0	0.0	0.0	0.0	0.0	0.0	0.0	0.0	0.0	0.0	0.0	0.0	0.0	0.0	0.0	0.0	0.0	0.0	0.042723	0.037173	0.022806	0.03046	0.0	0.0	0.0	0.0	0.0	0.0	0.0	0.0	0.0	0.0	0.0	0.0	0.0	0.0	0.0	0.0	0.0	0.0
k__Bacteria|p__Thermodesulfobacteriota|c__Desulfovibrionia|o__Desulfovibrionales|f__Desulfovibrionaceae|g__GGB9819|s__GGB9819_SGB15460|t__SGB15460	0.0	0.0	0.0	0.0	0.0	0.0	0.0	0.0	0.0	0.0	0.0	0.0	0.0	0.0	0.0	0.0	0.0	0.0	0.0	0.0	0.0	0.0	0.040428	0.031837	0.041617	0.026172	0.0	0.0	0.0	0.0	0.0	0.0	0.0	0.0	0.0	0.0	0.0	0.0	0.0	0.0	0.0	0.0	0.0	0.0
k__Bacteria|p__Firmicutes|c__CFGB3043|o__OFGB3043|f__FGB3043|g__GGB9550|s__GGB9550_SGB14957|t__SGB14957	0.0	0.0	0.0	0.0	0.0	0.0	0.0	0.0	0.0	0.0	0.0	0.0	0.0	0.0	0.0	0.0	0.0	0.0	0.0	0.0	0.0	0.0	0.037346	0.028255	0.029539	0.026582	0.0	0.0	0.0	0.0	0.0	0.0	0.0	0.0	0.0	0.0	0.0	0.0	0.0	0.0	0.0	0.0	0.0	0.0
k__Bacteria|p__Firmicutes|c__Bacillota_unclassified|o__Bacillota_unclassified|f__Bacillota_unclassified|g__Negativibacillus|s__Negativibacillus_massiliensis|t__SGB14912	0.0	0.0	0.0	0.0	0.0	0.0	0.0	0.0	0.0	0.0	0.0	0.0	0.0	0.0	0.0	0.0	0.0	0.0	0.0	0.0	0.0	0.0	0.035124	0.037413	0.038714	0.045264	0.0	0.0	0.0	0.0	0.0	0.0	0.0	0.0	0.0	0.0	0.0	0.0	0.0	0.0	0.0	0.0	0.0	0.0
k__Bacteria|p__Firmicutes|c__Clostridia|o__Lachnospirales|f__Lachnospiraceae|g__GGB51441|s__GGB51441_SGB71759|t__SGB71759	0.0	0.0	0.0	0.0	0.0	0.0	0.0	0.0	0.0	0.0	0.0	0.0	0.0	0.0	0.0	0.0	0.0	0.0	0.0	0.0	0.0	0.0	0.030806	0.027827	0.027007	0.018064	0.0	0.0	0.0	0.0	0.0	0.0	0.0	0.0	0.0	0.0	0.0	0.0	0.0	0.0	0.0	0.0	0.0	0.0
k__Bacteria|p__Firmicutes|c__CFGB2881|o__OFGB2881|f__FGB2881|g__GGB9185|s__GGB9185_SGB14124|t__SGB14124	0.0	0.0	0.0	0.0	0.0	0.0	0.0	0.0	0.0	0.0	0.0	0.0	0.0	0.0	0.0	0.0	0.0	0.0	0.0	0.0	0.0	0.0	0.028166	0.020216	0.039295	0.022181	0.0	0.0	0.0	0.0	0.0	0.0	0.0	0.0	0.0	0.0	0.0	0.0	0.0	0.0	0.0	0.0	0.0	0.0
k__Bacteria|p__Firmicutes|c__CFGB2844|o__OFGB2844|f__FGB2844|g__GGB9110|s__GGB9110_SGB14043|t__SGB14043	0.0	0.0	0.0	0.0	0.0	0.0	0.0	0.0	0.0	0.0	0.0	0.0	0.0	0.0	0.0	0.0	0.0	0.0	0.0	0.0	0.0	0.0	0.028102	0.025896	0.021502	0.02306	0.0	0.0	0.0	0.0	0.0	0.0	0.0	0.0	0.0	0.0	0.0	0.0	0.0	0.0	0.0	0.0	0.0	0.0
k__Bacteria|p__Firmicutes|c__Clostridia|o__Lachnospirales|f__Lachnospiraceae|g__Roseburia|s__Roseburia_zhanii|t__SGB4963	0.0	0.0	0.0	0.0	0.0	0.0	0.0	0.0	0.0	0.0	0.0	0.0	0.0	0.0	0.0	0.0	0.0	0.0	0.0	0.0	0.0	0.0	0.027983	0.027869	0.017233	0.025121	0.0	0.0	0.0	0.0	0.0	0.0	0.0	0.0	0.0	0.0	0.0	0.0	0.0	0.0	0.0	0.009709	0.004223	0.004021
k__Bacteria|p__Firmicutes|c__Clostridia|o__Lachnospirales|f__Anaerotignaceae|g__Anaerotignum|s__Anaerotignum_faecicola|t__SGB5190	0.0	0.0	0.0	0.0	0.0	0.0	0.0	0.0	0.0	0.0	0.0	0.0	0.0	0.0	0.0	0.0	0.0	0.0	0.0	0.0	0.0	0.0	0.02761	0.037985	0.026068	0.035624	0.045529	0.040673	0.040777	0.036088	0.0	0.0	0.0	0.0	0.0	0.0	0.0	0.0	0.00748	0.031811	0.031894	0.195129	0.164293	0.157393
k__Bacteria|p__Firmicutes|c__Clostridia|o__Eubacteriales|f__Clostridiaceae|g__Clostridium|s__Clostridium_saudiense|t__SGB6178	0.0	0.0	0.0	0.0	0.0	0.0	0.0	0.0	0.0	0.0	0.0	0.0	0.0	0.0	0.0	0.0	0.0	0.0	0.0	0.0	0.0	0.0	0.026696	0.02258	0.02794	0.024629	0.0	0.0	0.0	0.0	0.0	0.0	0.0	0.0	0.0	0.0	0.0	0.0	0.0	0.0	0.0	0.0	0.0	0.0
k__Bacteria|p__Pseudomonadota|c__CFGB2404|o__OFGB2404|f__FGB2404|g__GGB9174|s__GGB9174_SGB14112|t__SGB14112	0.0	0.0	0.0	0.0	0.0	0.0	0.0	0.0	0.0	0.0	0.0	0.0	0.0	0.0	0.0	0.0	0.0	0.0	0.0	0.0	0.0	0.0	0.025827	0.021247	0.019877	0.028148	0.0	0.0	0.0	0.0	0.0	0.0	0.0	0.0	0.0	0.0	0.0	0.0	0.0	0.0	0.0	0.0	0.0	0.0
k__Bacteria|p__Firmicutes|c__CFGB2950|o__OFGB2950|f__FGB2950|g__GGB9292|s__GGB9292_SGB14249|t__SGB14249	0.0	0.0	0.0	0.0	0.0	0.0	0.0	0.0	0.0	0.0	0.0	0.0	0.0	0.0	0.0	0.0	0.0	0.0	0.0	0.0	0.0	0.0	0.025437	0.02229	0.024138	0.022055	0.0	0.0	0.0	0.0	0.0	0.0	0.0	0.0	0.0	0.0	0.0	0.0	0.0	0.0	0.0	0.0	0.0	0.0
k__Bacteria|p__Firmicutes|c__Clostridia|o__Lachnospirales|f__Lachnospiraceae|g__GGB3649|s__GGB3649_SGB4958|t__SGB4958	0.0	0.0	0.0	0.0	0.0	0.0	0.0	0.0	0.0	0.0	0.0	0.0	0.0	0.0	0.0	0.0	0.0	0.0	0.0	0.0	0.0	0.0	0.025434	0.012915	0.021699	0.018361	0.0	0.0	0.0	0.0	0.0	0.0	0.0	0.0	0.0	0.0	0.0	0.0	0.0	0.0	0.0	0.0	0.0	0.0
k__Bacteria|p__Lentisphaerota|c__Lentisphaeria|o__Victivallales|f__Victivallaceae|g__Victivallis|s__Victivallis_lenta|t__SGB9203	0.0	0.0	0.0	0.0	0.0	0.0	0.0	0.0	0.0	0.0	0.0	0.0	0.0	0.0	0.0	0.0	0.0	0.0	0.0	0.0	0.0	0.0	0.020467	0.015971	0.01259	0.010099	0.0	0.0	0.0	0.0	0.0	0.0	0.0	0.0	0.0	0.0	0.0	0.0	0.0	0.0	0.0	0.0	0.0	0.0
k__Bacteria|p__Firmicutes|c__Bacillota_unclassified|o__Bacillota_unclassified|f__Bacillota_unclassified|g__GGB2998|s__GGB2998_SGB3989|t__SGB3989	0.0	0.0	0.0	0.0	0.0	0.0	0.0	0.0	0.0	0.0	0.0	0.0	0.0	0.0	0.0	0.0	0.0	0.0	0.0	0.0	0.0	0.0	0.017489	0.023194	0.01815	0.009335	0.0	0.0	0.0	0.0	0.0	0.0	0.0	0.0	0.0	0.0	0.0	0.0	0.0	0.0	0.0	0.0	0.0	0.0
k__Bacteria|p__Firmicutes|c__Clostridia|o__Lachnospirales|f__Lachnospiraceae|g__Lachnospiraceae_unclassified|s__Lachnospiraceae_bacterium|t__SGB4922	0.0	0.0	0.0	0.0	0.0	0.0	0.0	0.0	0.0	0.0	0.0	0.0	0.0	0.0	0.0	0.0	0.0	0.0	0.0	0.0	0.0	0.0	0.014806	0.009337	0.008301	0.014506	0.0	0.0	0.0	0.0	0.0	0.0	0.0	0.0	0.0	0.0	0.0	0.0	0.0	0.0	0.0	0.0	0.0	0.0
k__Bacteria|p__Firmicutes|c__Clostridia|o__Lachnospirales|f__Lachnospiraceae|g__Blautia|s__Blautia_intestinalis|t__SGB4815	0.0	0.0	0.0	0.0	0.0	0.0	0.0	0.0	0.0	0.0	0.0	0.0	0.0	0.0	0.0	0.0	0.0	0.0	0.0	0.0	0.0	0.0	0.014436	0.000894	0.009143	0.0	0.0	0.0	0.0	0.0	0.0	0.0	0.0	0.0	0.0	0.0	0.0	0.0	0.00513	0.0	0.0	0.016042	0.044146	0.023899
k__Bacteria|p__Bacteroidota|c__CFGB658|o__OFGB658|f__FGB658|g__GGB1627|s__GGB1627_SGB2230|t__SGB2230	0.0	0.0	0.0	0.0	0.0	0.0	0.0	0.0	0.0	0.0	0.0	0.0	0.0	0.0	0.0	0.0	0.0	0.0	0.0	0.0	0.0	0.0	0.014317	0.027147	0.017129	0.024382	0.0	0.0	0.0	0.0	0.0	0.0	0.0	0.0	0.0	0.0	0.0	0.0	0.0	0.0	0.0	0.0	0.0	0.0
k__Bacteria|p__Firmicutes|c__Clostridia|o__Eubacteriales|f__Oscillospiraceae|g__GGB52084|s__GGB52084_SGB72786|t__SGB72786	0.0	0.0	0.0	0.0	0.0	0.0	0.0	0.0	0.0	0.0	0.0	0.0	0.0	0.0	0.0	0.0	0.0	0.0	0.0	0.0	0.0	0.0	0.010419	0.004418	0.007179	0.004772	0.0	0.0	0.0	0.0	0.0	0.0	0.0	0.0	0.0	0.0	0.0	0.0	0.009169	0.001966	0.002076	0.0	0.0	0.0
k__Bacteria|p__Firmicutes|c__Clostridia|o__Eubacteriales|f__Oscillospiraceae|g__Oscillospiraceae_unclassified|s__Oscillospiraceae_bacterium|t__SGB15225	0.0	0.0	0.0	0.0	0.0	0.0	0.0	0.0	0.0	0.0	0.0	0.0	0.0	0.0	0.0	0.0	0.0	0.0	0.0	0.0	0.0	0.0	0.010349	0.009841	0.012294	0.013929	0.0	0.0	0.0	0.0	0.0	0.0	0.0	0.0	0.0	0.0	0.0	0.0	0.0	0.0	0.0	0.0	0.0	0.0
k__Bacteria|p__Firmicutes|c__CFGB28386|o__OFGB28386|f__FGB28386|g__GGB44202|s__GGB44202_SGB61601|t__SGB61601	0.0	0.0	0.0	0.0	0.0	0.0	0.0	0.0	0.0	0.0	0.0	0.0	0.0	0.0	0.0	0.0	0.0	0.0	0.0	0.0	0.0	0.0	0.009126	0.013681	0.014938	0.004637	0.0	0.0	0.0	0.0	0.0	0.0	0.0	0.0	0.0	0.0	0.0	0.0	0.0	0.0	0.0	0.0	0.0	0.0
k__Bacteria|p__Firmicutes|c__Clostridia|o__Eubacteriales|f__Oscillospiraceae|g__GGB9708|s__GGB9708_SGB15233|t__SGB15233	0.0	0.0	0.0	0.0	0.0	0.0	0.0	0.0	0.0	0.0	0.0	0.0	0.0	0.0	0.0	0.0	0.0	0.0	0.0	0.0	0.0	0.0	0.007717	0.005995	0.002013	0.0	0.0	0.0	0.0	0.0	0.0	0.0	0.0	0.0	0.0	0.0	0.0	0.0	0.089134	0.086465	0.091128	0.0	0.0	0.0
k__Bacteria|p__Bacteroidota|c__Bacteroidia|o__Bacteroidales|f__Prevotellaceae|g__Segatella|s__Segatella_brunsvicensis|t__SGB1613	0.0	0.0	0.0	0.0	0.0	0.0	0.0	0.0	0.0	0.0	0.0	0.0	0.0	0.0	0.0	0.0	0.0	0.0	0.0	0.0	0.0	0.0	0.007519	0.012499	0.002534	0.001111	3.328628	3.360496	3.312583	3.399234	7.719861	7.381589	7.6422	7.468848	0.0	0.0	0.0	0.0	0.0	0.0	0.0	13.400474	13.535027	13.657852
k__Bacteria|p__Bacteroidota|c__Bacteroidia|o__Bacteroidales|f__Odoribacteraceae|g__Butyricimonas|s__Butyricimonas_hominis|t__SGB1778	0.0	0.0	0.0	0.0	0.0	0.0	0.0	0.0	0.0	0.0	0.0	0.0	0.0	0.0	0.0	0.0	0.0	0.0	0.0	0.0	0.0	0.0	0.007397	0.002998	0.0	0.0	0.0	0.0	0.0	0.0	0.0	0.0	0.0	0.0	0.0	0.0	0.0	0.0	0.0	0.0	0.0	0.238567	0.239033	0.262813
k__Bacteria|p__Firmicutes|c__Clostridia|o__Eubacteriales|f__Clostridiaceae|g__GGB3548|s__GGB3548_SGB4744|t__SGB4744	0.0	0.0	0.0	0.0	0.0	0.0	0.0	0.0	0.0	0.0	0.0	0.0	0.0	0.0	0.0	0.0	0.0	0.0	0.0	0.0	0.0	0.0	0.005082	0.000984	0.007809	0.0	0.0	0.0	0.0	0.0	0.0	0.0	0.0	0.0	0.0	0.0	0.0	0.0	0.0	0.0	0.0	0.0	0.0	0.0
k__Bacteria|p__Firmicutes|c__CFGB3054|o__OFGB3054|f__FGB3054|g__GGB33512|s__GGB33512_SGB15204|t__SGB15204	0.0	0.0	0.0	0.0	0.0	0.0	0.0	0.0	0.0	0.0	0.0	0.0	0.0	0.0	0.0	0.0	0.0	0.0	0.0	0.0	0.0	0.0	0.003513	0.0	0.0	0.0	0.0	0.0	0.0	0.0	0.0	0.0	0.0	0.0	0.0	0.0	0.0	0.0	0.004301	0.0	0.008209	0.0	0.0	0.0
k__Bacteria|p__Firmicutes|c__CFGB3047|o__OFGB3047|f__FGB3047|g__GGB52130|s__GGB52130_SGB14966|t__SGB14966	0.0	0.0	0.0	0.0	0.0	0.0	0.0	0.0	0.0	0.0	0.0	0.0	0.0	0.0	0.0	0.0	0.0	0.0	0.0	0.0	0.0	0.0	0.003432	0.003263	0.002668	0.001406	0.0	0.0	0.0	0.0	0.0	0.0	0.0	0.0	0.0	0.0	0.0	0.0	0.0	0.0	0.0	0.0	0.0	0.0
k__Bacteria|p__Firmicutes|c__CFGB38642|o__OFGB38642|f__FGB38642|g__GGB9770|s__GGB9770_SGB15389|t__SGB15389	0.0	0.0	0.0	0.0	0.0	0.0	0.0	0.0	0.0	0.0	0.0	0.0	0.0	0.0	0.0	0.0	0.0	0.0	0.0	0.0	0.0	0.0	0.003277	0.0	0.003212	0.0	0.0	0.0	0.0	0.0	0.0	0.0	0.0	0.0	0.0	0.0	0.0	0.0	0.0	0.0	0.0	0.0	0.0	0.0
k__Bacteria|p__Firmicutes|c__Clostridia|o__Lachnospirales|f__Lachnospiraceae|g__Cuneatibacter|s__Cuneatibacter_sp_NSJ_177|t__SGB71449	0.0	0.0	0.0	0.0	0.0	0.0	0.0	0.0	0.0	0.0	0.0	0.0	0.0	0.0	0.0	0.0	0.0	0.0	0.0	0.0	0.0	0.0	0.003099	0.001963	0.005164	0.003091	0.0	0.0	0.0	0.0	0.0	0.0	0.0	0.0	0.0	0.0	0.0	0.0	0.0	0.0	0.0	0.0	0.0	0.0
k__Bacteria|p__Firmicutes|c__Clostridia|o__Eubacteriales|f__Oscillospiraceae|g__Oscillospiraceae_unclassified|s__Oscillospiraceae_bacterium_Marseille_Q3528|t__SGB4778	0.0	0.0	0.0	0.0	0.0	0.0	0.0	0.0	0.0	0.0	0.0	0.0	0.0	0.0	0.0	0.0	0.0	0.0	0.0	0.0	0.0	0.0	0.002191	0.001374	0.001038	0.0	0.0	0.0	0.0	0.0	0.0	0.0	0.0	0.0	0.0	0.0	0.0	0.0	0.0	0.0	0.0	0.0	0.0	0.0
k__Bacteria|p__Firmicutes|c__CFGB93792|o__OFGB93792|f__FGB93792|g__GGB9524|s__GGB9524_SGB14924|t__SGB14924	0.0	0.0	0.0	0.0	0.0	0.0	0.0	0.0	0.0	0.0	0.0	0.0	0.0	0.0	0.0	0.0	0.0	0.0	0.0	0.0	0.0	0.0	0.002122	0.002657	0.000572	0.002966	0.0	0.0	0.0	0.0	0.0	0.0	0.0	0.0	0.0	0.0	0.0	0.0	0.000606	0.002377	0.0	0.0	0.0	0.0
k__Bacteria|p__Firmicutes|c__Clostridia|o__Eubacteriales|f__Oscillospiraceae|g__GGB9237|s__GGB9237_SGB14179|t__SGB14179	0.0	0.0	0.0	0.0	0.0	0.0	0.0	0.0	0.0	0.0	0.0	0.0	0.0	0.0	0.0	0.0	0.0	0.0	0.0	0.0	0.0	0.0	0.002085	0.002817	0.004205	0.002347	0.0	0.0	0.0	0.0	0.0	0.0	0.0	0.0	0.0	0.0	0.0	0.0	0.0	0.0	0.0	0.0	0.0	0.0
k__Bacteria|p__Firmicutes|c__Clostridia|o__Lachnospirales|f__Lachnospiraceae|g__Anaerosacchariphilus|s__Anaerosacchariphilus_hominis|t__SGB4772	0.0	0.0	0.0	0.0	0.0	0.0	0.0	0.0	0.0	0.0	0.0	0.0	0.0	0.0	0.0	0.0	0.0	0.0	0.0	0.0	0.0	0.0	0.001886	0.004999	0.002072	0.002528	0.0	0.0	0.0	0.0	0.0	0.0	0.0	0.0	0.0	0.0	0.0	0.0	0.0	0.0	0.0	0.0	0.0	0.0
k__Bacteria|p__Firmicutes|c__Clostridia|o__Lachnospirales|f__Lachnospiraceae|g__GGB3593|s__GGB3593_SGB4817|t__SGB4817	0.0	0.0	0.0	0.0	0.0	0.0	0.0	0.0	0.0	0.0	0.0	0.0	0.0	0.0	0.0	0.0	0.0	0.0	0.0	0.0	0.0	0.0	0.001848	0.001563	0.001897	0.00046	0.0	0.0	0.0	0.0	0.0	0.0	0.0	0.0	0.0	0.0	0.0	0.0	0.0	0.0	0.0	0.0	0.0	0.0
k__Bacteria|p__Firmicutes|c__Clostridia|o__Eubacteriales|f__Oscillospiraceae|g__Anaerotruncus|s__Anaerotruncus_rubiinfantis|t__SGB25416	0.0	0.0	0.0	0.0	0.0	0.0	0.0	0.0	0.0	0.0	0.0	0.0	0.0	0.0	0.0	0.0	0.0	0.0	0.0	0.0	0.0	0.0	0.001761	0.0	0.001184	0.000431	0.0	0.0	0.0	0.0	0.0	0.0	0.0	0.0	0.0	0.0	0.0	0.0	0.0	0.0	0.0	0.000531	0.0	0.0
k__Bacteria|p__Firmicutes|c__Clostridia|o__Eubacteriales|f__Oscillospiraceae|g__Youxingia|s__Youxingia_wuxianensis|t__SGB82503	0.0	0.0	0.0	0.0	0.0	0.0	0.0	0.0	0.0	0.0	0.0	0.0	0.0	0.0	0.0	0.0	0.0	0.0	0.0	0.0	0.0	0.0	0.000841	0.000709	0.00038	0.004135	0.0	0.0	0.0	0.0	0.0	0.0	0.0	0.0	0.0	0.0	0.0	0.0	0.00019	0.0	0.0	0.0	0.0	0.0
k__Archaea|p__Methanobacteriota	0.0	0.0	0.0	0.0	0.0	0.0	0.0	0.0	0.0	0.0	0.0	0.0	0.0	0.0	0.0	0.0	0.0	0.0	0.0	0.0	0.0	0.0	0.0	0.004071	0.0	0.004819	0.0	0.0	0.0	0.0	0.13254	0.091951	0.148996	0.024303	0.0	0.0	0.0	0.0	0.900675	0.958432	0.830453	0.0	0.0	0.0
k__Bacteria|p__Firmicutes|c__CFGB88349	0.0	0.0	0.0	0.0	0.0	0.0	0.0	0.0	0.0	0.0	0.0	0.0	0.0	0.0	0.0	0.0	0.0	0.0	0.0	0.0	0.0	0.0	0.0	0.006756	0.003988	0.010761	0.0	0.0	0.0	0.0	0.0	0.0	0.0	0.0	0.0	0.0	0.0	0.0	0.0	0.0	0.0	0.0	0.0	0.0
k__Archaea|p__Methanobacteriota|c__Methanobacteria	0.0	0.0	0.0	0.0	0.0	0.0	0.0	0.0	0.0	0.0	0.0	0.0	0.0	0.0	0.0	0.0	0.0	0.0	0.0	0.0	0.0	0.0	0.0	0.004071	0.0	0.004819	0.0	0.0	0.0	0.0	0.13254	0.091951	0.148996	0.024303	0.0	0.0	0.0	0.0	0.900675	0.958432	0.830453	0.0	0.0	0.0
k__Bacteria|p__Firmicutes|c__CFGB88349|o__OFGB88349	0.0	0.0	0.0	0.0	0.0	0.0	0.0	0.0	0.0	0.0	0.0	0.0	0.0	0.0	0.0	0.0	0.0	0.0	0.0	0.0	0.0	0.0	0.0	0.006756	0.003988	0.010761	0.0	0.0	0.0	0.0	0.0	0.0	0.0	0.0	0.0	0.0	0.0	0.0	0.0	0.0	0.0	0.0	0.0	0.0
k__Archaea|p__Methanobacteriota|c__Methanobacteria|o__Methanobacteriales	0.0	0.0	0.0	0.0	0.0	0.0	0.0	0.0	0.0	0.0	0.0	0.0	0.0	0.0	0.0	0.0	0.0	0.0	0.0	0.0	0.0	0.0	0.0	0.004071	0.0	0.004819	0.0	0.0	0.0	0.0	0.13254	0.091951	0.148996	0.024303	0.0	0.0	0.0	0.0	0.900675	0.958432	0.830453	0.0	0.0	0.0
k__Bacteria|p__Firmicutes|c__CFGB88349|o__OFGB88349|f__FGB88349	0.0	0.0	0.0	0.0	0.0	0.0	0.0	0.0	0.0	0.0	0.0	0.0	0.0	0.0	0.0	0.0	0.0	0.0	0.0	0.0	0.0	0.0	0.0	0.006756	0.003988	0.010761	0.0	0.0	0.0	0.0	0.0	0.0	0.0	0.0	0.0	0.0	0.0	0.0	0.0	0.0	0.0	0.0	0.0	0.0
k__Bacteria|p__Firmicutes|c__Erysipelotrichia|o__Erysipelotrichales|f__Turicibacteraceae	0.0	0.0	0.0	0.0	0.0	0.0	0.0	0.0	0.0	0.0	0.0	0.0	0.0	0.0	0.0	0.0	0.0	0.0	0.0	0.0	0.0	0.0	0.0	0.004859	0.0	0.0	0.0	0.0	0.0	0.0	0.0	0.0	0.0	0.0	0.0	0.0	0.0	0.0	0.0	0.0	0.0	0.0	0.0	0.0
k__Archaea|p__Methanobacteriota|c__Methanobacteria|o__Methanobacteriales|f__Methanobacteriaceae	0.0	0.0	0.0	0.0	0.0	0.0	0.0	0.0	0.0	0.0	0.0	0.0	0.0	0.0	0.0	0.0	0.0	0.0	0.0	0.0	0.0	0.0	0.0	0.004071	0.0	0.004819	0.0	0.0	0.0	0.0	0.13254	0.091951	0.148996	0.024303	0.0	0.0	0.0	0.0	0.900675	0.958432	0.830453	0.0	0.0	0.0
k__Bacteria|p__Firmicutes|c__Clostridia|o__Lachnospirales|f__Lachnospiraceae|g__Jutongia	0.0	0.0	0.0	0.0	0.0	0.0	0.0	0.0	0.0	0.0	0.0	0.0	0.0	0.0	0.0	0.0	0.0	0.0	0.0	0.0	0.0	0.0	0.0	0.007339	0.0	0.0	0.0	0.0	0.0	0.0	0.0	0.0	0.0	0.0	0.0	0.0	0.0	0.0	0.0	0.0	0.0	0.0	0.0	0.0
k__Bacteria|p__Firmicutes|c__CFGB88349|o__OFGB88349|f__FGB88349|g__GGB2970	0.0	0.0	0.0	0.0	0.0	0.0	0.0	0.0	0.0	0.0	0.0	0.0	0.0	0.0	0.0	0.0	0.0	0.0	0.0	0.0	0.0	0.0	0.0	0.006756	0.003988	0.010761	0.0	0.0	0.0	0.0	0.0	0.0	0.0	0.0	0.0	0.0	0.0	0.0	0.0	0.0	0.0	0.0	0.0	0.0
k__Bacteria|p__Firmicutes|c__Erysipelotrichia|o__Erysipelotrichales|f__Turicibacteraceae|g__Turicibacter	0.0	0.0	0.0	0.0	0.0	0.0	0.0	0.0	0.0	0.0	0.0	0.0	0.0	0.0	0.0	0.0	0.0	0.0	0.0	0.0	0.0	0.0	0.0	0.004859	0.0	0.0	0.0	0.0	0.0	0.0	0.0	0.0	0.0	0.0	0.0	0.0	0.0	0.0	0.0	0.0	0.0	0.0	0.0	0.0
k__Archaea|p__Methanobacteriota|c__Methanobacteria|o__Methanobacteriales|f__Methanobacteriaceae|g__Methanobrevibacter	0.0	0.0	0.0	0.0	0.0	0.0	0.0	0.0	0.0	0.0	0.0	0.0	0.0	0.0	0.0	0.0	0.0	0.0	0.0	0.0	0.0	0.0	0.0	0.004071	0.0	0.004819	0.0	0.0	0.0	0.0	0.13254	0.091951	0.148996	0.024303	0.0	0.0	0.0	0.0	0.900675	0.958432	0.830453	0.0	0.0	0.0
k__Bacteria|p__Firmicutes|c__Clostridia|o__Lachnospirales|f__Lachnospiraceae|g__Jutongia|s__Jutongia_hominis	0.0	0.0	0.0	0.0	0.0	0.0	0.0	0.0	0.0	0.0	0.0	0.0	0.0	0.0	0.0	0.0	0.0	0.0	0.0	0.0	0.0	0.0	0.0	0.007339	0.0	0.0	0.0	0.0	0.0	0.0	0.0	0.0	0.0	0.0	0.0	0.0	0.0	0.0	0.0	0.0	0.0	0.0	0.0	0.0
k__Bacteria|p__Firmicutes|c__CFGB88349|o__OFGB88349|f__FGB88349|g__GGB2970|s__GGB2970_SGB3952	0.0	0.0	0.0	0.0	0.0	0.0	0.0	0.0	0.0	0.0	0.0	0.0	0.0	0.0	0.0	0.0	0.0	0.0	0.0	0.0	0.0	0.0	0.0	0.006756	0.003988	0.010761	0.0	0.0	0.0	0.0	0.0	0.0	0.0	0.0	0.0	0.0	0.0	0.0	0.0	0.0	0.0	0.0	0.0	0.0
k__Bacteria|p__Firmicutes|c__Erysipelotrichia|o__Erysipelotrichales|f__Turicibacteraceae|g__Turicibacter|s__Turicibacter_bilis	0.0	0.0	0.0	0.0	0.0	0.0	0.0	0.0	0.0	0.0	0.0	0.0	0.0	0.0	0.0	0.0	0.0	0.0	0.0	0.0	0.0	0.0	0.0	0.004859	0.0	0.0	0.0	0.0	0.0	0.0	0.0	0.0	0.0	0.0	0.0	0.0	0.0	0.0	0.0	0.0	0.0	0.0	0.0	0.0
k__Archaea|p__Methanobacteriota|c__Methanobacteria|o__Methanobacteriales|f__Methanobacteriaceae|g__Methanobrevibacter|s__Methanobrevibacter_smithii	0.0	0.0	0.0	0.0	0.0	0.0	0.0	0.0	0.0	0.0	0.0	0.0	0.0	0.0	0.0	0.0	0.0	0.0	0.0	0.0	0.0	0.0	0.0	0.004071	0.0	0.004819	0.0	0.0	0.0	0.0	0.13254	0.091951	0.148996	0.024303	0.0	0.0	0.0	0.0	0.900675	0.958432	0.830453	0.0	0.0	0.0
k__Bacteria|p__Firmicutes|c__Clostridia|o__Eubacteriales|f__Clostridiaceae|g__Clostridium|s__Clostridium_celatum	0.0	0.0	0.0	0.0	0.0	0.0	0.0	0.0	0.0	0.0	0.0	0.0	0.0	0.0	0.0	0.0	0.0	0.0	0.0	0.0	0.0	0.0	0.0	0.002981	0.0	0.0	0.0	0.0	0.0	0.0	0.0	0.0	0.0	0.0	0.0	0.0	0.0	0.0	0.0	0.0	0.0	0.0	0.0	0.0
k__Bacteria|p__Firmicutes|c__Clostridia|o__Lachnospirales|f__Lachnospiraceae|g__Jutongia|s__Jutongia_hominis|t__SGB4651	0.0	0.0	0.0	0.0	0.0	0.0	0.0	0.0	0.0	0.0	0.0	0.0	0.0	0.0	0.0	0.0	0.0	0.0	0.0	0.0	0.0	0.0	0.0	0.007339	0.0	0.0	0.0	0.0	0.0	0.0	0.0	0.0	0.0	0.0	0.0	0.0	0.0	0.0	0.0	0.0	0.0	0.0	0.0	0.0
k__Bacteria|p__Firmicutes|c__CFGB88349|o__OFGB88349|f__FGB88349|g__GGB2970|s__GGB2970_SGB3952|t__SGB3952	0.0	0.0	0.0	0.0	0.0	0.0	0.0	0.0	0.0	0.0	0.0	0.0	0.0	0.0	0.0	0.0	0.0	0.0	0.0	0.0	0.0	0.0	0.0	0.006756	0.003988	0.010761	0.0	0.0	0.0	0.0	0.0	0.0	0.0	0.0	0.0	0.0	0.0	0.0	0.0	0.0	0.0	0.0	0.0	0.0
k__Bacteria|p__Firmicutes|c__Erysipelotrichia|o__Erysipelotrichales|f__Turicibacteraceae|g__Turicibacter|s__Turicibacter_bilis|t__SGB6847	0.0	0.0	0.0	0.0	0.0	0.0	0.0	0.0	0.0	0.0	0.0	0.0	0.0	0.0	0.0	0.0	0.0	0.0	0.0	0.0	0.0	0.0	0.0	0.004859	0.0	0.0	0.0	0.0	0.0	0.0	0.0	0.0	0.0	0.0	0.0	0.0	0.0	0.0	0.0	0.0	0.0	0.0	0.0	0.0
k__Archaea|p__Methanobacteriota|c__Methanobacteria|o__Methanobacteriales|f__Methanobacteriaceae|g__Methanobrevibacter|s__Methanobrevibacter_smithii|t__SGB714	0.0	0.0	0.0	0.0	0.0	0.0	0.0	0.0	0.0	0.0	0.0	0.0	0.0	0.0	0.0	0.0	0.0	0.0	0.0	0.0	0.0	0.0	0.0	0.004071	0.0	0.004819	0.0	0.0	0.0	0.0	0.13254	0.091951	0.148996	0.024303	0.0	0.0	0.0	0.0	0.900675	0.958432	0.830453	0.0	0.0	0.0
k__Bacteria|p__Firmicutes|c__Clostridia|o__Eubacteriales|f__Clostridiaceae|g__Clostridium|s__Clostridium_celatum|t__SGB6180	0.0	0.0	0.0	0.0	0.0	0.0	0.0	0.0	0.0	0.0	0.0	0.0	0.0	0.0	0.0	0.0	0.0	0.0	0.0	0.0	0.0	0.0	0.0	0.002981	0.0	0.0	0.0	0.0	0.0	0.0	0.0	0.0	0.0	0.0	0.0	0.0	0.0	0.0	0.0	0.0	0.0	0.0	0.0	0.0
k__Bacteria|p__Firmicutes|c__CFGB2834|o__OFGB2834|f__FGB2834|g__GGB9065	0.0	0.0	0.0	0.0	0.0	0.0	0.0	0.0	0.0	0.0	0.0	0.0	0.0	0.0	0.0	0.0	0.0	0.0	0.0	0.0	0.0	0.0	0.0	0.0	0.004272	0.0	0.0	0.0	0.0	0.0	0.0	0.0	0.0	0.0	0.0	0.0	0.0	0.0	0.0	0.0	0.0	0.0	0.0	0.0
k__Bacteria|p__Firmicutes|c__CFGB2834|o__OFGB2834|f__FGB2834|g__GGB9065|s__GGB9065_SGB54325	0.0	0.0	0.0	0.0	0.0	0.0	0.0	0.0	0.0	0.0	0.0	0.0	0.0	0.0	0.0	0.0	0.0	0.0	0.0	0.0	0.0	0.0	0.0	0.0	0.004272	0.0	0.0	0.0	0.0	0.0	0.0	0.0	0.0	0.0	0.0	0.0	0.0	0.0	0.0	0.0	0.0	0.0	0.0	0.0
k__Bacteria|p__Firmicutes|c__Clostridia|o__Lachnospirales|f__Lachnospiraceae|g__Lachnospiraceae_unclassified|s__Lachnospiraceae_bacterium_TF08_3AC	0.0	0.0	0.0	0.0	0.0	0.0	0.0	0.0	0.0	0.0	0.0	0.0	0.0	0.0	0.0	0.0	0.0	0.0	0.0	0.0	0.0	0.0	0.0	0.0	0.000993	0.0	0.0	0.0	0.0	0.0	0.0	0.0	0.0	0.0	0.0	0.0	0.0	0.0	0.0	0.0	0.0	0.0	0.0	0.0
k__Bacteria|p__Firmicutes|c__CFGB2834|o__OFGB2834|f__FGB2834|g__GGB9065|s__GGB9065_SGB54325|t__SGB54325	0.0	0.0	0.0	0.0	0.0	0.0	0.0	0.0	0.0	0.0	0.0	0.0	0.0	0.0	0.0	0.0	0.0	0.0	0.0	0.0	0.0	0.0	0.0	0.0	0.004272	0.0	0.0	0.0	0.0	0.0	0.0	0.0	0.0	0.0	0.0	0.0	0.0	0.0	0.0	0.0	0.0	0.0	0.0	0.0
k__Bacteria|p__Firmicutes|c__Clostridia|o__Lachnospirales|f__Lachnospiraceae|g__Lachnospiraceae_unclassified|s__Lachnospiraceae_bacterium_TF08_3AC|t__SGB4658	0.0	0.0	0.0	0.0	0.0	0.0	0.0	0.0	0.0	0.0	0.0	0.0	0.0	0.0	0.0	0.0	0.0	0.0	0.0	0.0	0.0	0.0	0.0	0.0	0.000993	0.0	0.0	0.0	0.0	0.0	0.0	0.0	0.0	0.0	0.0	0.0	0.0	0.0	0.0	0.0	0.0	0.0	0.0	0.0
k__Bacteria|p__Firmicutes|c__Clostridia|o__Eubacteriales|f__Clostridiaceae|g__Clostridium|s__Clostridium_paraputrificum	0.0	0.0	0.0	0.0	0.0	0.0	0.0	0.0	0.0	0.0	0.0	0.0	0.0	0.0	0.0	0.0	0.0	0.0	0.0	0.0	0.0	0.0	0.0	0.0	0.0	0.00224	0.0	0.0	0.0	0.0	0.0	0.0	0.0	0.0	0.0	0.0	0.0	0.0	0.0	0.0	0.0	0.0	0.0	0.0
k__Bacteria|p__Firmicutes|c__Clostridia|o__Eubacteriales|f__Clostridiaceae|g__Clostridium|s__Clostridium_paraputrificum|t__SGB6187	0.0	0.0	0.0	0.0	0.0	0.0	0.0	0.0	0.0	0.0	0.0	0.0	0.0	0.0	0.0	0.0	0.0	0.0	0.0	0.0	0.0	0.0	0.0	0.0	0.0	0.00224	0.0	0.0	0.0	0.0	0.0	0.0	0.0	0.0	0.0	0.0	0.0	0.0	0.0	0.0	0.0	0.0	0.0	0.0
k__Bacteria|p__Candidatus_Melainabacteria|c__CFGB2106	0.0	0.0	0.0	0.0	0.0	0.0	0.0	0.0	0.0	0.0	0.0	0.0	0.0	0.0	0.0	0.0	0.0	0.0	0.0	0.0	0.0	0.0	0.0	0.0	0.0	0.0	0.05791	0.046951	0.063082	0.064211	0.0	0.0	0.0	0.0	0.0	0.0	0.0	0.0	0.0	0.0	0.0	0.0	0.0	0.0
k__Bacteria|p__Firmicutes|c__CFGB10312	0.0	0.0	0.0	0.0	0.0	0.0	0.0	0.0	0.0	0.0	0.0	0.0	0.0	0.0	0.0	0.0	0.0	0.0	0.0	0.0	0.0	0.0	0.0	0.0	0.0	0.0	0.054516	0.039803	0.040144	0.040573	0.0	0.0	0.0	0.0	0.0	0.0	0.0	0.0	0.0	0.0	0.0	0.0	0.0	0.0
k__Bacteria|p__Firmicutes|c__CFGB9120	0.0	0.0	0.0	0.0	0.0	0.0	0.0	0.0	0.0	0.0	0.0	0.0	0.0	0.0	0.0	0.0	0.0	0.0	0.0	0.0	0.0	0.0	0.0	0.0	0.0	0.0	0.010696	0.004233	0.010854	0.01013	0.0	0.0	0.0	0.0	0.0	0.0	0.0	0.0	0.0	0.0	0.0	0.0	0.0	0.0
k__Bacteria|p__Candidatus_Melainabacteria|c__CFGB2106|o__OFGB2106	0.0	0.0	0.0	0.0	0.0	0.0	0.0	0.0	0.0	0.0	0.0	0.0	0.0	0.0	0.0	0.0	0.0	0.0	0.0	0.0	0.0	0.0	0.0	0.0	0.0	0.0	0.05791	0.046951	0.063082	0.064211	0.0	0.0	0.0	0.0	0.0	0.0	0.0	0.0	0.0	0.0	0.0	0.0	0.0	0.0
k__Bacteria|p__Firmicutes|c__CFGB10312|o__OFGB10312	0.0	0.0	0.0	0.0	0.0	0.0	0.0	0.0	0.0	0.0	0.0	0.0	0.0	0.0	0.0	0.0	0.0	0.0	0.0	0.0	0.0	0.0	0.0	0.0	0.0	0.0	0.054516	0.039803	0.040144	0.040573	0.0	0.0	0.0	0.0	0.0	0.0	0.0	0.0	0.0	0.0	0.0	0.0	0.0	0.0
k__Bacteria|p__Firmicutes|c__CFGB9120|o__OFGB9120	0.0	0.0	0.0	0.0	0.0	0.0	0.0	0.0	0.0	0.0	0.0	0.0	0.0	0.0	0.0	0.0	0.0	0.0	0.0	0.0	0.0	0.0	0.0	0.0	0.0	0.0	0.010696	0.004233	0.010854	0.01013	0.0	0.0	0.0	0.0	0.0	0.0	0.0	0.0	0.0	0.0	0.0	0.0	0.0	0.0
k__Bacteria|p__Candidatus_Melainabacteria|c__CFGB2106|o__OFGB2106|f__FGB2106	0.0	0.0	0.0	0.0	0.0	0.0	0.0	0.0	0.0	0.0	0.0	0.0	0.0	0.0	0.0	0.0	0.0	0.0	0.0	0.0	0.0	0.0	0.0	0.0	0.0	0.0	0.05791	0.046951	0.063082	0.064211	0.0	0.0	0.0	0.0	0.0	0.0	0.0	0.0	0.0	0.0	0.0	0.0	0.0	0.0
k__Bacteria|p__Firmicutes|c__CFGB10312|o__OFGB10312|f__FGB10312	0.0	0.0	0.0	0.0	0.0	0.0	0.0	0.0	0.0	0.0	0.0	0.0	0.0	0.0	0.0	0.0	0.0	0.0	0.0	0.0	0.0	0.0	0.0	0.0	0.0	0.0	0.054516	0.039803	0.040144	0.040573	0.0	0.0	0.0	0.0	0.0	0.0	0.0	0.0	0.0	0.0	0.0	0.0	0.0	0.0
k__Bacteria|p__Bacteroidota|c__Bacteroidia|o__Bacteroidales|f__Porphyromonadaceae	0.0	0.0	0.0	0.0	0.0	0.0	0.0	0.0	0.0	0.0	0.0	0.0	0.0	0.0	0.0	0.0	0.0	0.0	0.0	0.0	0.0	0.0	0.0	0.0	0.0	0.0	0.022055	0.015317	0.018141	0.010415	0.0	0.0	0.0	0.0	0.0	0.0	0.0	0.0	0.0	0.0	0.0	0.0	0.0	0.0
k__Bacteria|p__Firmicutes|c__CFGB9120|o__OFGB9120|f__FGB9120	0.0	0.0	0.0	0.0	0.0	0.0	0.0	0.0	0.0	0.0	0.0	0.0	0.0	0.0	0.0	0.0	0.0	0.0	0.0	0.0	0.0	0.0	0.0	0.0	0.0	0.0	0.010696	0.004233	0.010854	0.01013	0.0	0.0	0.0	0.0	0.0	0.0	0.0	0.0	0.0	0.0	0.0	0.0	0.0	0.0
k__Bacteria|p__Firmicutes|c__CFGB1765|o__OFGB1765|f__FGB1765|g__GGB4569	0.0	0.0	0.0	0.0	0.0	0.0	0.0	0.0	0.0	0.0	0.0	0.0	0.0	0.0	0.0	0.0	0.0	0.0	0.0	0.0	0.0	0.0	0.0	0.0	0.0	0.0	0.23827	0.24294	0.247985	0.275746	0.0	0.0	0.0	0.0	0.0	0.0	0.0	0.0	0.0	0.0	0.0	0.0	0.0	0.0
k__Bacteria|p__Firmicutes|c__Clostridia|o__Lachnospirales|f__Lachnospiraceae|g__Kineothrix	0.0	0.0	0.0	0.0	0.0	0.0	0.0	0.0	0.0	0.0	0.0	0.0	0.0	0.0	0.0	0.0	0.0	0.0	0.0	0.0	0.0	0.0	0.0	0.0	0.0	0.0	0.19169	0.197396	0.193171	0.176124	0.035745	0.030652	0.0	0.0	0.0	0.0	0.0	0.0	0.031024	0.021111	0.025686	0.132502	0.151765	0.15065
k__Bacteria|p__Candidatus_Melainabacteria|c__CFGB2106|o__OFGB2106|f__FGB2106|g__GGB142619	0.0	0.0	0.0	0.0	0.0	0.0	0.0	0.0	0.0	0.0	0.0	0.0	0.0	0.0	0.0	0.0	0.0	0.0	0.0	0.0	0.0	0.0	0.0	0.0	0.0	0.0	0.05791	0.046951	0.063082	0.064211	0.0	0.0	0.0	0.0	0.0	0.0	0.0	0.0	0.0	0.0	0.0	0.0	0.0	0.0
k__Bacteria|p__Firmicutes|c__CFGB10312|o__OFGB10312|f__FGB10312|g__GGB4644	0.0	0.0	0.0	0.0	0.0	0.0	0.0	0.0	0.0	0.0	0.0	0.0	0.0	0.0	0.0	0.0	0.0	0.0	0.0	0.0	0.0	0.0	0.0	0.0	0.0	0.0	0.054516	0.039803	0.040144	0.040573	0.0	0.0	0.0	0.0	0.0	0.0	0.0	0.0	0.0	0.0	0.0	0.0	0.0	0.0
k__Bacteria|p__Firmicutes|c__Clostridia|o__Eubacteriales|f__Oscillospiraceae|g__GGB9697	0.0	0.0	0.0	0.0	0.0	0.0	0.0	0.0	0.0	0.0	0.0	0.0	0.0	0.0	0.0	0.0	0.0	0.0	0.0	0.0	0.0	0.0	0.0	0.0	0.0	0.0	0.051836	0.036256	0.044067	0.039408	0.0	0.0	0.0	0.0	0.0	0.0	0.0	0.0	0.0	0.0	0.0	0.0	0.0	0.0
k__Bacteria|p__Firmicutes|c__Clostridia|o__Eubacteriales|f__Oscillospiraceae|g__GGB143497	0.0	0.0	0.0	0.0	0.0	0.0	0.0	0.0	0.0	0.0	0.0	0.0	0.0	0.0	0.0	0.0	0.0	0.0	0.0	0.0	0.0	0.0	0.0	0.0	0.0	0.0	0.028881	0.021924	0.03033	0.018888	0.017137	0.002731	0.0	0.0	0.0	0.0	0.0	0.0	0.122993	0.120839	0.110099	0.0	0.0	0.0
k__Bacteria|p__Bacteroidota|c__Bacteroidia|o__Bacteroidales|f__Porphyromonadaceae|g__Sanguibacteroides	0.0	0.0	0.0	0.0	0.0	0.0	0.0	0.0	0.0	0.0	0.0	0.0	0.0	0.0	0.0	0.0	0.0	0.0	0.0	0.0	0.0	0.0	0.0	0.0	0.0	0.0	0.022055	0.015317	0.018141	0.010415	0.0	0.0	0.0	0.0	0.0	0.0	0.0	0.0	0.0	0.0	0.0	0.0	0.0	0.0
k__Bacteria|p__Firmicutes|c__CFGB9120|o__OFGB9120|f__FGB9120|g__GGB4642	0.0	0.0	0.0	0.0	0.0	0.0	0.0	0.0	0.0	0.0	0.0	0.0	0.0	0.0	0.0	0.0	0.0	0.0	0.0	0.0	0.0	0.0	0.0	0.0	0.0	0.0	0.010696	0.004233	0.010854	0.01013	0.0	0.0	0.0	0.0	0.0	0.0	0.0	0.0	0.0	0.0	0.0	0.0	0.0	0.0
k__Bacteria|p__Firmicutes|c__Clostridia|o__Eubacteriales|f__Oscillospiraceae|g__GGB13493	0.0	0.0	0.0	0.0	0.0	0.0	0.0	0.0	0.0	0.0	0.0	0.0	0.0	0.0	0.0	0.0	0.0	0.0	0.0	0.0	0.0	0.0	0.0	0.0	0.0	0.0	0.006022	0.008271	0.018409	0.021419	0.0	0.0	0.0	0.0	0.0	0.0	0.0	0.0	0.0	0.0	0.0	0.0	0.0	0.0
k__Bacteria|p__Bacteroidota|c__Bacteroidia|o__Bacteroidales|f__Prevotellaceae|g__Segatella|s__Segatella_hominis	0.0	0.0	0.0	0.0	0.0	0.0	0.0	0.0	0.0	0.0	0.0	0.0	0.0	0.0	0.0	0.0	0.0	0.0	0.0	0.0	0.0	0.0	0.0	0.0	0.0	0.0	6.040088	6.084347	6.014005	6.146724	1.112642	1.096696	0.94773	1.011301	0.0	0.0	0.0	0.0	0.0	0.0	0.0	0.0	0.0	0.0
k__Bacteria|p__Firmicutes|c__CFGB1354|o__OFGB1354|f__FGB1354|g__GGB3304|s__GGB3304_SGB4367	0.0	0.0	0.0	0.0	0.0	0.0	0.0	0.0	0.0	0.0	0.0	0.0	0.0	0.0	0.0	0.0	0.0	0.0	0.0	0.0	0.0	0.0	0.0	0.0	0.0	0.0	0.261495	0.2678	0.22778	0.261378	2.584451	2.426204	1.972429	2.182555	0.0	0.0	0.0	0.0	0.0	0.0	0.0	0.0	0.0	0.0
k__Bacteria|p__Firmicutes|c__CFGB1765|o__OFGB1765|f__FGB1765|g__GGB4569|s__GGB4569_SGB6310	0.0	0.0	0.0	0.0	0.0	0.0	0.0	0.0	0.0	0.0	0.0	0.0	0.0	0.0	0.0	0.0	0.0	0.0	0.0	0.0	0.0	0.0	0.0	0.0	0.0	0.0	0.23827	0.24294	0.247985	0.275746	0.0	0.0	0.0	0.0	0.0	0.0	0.0	0.0	0.0	0.0	0.0	0.0	0.0	0.0
k__Bacteria|p__Firmicutes|c__Clostridia|o__Lachnospirales|f__Lachnospiraceae|g__Kineothrix|s__Kineothrix_SGB4886	0.0	0.0	0.0	0.0	0.0	0.0	0.0	0.0	0.0	0.0	0.0	0.0	0.0	0.0	0.0	0.0	0.0	0.0	0.0	0.0	0.0	0.0	0.0	0.0	0.0	0.0	0.19169	0.197396	0.193171	0.176124	0.035745	0.030652	0.0	0.0	0.0	0.0	0.0	0.0	0.031024	0.021111	0.025686	0.132502	0.151765	0.15065
k__Bacteria|p__Candidatus_Melainabacteria|c__CFGB2106|o__OFGB2106|f__FGB2106|g__GGB142619|s__GGB142619_SGB8599	0.0	0.0	0.0	0.0	0.0	0.0	0.0	0.0	0.0	0.0	0.0	0.0	0.0	0.0	0.0	0.0	0.0	0.0	0.0	0.0	0.0	0.0	0.0	0.0	0.0	0.0	0.05791	0.046951	0.063082	0.064211	0.0	0.0	0.0	0.0	0.0	0.0	0.0	0.0	0.0	0.0	0.0	0.0	0.0	0.0
k__Bacteria|p__Firmicutes|c__CFGB10312|o__OFGB10312|f__FGB10312|g__GGB4644|s__GGB4644_SGB6428	0.0	0.0	0.0	0.0	0.0	0.0	0.0	0.0	0.0	0.0	0.0	0.0	0.0	0.0	0.0	0.0	0.0	0.0	0.0	0.0	0.0	0.0	0.0	0.0	0.0	0.0	0.054516	0.039803	0.040144	0.040573	0.0	0.0	0.0	0.0	0.0	0.0	0.0	0.0	0.0	0.0	0.0	0.0	0.0	0.0
k__Bacteria|p__Firmicutes|c__Clostridia|o__Eubacteriales|f__Oscillospiraceae|g__GGB9697|s__GGB9697_SGB15213	0.0	0.0	0.0	0.0	0.0	0.0	0.0	0.0	0.0	0.0	0.0	0.0	0.0	0.0	0.0	0.0	0.0	0.0	0.0	0.0	0.0	0.0	0.0	0.0	0.0	0.0	0.051836	0.036256	0.044067	0.039408	0.0	0.0	0.0	0.0	0.0	0.0	0.0	0.0	0.0	0.0	0.0	0.0	0.0	0.0
k__Bacteria|p__Firmicutes|c__Clostridia|o__Eubacteriales|f__Oscillospiraceae|g__Dysosmobacter|s__Dysosmobacter_SGB15051	0.0	0.0	0.0	0.0	0.0	0.0	0.0	0.0	0.0	0.0	0.0	0.0	0.0	0.0	0.0	0.0	0.0	0.0	0.0	0.0	0.0	0.0	0.0	0.0	0.0	0.0	0.046206	0.026845	0.037043	0.0491	0.0	0.0	0.0	0.0	0.0	0.0	0.0	0.0	0.0	0.0	0.0	0.0	0.0	0.0
k__Bacteria|p__Firmicutes|c__Clostridia|o__Eubacteriales|f__Oscillospiraceae|g__GGB143497|s__GGB143497_SGB15224	0.0	0.0	0.0	0.0	0.0	0.0	0.0	0.0	0.0	0.0	0.0	0.0	0.0	0.0	0.0	0.0	0.0	0.0	0.0	0.0	0.0	0.0	0.0	0.0	0.0	0.0	0.028881	0.021924	0.03033	0.018888	0.017137	0.002731	0.0	0.0	0.0	0.0	0.0	0.0	0.122993	0.120839	0.110099	0.0	0.0	0.0
k__Bacteria|p__Bacteroidota|c__Bacteroidia|o__Bacteroidales|f__Porphyromonadaceae|g__Sanguibacteroides|s__Sanguibacteroides_justesenii	0.0	0.0	0.0	0.0	0.0	0.0	0.0	0.0	0.0	0.0	0.0	0.0	0.0	0.0	0.0	0.0	0.0	0.0	0.0	0.0	0.0	0.0	0.0	0.0	0.0	0.0	0.022055	0.015317	0.018141	0.010415	0.0	0.0	0.0	0.0	0.0	0.0	0.0	0.0	0.0	0.0	0.0	0.0	0.0	0.0
k__Bacteria|p__Firmicutes|c__Clostridia|o__Lachnospirales|f__Lachnospiraceae|g__Blautia|s__Blautia_sp_MCC283	0.0	0.0	0.0	0.0	0.0	0.0	0.0	0.0	0.0	0.0	0.0	0.0	0.0	0.0	0.0	0.0	0.0	0.0	0.0	0.0	0.0	0.0	0.0	0.0	0.0	0.0	0.018296	0.014328	0.019096	0.008326	0.0	0.0	0.0	0.0	0.0	0.0	0.0	0.0	0.11481	0.119474	0.108806	0.0	0.0	0.0
k__Bacteria|p__Bacteroidota|c__Bacteroidia|o__Bacteroidales|f__Rikenellaceae|g__Alistipes|s__Alistipes_senegalensis	0.0	0.0	0.0	0.0	0.0	0.0	0.0	0.0	0.0	0.0	0.0	0.0	0.0	0.0	0.0	0.0	0.0	0.0	0.0	0.0	0.0	0.0	0.0	0.0	0.0	0.0	0.01228	0.009896	0.008156	0.005892	0.0	0.0	0.0	0.0	0.0	0.0	0.0	0.0	0.031634	0.013928	0.024349	0.023809	0.023316	0.028806
k__Bacteria|p__Firmicutes|c__Clostridia|o__Eubacteriales|f__Oscillospiraceae|g__Oscillospiraceae_unclassified|s__Ruminococcaceae_bacterium_AF68_02b2A	0.0	0.0	0.0	0.0	0.0	0.0	0.0	0.0	0.0	0.0	0.0	0.0	0.0	0.0	0.0	0.0	0.0	0.0	0.0	0.0	0.0	0.0	0.0	0.0	0.0	0.0	0.011314	0.017732	0.019559	0.026772	0.0	0.0	0.0	0.0	0.0	0.0	0.0	0.0	0.0	0.0	0.0	0.361859	0.349371	0.321988
k__Bacteria|p__Firmicutes|c__CFGB9120|o__OFGB9120|f__FGB9120|g__GGB4642|s__GGB4642_SGB6421	0.0	0.0	0.0	0.0	0.0	0.0	0.0	0.0	0.0	0.0	0.0	0.0	0.0	0.0	0.0	0.0	0.0	0.0	0.0	0.0	0.0	0.0	0.0	0.0	0.0	0.0	0.010696	0.004233	0.010854	0.01013	0.0	0.0	0.0	0.0	0.0	0.0	0.0	0.0	0.0	0.0	0.0	0.0	0.0	0.0
k__Bacteria|p__Firmicutes|c__Clostridia|o__Lachnospirales|f__Lachnospiraceae|g__Lachnospiraceae_unclassified|s__Lachnospiraceae_bacterium_OM14_6A	0.0	0.0	0.0	0.0	0.0	0.0	0.0	0.0	0.0	0.0	0.0	0.0	0.0	0.0	0.0	0.0	0.0	0.0	0.0	0.0	0.0	0.0	0.0	0.0	0.0	0.0	0.007485	0.006774	0.001556	0.009946	0.0	0.0	0.0	0.0	0.0	0.0	0.0	0.0	0.0	0.0	0.0	0.0	0.0	0.0
k__Bacteria|p__Firmicutes|c__Clostridia|o__Eubacteriales|f__Oscillospiraceae|g__GGB13493|s__GGB13493_SGB15238	0.0	0.0	0.0	0.0	0.0	0.0	0.0	0.0	0.0	0.0	0.0	0.0	0.0	0.0	0.0	0.0	0.0	0.0	0.0	0.0	0.0	0.0	0.0	0.0	0.0	0.0	0.006022	0.008271	0.018409	0.021419	0.0	0.0	0.0	0.0	0.0	0.0	0.0	0.0	0.0	0.0	0.0	0.0	0.0	0.0
k__Bacteria|p__Bacteroidota|c__Bacteroidia|o__Bacteroidales|f__Prevotellaceae|g__Segatella|s__Segatella_hominis|t__SGB1617	0.0	0.0	0.0	0.0	0.0	0.0	0.0	0.0	0.0	0.0	0.0	0.0	0.0	0.0	0.0	0.0	0.0	0.0	0.0	0.0	0.0	0.0	0.0	0.0	0.0	0.0	6.040088	6.084347	6.014005	6.146724	1.112642	1.096696	0.94773	1.011301	0.0	0.0	0.0	0.0	0.0	0.0	0.0	0.0	0.0	0.0
k__Bacteria|p__Bacteroidota|c__Bacteroidia|o__Bacteroidales|f__Prevotellaceae|g__Leyella|s__Leyella_stercorea|t__SGB1679	0.0	0.0	0.0	0.0	0.0	0.0	0.0	0.0	0.0	0.0	0.0	0.0	0.0	0.0	0.0	0.0	0.0	0.0	0.0	0.0	0.0	0.0	0.0	0.0	0.0	0.0	5.136661	5.170968	5.121266	5.016059	0.0	0.0	0.0	0.0	0.0	0.0	0.0	0.0	0.0	0.0	0.0	0.0	0.0	0.0
k__Bacteria|p__Firmicutes|c__CFGB1354|o__OFGB1354|f__FGB1354|g__GGB3304|s__GGB3304_SGB4367|t__SGB4367	0.0	0.0	0.0	0.0	0.0	0.0	0.0	0.0	0.0	0.0	0.0	0.0	0.0	0.0	0.0	0.0	0.0	0.0	0.0	0.0	0.0	0.0	0.0	0.0	0.0	0.0	0.261495	0.2678	0.22778	0.261378	2.584451	2.426204	1.972429	2.182555	0.0	0.0	0.0	0.0	0.0	0.0	0.0	0.0	0.0	0.0
k__Bacteria|p__Firmicutes|c__CFGB1765|o__OFGB1765|f__FGB1765|g__GGB4569|s__GGB4569_SGB6310|t__SGB6310	0.0	0.0	0.0	0.0	0.0	0.0	0.0	0.0	0.0	0.0	0.0	0.0	0.0	0.0	0.0	0.0	0.0	0.0	0.0	0.0	0.0	0.0	0.0	0.0	0.0	0.0	0.23827	0.24294	0.247985	0.275746	0.0	0.0	0.0	0.0	0.0	0.0	0.0	0.0	0.0	0.0	0.0	0.0	0.0	0.0
k__Bacteria|p__Firmicutes|c__Clostridia|o__Lachnospirales|f__Lachnospiraceae|g__Kineothrix|s__Kineothrix_SGB4886|t__SGB4886	0.0	0.0	0.0	0.0	0.0	0.0	0.0	0.0	0.0	0.0	0.0	0.0	0.0	0.0	0.0	0.0	0.0	0.0	0.0	0.0	0.0	0.0	0.0	0.0	0.0	0.0	0.19169	0.197396	0.193171	0.176124	0.035745	0.030652	0.0	0.0	0.0	0.0	0.0	0.0	0.031024	0.021111	0.025686	0.132502	0.151765	0.15065
k__Bacteria|p__Candidatus_Melainabacteria|c__CFGB2106|o__OFGB2106|f__FGB2106|g__GGB142619|s__GGB142619_SGB8599|t__SGB8599	0.0	0.0	0.0	0.0	0.0	0.0	0.0	0.0	0.0	0.0	0.0	0.0	0.0	0.0	0.0	0.0	0.0	0.0	0.0	0.0	0.0	0.0	0.0	0.0	0.0	0.0	0.05791	0.046951	0.063082	0.064211	0.0	0.0	0.0	0.0	0.0	0.0	0.0	0.0	0.0	0.0	0.0	0.0	0.0	0.0
k__Bacteria|p__Firmicutes|c__CFGB10312|o__OFGB10312|f__FGB10312|g__GGB4644|s__GGB4644_SGB6428|t__SGB6428	0.0	0.0	0.0	0.0	0.0	0.0	0.0	0.0	0.0	0.0	0.0	0.0	0.0	0.0	0.0	0.0	0.0	0.0	0.0	0.0	0.0	0.0	0.0	0.0	0.0	0.0	0.054516	0.039803	0.040144	0.040573	0.0	0.0	0.0	0.0	0.0	0.0	0.0	0.0	0.0	0.0	0.0	0.0	0.0	0.0
k__Bacteria|p__Firmicutes|c__Clostridia|o__Eubacteriales|f__Oscillospiraceae|g__GGB9697|s__GGB9697_SGB15213|t__SGB15213	0.0	0.0	0.0	0.0	0.0	0.0	0.0	0.0	0.0	0.0	0.0	0.0	0.0	0.0	0.0	0.0	0.0	0.0	0.0	0.0	0.0	0.0	0.0	0.0	0.0	0.0	0.051836	0.036256	0.044067	0.039408	0.0	0.0	0.0	0.0	0.0	0.0	0.0	0.0	0.0	0.0	0.0	0.0	0.0	0.0
k__Bacteria|p__Firmicutes|c__Clostridia|o__Eubacteriales|f__Oscillospiraceae|g__Dysosmobacter|s__Dysosmobacter_SGB15051|t__SGB15051	0.0	0.0	0.0	0.0	0.0	0.0	0.0	0.0	0.0	0.0	0.0	0.0	0.0	0.0	0.0	0.0	0.0	0.0	0.0	0.0	0.0	0.0	0.0	0.0	0.0	0.0	0.046206	0.026845	0.037043	0.0491	0.0	0.0	0.0	0.0	0.0	0.0	0.0	0.0	0.0	0.0	0.0	0.0	0.0	0.0
k__Bacteria|p__Firmicutes|c__Clostridia|o__Eubacteriales|f__Oscillospiraceae|g__GGB143497|s__GGB143497_SGB15224|t__SGB15224	0.0	0.0	0.0	0.0	0.0	0.0	0.0	0.0	0.0	0.0	0.0	0.0	0.0	0.0	0.0	0.0	0.0	0.0	0.0	0.0	0.0	0.0	0.0	0.0	0.0	0.0	0.028881	0.021924	0.03033	0.018888	0.017137	0.002731	0.0	0.0	0.0	0.0	0.0	0.0	0.122993	0.120839	0.110099	0.0	0.0	0.0
k__Bacteria|p__Bacteroidota|c__Bacteroidia|o__Bacteroidales|f__Porphyromonadaceae|g__Sanguibacteroides|s__Sanguibacteroides_justesenii|t__SGB1776	0.0	0.0	0.0	0.0	0.0	0.0	0.0	0.0	0.0	0.0	0.0	0.0	0.0	0.0	0.0	0.0	0.0	0.0	0.0	0.0	0.0	0.0	0.0	0.0	0.0	0.0	0.022055	0.015317	0.018141	0.010415	0.0	0.0	0.0	0.0	0.0	0.0	0.0	0.0	0.0	0.0	0.0	0.0	0.0	0.0
k__Bacteria|p__Firmicutes|c__Clostridia|o__Lachnospirales|f__Lachnospiraceae|g__Blautia|s__Blautia_sp_MCC283|t__SGB4828	0.0	0.0	0.0	0.0	0.0	0.0	0.0	0.0	0.0	0.0	0.0	0.0	0.0	0.0	0.0	0.0	0.0	0.0	0.0	0.0	0.0	0.0	0.0	0.0	0.0	0.0	0.018296	0.014328	0.019096	0.008326	0.0	0.0	0.0	0.0	0.0	0.0	0.0	0.0	0.11481	0.119474	0.108806	0.0	0.0	0.0
k__Bacteria|p__Bacteroidota|c__Bacteroidia|o__Bacteroidales|f__Rikenellaceae|g__Alistipes|s__Alistipes_senegalensis|t__SGB2296	0.0	0.0	0.0	0.0	0.0	0.0	0.0	0.0	0.0	0.0	0.0	0.0	0.0	0.0	0.0	0.0	0.0	0.0	0.0	0.0	0.0	0.0	0.0	0.0	0.0	0.0	0.01228	0.009896	0.008156	0.005892	0.0	0.0	0.0	0.0	0.0	0.0	0.0	0.0	0.031634	0.013928	0.024349	0.023809	0.023316	0.028806
k__Bacteria|p__Firmicutes|c__Clostridia|o__Eubacteriales|f__Oscillospiraceae|g__Oscillospiraceae_unclassified|s__Ruminococcaceae_bacterium_AF68_02b2A|t__SGB4421	0.0	0.0	0.0	0.0	0.0	0.0	0.0	0.0	0.0	0.0	0.0	0.0	0.0	0.0	0.0	0.0	0.0	0.0	0.0	0.0	0.0	0.0	0.0	0.0	0.0	0.0	0.011314	0.017732	0.019559	0.026772	0.0	0.0	0.0	0.0	0.0	0.0	0.0	0.0	0.0	0.0	0.0	0.361859	0.349371	0.321988
k__Bacteria|p__Firmicutes|c__CFGB9120|o__OFGB9120|f__FGB9120|g__GGB4642|s__GGB4642_SGB6421|t__SGB6421	0.0	0.0	0.0	0.0	0.0	0.0	0.0	0.0	0.0	0.0	0.0	0.0	0.0	0.0	0.0	0.0	0.0	0.0	0.0	0.0	0.0	0.0	0.0	0.0	0.0	0.0	0.010696	0.004233	0.010854	0.01013	0.0	0.0	0.0	0.0	0.0	0.0	0.0	0.0	0.0	0.0	0.0	0.0	0.0	0.0
k__Bacteria|p__Firmicutes|c__Clostridia|o__Lachnospirales|f__Lachnospiraceae|g__Lachnospiraceae_unclassified|s__Lachnospiraceae_bacterium_OM14_6A|t__SGB71819	0.0	0.0	0.0	0.0	0.0	0.0	0.0	0.0	0.0	0.0	0.0	0.0	0.0	0.0	0.0	0.0	0.0	0.0	0.0	0.0	0.0	0.0	0.0	0.0	0.0	0.0	0.007485	0.006774	0.001556	0.009946	0.0	0.0	0.0	0.0	0.0	0.0	0.0	0.0	0.0	0.0	0.0	0.0	0.0	0.0
k__Bacteria|p__Firmicutes|c__Clostridia|o__Eubacteriales|f__Oscillospiraceae|g__GGB13493|s__GGB13493_SGB15238|t__SGB15238	0.0	0.0	0.0	0.0	0.0	0.0	0.0	0.0	0.0	0.0	0.0	0.0	0.0	0.0	0.0	0.0	0.0	0.0	0.0	0.0	0.0	0.0	0.0	0.0	0.0	0.0	0.006022	0.008271	0.018409	0.021419	0.0	0.0	0.0	0.0	0.0	0.0	0.0	0.0	0.0	0.0	0.0	0.0	0.0	0.0
k__Bacteria|p__Firmicutes|c__Clostridia|o__Lachnospirales|f__Lachnospiraceae|g__Coprococcus|s__Coprococcus_catus|t__SGB4669	0.0	0.0	0.0	0.0	0.0	0.0	0.0	0.0	0.0	0.0	0.0	0.0	0.0	0.0	0.0	0.0	0.0	0.0	0.0	0.0	0.0	0.0	0.0	0.0	0.0	0.0	0.005521	0.0	0.004943	0.001925	0.0	0.0	0.0	0.0	0.0	0.0	0.0	0.0	0.026807	0.023969	0.023001	0.006369	0.013189	0.007548
k__Bacteria|p__Firmicutes|c__CFGB73902	0.0	0.0	0.0	0.0	0.0	0.0	0.0	0.0	0.0	0.0	0.0	0.0	0.0	0.0	0.0	0.0	0.0	0.0	0.0	0.0	0.0	0.0	0.0	0.0	0.0	0.0	0.0	0.0	0.0	0.0	3.33386	3.594218	5.213749	5.495687	0.0	0.0	0.0	0.0	1.413326	1.558927	1.510302	0.0	0.0	0.0
k__Bacteria|p__Firmicutes|c__CFGB2837	0.0	0.0	0.0	0.0	0.0	0.0	0.0	0.0	0.0	0.0	0.0	0.0	0.0	0.0	0.0	0.0	0.0	0.0	0.0	0.0	0.0	0.0	0.0	0.0	0.0	0.0	0.0	0.0	0.0	0.0	1.504719	1.47864	1.23164	0.872822	0.0	0.0	0.0	0.0	0.0	0.0	0.0	0.0	0.0	0.0
k__Bacteria|p__Pseudomonadota|c__CFGB2394	0.0	0.0	0.0	0.0	0.0	0.0	0.0	0.0	0.0	0.0	0.0	0.0	0.0	0.0	0.0	0.0	0.0	0.0	0.0	0.0	0.0	0.0	0.0	0.0	0.0	0.0	0.0	0.0	0.0	0.0	0.262225	0.277813	0.0	0.0	0.0	0.0	0.0	0.0	0.0	0.0	0.0	0.0	0.0	0.0
k__Bacteria|p__Firmicutes|c__CFGB9989	0.0	0.0	0.0	0.0	0.0	0.0	0.0	0.0	0.0	0.0	0.0	0.0	0.0	0.0	0.0	0.0	0.0	0.0	0.0	0.0	0.0	0.0	0.0	0.0	0.0	0.0	0.0	0.0	0.0	0.0	0.103359	0.043344	0.0	0.0	0.0	0.0	0.0	0.0	0.0	0.0	0.0	0.0	0.0	0.0
k__Bacteria|p__Firmicutes|c__CFGB78699	0.0	0.0	0.0	0.0	0.0	0.0	0.0	0.0	0.0	0.0	0.0	0.0	0.0	0.0	0.0	0.0	0.0	0.0	0.0	0.0	0.0	0.0	0.0	0.0	0.0	0.0	0.0	0.0	0.0	0.0	0.081596	0.043492	0.0	0.0	0.0	0.0	0.0	0.0	0.0	0.0	0.0	0.0	0.0	0.0
k__Bacteria|p__Firmicutes|c__CFGB9977	0.0	0.0	0.0	0.0	0.0	0.0	0.0	0.0	0.0	0.0	0.0	0.0	0.0	0.0	0.0	0.0	0.0	0.0	0.0	0.0	0.0	0.0	0.0	0.0	0.0	0.0	0.0	0.0	0.0	0.0	0.073802	0.0	0.0	0.0	0.0	0.0	0.0	0.0	0.0	0.0	0.0	0.0	0.0	0.0
k__Bacteria|p__Firmicutes|c__CFGB1355	0.0	0.0	0.0	0.0	0.0	0.0	0.0	0.0	0.0	0.0	0.0	0.0	0.0	0.0	0.0	0.0	0.0	0.0	0.0	0.0	0.0	0.0	0.0	0.0	0.0	0.0	0.0	0.0	0.0	0.0	0.068234	0.087515	0.0	0.0	0.0	0.0	0.0	0.0	0.0	0.0	0.0	0.0	0.0	0.0
k__Bacteria|p__Firmicutes|c__CFGB10314	0.0	0.0	0.0	0.0	0.0	0.0	0.0	0.0	0.0	0.0	0.0	0.0	0.0	0.0	0.0	0.0	0.0	0.0	0.0	0.0	0.0	0.0	0.0	0.0	0.0	0.0	0.0	0.0	0.0	0.0	0.065905	0.064906	0.0	0.0	0.0	0.0	0.0	0.0	0.0	0.0	0.0	0.0	0.0	0.0
k__Bacteria|p__Firmicutes|c__CFGB2889	0.0	0.0	0.0	0.0	0.0	0.0	0.0	0.0	0.0	0.0	0.0	0.0	0.0	0.0	0.0	0.0	0.0	0.0	0.0	0.0	0.0	0.0	0.0	0.0	0.0	0.0	0.0	0.0	0.0	0.0	0.058434	0.0	0.0	0.0	0.0	0.0	0.0	0.0	0.0	0.0	0.0	0.0	0.0	0.0
k__Bacteria|p__Firmicutes|c__CFGB9345	0.0	0.0	0.0	0.0	0.0	0.0	0.0	0.0	0.0	0.0	0.0	0.0	0.0	0.0	0.0	0.0	0.0	0.0	0.0	0.0	0.0	0.0	0.0	0.0	0.0	0.0	0.0	0.0	0.0	0.0	0.05662	0.048801	0.0	0.0	0.0	0.0	0.0	0.0	0.772344	0.674997	0.747858	0.0	0.0	0.0
k__Bacteria|p__Firmicutes|c__CFGB77220	0.0	0.0	0.0	0.0	0.0	0.0	0.0	0.0	0.0	0.0	0.0	0.0	0.0	0.0	0.0	0.0	0.0	0.0	0.0	0.0	0.0	0.0	0.0	0.0	0.0	0.0	0.0	0.0	0.0	0.0	0.03798	0.120739	0.069803	0.0	0.0	0.0	0.0	0.0	0.0	0.0	0.0	0.0	0.0	0.0
k__Bacteria|p__Firmicutes|c__CFGB2924	0.0	0.0	0.0	0.0	0.0	0.0	0.0	0.0	0.0	0.0	0.0	0.0	0.0	0.0	0.0	0.0	0.0	0.0	0.0	0.0	0.0	0.0	0.0	0.0	0.0	0.0	0.0	0.0	0.0	0.0	0.02831	0.048533	0.0	0.0	0.0	0.0	0.0	0.0	0.0	0.0	0.0	0.0	0.0	0.0
k__Bacteria|p__Firmicutes|c__CFGB94770	0.0	0.0	0.0	0.0	0.0	0.0	0.0	0.0	0.0	0.0	0.0	0.0	0.0	0.0	0.0	0.0	0.0	0.0	0.0	0.0	0.0	0.0	0.0	0.0	0.0	0.0	0.0	0.0	0.0	0.0	0.018686	0.026574	0.0	0.0	0.0	0.0	0.0	0.0	0.0	0.0	0.0	0.0	0.0	0.0
k__Bacteria|p__Pseudomonadota|c__Gammaproteobacteria|o__Aeromonadales	0.0	0.0	0.0	0.0	0.0	0.0	0.0	0.0	0.0	0.0	0.0	0.0	0.0	0.0	0.0	0.0	0.0	0.0	0.0	0.0	0.0	0.0	0.0	0.0	0.0	0.0	0.0	0.0	0.0	0.0	17.35849	17.779806	23.280476	22.924889	0.0	0.0	0.0	0.0	0.0	0.0	0.0	0.0	0.0	0.0
k__Bacteria|p__Firmicutes|c__CFGB73902|o__OFGB73902	0.0	0.0	0.0	0.0	0.0	0.0	0.0	0.0	0.0	0.0	0.0	0.0	0.0	0.0	0.0	0.0	0.0	0.0	0.0	0.0	0.0	0.0	0.0	0.0	0.0	0.0	0.0	0.0	0.0	0.0	3.33386	3.594218	5.213749	5.495687	0.0	0.0	0.0	0.0	1.413326	1.558927	1.510302	0.0	0.0	0.0
k__Bacteria|p__Firmicutes|c__CFGB2837|o__OFGB2837	0.0	0.0	0.0	0.0	0.0	0.0	0.0	0.0	0.0	0.0	0.0	0.0	0.0	0.0	0.0	0.0	0.0	0.0	0.0	0.0	0.0	0.0	0.0	0.0	0.0	0.0	0.0	0.0	0.0	0.0	1.504719	1.47864	1.23164	0.872822	0.0	0.0	0.0	0.0	0.0	0.0	0.0	0.0	0.0	0.0
k__Bacteria|p__Pseudomonadota|c__CFGB2394|o__OFGB2394	0.0	0.0	0.0	0.0	0.0	0.0	0.0	0.0	0.0	0.0	0.0	0.0	0.0	0.0	0.0	0.0	0.0	0.0	0.0	0.0	0.0	0.0	0.0	0.0	0.0	0.0	0.0	0.0	0.0	0.0	0.262225	0.277813	0.0	0.0	0.0	0.0	0.0	0.0	0.0	0.0	0.0	0.0	0.0	0.0
k__Bacteria|p__Firmicutes|c__CFGB9989|o__OFGB9989	0.0	0.0	0.0	0.0	0.0	0.0	0.0	0.0	0.0	0.0	0.0	0.0	0.0	0.0	0.0	0.0	0.0	0.0	0.0	0.0	0.0	0.0	0.0	0.0	0.0	0.0	0.0	0.0	0.0	0.0	0.103359	0.043344	0.0	0.0	0.0	0.0	0.0	0.0	0.0	0.0	0.0	0.0	0.0	0.0
k__Bacteria|p__Firmicutes|c__CFGB78699|o__OFGB78699	0.0	0.0	0.0	0.0	0.0	0.0	0.0	0.0	0.0	0.0	0.0	0.0	0.0	0.0	0.0	0.0	0.0	0.0	0.0	0.0	0.0	0.0	0.0	0.0	0.0	0.0	0.0	0.0	0.0	0.0	0.081596	0.043492	0.0	0.0	0.0	0.0	0.0	0.0	0.0	0.0	0.0	0.0	0.0	0.0
k__Bacteria|p__Firmicutes|c__CFGB9977|o__OFGB9977	0.0	0.0	0.0	0.0	0.0	0.0	0.0	0.0	0.0	0.0	0.0	0.0	0.0	0.0	0.0	0.0	0.0	0.0	0.0	0.0	0.0	0.0	0.0	0.0	0.0	0.0	0.0	0.0	0.0	0.0	0.073802	0.0	0.0	0.0	0.0	0.0	0.0	0.0	0.0	0.0	0.0	0.0	0.0	0.0
k__Bacteria|p__Firmicutes|c__CFGB1355|o__OFGB1355	0.0	0.0	0.0	0.0	0.0	0.0	0.0	0.0	0.0	0.0	0.0	0.0	0.0	0.0	0.0	0.0	0.0	0.0	0.0	0.0	0.0	0.0	0.0	0.0	0.0	0.0	0.0	0.0	0.0	0.0	0.068234	0.087515	0.0	0.0	0.0	0.0	0.0	0.0	0.0	0.0	0.0	0.0	0.0	0.0
k__Bacteria|p__Firmicutes|c__CFGB10314|o__OFGB10314	0.0	0.0	0.0	0.0	0.0	0.0	0.0	0.0	0.0	0.0	0.0	0.0	0.0	0.0	0.0	0.0	0.0	0.0	0.0	0.0	0.0	0.0	0.0	0.0	0.0	0.0	0.0	0.0	0.0	0.0	0.065905	0.064906	0.0	0.0	0.0	0.0	0.0	0.0	0.0	0.0	0.0	0.0	0.0	0.0
k__Bacteria|p__Firmicutes|c__CFGB2889|o__OFGB2889	0.0	0.0	0.0	0.0	0.0	0.0	0.0	0.0	0.0	0.0	0.0	0.0	0.0	0.0	0.0	0.0	0.0	0.0	0.0	0.0	0.0	0.0	0.0	0.0	0.0	0.0	0.0	0.0	0.0	0.0	0.058434	0.0	0.0	0.0	0.0	0.0	0.0	0.0	0.0	0.0	0.0	0.0	0.0	0.0
k__Bacteria|p__Firmicutes|c__CFGB9345|o__OFGB9345	0.0	0.0	0.0	0.0	0.0	0.0	0.0	0.0	0.0	0.0	0.0	0.0	0.0	0.0	0.0	0.0	0.0	0.0	0.0	0.0	0.0	0.0	0.0	0.0	0.0	0.0	0.0	0.0	0.0	0.0	0.05662	0.048801	0.0	0.0	0.0	0.0	0.0	0.0	0.772344	0.674997	0.747858	0.0	0.0	0.0
k__Bacteria|p__Firmicutes|c__CFGB77220|o__OFGB77220	0.0	0.0	0.0	0.0	0.0	0.0	0.0	0.0	0.0	0.0	0.0	0.0	0.0	0.0	0.0	0.0	0.0	0.0	0.0	0.0	0.0	0.0	0.0	0.0	0.0	0.0	0.0	0.0	0.0	0.0	0.03798	0.120739	0.069803	0.0	0.0	0.0	0.0	0.0	0.0	0.0	0.0	0.0	0.0	0.0
k__Bacteria|p__Firmicutes|c__CFGB2924|o__OFGB2924	0.0	0.0	0.0	0.0	0.0	0.0	0.0	0.0	0.0	0.0	0.0	0.0	0.0	0.0	0.0	0.0	0.0	0.0	0.0	0.0	0.0	0.0	0.0	0.0	0.0	0.0	0.0	0.0	0.0	0.0	0.02831	0.048533	0.0	0.0	0.0	0.0	0.0	0.0	0.0	0.0	0.0	0.0	0.0	0.0
k__Bacteria|p__Firmicutes|c__CFGB94770|o__OFGB94770	0.0	0.0	0.0	0.0	0.0	0.0	0.0	0.0	0.0	0.0	0.0	0.0	0.0	0.0	0.0	0.0	0.0	0.0	0.0	0.0	0.0	0.0	0.0	0.0	0.0	0.0	0.0	0.0	0.0	0.0	0.018686	0.026574	0.0	0.0	0.0	0.0	0.0	0.0	0.0	0.0	0.0	0.0	0.0	0.0
k__Bacteria|p__Pseudomonadota|c__Gammaproteobacteria|o__Aeromonadales|f__Succinivibrionaceae	0.0	0.0	0.0	0.0	0.0	0.0	0.0	0.0	0.0	0.0	0.0	0.0	0.0	0.0	0.0	0.0	0.0	0.0	0.0	0.0	0.0	0.0	0.0	0.0	0.0	0.0	0.0	0.0	0.0	0.0	17.35849	17.779806	23.280476	22.924889	0.0	0.0	0.0	0.0	0.0	0.0	0.0	0.0	0.0	0.0
k__Bacteria|p__Firmicutes|c__CFGB73902|o__OFGB73902|f__FGB73902	0.0	0.0	0.0	0.0	0.0	0.0	0.0	0.0	0.0	0.0	0.0	0.0	0.0	0.0	0.0	0.0	0.0	0.0	0.0	0.0	0.0	0.0	0.0	0.0	0.0	0.0	0.0	0.0	0.0	0.0	3.33386	3.594218	5.213749	5.495687	0.0	0.0	0.0	0.0	1.413326	1.558927	1.510302	0.0	0.0	0.0
k__Bacteria|p__Firmicutes|c__CFGB2837|o__OFGB2837|f__FGB2837	0.0	0.0	0.0	0.0	0.0	0.0	0.0	0.0	0.0	0.0	0.0	0.0	0.0	0.0	0.0	0.0	0.0	0.0	0.0	0.0	0.0	0.0	0.0	0.0	0.0	0.0	0.0	0.0	0.0	0.0	1.504719	1.47864	1.23164	0.872822	0.0	0.0	0.0	0.0	0.0	0.0	0.0	0.0	0.0	0.0
k__Bacteria|p__Pseudomonadota|c__CFGB2394|o__OFGB2394|f__FGB2394	0.0	0.0	0.0	0.0	0.0	0.0	0.0	0.0	0.0	0.0	0.0	0.0	0.0	0.0	0.0	0.0	0.0	0.0	0.0	0.0	0.0	0.0	0.0	0.0	0.0	0.0	0.0	0.0	0.0	0.0	0.262225	0.277813	0.0	0.0	0.0	0.0	0.0	0.0	0.0	0.0	0.0	0.0	0.0	0.0
k__Bacteria|p__Firmicutes|c__CFGB9989|o__OFGB9989|f__FGB9989	0.0	0.0	0.0	0.0	0.0	0.0	0.0	0.0	0.0	0.0	0.0	0.0	0.0	0.0	0.0	0.0	0.0	0.0	0.0	0.0	0.0	0.0	0.0	0.0	0.0	0.0	0.0	0.0	0.0	0.0	0.103359	0.043344	0.0	0.0	0.0	0.0	0.0	0.0	0.0	0.0	0.0	0.0	0.0	0.0
k__Bacteria|p__Firmicutes|c__CFGB78699|o__OFGB78699|f__FGB78699	0.0	0.0	0.0	0.0	0.0	0.0	0.0	0.0	0.0	0.0	0.0	0.0	0.0	0.0	0.0	0.0	0.0	0.0	0.0	0.0	0.0	0.0	0.0	0.0	0.0	0.0	0.0	0.0	0.0	0.0	0.081596	0.043492	0.0	0.0	0.0	0.0	0.0	0.0	0.0	0.0	0.0	0.0	0.0	0.0
k__Bacteria|p__Firmicutes|c__CFGB9977|o__OFGB9977|f__FGB9977	0.0	0.0	0.0	0.0	0.0	0.0	0.0	0.0	0.0	0.0	0.0	0.0	0.0	0.0	0.0	0.0	0.0	0.0	0.0	0.0	0.0	0.0	0.0	0.0	0.0	0.0	0.0	0.0	0.0	0.0	0.073802	0.0	0.0	0.0	0.0	0.0	0.0	0.0	0.0	0.0	0.0	0.0	0.0	0.0
k__Bacteria|p__Firmicutes|c__CFGB1355|o__OFGB1355|f__FGB1355	0.0	0.0	0.0	0.0	0.0	0.0	0.0	0.0	0.0	0.0	0.0	0.0	0.0	0.0	0.0	0.0	0.0	0.0	0.0	0.0	0.0	0.0	0.0	0.0	0.0	0.0	0.0	0.0	0.0	0.0	0.068234	0.087515	0.0	0.0	0.0	0.0	0.0	0.0	0.0	0.0	0.0	0.0	0.0	0.0
k__Bacteria|p__Firmicutes|c__CFGB10314|o__OFGB10314|f__FGB10314	0.0	0.0	0.0	0.0	0.0	0.0	0.0	0.0	0.0	0.0	0.0	0.0	0.0	0.0	0.0	0.0	0.0	0.0	0.0	0.0	0.0	0.0	0.0	0.0	0.0	0.0	0.0	0.0	0.0	0.0	0.065905	0.064906	0.0	0.0	0.0	0.0	0.0	0.0	0.0	0.0	0.0	0.0	0.0	0.0
k__Bacteria|p__Firmicutes|c__CFGB2889|o__OFGB2889|f__FGB2889	0.0	0.0	0.0	0.0	0.0	0.0	0.0	0.0	0.0	0.0	0.0	0.0	0.0	0.0	0.0	0.0	0.0	0.0	0.0	0.0	0.0	0.0	0.0	0.0	0.0	0.0	0.0	0.0	0.0	0.0	0.058434	0.0	0.0	0.0	0.0	0.0	0.0	0.0	0.0	0.0	0.0	0.0	0.0	0.0
k__Bacteria|p__Firmicutes|c__CFGB9345|o__OFGB9345|f__FGB9345	0.0	0.0	0.0	0.0	0.0	0.0	0.0	0.0	0.0	0.0	0.0	0.0	0.0	0.0	0.0	0.0	0.0	0.0	0.0	0.0	0.0	0.0	0.0	0.0	0.0	0.0	0.0	0.0	0.0	0.0	0.05662	0.048801	0.0	0.0	0.0	0.0	0.0	0.0	0.772344	0.674997	0.747858	0.0	0.0	0.0
k__Bacteria|p__Firmicutes|c__CFGB77220|o__OFGB77220|f__FGB77220	0.0	0.0	0.0	0.0	0.0	0.0	0.0	0.0	0.0	0.0	0.0	0.0	0.0	0.0	0.0	0.0	0.0	0.0	0.0	0.0	0.0	0.0	0.0	0.0	0.0	0.0	0.0	0.0	0.0	0.0	0.03798	0.120739	0.069803	0.0	0.0	0.0	0.0	0.0	0.0	0.0	0.0	0.0	0.0	0.0
k__Bacteria|p__Firmicutes|c__CFGB2924|o__OFGB2924|f__FGB2924	0.0	0.0	0.0	0.0	0.0	0.0	0.0	0.0	0.0	0.0	0.0	0.0	0.0	0.0	0.0	0.0	0.0	0.0	0.0	0.0	0.0	0.0	0.0	0.0	0.0	0.0	0.0	0.0	0.0	0.0	0.02831	0.048533	0.0	0.0	0.0	0.0	0.0	0.0	0.0	0.0	0.0	0.0	0.0	0.0
k__Bacteria|p__Firmicutes|c__CFGB94770|o__OFGB94770|f__FGB94770	0.0	0.0	0.0	0.0	0.0	0.0	0.0	0.0	0.0	0.0	0.0	0.0	0.0	0.0	0.0	0.0	0.0	0.0	0.0	0.0	0.0	0.0	0.0	0.0	0.0	0.0	0.0	0.0	0.0	0.0	0.018686	0.026574	0.0	0.0	0.0	0.0	0.0	0.0	0.0	0.0	0.0	0.0	0.0	0.0
k__Bacteria|p__Pseudomonadota|c__Gammaproteobacteria|o__Aeromonadales|f__Succinivibrionaceae|g__GGB2734	0.0	0.0	0.0	0.0	0.0	0.0	0.0	0.0	0.0	0.0	0.0	0.0	0.0	0.0	0.0	0.0	0.0	0.0	0.0	0.0	0.0	0.0	0.0	0.0	0.0	0.0	0.0	0.0	0.0	0.0	17.35849	17.779806	23.280476	22.924889	0.0	0.0	0.0	0.0	0.0	0.0	0.0	0.0	0.0	0.0
k__Bacteria|p__Firmicutes|c__CFGB73902|o__OFGB73902|f__FGB73902|g__GGB4689	0.0	0.0	0.0	0.0	0.0	0.0	0.0	0.0	0.0	0.0	0.0	0.0	0.0	0.0	0.0	0.0	0.0	0.0	0.0	0.0	0.0	0.0	0.0	0.0	0.0	0.0	0.0	0.0	0.0	0.0	3.33386	3.594218	5.213749	5.495687	0.0	0.0	0.0	0.0	1.413326	1.558927	1.510302	0.0	0.0	0.0
k__Bacteria|p__Bacteroidota|c__Bacteroidia|o__Bacteroidales|f__Prevotellaceae|g__GGB1146	0.0	0.0	0.0	0.0	0.0	0.0	0.0	0.0	0.0	0.0	0.0	0.0	0.0	0.0	0.0	0.0	0.0	0.0	0.0	0.0	0.0	0.0	0.0	0.0	0.0	0.0	0.0	0.0	0.0	0.0	1.3392	1.294017	1.002211	1.310498	0.0	0.0	0.0	0.0	0.0	0.0	0.0	0.0	0.0	0.0
k__Bacteria|p__Firmicutes|c__CFGB2837|o__OFGB2837|f__FGB2837|g__GGB9081	0.0	0.0	0.0	0.0	0.0	0.0	0.0	0.0	0.0	0.0	0.0	0.0	0.0	0.0	0.0	0.0	0.0	0.0	0.0	0.0	0.0	0.0	0.0	0.0	0.0	0.0	0.0	0.0	0.0	0.0	1.33555	1.380837	1.23164	0.872822	0.0	0.0	0.0	0.0	0.0	0.0	0.0	0.0	0.0	0.0
k__Bacteria|p__Firmicutes|c__CFGB2834|o__OFGB2834|f__FGB2834|g__GGB141302	0.0	0.0	0.0	0.0	0.0	0.0	0.0	0.0	0.0	0.0	0.0	0.0	0.0	0.0	0.0	0.0	0.0	0.0	0.0	0.0	0.0	0.0	0.0	0.0	0.0	0.0	0.0	0.0	0.0	0.0	1.121214	1.000749	0.648169	0.607317	0.0	0.0	0.0	0.0	0.0	0.0	0.0	0.0	0.0	0.0
k__Bacteria|p__Firmicutes|c__CFGB94730|o__OFGB94730|f__FGB94730|g__GGB4750	0.0	0.0	0.0	0.0	0.0	0.0	0.0	0.0	0.0	0.0	0.0	0.0	0.0	0.0	0.0	0.0	0.0	0.0	0.0	0.0	0.0	0.0	0.0	0.0	0.0	0.0	0.0	0.0	0.0	0.0	0.887833	0.891778	1.186369	1.240908	0.0	0.0	0.0	0.0	0.0	0.0	0.0	0.0	0.0	0.0
k__Bacteria|p__Bacteroidota|c__Bacteroidia|o__Bacteroidales|f__Prevotellaceae|g__GGB1239	0.0	0.0	0.0	0.0	0.0	0.0	0.0	0.0	0.0	0.0	0.0	0.0	0.0	0.0	0.0	0.0	0.0	0.0	0.0	0.0	0.0	0.0	0.0	0.0	0.0	0.0	0.0	0.0	0.0	0.0	0.857503	0.851044	0.86923	0.843034	0.0	0.0	0.0	0.0	0.0	0.0	0.0	0.0	0.0	0.0
k__Bacteria|p__Firmicutes|c__CFGB1359|o__OFGB1359|f__FGB1359|g__GGB3316	0.0	0.0	0.0	0.0	0.0	0.0	0.0	0.0	0.0	0.0	0.0	0.0	0.0	0.0	0.0	0.0	0.0	0.0	0.0	0.0	0.0	0.0	0.0	0.0	0.0	0.0	0.0	0.0	0.0	0.0	0.714045	0.589795	0.436674	0.58362	0.0	0.0	0.0	0.0	0.0	0.0	0.0	0.0	0.0	0.0
k__Bacteria|p__Firmicutes|c__Clostridia|o__Eubacteriales|f__Oscillospiraceae|g__GGB3189	0.0	0.0	0.0	0.0	0.0	0.0	0.0	0.0	0.0	0.0	0.0	0.0	0.0	0.0	0.0	0.0	0.0	0.0	0.0	0.0	0.0	0.0	0.0	0.0	0.0	0.0	0.0	0.0	0.0	0.0	0.458929	0.369681	0.120249	0.083664	0.0	0.0	0.0	0.0	0.0	0.0	0.0	0.0	0.0	0.0
k__Bacteria|p__Firmicutes|c__CFGB1765|o__OFGB1765|f__FGB1765|g__GGB4567	0.0	0.0	0.0	0.0	0.0	0.0	0.0	0.0	0.0	0.0	0.0	0.0	0.0	0.0	0.0	0.0	0.0	0.0	0.0	0.0	0.0	0.0	0.0	0.0	0.0	0.0	0.0	0.0	0.0	0.0	0.405035	0.373762	0.488002	0.449146	0.0	0.0	0.0	0.0	2.653437	2.786781	2.753715	0.0	0.0	0.0
k__Bacteria|p__Firmicutes|c__Negativicutes|o__Veillonellales|f__Veillonellaceae|g__GGB4266	0.0	0.0	0.0	0.0	0.0	0.0	0.0	0.0	0.0	0.0	0.0	0.0	0.0	0.0	0.0	0.0	0.0	0.0	0.0	0.0	0.0	0.0	0.0	0.0	0.0	0.0	0.0	0.0	0.0	0.0	0.285368	0.528148	0.066692	0.173842	0.0	0.0	0.0	0.0	0.0	0.0	0.0	0.0	0.0	0.0
k__Bacteria|p__Pseudomonadota|c__CFGB2394|o__OFGB2394|f__FGB2394|g__GGB6544	0.0	0.0	0.0	0.0	0.0	0.0	0.0	0.0	0.0	0.0	0.0	0.0	0.0	0.0	0.0	0.0	0.0	0.0	0.0	0.0	0.0	0.0	0.0	0.0	0.0	0.0	0.0	0.0	0.0	0.0	0.262225	0.277813	0.0	0.0	0.0	0.0	0.0	0.0	0.0	0.0	0.0	0.0	0.0	0.0
k__Bacteria|p__Firmicutes|c__Clostridia|o__Eubacteriales|f__Oscillospiraceae|g__GGB3345	0.0	0.0	0.0	0.0	0.0	0.0	0.0	0.0	0.0	0.0	0.0	0.0	0.0	0.0	0.0	0.0	0.0	0.0	0.0	0.0	0.0	0.0	0.0	0.0	0.0	0.0	0.0	0.0	0.0	0.0	0.237279	0.280326	0.01658	0.0	0.0	0.0	0.0	0.0	0.0	0.0	0.0	0.0	0.0	0.0
k__Bacteria|p__Pseudomonadota|c__Betaproteobacteria|o__Burkholderiales|f__Sutterellaceae|g__Duodenibacillus	0.0	0.0	0.0	0.0	0.0	0.0	0.0	0.0	0.0	0.0	0.0	0.0	0.0	0.0	0.0	0.0	0.0	0.0	0.0	0.0	0.0	0.0	0.0	0.0	0.0	0.0	0.0	0.0	0.0	0.0	0.219698	0.267416	0.043373	0.0	0.0	0.0	0.0	0.0	0.0	0.0	0.0	0.0	0.0	0.0
k__Bacteria|p__Candidatus_Melainabacteria|c__Candidatus_Melainabacteria_unclassified|o__Candidatus_Gastranaerophilales|f__Candidatus_Gastranaerophilales_unclassified|g__GGB6019	0.0	0.0	0.0	0.0	0.0	0.0	0.0	0.0	0.0	0.0	0.0	0.0	0.0	0.0	0.0	0.0	0.0	0.0	0.0	0.0	0.0	0.0	0.0	0.0	0.0	0.0	0.0	0.0	0.0	0.0	0.17932	0.199543	0.0	0.0	0.0	0.0	0.0	0.0	0.0	0.0	0.0	0.0	0.0	0.0
k__Bacteria|p__Firmicutes|c__CFGB1776|o__OFGB1776|f__FGB1776|g__GGB4684	0.0	0.0	0.0	0.0	0.0	0.0	0.0	0.0	0.0	0.0	0.0	0.0	0.0	0.0	0.0	0.0	0.0	0.0	0.0	0.0	0.0	0.0	0.0	0.0	0.0	0.0	0.0	0.0	0.0	0.0	0.174661	0.156422	0.082272	0.287162	0.0	0.0	0.0	0.0	4.240163	4.411878	4.335445	0.0	0.0	0.0
k__Bacteria|p__Firmicutes|c__CFGB2837|o__OFGB2837|f__FGB2837|g__GGB9075	0.0	0.0	0.0	0.0	0.0	0.0	0.0	0.0	0.0	0.0	0.0	0.0	0.0	0.0	0.0	0.0	0.0	0.0	0.0	0.0	0.0	0.0	0.0	0.0	0.0	0.0	0.0	0.0	0.0	0.0	0.16917	0.097803	0.0	0.0	0.0	0.0	0.0	0.0	0.0	0.0	0.0	0.0	0.0	0.0
k__Bacteria|p__Bacteroidota|c__Bacteroidia|o__Bacteroidales|f__Bacteroidaceae|g__GGB1380	0.0	0.0	0.0	0.0	0.0	0.0	0.0	0.0	0.0	0.0	0.0	0.0	0.0	0.0	0.0	0.0	0.0	0.0	0.0	0.0	0.0	0.0	0.0	0.0	0.0	0.0	0.0	0.0	0.0	0.0	0.151472	0.151914	0.030298	0.0	0.0	0.0	0.0	0.0	0.0	0.0	0.0	0.0	0.0	0.0
k__Bacteria|p__Firmicutes|c__CFGB9989|o__OFGB9989|f__FGB9989|g__GGB9712	0.0	0.0	0.0	0.0	0.0	0.0	0.0	0.0	0.0	0.0	0.0	0.0	0.0	0.0	0.0	0.0	0.0	0.0	0.0	0.0	0.0	0.0	0.0	0.0	0.0	0.0	0.0	0.0	0.0	0.0	0.103359	0.043344	0.0	0.0	0.0	0.0	0.0	0.0	0.0	0.0	0.0	0.0	0.0	0.0
k__Bacteria|p__Firmicutes|c__CFGB78699|o__OFGB78699|f__FGB78699|g__GGB49267	0.0	0.0	0.0	0.0	0.0	0.0	0.0	0.0	0.0	0.0	0.0	0.0	0.0	0.0	0.0	0.0	0.0	0.0	0.0	0.0	0.0	0.0	0.0	0.0	0.0	0.0	0.0	0.0	0.0	0.0	0.081596	0.043492	0.0	0.0	0.0	0.0	0.0	0.0	0.0	0.0	0.0	0.0	0.0	0.0
k__Bacteria|p__Firmicutes|c__Clostridia|o__Lachnospirales|f__Lachnospiraceae|g__GGB3733	0.0	0.0	0.0	0.0	0.0	0.0	0.0	0.0	0.0	0.0	0.0	0.0	0.0	0.0	0.0	0.0	0.0	0.0	0.0	0.0	0.0	0.0	0.0	0.0	0.0	0.0	0.0	0.0	0.0	0.0	0.077791	0.077256	0.0	0.0	0.0	0.0	0.0	0.0	0.0	0.0	0.0	0.0	0.0	0.0
k__Bacteria|p__Firmicutes|c__CFGB9977|o__OFGB9977|f__FGB9977|g__GGB9607	0.0	0.0	0.0	0.0	0.0	0.0	0.0	0.0	0.0	0.0	0.0	0.0	0.0	0.0	0.0	0.0	0.0	0.0	0.0	0.0	0.0	0.0	0.0	0.0	0.0	0.0	0.0	0.0	0.0	0.0	0.073802	0.0	0.0	0.0	0.0	0.0	0.0	0.0	0.0	0.0	0.0	0.0	0.0	0.0
k__Bacteria|p__Firmicutes|c__CFGB1355|o__OFGB1355|f__FGB1355|g__GGB3306	0.0	0.0	0.0	0.0	0.0	0.0	0.0	0.0	0.0	0.0	0.0	0.0	0.0	0.0	0.0	0.0	0.0	0.0	0.0	0.0	0.0	0.0	0.0	0.0	0.0	0.0	0.0	0.0	0.0	0.0	0.068234	0.087515	0.0	0.0	0.0	0.0	0.0	0.0	0.0	0.0	0.0	0.0	0.0	0.0
k__Bacteria|p__Firmicutes|c__CFGB10314|o__OFGB10314|f__FGB10314|g__GGB4701	0.0	0.0	0.0	0.0	0.0	0.0	0.0	0.0	0.0	0.0	0.0	0.0	0.0	0.0	0.0	0.0	0.0	0.0	0.0	0.0	0.0	0.0	0.0	0.0	0.0	0.0	0.0	0.0	0.0	0.0	0.065905	0.064906	0.0	0.0	0.0	0.0	0.0	0.0	0.0	0.0	0.0	0.0	0.0	0.0
k__Bacteria|p__Firmicutes|c__CFGB79315|o__OFGB79315|f__FGB79315|g__GGB9758	0.0	0.0	0.0	0.0	0.0	0.0	0.0	0.0	0.0	0.0	0.0	0.0	0.0	0.0	0.0	0.0	0.0	0.0	0.0	0.0	0.0	0.0	0.0	0.0	0.0	0.0	0.0	0.0	0.0	0.0	0.064597	0.050609	0.0	0.0	0.0	0.0	0.0	0.0	3.016525	2.928122	2.867695	0.0	0.0	0.0
k__Bacteria|p__Firmicutes|c__CFGB2889|o__OFGB2889|f__FGB2889|g__GGB9197	0.0	0.0	0.0	0.0	0.0	0.0	0.0	0.0	0.0	0.0	0.0	0.0	0.0	0.0	0.0	0.0	0.0	0.0	0.0	0.0	0.0	0.0	0.0	0.0	0.0	0.0	0.0	0.0	0.0	0.0	0.058434	0.0	0.0	0.0	0.0	0.0	0.0	0.0	0.0	0.0	0.0	0.0	0.0	0.0
k__Bacteria|p__Firmicutes|c__CFGB9345|o__OFGB9345|f__FGB9345|g__GGB9345	0.0	0.0	0.0	0.0	0.0	0.0	0.0	0.0	0.0	0.0	0.0	0.0	0.0	0.0	0.0	0.0	0.0	0.0	0.0	0.0	0.0	0.0	0.0	0.0	0.0	0.0	0.0	0.0	0.0	0.0	0.05662	0.048801	0.0	0.0	0.0	0.0	0.0	0.0	0.772344	0.674997	0.747858	0.0	0.0	0.0
k__Bacteria|p__Firmicutes|c__Clostridia|o__Lachnospirales|f__Lachnospiraceae|g__Eshraghiella	0.0	0.0	0.0	0.0	0.0	0.0	0.0	0.0	0.0	0.0	0.0	0.0	0.0	0.0	0.0	0.0	0.0	0.0	0.0	0.0	0.0	0.0	0.0	0.0	0.0	0.0	0.0	0.0	0.0	0.0	0.043969	0.051992	0.0	0.0	0.0	0.0	0.0	0.0	0.0	0.0	0.0	0.0	0.0	0.0
k__Bacteria|p__Firmicutes|c__CFGB77220|o__OFGB77220|f__FGB77220|g__GGB4774	0.0	0.0	0.0	0.0	0.0	0.0	0.0	0.0	0.0	0.0	0.0	0.0	0.0	0.0	0.0	0.0	0.0	0.0	0.0	0.0	0.0	0.0	0.0	0.0	0.0	0.0	0.0	0.0	0.0	0.0	0.03798	0.120739	0.069803	0.0	0.0	0.0	0.0	0.0	0.0	0.0	0.0	0.0	0.0	0.0
k__Bacteria|p__Firmicutes|c__CFGB2924|o__OFGB2924|f__FGB2924|g__GGB143676	0.0	0.0	0.0	0.0	0.0	0.0	0.0	0.0	0.0	0.0	0.0	0.0	0.0	0.0	0.0	0.0	0.0	0.0	0.0	0.0	0.0	0.0	0.0	0.0	0.0	0.0	0.0	0.0	0.0	0.0	0.02831	0.048533	0.0	0.0	0.0	0.0	0.0	0.0	0.0	0.0	0.0	0.0	0.0	0.0
k__Bacteria|p__Firmicutes|c__CFGB94770|o__OFGB94770|f__FGB94770|g__GGB9083	0.0	0.0	0.0	0.0	0.0	0.0	0.0	0.0	0.0	0.0	0.0	0.0	0.0	0.0	0.0	0.0	0.0	0.0	0.0	0.0	0.0	0.0	0.0	0.0	0.0	0.0	0.0	0.0	0.0	0.0	0.018686	0.026574	0.0	0.0	0.0	0.0	0.0	0.0	0.0	0.0	0.0	0.0	0.0	0.0
k__Bacteria|p__Pseudomonadota|c__Gammaproteobacteria|o__Aeromonadales|f__Succinivibrionaceae|g__GGB2734|s__GGB2734_SGB3677	0.0	0.0	0.0	0.0	0.0	0.0	0.0	0.0	0.0	0.0	0.0	0.0	0.0	0.0	0.0	0.0	0.0	0.0	0.0	0.0	0.0	0.0	0.0	0.0	0.0	0.0	0.0	0.0	0.0	0.0	17.35849	17.779806	23.280476	22.924889	0.0	0.0	0.0	0.0	0.0	0.0	0.0	0.0	0.0	0.0
k__Bacteria|p__Firmicutes|c__CFGB31455|o__OFGB31455|f__FGB31455|g__GGB4699|s__GGB4699_SGB6502	0.0	0.0	0.0	0.0	0.0	0.0	0.0	0.0	0.0	0.0	0.0	0.0	0.0	0.0	0.0	0.0	0.0	0.0	0.0	0.0	0.0	0.0	0.0	0.0	0.0	0.0	0.0	0.0	0.0	0.0	2.55782	2.550616	4.091288	4.267389	0.0	0.0	0.0	0.0	0.0	0.0	0.0	0.0	0.0	0.0
k__Bacteria|p__Bacteroidota|c__Bacteroidia|o__Bacteroidales|f__Prevotellaceae|g__Prevotella|s__Prevotella_merdae	0.0	0.0	0.0	0.0	0.0	0.0	0.0	0.0	0.0	0.0	0.0	0.0	0.0	0.0	0.0	0.0	0.0	0.0	0.0	0.0	0.0	0.0	0.0	0.0	0.0	0.0	0.0	0.0	0.0	0.0	2.383249	2.319852	2.318425	2.43147	0.0	0.0	0.0	0.0	0.0	0.0	0.0	0.0	0.0	0.0
k__Bacteria|p__Firmicutes|c__CFGB73902|o__OFGB73902|f__FGB73902|g__GGB4689|s__GGB4689_SGB6487	0.0	0.0	0.0	0.0	0.0	0.0	0.0	0.0	0.0	0.0	0.0	0.0	0.0	0.0	0.0	0.0	0.0	0.0	0.0	0.0	0.0	0.0	0.0	0.0	0.0	0.0	0.0	0.0	0.0	0.0	1.830735	1.847833	2.873413	3.091603	0.0	0.0	0.0	0.0	1.413326	1.558927	1.510302	0.0	0.0	0.0
k__Bacteria|p__Firmicutes|c__CFGB73902|o__OFGB73902|f__FGB73902|g__GGB4689|s__GGB4689_SGB6486	0.0	0.0	0.0	0.0	0.0	0.0	0.0	0.0	0.0	0.0	0.0	0.0	0.0	0.0	0.0	0.0	0.0	0.0	0.0	0.0	0.0	0.0	0.0	0.0	0.0	0.0	0.0	0.0	0.0	0.0	1.503125	1.746385	2.340336	2.404083	0.0	0.0	0.0	0.0	0.0	0.0	0.0	0.0	0.0	0.0
k__Bacteria|p__Bacteroidota|c__Bacteroidia|o__Bacteroidales|f__Prevotellaceae|g__GGB1146|s__GGB1146_SGB1472	0.0	0.0	0.0	0.0	0.0	0.0	0.0	0.0	0.0	0.0	0.0	0.0	0.0	0.0	0.0	0.0	0.0	0.0	0.0	0.0	0.0	0.0	0.0	0.0	0.0	0.0	0.0	0.0	0.0	0.0	1.3392	1.294017	1.002211	1.310498	0.0	0.0	0.0	0.0	0.0	0.0	0.0	0.0	0.0	0.0
k__Bacteria|p__Firmicutes|c__CFGB2837|o__OFGB2837|f__FGB2837|g__GGB9081|s__GGB9081_SGB14005	0.0	0.0	0.0	0.0	0.0	0.0	0.0	0.0	0.0	0.0	0.0	0.0	0.0	0.0	0.0	0.0	0.0	0.0	0.0	0.0	0.0	0.0	0.0	0.0	0.0	0.0	0.0	0.0	0.0	0.0	1.33555	1.380837	1.23164	0.872822	0.0	0.0	0.0	0.0	0.0	0.0	0.0	0.0	0.0	0.0
k__Bacteria|p__Bacteroidota|c__Bacteroidia|o__Bacteroidales|f__Prevotellaceae|g__Prevotella|s__Prevotella_dentalis	0.0	0.0	0.0	0.0	0.0	0.0	0.0	0.0	0.0	0.0	0.0	0.0	0.0	0.0	0.0	0.0	0.0	0.0	0.0	0.0	0.0	0.0	0.0	0.0	0.0	0.0	0.0	0.0	0.0	0.0	1.245431	1.272011	1.188531	1.10615	0.0	0.0	0.0	0.0	0.0	0.0	0.0	0.0	0.0	0.0
k__Bacteria|p__Firmicutes|c__CFGB2834|o__OFGB2834|f__FGB2834|g__GGB141302|s__GGB141302_SGB13979	0.0	0.0	0.0	0.0	0.0	0.0	0.0	0.0	0.0	0.0	0.0	0.0	0.0	0.0	0.0	0.0	0.0	0.0	0.0	0.0	0.0	0.0	0.0	0.0	0.0	0.0	0.0	0.0	0.0	0.0	1.121214	1.000749	0.648169	0.607317	0.0	0.0	0.0	0.0	0.0	0.0	0.0	0.0	0.0	0.0
k__Bacteria|p__Firmicutes|c__Clostridia|o__Eubacteriales|f__Oscillospiraceae|g__Oscillospiraceae_unclassified|s__Oscillospiraceae_unclassified_SGB4196	0.0	0.0	0.0	0.0	0.0	0.0	0.0	0.0	0.0	0.0	0.0	0.0	0.0	0.0	0.0	0.0	0.0	0.0	0.0	0.0	0.0	0.0	0.0	0.0	0.0	0.0	0.0	0.0	0.0	0.0	0.982701	0.848598	0.773287	0.803319	0.0	0.0	0.0	0.0	0.0	0.0	0.0	0.0	0.0	0.0
k__Bacteria|p__Firmicutes|c__CFGB94730|o__OFGB94730|f__FGB94730|g__GGB4750|s__GGB4750_SGB6579	0.0	0.0	0.0	0.0	0.0	0.0	0.0	0.0	0.0	0.0	0.0	0.0	0.0	0.0	0.0	0.0	0.0	0.0	0.0	0.0	0.0	0.0	0.0	0.0	0.0	0.0	0.0	0.0	0.0	0.0	0.887833	0.891778	1.186369	1.240908	0.0	0.0	0.0	0.0	0.0	0.0	0.0	0.0	0.0	0.0
k__Bacteria|p__Bacteroidota|c__Bacteroidia|o__Bacteroidales|f__Prevotellaceae|g__GGB1239|s__GGB1239_SGB1657	0.0	0.0	0.0	0.0	0.0	0.0	0.0	0.0	0.0	0.0	0.0	0.0	0.0	0.0	0.0	0.0	0.0	0.0	0.0	0.0	0.0	0.0	0.0	0.0	0.0	0.0	0.0	0.0	0.0	0.0	0.857503	0.851044	0.86923	0.843034	0.0	0.0	0.0	0.0	0.0	0.0	0.0	0.0	0.0	0.0
k__Bacteria|p__Firmicutes|c__CFGB1359|o__OFGB1359|f__FGB1359|g__GGB3316|s__GGB3316_SGB4385	0.0	0.0	0.0	0.0	0.0	0.0	0.0	0.0	0.0	0.0	0.0	0.0	0.0	0.0	0.0	0.0	0.0	0.0	0.0	0.0	0.0	0.0	0.0	0.0	0.0	0.0	0.0	0.0	0.0	0.0	0.714045	0.589795	0.436674	0.58362	0.0	0.0	0.0	0.0	0.0	0.0	0.0	0.0	0.0	0.0
k__Bacteria|p__Firmicutes|c__Clostridia|o__Eubacteriales|f__Oscillospiraceae|g__GGB3189|s__GGB3189_SGB4212	0.0	0.0	0.0	0.0	0.0	0.0	0.0	0.0	0.0	0.0	0.0	0.0	0.0	0.0	0.0	0.0	0.0	0.0	0.0	0.0	0.0	0.0	0.0	0.0	0.0	0.0	0.0	0.0	0.0	0.0	0.458929	0.369681	0.120249	0.083664	0.0	0.0	0.0	0.0	0.0	0.0	0.0	0.0	0.0	0.0
k__Bacteria|p__Firmicutes|c__CFGB1765|o__OFGB1765|f__FGB1765|g__GGB4567|s__GGB4567_SGB6308	0.0	0.0	0.0	0.0	0.0	0.0	0.0	0.0	0.0	0.0	0.0	0.0	0.0	0.0	0.0	0.0	0.0	0.0	0.0	0.0	0.0	0.0	0.0	0.0	0.0	0.0	0.0	0.0	0.0	0.0	0.405035	0.373762	0.488002	0.449146	0.0	0.0	0.0	0.0	2.653437	2.786781	2.753715	0.0	0.0	0.0
k__Bacteria|p__Firmicutes|c__Negativicutes|o__Veillonellales|f__Veillonellaceae|g__GGB4266|s__GGB4266_SGB5809	0.0	0.0	0.0	0.0	0.0	0.0	0.0	0.0	0.0	0.0	0.0	0.0	0.0	0.0	0.0	0.0	0.0	0.0	0.0	0.0	0.0	0.0	0.0	0.0	0.0	0.0	0.0	0.0	0.0	0.0	0.285368	0.528148	0.066692	0.173842	0.0	0.0	0.0	0.0	0.0	0.0	0.0	0.0	0.0	0.0
k__Bacteria|p__Pseudomonadota|c__CFGB2394|o__OFGB2394|f__FGB2394|g__GGB6544|s__GGB6544_SGB9243	0.0	0.0	0.0	0.0	0.0	0.0	0.0	0.0	0.0	0.0	0.0	0.0	0.0	0.0	0.0	0.0	0.0	0.0	0.0	0.0	0.0	0.0	0.0	0.0	0.0	0.0	0.0	0.0	0.0	0.0	0.262225	0.277813	0.0	0.0	0.0	0.0	0.0	0.0	0.0	0.0	0.0	0.0	0.0	0.0
k__Bacteria|p__Bacteroidota|c__Bacteroidia|o__Bacteroidales|f__Prevotellaceae|g__Leyella|s__Leyella_SGB1672	0.0	0.0	0.0	0.0	0.0	0.0	0.0	0.0	0.0	0.0	0.0	0.0	0.0	0.0	0.0	0.0	0.0	0.0	0.0	0.0	0.0	0.0	0.0	0.0	0.0	0.0	0.0	0.0	0.0	0.0	0.25614	0.411418	0.137951	0.0	0.0	0.0	0.0	0.0	0.0	0.0	0.0	0.0	0.0	0.0
k__Bacteria|p__Firmicutes|c__Clostridia|o__Eubacteriales|f__Oscillospiraceae|g__GGB3345|s__GGB3345_SGB4425	0.0	0.0	0.0	0.0	0.0	0.0	0.0	0.0	0.0	0.0	0.0	0.0	0.0	0.0	0.0	0.0	0.0	0.0	0.0	0.0	0.0	0.0	0.0	0.0	0.0	0.0	0.0	0.0	0.0	0.0	0.237279	0.280326	0.01658	0.0	0.0	0.0	0.0	0.0	0.0	0.0	0.0	0.0	0.0	0.0
k__Bacteria|p__Pseudomonadota|c__Betaproteobacteria|o__Burkholderiales|f__Sutterellaceae|g__Duodenibacillus|s__Duodenibacillus_massiliensis	0.0	0.0	0.0	0.0	0.0	0.0	0.0	0.0	0.0	0.0	0.0	0.0	0.0	0.0	0.0	0.0	0.0	0.0	0.0	0.0	0.0	0.0	0.0	0.0	0.0	0.0	0.0	0.0	0.0	0.0	0.219698	0.267416	0.043373	0.0	0.0	0.0	0.0	0.0	0.0	0.0	0.0	0.0	0.0	0.0
k__Bacteria|p__Firmicutes|c__Clostridia|o__Eubacteriales|f__Oscillospiraceae|g__GGB9634|s__GGB9634_SGB15101	0.0	0.0	0.0	0.0	0.0	0.0	0.0	0.0	0.0	0.0	0.0	0.0	0.0	0.0	0.0	0.0	0.0	0.0	0.0	0.0	0.0	0.0	0.0	0.0	0.0	0.0	0.0	0.0	0.0	0.0	0.191554	0.317551	0.0	0.0	0.0	0.0	0.0	0.0	0.0	0.0	0.0	0.0	0.0	0.0
k__Bacteria|p__Firmicutes|c__Clostridia|o__Eubacteriales|f__Eubacteriaceae|g__Eubacterium|s__Eubacterium_SGB4329	0.0	0.0	0.0	0.0	0.0	0.0	0.0	0.0	0.0	0.0	0.0	0.0	0.0	0.0	0.0	0.0	0.0	0.0	0.0	0.0	0.0	0.0	0.0	0.0	0.0	0.0	0.0	0.0	0.0	0.0	0.181231	0.21644	0.050024	0.0	0.0	0.0	0.0	0.0	0.0	0.0	0.0	0.0	0.0	0.0
k__Bacteria|p__Candidatus_Melainabacteria|c__Candidatus_Melainabacteria_unclassified|o__Candidatus_Gastranaerophilales|f__Candidatus_Gastranaerophilales_unclassified|g__GGB6019|s__GGB6019_SGB8651	0.0	0.0	0.0	0.0	0.0	0.0	0.0	0.0	0.0	0.0	0.0	0.0	0.0	0.0	0.0	0.0	0.0	0.0	0.0	0.0	0.0	0.0	0.0	0.0	0.0	0.0	0.0	0.0	0.0	0.0	0.17932	0.199543	0.0	0.0	0.0	0.0	0.0	0.0	0.0	0.0	0.0	0.0	0.0	0.0
k__Bacteria|p__Firmicutes|c__CFGB1776|o__OFGB1776|f__FGB1776|g__GGB4684|s__GGB4684_SGB6478	0.0	0.0	0.0	0.0	0.0	0.0	0.0	0.0	0.0	0.0	0.0	0.0	0.0	0.0	0.0	0.0	0.0	0.0	0.0	0.0	0.0	0.0	0.0	0.0	0.0	0.0	0.0	0.0	0.0	0.0	0.174661	0.156422	0.082272	0.287162	0.0	0.0	0.0	0.0	4.240163	4.411878	4.335445	0.0	0.0	0.0
k__Bacteria|p__Firmicutes|c__Clostridia|o__Eubacteriales|f__Oscillospiraceae|g__Faecalibacterium|s__Faecalibacterium_hattorii	0.0	0.0	0.0	0.0	0.0	0.0	0.0	0.0	0.0	0.0	0.0	0.0	0.0	0.0	0.0	0.0	0.0	0.0	0.0	0.0	0.0	0.0	0.0	0.0	0.0	0.0	0.0	0.0	0.0	0.0	0.173018	0.231376	0.0	0.0	0.0	0.0	0.0	0.0	0.0	0.0	0.0	0.0	0.0	0.0
k__Bacteria|p__Firmicutes|c__CFGB2837|o__OFGB2837|f__FGB2837|g__GGB9075|s__GGB9075_SGB13997	0.0	0.0	0.0	0.0	0.0	0.0	0.0	0.0	0.0	0.0	0.0	0.0	0.0	0.0	0.0	0.0	0.0	0.0	0.0	0.0	0.0	0.0	0.0	0.0	0.0	0.0	0.0	0.0	0.0	0.0	0.16917	0.097803	0.0	0.0	0.0	0.0	0.0	0.0	0.0	0.0	0.0	0.0	0.0	0.0
k__Bacteria|p__Bacteroidota|c__Bacteroidia|o__Bacteroidales|f__Bacteroidaceae|g__GGB1380|s__GGB1380_SGB1883	0.0	0.0	0.0	0.0	0.0	0.0	0.0	0.0	0.0	0.0	0.0	0.0	0.0	0.0	0.0	0.0	0.0	0.0	0.0	0.0	0.0	0.0	0.0	0.0	0.0	0.0	0.0	0.0	0.0	0.0	0.151472	0.151914	0.030298	0.0	0.0	0.0	0.0	0.0	0.0	0.0	0.0	0.0	0.0	0.0
k__Bacteria|p__Firmicutes|c__Clostridia|o__Lachnospirales|f__Lachnospiraceae|g__Waltera|s__Waltera_SGB4909	0.0	0.0	0.0	0.0	0.0	0.0	0.0	0.0	0.0	0.0	0.0	0.0	0.0	0.0	0.0	0.0	0.0	0.0	0.0	0.0	0.0	0.0	0.0	0.0	0.0	0.0	0.0	0.0	0.0	0.0	0.120799	0.054689	0.0	0.0	0.0	0.0	0.0	0.0	0.0	0.0	0.0	0.0	0.0	0.0
k__Bacteria|p__Firmicutes|c__Clostridia|o__Eubacteriales|f__Oscillospiraceae|g__GGB9708|s__GGB9708_SGB15235	0.0	0.0	0.0	0.0	0.0	0.0	0.0	0.0	0.0	0.0	0.0	0.0	0.0	0.0	0.0	0.0	0.0	0.0	0.0	0.0	0.0	0.0	0.0	0.0	0.0	0.0	0.0	0.0	0.0	0.0	0.110466	0.128729	0.0	0.0	0.0	0.0	0.0	0.0	0.0	0.0	0.0	0.0	0.0	0.0
k__Bacteria|p__Firmicutes|c__CFGB9989|o__OFGB9989|f__FGB9989|g__GGB9712|s__GGB9712_SGB15244	0.0	0.0	0.0	0.0	0.0	0.0	0.0	0.0	0.0	0.0	0.0	0.0	0.0	0.0	0.0	0.0	0.0	0.0	0.0	0.0	0.0	0.0	0.0	0.0	0.0	0.0	0.0	0.0	0.0	0.0	0.103359	0.043344	0.0	0.0	0.0	0.0	0.0	0.0	0.0	0.0	0.0	0.0	0.0	0.0
k__Bacteria|p__Firmicutes|c__CFGB78699|o__OFGB78699|f__FGB78699|g__GGB49267|s__GGB49267_SGB69118	0.0	0.0	0.0	0.0	0.0	0.0	0.0	0.0	0.0	0.0	0.0	0.0	0.0	0.0	0.0	0.0	0.0	0.0	0.0	0.0	0.0	0.0	0.0	0.0	0.0	0.0	0.0	0.0	0.0	0.0	0.081596	0.043492	0.0	0.0	0.0	0.0	0.0	0.0	0.0	0.0	0.0	0.0	0.0	0.0
k__Bacteria|p__Firmicutes|c__Clostridia|o__Lachnospirales|f__Lachnospiraceae|g__GGB3733|s__GGB3733_SGB5066	0.0	0.0	0.0	0.0	0.0	0.0	0.0	0.0	0.0	0.0	0.0	0.0	0.0	0.0	0.0	0.0	0.0	0.0	0.0	0.0	0.0	0.0	0.0	0.0	0.0	0.0	0.0	0.0	0.0	0.0	0.077791	0.077256	0.0	0.0	0.0	0.0	0.0	0.0	0.0	0.0	0.0	0.0	0.0	0.0
k__Bacteria|p__Firmicutes|c__CFGB9977|o__OFGB9977|f__FGB9977|g__GGB9607|s__GGB9607_SGB15040	0.0	0.0	0.0	0.0	0.0	0.0	0.0	0.0	0.0	0.0	0.0	0.0	0.0	0.0	0.0	0.0	0.0	0.0	0.0	0.0	0.0	0.0	0.0	0.0	0.0	0.0	0.0	0.0	0.0	0.0	0.073802	0.0	0.0	0.0	0.0	0.0	0.0	0.0	0.0	0.0	0.0	0.0	0.0	0.0
k__Bacteria|p__Firmicutes|c__Clostridia|o__Eubacteriales|f__Beduinellaceae|g__GGB9760|s__GGB9760_SGB15374	0.0	0.0	0.0	0.0	0.0	0.0	0.0	0.0	0.0	0.0	0.0	0.0	0.0	0.0	0.0	0.0	0.0	0.0	0.0	0.0	0.0	0.0	0.0	0.0	0.0	0.0	0.0	0.0	0.0	0.0	0.070815	0.022832	0.0	0.0	0.0	0.0	0.0	0.0	0.303637	0.263309	0.275033	0.0	0.0	0.0
k__Bacteria|p__Firmicutes|c__CFGB1355|o__OFGB1355|f__FGB1355|g__GGB3306|s__GGB3306_SGB4373	0.0	0.0	0.0	0.0	0.0	0.0	0.0	0.0	0.0	0.0	0.0	0.0	0.0	0.0	0.0	0.0	0.0	0.0	0.0	0.0	0.0	0.0	0.0	0.0	0.0	0.0	0.0	0.0	0.0	0.0	0.068234	0.087515	0.0	0.0	0.0	0.0	0.0	0.0	0.0	0.0	0.0	0.0	0.0	0.0
k__Bacteria|p__Firmicutes|c__CFGB10314|o__OFGB10314|f__FGB10314|g__GGB4701|s__GGB4701_SGB6508	0.0	0.0	0.0	0.0	0.0	0.0	0.0	0.0	0.0	0.0	0.0	0.0	0.0	0.0	0.0	0.0	0.0	0.0	0.0	0.0	0.0	0.0	0.0	0.0	0.0	0.0	0.0	0.0	0.0	0.0	0.065905	0.064906	0.0	0.0	0.0	0.0	0.0	0.0	0.0	0.0	0.0	0.0	0.0	0.0
k__Bacteria|p__Firmicutes|c__CFGB79315|o__OFGB79315|f__FGB79315|g__GGB9758|s__GGB9758_SGB15368	0.0	0.0	0.0	0.0	0.0	0.0	0.0	0.0	0.0	0.0	0.0	0.0	0.0	0.0	0.0	0.0	0.0	0.0	0.0	0.0	0.0	0.0	0.0	0.0	0.0	0.0	0.0	0.0	0.0	0.0	0.064597	0.050609	0.0	0.0	0.0	0.0	0.0	0.0	3.016525	2.928122	2.867695	0.0	0.0	0.0
k__Bacteria|p__Firmicutes|c__CFGB2889|o__OFGB2889|f__FGB2889|g__GGB9197|s__GGB9197_SGB14136	0.0	0.0	0.0	0.0	0.0	0.0	0.0	0.0	0.0	0.0	0.0	0.0	0.0	0.0	0.0	0.0	0.0	0.0	0.0	0.0	0.0	0.0	0.0	0.0	0.0	0.0	0.0	0.0	0.0	0.0	0.058434	0.0	0.0	0.0	0.0	0.0	0.0	0.0	0.0	0.0	0.0	0.0	0.0	0.0
k__Bacteria|p__Firmicutes|c__CFGB9345|o__OFGB9345|f__FGB9345|g__GGB9345|s__GGB9345_SGB14311	0.0	0.0	0.0	0.0	0.0	0.0	0.0	0.0	0.0	0.0	0.0	0.0	0.0	0.0	0.0	0.0	0.0	0.0	0.0	0.0	0.0	0.0	0.0	0.0	0.0	0.0	0.0	0.0	0.0	0.0	0.05662	0.048801	0.0	0.0	0.0	0.0	0.0	0.0	0.772344	0.674997	0.747858	0.0	0.0	0.0
k__Bacteria|p__Firmicutes|c__Clostridia|o__Lachnospirales|f__Lachnospiraceae|g__Eshraghiella|s__Eshraghiella_crossota	0.0	0.0	0.0	0.0	0.0	0.0	0.0	0.0	0.0	0.0	0.0	0.0	0.0	0.0	0.0	0.0	0.0	0.0	0.0	0.0	0.0	0.0	0.0	0.0	0.0	0.0	0.0	0.0	0.0	0.0	0.043969	0.051992	0.0	0.0	0.0	0.0	0.0	0.0	0.0	0.0	0.0	0.0	0.0	0.0
k__Bacteria|p__Firmicutes|c__CFGB77220|o__OFGB77220|f__FGB77220|g__GGB4774|s__GGB4774_SGB6609	0.0	0.0	0.0	0.0	0.0	0.0	0.0	0.0	0.0	0.0	0.0	0.0	0.0	0.0	0.0	0.0	0.0	0.0	0.0	0.0	0.0	0.0	0.0	0.0	0.0	0.0	0.0	0.0	0.0	0.0	0.03798	0.120739	0.069803	0.0	0.0	0.0	0.0	0.0	0.0	0.0	0.0	0.0	0.0	0.0
k__Bacteria|p__Firmicutes|c__CFGB2924|o__OFGB2924|f__FGB2924|g__GGB143676|s__GGB143676_SGB14190	0.0	0.0	0.0	0.0	0.0	0.0	0.0	0.0	0.0	0.0	0.0	0.0	0.0	0.0	0.0	0.0	0.0	0.0	0.0	0.0	0.0	0.0	0.0	0.0	0.0	0.0	0.0	0.0	0.0	0.0	0.02831	0.048533	0.0	0.0	0.0	0.0	0.0	0.0	0.0	0.0	0.0	0.0	0.0	0.0
k__Bacteria|p__Firmicutes|c__Clostridia|o__Eubacteriales|f__Oscillospiraceae|g__GGB9634|s__GGB9634_SGB15102	0.0	0.0	0.0	0.0	0.0	0.0	0.0	0.0	0.0	0.0	0.0	0.0	0.0	0.0	0.0	0.0	0.0	0.0	0.0	0.0	0.0	0.0	0.0	0.0	0.0	0.0	0.0	0.0	0.0	0.0	0.024228	0.0	0.0	0.0	0.0	0.0	0.0	0.0	0.0	0.0	0.0	0.0	0.0	0.0
k__Bacteria|p__Firmicutes|c__CFGB94770|o__OFGB94770|f__FGB94770|g__GGB9083|s__GGB9083_SGB14011	0.0	0.0	0.0	0.0	0.0	0.0	0.0	0.0	0.0	0.0	0.0	0.0	0.0	0.0	0.0	0.0	0.0	0.0	0.0	0.0	0.0	0.0	0.0	0.0	0.0	0.0	0.0	0.0	0.0	0.0	0.018686	0.026574	0.0	0.0	0.0	0.0	0.0	0.0	0.0	0.0	0.0	0.0	0.0	0.0
k__Bacteria|p__Firmicutes|c__CFGB1359|o__OFGB1359|f__FGB1359|g__GGB3321|s__GGB3321_SGB4395	0.0	0.0	0.0	0.0	0.0	0.0	0.0	0.0	0.0	0.0	0.0	0.0	0.0	0.0	0.0	0.0	0.0	0.0	0.0	0.0	0.0	0.0	0.0	0.0	0.0	0.0	0.0	0.0	0.0	0.0	0.00362	0.0	0.0	0.0	0.0	0.0	0.0	0.0	0.039483	0.050462	0.04336	0.0	0.0	0.0
k__Bacteria|p__Pseudomonadota|c__Gammaproteobacteria|o__Aeromonadales|f__Succinivibrionaceae|g__GGB2734|s__GGB2734_SGB3677|t__SGB3677	0.0	0.0	0.0	0.0	0.0	0.0	0.0	0.0	0.0	0.0	0.0	0.0	0.0	0.0	0.0	0.0	0.0	0.0	0.0	0.0	0.0	0.0	0.0	0.0	0.0	0.0	0.0	0.0	0.0	0.0	17.35849	17.779806	23.280476	22.924889	0.0	0.0	0.0	0.0	0.0	0.0	0.0	0.0	0.0	0.0
k__Bacteria|p__Bacteroidota|c__Bacteroidia|o__Bacteroidales|f__Prevotellaceae|g__Segatella|s__Segatella_brasiliensis|t__SGB1635	0.0	0.0	0.0	0.0	0.0	0.0	0.0	0.0	0.0	0.0	0.0	0.0	0.0	0.0	0.0	0.0	0.0	0.0	0.0	0.0	0.0	0.0	0.0	0.0	0.0	0.0	0.0	0.0	0.0	0.0	4.302544	4.942051	4.883889	4.842146	0.0	0.0	0.0	0.0	0.0	0.0	0.0	0.0	0.0	0.0
k__Bacteria|p__Firmicutes|c__CFGB31455|o__OFGB31455|f__FGB31455|g__GGB4699|s__GGB4699_SGB6502|t__SGB6502	0.0	0.0	0.0	0.0	0.0	0.0	0.0	0.0	0.0	0.0	0.0	0.0	0.0	0.0	0.0	0.0	0.0	0.0	0.0	0.0	0.0	0.0	0.0	0.0	0.0	0.0	0.0	0.0	0.0	0.0	2.55782	2.550616	4.091288	4.267389	0.0	0.0	0.0	0.0	0.0	0.0	0.0	0.0	0.0	0.0
k__Bacteria|p__Bacteroidota|c__Bacteroidia|o__Bacteroidales|f__Prevotellaceae|g__Prevotella|s__Prevotella_merdae|t__SGB1676	0.0	0.0	0.0	0.0	0.0	0.0	0.0	0.0	0.0	0.0	0.0	0.0	0.0	0.0	0.0	0.0	0.0	0.0	0.0	0.0	0.0	0.0	0.0	0.0	0.0	0.0	0.0	0.0	0.0	0.0	2.383249	2.319852	2.318425	2.43147	0.0	0.0	0.0	0.0	0.0	0.0	0.0	0.0	0.0	0.0
k__Bacteria|p__Firmicutes|c__CFGB73902|o__OFGB73902|f__FGB73902|g__GGB4689|s__GGB4689_SGB6487|t__SGB6487	0.0	0.0	0.0	0.0	0.0	0.0	0.0	0.0	0.0	0.0	0.0	0.0	0.0	0.0	0.0	0.0	0.0	0.0	0.0	0.0	0.0	0.0	0.0	0.0	0.0	0.0	0.0	0.0	0.0	0.0	1.830735	1.847833	2.873413	3.091603	0.0	0.0	0.0	0.0	1.413326	1.558927	1.510302	0.0	0.0	0.0
k__Bacteria|p__Firmicutes|c__CFGB73902|o__OFGB73902|f__FGB73902|g__GGB4689|s__GGB4689_SGB6486|t__SGB6486	0.0	0.0	0.0	0.0	0.0	0.0	0.0	0.0	0.0	0.0	0.0	0.0	0.0	0.0	0.0	0.0	0.0	0.0	0.0	0.0	0.0	0.0	0.0	0.0	0.0	0.0	0.0	0.0	0.0	0.0	1.503125	1.746385	2.340336	2.404083	0.0	0.0	0.0	0.0	0.0	0.0	0.0	0.0	0.0	0.0
k__Bacteria|p__Bacteroidota|c__Bacteroidia|o__Bacteroidales|f__Prevotellaceae|g__GGB1146|s__GGB1146_SGB1472|t__SGB1472	0.0	0.0	0.0	0.0	0.0	0.0	0.0	0.0	0.0	0.0	0.0	0.0	0.0	0.0	0.0	0.0	0.0	0.0	0.0	0.0	0.0	0.0	0.0	0.0	0.0	0.0	0.0	0.0	0.0	0.0	1.3392	1.294017	1.002211	1.310498	0.0	0.0	0.0	0.0	0.0	0.0	0.0	0.0	0.0	0.0
k__Bacteria|p__Firmicutes|c__CFGB2837|o__OFGB2837|f__FGB2837|g__GGB9081|s__GGB9081_SGB14005|t__SGB14005	0.0	0.0	0.0	0.0	0.0	0.0	0.0	0.0	0.0	0.0	0.0	0.0	0.0	0.0	0.0	0.0	0.0	0.0	0.0	0.0	0.0	0.0	0.0	0.0	0.0	0.0	0.0	0.0	0.0	0.0	1.33555	1.380837	1.23164	0.872822	0.0	0.0	0.0	0.0	0.0	0.0	0.0	0.0	0.0	0.0
k__Bacteria|p__Bacteroidota|c__Bacteroidia|o__Bacteroidales|f__Prevotellaceae|g__Prevotella|s__Prevotella_dentalis|t__SGB1666	0.0	0.0	0.0	0.0	0.0	0.0	0.0	0.0	0.0	0.0	0.0	0.0	0.0	0.0	0.0	0.0	0.0	0.0	0.0	0.0	0.0	0.0	0.0	0.0	0.0	0.0	0.0	0.0	0.0	0.0	1.245431	1.272011	1.188531	1.10615	0.0	0.0	0.0	0.0	0.0	0.0	0.0	0.0	0.0	0.0
k__Bacteria|p__Firmicutes|c__CFGB2834|o__OFGB2834|f__FGB2834|g__GGB141302|s__GGB141302_SGB13979|t__SGB13979	0.0	0.0	0.0	0.0	0.0	0.0	0.0	0.0	0.0	0.0	0.0	0.0	0.0	0.0	0.0	0.0	0.0	0.0	0.0	0.0	0.0	0.0	0.0	0.0	0.0	0.0	0.0	0.0	0.0	0.0	1.121214	1.000749	0.648169	0.607317	0.0	0.0	0.0	0.0	0.0	0.0	0.0	0.0	0.0	0.0
k__Bacteria|p__Firmicutes|c__Clostridia|o__Eubacteriales|f__Oscillospiraceae|g__Oscillospiraceae_unclassified|s__Oscillospiraceae_unclassified_SGB4196|t__SGB4196	0.0	0.0	0.0	0.0	0.0	0.0	0.0	0.0	0.0	0.0	0.0	0.0	0.0	0.0	0.0	0.0	0.0	0.0	0.0	0.0	0.0	0.0	0.0	0.0	0.0	0.0	0.0	0.0	0.0	0.0	0.982701	0.848598	0.773287	0.803319	0.0	0.0	0.0	0.0	0.0	0.0	0.0	0.0	0.0	0.0
k__Bacteria|p__Firmicutes|c__CFGB94730|o__OFGB94730|f__FGB94730|g__GGB4750|s__GGB4750_SGB6579|t__SGB6579	0.0	0.0	0.0	0.0	0.0	0.0	0.0	0.0	0.0	0.0	0.0	0.0	0.0	0.0	0.0	0.0	0.0	0.0	0.0	0.0	0.0	0.0	0.0	0.0	0.0	0.0	0.0	0.0	0.0	0.0	0.887833	0.891778	1.186369	1.240908	0.0	0.0	0.0	0.0	0.0	0.0	0.0	0.0	0.0	0.0
k__Bacteria|p__Bacteroidota|c__Bacteroidia|o__Bacteroidales|f__Prevotellaceae|g__GGB1239|s__GGB1239_SGB1657|t__SGB1657	0.0	0.0	0.0	0.0	0.0	0.0	0.0	0.0	0.0	0.0	0.0	0.0	0.0	0.0	0.0	0.0	0.0	0.0	0.0	0.0	0.0	0.0	0.0	0.0	0.0	0.0	0.0	0.0	0.0	0.0	0.857503	0.851044	0.86923	0.843034	0.0	0.0	0.0	0.0	0.0	0.0	0.0	0.0	0.0	0.0
k__Bacteria|p__Firmicutes|c__CFGB1359|o__OFGB1359|f__FGB1359|g__GGB3316|s__GGB3316_SGB4385|t__SGB4385	0.0	0.0	0.0	0.0	0.0	0.0	0.0	0.0	0.0	0.0	0.0	0.0	0.0	0.0	0.0	0.0	0.0	0.0	0.0	0.0	0.0	0.0	0.0	0.0	0.0	0.0	0.0	0.0	0.0	0.0	0.714045	0.589795	0.436674	0.58362	0.0	0.0	0.0	0.0	0.0	0.0	0.0	0.0	0.0	0.0
k__Bacteria|p__Firmicutes|c__Clostridia|o__Eubacteriales|f__Oscillospiraceae|g__GGB3189|s__GGB3189_SGB4212|t__SGB4212	0.0	0.0	0.0	0.0	0.0	0.0	0.0	0.0	0.0	0.0	0.0	0.0	0.0	0.0	0.0	0.0	0.0	0.0	0.0	0.0	0.0	0.0	0.0	0.0	0.0	0.0	0.0	0.0	0.0	0.0	0.458929	0.369681	0.120249	0.083664	0.0	0.0	0.0	0.0	0.0	0.0	0.0	0.0	0.0	0.0
k__Bacteria|p__Firmicutes|c__CFGB1765|o__OFGB1765|f__FGB1765|g__GGB4567|s__GGB4567_SGB6308|t__SGB6308	0.0	0.0	0.0	0.0	0.0	0.0	0.0	0.0	0.0	0.0	0.0	0.0	0.0	0.0	0.0	0.0	0.0	0.0	0.0	0.0	0.0	0.0	0.0	0.0	0.0	0.0	0.0	0.0	0.0	0.0	0.405035	0.373762	0.488002	0.449146	0.0	0.0	0.0	0.0	2.653437	2.786781	2.753715	0.0	0.0	0.0
k__Bacteria|p__Firmicutes|c__Negativicutes|o__Veillonellales|f__Veillonellaceae|g__GGB4266|s__GGB4266_SGB5809|t__SGB5809	0.0	0.0	0.0	0.0	0.0	0.0	0.0	0.0	0.0	0.0	0.0	0.0	0.0	0.0	0.0	0.0	0.0	0.0	0.0	0.0	0.0	0.0	0.0	0.0	0.0	0.0	0.0	0.0	0.0	0.0	0.285368	0.528148	0.066692	0.173842	0.0	0.0	0.0	0.0	0.0	0.0	0.0	0.0	0.0	0.0
k__Bacteria|p__Pseudomonadota|c__CFGB2394|o__OFGB2394|f__FGB2394|g__GGB6544|s__GGB6544_SGB9243|t__SGB9243	0.0	0.0	0.0	0.0	0.0	0.0	0.0	0.0	0.0	0.0	0.0	0.0	0.0	0.0	0.0	0.0	0.0	0.0	0.0	0.0	0.0	0.0	0.0	0.0	0.0	0.0	0.0	0.0	0.0	0.0	0.262225	0.277813	0.0	0.0	0.0	0.0	0.0	0.0	0.0	0.0	0.0	0.0	0.0	0.0
k__Bacteria|p__Bacteroidota|c__Bacteroidia|o__Bacteroidales|f__Prevotellaceae|g__Leyella|s__Leyella_SGB1672|t__SGB1672	0.0	0.0	0.0	0.0	0.0	0.0	0.0	0.0	0.0	0.0	0.0	0.0	0.0	0.0	0.0	0.0	0.0	0.0	0.0	0.0	0.0	0.0	0.0	0.0	0.0	0.0	0.0	0.0	0.0	0.0	0.25614	0.411418	0.137951	0.0	0.0	0.0	0.0	0.0	0.0	0.0	0.0	0.0	0.0	0.0
k__Bacteria|p__Firmicutes|c__Clostridia|o__Eubacteriales|f__Oscillospiraceae|g__GGB3345|s__GGB3345_SGB4425|t__SGB4425	0.0	0.0	0.0	0.0	0.0	0.0	0.0	0.0	0.0	0.0	0.0	0.0	0.0	0.0	0.0	0.0	0.0	0.0	0.0	0.0	0.0	0.0	0.0	0.0	0.0	0.0	0.0	0.0	0.0	0.0	0.237279	0.280326	0.01658	0.0	0.0	0.0	0.0	0.0	0.0	0.0	0.0	0.0	0.0	0.0
k__Bacteria|p__Pseudomonadota|c__Betaproteobacteria|o__Burkholderiales|f__Sutterellaceae|g__Duodenibacillus|s__Duodenibacillus_massiliensis|t__SGB9273	0.0	0.0	0.0	0.0	0.0	0.0	0.0	0.0	0.0	0.0	0.0	0.0	0.0	0.0	0.0	0.0	0.0	0.0	0.0	0.0	0.0	0.0	0.0	0.0	0.0	0.0	0.0	0.0	0.0	0.0	0.219698	0.267416	0.043373	0.0	0.0	0.0	0.0	0.0	0.0	0.0	0.0	0.0	0.0	0.0
k__Bacteria|p__Firmicutes|c__Clostridia|o__Eubacteriales|f__Oscillospiraceae|g__GGB9634|s__GGB9634_SGB15101|t__SGB15101	0.0	0.0	0.0	0.0	0.0	0.0	0.0	0.0	0.0	0.0	0.0	0.0	0.0	0.0	0.0	0.0	0.0	0.0	0.0	0.0	0.0	0.0	0.0	0.0	0.0	0.0	0.0	0.0	0.0	0.0	0.191554	0.317551	0.0	0.0	0.0	0.0	0.0	0.0	0.0	0.0	0.0	0.0	0.0	0.0
k__Bacteria|p__Firmicutes|c__Clostridia|o__Eubacteriales|f__Eubacteriaceae|g__Eubacterium|s__Eubacterium_SGB4329|t__SGB4329	0.0	0.0	0.0	0.0	0.0	0.0	0.0	0.0	0.0	0.0	0.0	0.0	0.0	0.0	0.0	0.0	0.0	0.0	0.0	0.0	0.0	0.0	0.0	0.0	0.0	0.0	0.0	0.0	0.0	0.0	0.181231	0.21644	0.050024	0.0	0.0	0.0	0.0	0.0	0.0	0.0	0.0	0.0	0.0	0.0
k__Bacteria|p__Candidatus_Melainabacteria|c__Candidatus_Melainabacteria_unclassified|o__Candidatus_Gastranaerophilales|f__Candidatus_Gastranaerophilales_unclassified|g__GGB6019|s__GGB6019_SGB8651|t__SGB8651	0.0	0.0	0.0	0.0	0.0	0.0	0.0	0.0	0.0	0.0	0.0	0.0	0.0	0.0	0.0	0.0	0.0	0.0	0.0	0.0	0.0	0.0	0.0	0.0	0.0	0.0	0.0	0.0	0.0	0.0	0.17932	0.199543	0.0	0.0	0.0	0.0	0.0	0.0	0.0	0.0	0.0	0.0	0.0	0.0
k__Bacteria|p__Firmicutes|c__CFGB1776|o__OFGB1776|f__FGB1776|g__GGB4684|s__GGB4684_SGB6478|t__SGB6478	0.0	0.0	0.0	0.0	0.0	0.0	0.0	0.0	0.0	0.0	0.0	0.0	0.0	0.0	0.0	0.0	0.0	0.0	0.0	0.0	0.0	0.0	0.0	0.0	0.0	0.0	0.0	0.0	0.0	0.0	0.174661	0.156422	0.082272	0.287162	0.0	0.0	0.0	0.0	4.240163	4.411878	4.335445	0.0	0.0	0.0
k__Bacteria|p__Firmicutes|c__Clostridia|o__Eubacteriales|f__Oscillospiraceae|g__Faecalibacterium|s__Faecalibacterium_hattorii|t__SGB15322	0.0	0.0	0.0	0.0	0.0	0.0	0.0	0.0	0.0	0.0	0.0	0.0	0.0	0.0	0.0	0.0	0.0	0.0	0.0	0.0	0.0	0.0	0.0	0.0	0.0	0.0	0.0	0.0	0.0	0.0	0.173018	0.231376	0.0	0.0	0.0	0.0	0.0	0.0	0.0	0.0	0.0	0.0	0.0	0.0
k__Bacteria|p__Firmicutes|c__CFGB2837|o__OFGB2837|f__FGB2837|g__GGB9075|s__GGB9075_SGB13997|t__SGB13997	0.0	0.0	0.0	0.0	0.0	0.0	0.0	0.0	0.0	0.0	0.0	0.0	0.0	0.0	0.0	0.0	0.0	0.0	0.0	0.0	0.0	0.0	0.0	0.0	0.0	0.0	0.0	0.0	0.0	0.0	0.16917	0.097803	0.0	0.0	0.0	0.0	0.0	0.0	0.0	0.0	0.0	0.0	0.0	0.0
k__Bacteria|p__Bacteroidota|c__Bacteroidia|o__Bacteroidales|f__Bacteroidaceae|g__GGB1380|s__GGB1380_SGB1883|t__SGB1883	0.0	0.0	0.0	0.0	0.0	0.0	0.0	0.0	0.0	0.0	0.0	0.0	0.0	0.0	0.0	0.0	0.0	0.0	0.0	0.0	0.0	0.0	0.0	0.0	0.0	0.0	0.0	0.0	0.0	0.0	0.151472	0.151914	0.030298	0.0	0.0	0.0	0.0	0.0	0.0	0.0	0.0	0.0	0.0	0.0
k__Bacteria|p__Firmicutes|c__Clostridia|o__Lachnospirales|f__Lachnospiraceae|g__Waltera|s__Waltera_SGB4909|t__SGB4909	0.0	0.0	0.0	0.0	0.0	0.0	0.0	0.0	0.0	0.0	0.0	0.0	0.0	0.0	0.0	0.0	0.0	0.0	0.0	0.0	0.0	0.0	0.0	0.0	0.0	0.0	0.0	0.0	0.0	0.0	0.120799	0.054689	0.0	0.0	0.0	0.0	0.0	0.0	0.0	0.0	0.0	0.0	0.0	0.0
k__Bacteria|p__Firmicutes|c__Clostridia|o__Eubacteriales|f__Oscillospiraceae|g__GGB9708|s__GGB9708_SGB15235|t__SGB15235	0.0	0.0	0.0	0.0	0.0	0.0	0.0	0.0	0.0	0.0	0.0	0.0	0.0	0.0	0.0	0.0	0.0	0.0	0.0	0.0	0.0	0.0	0.0	0.0	0.0	0.0	0.0	0.0	0.0	0.0	0.110466	0.128729	0.0	0.0	0.0	0.0	0.0	0.0	0.0	0.0	0.0	0.0	0.0	0.0
k__Bacteria|p__Firmicutes|c__CFGB9989|o__OFGB9989|f__FGB9989|g__GGB9712|s__GGB9712_SGB15244|t__SGB15244	0.0	0.0	0.0	0.0	0.0	0.0	0.0	0.0	0.0	0.0	0.0	0.0	0.0	0.0	0.0	0.0	0.0	0.0	0.0	0.0	0.0	0.0	0.0	0.0	0.0	0.0	0.0	0.0	0.0	0.0	0.103359	0.043344	0.0	0.0	0.0	0.0	0.0	0.0	0.0	0.0	0.0	0.0	0.0	0.0
k__Bacteria|p__Firmicutes|c__CFGB78699|o__OFGB78699|f__FGB78699|g__GGB49267|s__GGB49267_SGB69118|t__SGB69118	0.0	0.0	0.0	0.0	0.0	0.0	0.0	0.0	0.0	0.0	0.0	0.0	0.0	0.0	0.0	0.0	0.0	0.0	0.0	0.0	0.0	0.0	0.0	0.0	0.0	0.0	0.0	0.0	0.0	0.0	0.081596	0.043492	0.0	0.0	0.0	0.0	0.0	0.0	0.0	0.0	0.0	0.0	0.0	0.0
k__Bacteria|p__Firmicutes|c__Clostridia|o__Lachnospirales|f__Lachnospiraceae|g__GGB3733|s__GGB3733_SGB5066|t__SGB5066	0.0	0.0	0.0	0.0	0.0	0.0	0.0	0.0	0.0	0.0	0.0	0.0	0.0	0.0	0.0	0.0	0.0	0.0	0.0	0.0	0.0	0.0	0.0	0.0	0.0	0.0	0.0	0.0	0.0	0.0	0.077791	0.077256	0.0	0.0	0.0	0.0	0.0	0.0	0.0	0.0	0.0	0.0	0.0	0.0
k__Bacteria|p__Firmicutes|c__CFGB9977|o__OFGB9977|f__FGB9977|g__GGB9607|s__GGB9607_SGB15040|t__SGB15040	0.0	0.0	0.0	0.0	0.0	0.0	0.0	0.0	0.0	0.0	0.0	0.0	0.0	0.0	0.0	0.0	0.0	0.0	0.0	0.0	0.0	0.0	0.0	0.0	0.0	0.0	0.0	0.0	0.0	0.0	0.073802	0.0	0.0	0.0	0.0	0.0	0.0	0.0	0.0	0.0	0.0	0.0	0.0	0.0
k__Bacteria|p__Firmicutes|c__Clostridia|o__Eubacteriales|f__Beduinellaceae|g__GGB9760|s__GGB9760_SGB15374|t__SGB15374	0.0	0.0	0.0	0.0	0.0	0.0	0.0	0.0	0.0	0.0	0.0	0.0	0.0	0.0	0.0	0.0	0.0	0.0	0.0	0.0	0.0	0.0	0.0	0.0	0.0	0.0	0.0	0.0	0.0	0.0	0.070815	0.022832	0.0	0.0	0.0	0.0	0.0	0.0	0.303637	0.263309	0.275033	0.0	0.0	0.0
k__Bacteria|p__Firmicutes|c__CFGB1355|o__OFGB1355|f__FGB1355|g__GGB3306|s__GGB3306_SGB4373|t__SGB4373	0.0	0.0	0.0	0.0	0.0	0.0	0.0	0.0	0.0	0.0	0.0	0.0	0.0	0.0	0.0	0.0	0.0	0.0	0.0	0.0	0.0	0.0	0.0	0.0	0.0	0.0	0.0	0.0	0.0	0.0	0.068234	0.087515	0.0	0.0	0.0	0.0	0.0	0.0	0.0	0.0	0.0	0.0	0.0	0.0
k__Bacteria|p__Firmicutes|c__CFGB10314|o__OFGB10314|f__FGB10314|g__GGB4701|s__GGB4701_SGB6508|t__SGB6508	0.0	0.0	0.0	0.0	0.0	0.0	0.0	0.0	0.0	0.0	0.0	0.0	0.0	0.0	0.0	0.0	0.0	0.0	0.0	0.0	0.0	0.0	0.0	0.0	0.0	0.0	0.0	0.0	0.0	0.0	0.065905	0.064906	0.0	0.0	0.0	0.0	0.0	0.0	0.0	0.0	0.0	0.0	0.0	0.0
k__Bacteria|p__Firmicutes|c__CFGB79315|o__OFGB79315|f__FGB79315|g__GGB9758|s__GGB9758_SGB15368|t__SGB15368	0.0	0.0	0.0	0.0	0.0	0.0	0.0	0.0	0.0	0.0	0.0	0.0	0.0	0.0	0.0	0.0	0.0	0.0	0.0	0.0	0.0	0.0	0.0	0.0	0.0	0.0	0.0	0.0	0.0	0.0	0.064597	0.050609	0.0	0.0	0.0	0.0	0.0	0.0	3.016525	2.928122	2.867695	0.0	0.0	0.0
k__Bacteria|p__Firmicutes|c__CFGB2889|o__OFGB2889|f__FGB2889|g__GGB9197|s__GGB9197_SGB14136|t__SGB14136	0.0	0.0	0.0	0.0	0.0	0.0	0.0	0.0	0.0	0.0	0.0	0.0	0.0	0.0	0.0	0.0	0.0	0.0	0.0	0.0	0.0	0.0	0.0	0.0	0.0	0.0	0.0	0.0	0.0	0.0	0.058434	0.0	0.0	0.0	0.0	0.0	0.0	0.0	0.0	0.0	0.0	0.0	0.0	0.0
k__Bacteria|p__Firmicutes|c__CFGB9345|o__OFGB9345|f__FGB9345|g__GGB9345|s__GGB9345_SGB14311|t__SGB14311	0.0	0.0	0.0	0.0	0.0	0.0	0.0	0.0	0.0	0.0	0.0	0.0	0.0	0.0	0.0	0.0	0.0	0.0	0.0	0.0	0.0	0.0	0.0	0.0	0.0	0.0	0.0	0.0	0.0	0.0	0.05662	0.048801	0.0	0.0	0.0	0.0	0.0	0.0	0.772344	0.674997	0.747858	0.0	0.0	0.0
k__Bacteria|p__Firmicutes|c__Clostridia|o__Lachnospirales|f__Lachnospiraceae|g__Eshraghiella|s__Eshraghiella_crossota|t__SGB5065	0.0	0.0	0.0	0.0	0.0	0.0	0.0	0.0	0.0	0.0	0.0	0.0	0.0	0.0	0.0	0.0	0.0	0.0	0.0	0.0	0.0	0.0	0.0	0.0	0.0	0.0	0.0	0.0	0.0	0.0	0.043969	0.051992	0.0	0.0	0.0	0.0	0.0	0.0	0.0	0.0	0.0	0.0	0.0	0.0
k__Bacteria|p__Firmicutes|c__CFGB77220|o__OFGB77220|f__FGB77220|g__GGB4774|s__GGB4774_SGB6609|t__SGB6609	0.0	0.0	0.0	0.0	0.0	0.0	0.0	0.0	0.0	0.0	0.0	0.0	0.0	0.0	0.0	0.0	0.0	0.0	0.0	0.0	0.0	0.0	0.0	0.0	0.0	0.0	0.0	0.0	0.0	0.0	0.03798	0.120739	0.069803	0.0	0.0	0.0	0.0	0.0	0.0	0.0	0.0	0.0	0.0	0.0
k__Bacteria|p__Firmicutes|c__CFGB2924|o__OFGB2924|f__FGB2924|g__GGB143676|s__GGB143676_SGB14190|t__SGB14190	0.0	0.0	0.0	0.0	0.0	0.0	0.0	0.0	0.0	0.0	0.0	0.0	0.0	0.0	0.0	0.0	0.0	0.0	0.0	0.0	0.0	0.0	0.0	0.0	0.0	0.0	0.0	0.0	0.0	0.0	0.02831	0.048533	0.0	0.0	0.0	0.0	0.0	0.0	0.0	0.0	0.0	0.0	0.0	0.0
k__Bacteria|p__Firmicutes|c__Clostridia|o__Eubacteriales|f__Oscillospiraceae|g__GGB9634|s__GGB9634_SGB15102|t__SGB15102	0.0	0.0	0.0	0.0	0.0	0.0	0.0	0.0	0.0	0.0	0.0	0.0	0.0	0.0	0.0	0.0	0.0	0.0	0.0	0.0	0.0	0.0	0.0	0.0	0.0	0.0	0.0	0.0	0.0	0.0	0.024228	0.0	0.0	0.0	0.0	0.0	0.0	0.0	0.0	0.0	0.0	0.0	0.0	0.0
k__Bacteria|p__Firmicutes|c__CFGB94770|o__OFGB94770|f__FGB94770|g__GGB9083|s__GGB9083_SGB14011|t__SGB14011	0.0	0.0	0.0	0.0	0.0	0.0	0.0	0.0	0.0	0.0	0.0	0.0	0.0	0.0	0.0	0.0	0.0	0.0	0.0	0.0	0.0	0.0	0.0	0.0	0.0	0.0	0.0	0.0	0.0	0.0	0.018686	0.026574	0.0	0.0	0.0	0.0	0.0	0.0	0.0	0.0	0.0	0.0	0.0	0.0
k__Bacteria|p__Firmicutes|c__CFGB1359|o__OFGB1359|f__FGB1359|g__GGB3321|s__GGB3321_SGB4395|t__SGB4395	0.0	0.0	0.0	0.0	0.0	0.0	0.0	0.0	0.0	0.0	0.0	0.0	0.0	0.0	0.0	0.0	0.0	0.0	0.0	0.0	0.0	0.0	0.0	0.0	0.0	0.0	0.0	0.0	0.0	0.0	0.00362	0.0	0.0	0.0	0.0	0.0	0.0	0.0	0.039483	0.050462	0.04336	0.0	0.0	0.0
k__Bacteria|p__Firmicutes|c__Bacillota_unclassified|o__Bacillota_unclassified|f__Bacillota_unclassified|g__GGB9513	0.0	0.0	0.0	0.0	0.0	0.0	0.0	0.0	0.0	0.0	0.0	0.0	0.0	0.0	0.0	0.0	0.0	0.0	0.0	0.0	0.0	0.0	0.0	0.0	0.0	0.0	0.0	0.0	0.0	0.0	0.0	0.0	0.0	0.0	0.143079	0.148083	0.167278	0.162122	0.0	0.0	0.0	0.0	0.0	0.0
k__Bacteria|p__Pseudomonadota|c__Betaproteobacteria|o__Burkholderiales|f__Sutterellaceae|g__Dakarella	0.0	0.0	0.0	0.0	0.0	0.0	0.0	0.0	0.0	0.0	0.0	0.0	0.0	0.0	0.0	0.0	0.0	0.0	0.0	0.0	0.0	0.0	0.0	0.0	0.0	0.0	0.0	0.0	0.0	0.0	0.0	0.0	0.0	0.0	0.124289	0.073972	0.145039	0.140681	0.0	0.0	0.0	0.0	0.0	0.0
k__Bacteria|p__Firmicutes|c__Clostridia|o__Lachnospirales|f__Lachnospiraceae|g__GGB3609	0.0	0.0	0.0	0.0	0.0	0.0	0.0	0.0	0.0	0.0	0.0	0.0	0.0	0.0	0.0	0.0	0.0	0.0	0.0	0.0	0.0	0.0	0.0	0.0	0.0	0.0	0.0	0.0	0.0	0.0	0.0	0.0	0.0	0.0	0.04644	0.038584	0.05408	0.046931	0.0	0.0	0.0	0.0	0.0	0.0
k__Bacteria|p__Firmicutes|c__Clostridia|o__Eubacteriales|f__Acutalibacteraceae|g__Acutalibacter	0.0	0.0	0.0	0.0	0.0	0.0	0.0	0.0	0.0	0.0	0.0	0.0	0.0	0.0	0.0	0.0	0.0	0.0	0.0	0.0	0.0	0.0	0.0	0.0	0.0	0.0	0.0	0.0	0.0	0.0	0.0	0.0	0.0	0.0	0.038278	0.034861	0.016103	0.009276	0.0	0.0	0.002669	0.0	0.0	0.0
k__Bacteria|p__Bacteroidota|c__Bacteroidia|o__Bacteroidales|f__Bacteroidaceae|g__Bacteroides|s__Bacteroides_congonensis	0.0	0.0	0.0	0.0	0.0	0.0	0.0	0.0	0.0	0.0	0.0	0.0	0.0	0.0	0.0	0.0	0.0	0.0	0.0	0.0	0.0	0.0	0.0	0.0	0.0	0.0	0.0	0.0	0.0	0.0	0.0	0.0	0.0	0.0	1.714643	1.688378	1.660135	1.656781	0.0	0.0	0.0	0.0	0.0	0.0
k__Bacteria|p__Firmicutes|c__Clostridia|o__Lachnospirales|f__Lachnospiraceae|g__Lachnoclostridium|s__Clostridium_scindens	0.0	0.0	0.0	0.0	0.0	0.0	0.0	0.0	0.0	0.0	0.0	0.0	0.0	0.0	0.0	0.0	0.0	0.0	0.0	0.0	0.0	0.0	0.0	0.0	0.0	0.0	0.0	0.0	0.0	0.0	0.0	0.0	0.0	0.0	0.688909	0.675956	0.613788	0.571723	0.0	0.0	0.0	0.0	0.0	0.0
k__Bacteria|p__Firmicutes|c__Clostridia|o__Lachnospirales|f__Lachnospiraceae|g__Roseburia|s__Roseburia_yibonii	0.0	0.0	0.0	0.0	0.0	0.0	0.0	0.0	0.0	0.0	0.0	0.0	0.0	0.0	0.0	0.0	0.0	0.0	0.0	0.0	0.0	0.0	0.0	0.0	0.0	0.0	0.0	0.0	0.0	0.0	0.0	0.0	0.0	0.0	0.567522	0.495328	0.540237	0.547922	0.0	0.0	0.0	0.0	0.0	0.0
k__Bacteria|p__Firmicutes|c__Clostridia|o__Lachnospirales|f__Lachnospiraceae|g__Blautia|s__Blautia_hansenii	0.0	0.0	0.0	0.0	0.0	0.0	0.0	0.0	0.0	0.0	0.0	0.0	0.0	0.0	0.0	0.0	0.0	0.0	0.0	0.0	0.0	0.0	0.0	0.0	0.0	0.0	0.0	0.0	0.0	0.0	0.0	0.0	0.0	0.0	0.42898	0.426523	0.40905	0.37045	0.0	0.0	0.0	0.0	0.0	0.0
k__Bacteria|p__Actinomycetota|c__Coriobacteriia|o__Coriobacteriales|f__Coriobacteriaceae|g__Collinsella|s__Collinsella_intestinalis	0.0	0.0	0.0	0.0	0.0	0.0	0.0	0.0	0.0	0.0	0.0	0.0	0.0	0.0	0.0	0.0	0.0	0.0	0.0	0.0	0.0	0.0	0.0	0.0	0.0	0.0	0.0	0.0	0.0	0.0	0.0	0.0	0.0	0.0	0.195513	0.203196	0.184218	0.155208	0.0	0.0	0.0	0.0	0.0	0.0
k__Bacteria|p__Firmicutes|c__Bacillota_unclassified|o__Bacillota_unclassified|f__Bacillota_unclassified|g__GGB9513|s__GGB9513_SGB14911	0.0	0.0	0.0	0.0	0.0	0.0	0.0	0.0	0.0	0.0	0.0	0.0	0.0	0.0	0.0	0.0	0.0	0.0	0.0	0.0	0.0	0.0	0.0	0.0	0.0	0.0	0.0	0.0	0.0	0.0	0.0	0.0	0.0	0.0	0.143079	0.148083	0.167278	0.162122	0.0	0.0	0.0	0.0	0.0	0.0
k__Bacteria|p__Pseudomonadota|c__Betaproteobacteria|o__Burkholderiales|f__Sutterellaceae|g__Dakarella|s__Dakarella_massiliensis	0.0	0.0	0.0	0.0	0.0	0.0	0.0	0.0	0.0	0.0	0.0	0.0	0.0	0.0	0.0	0.0	0.0	0.0	0.0	0.0	0.0	0.0	0.0	0.0	0.0	0.0	0.0	0.0	0.0	0.0	0.0	0.0	0.0	0.0	0.124289	0.073972	0.145039	0.140681	0.0	0.0	0.0	0.0	0.0	0.0
k__Bacteria|p__Firmicutes|c__Clostridia|o__Lachnospirales|f__Lachnospiraceae|g__Eisenbergiella|s__Eisenbergiella_massiliensis	0.0	0.0	0.0	0.0	0.0	0.0	0.0	0.0	0.0	0.0	0.0	0.0	0.0	0.0	0.0	0.0	0.0	0.0	0.0	0.0	0.0	0.0	0.0	0.0	0.0	0.0	0.0	0.0	0.0	0.0	0.0	0.0	0.0	0.0	0.061732	0.070868	0.043455	0.076817	0.0	0.0	0.0	0.0	0.0	0.0
k__Bacteria|p__Firmicutes|c__Clostridia|o__Lachnospirales|f__Lachnospiraceae|g__GGB3609|s__GGB3609_SGB4877	0.0	0.0	0.0	0.0	0.0	0.0	0.0	0.0	0.0	0.0	0.0	0.0	0.0	0.0	0.0	0.0	0.0	0.0	0.0	0.0	0.0	0.0	0.0	0.0	0.0	0.0	0.0	0.0	0.0	0.0	0.0	0.0	0.0	0.0	0.04644	0.038584	0.05408	0.046931	0.0	0.0	0.0	0.0	0.0	0.0
k__Bacteria|p__Firmicutes|c__Clostridia|o__Eubacteriales|f__Acutalibacteraceae|g__Acutalibacter|s__Acutalibacter_SGB14844	0.0	0.0	0.0	0.0	0.0	0.0	0.0	0.0	0.0	0.0	0.0	0.0	0.0	0.0	0.0	0.0	0.0	0.0	0.0	0.0	0.0	0.0	0.0	0.0	0.0	0.0	0.0	0.0	0.0	0.0	0.0	0.0	0.0	0.0	0.038278	0.034861	0.016103	0.009276	0.0	0.0	0.002669	0.0	0.0	0.0
k__Bacteria|p__Firmicutes|c__Clostridia|o__Lachnospirales|f__Lachnospiraceae|g__Coprococcus|s__Coprococcus_sp_AF21_14LB	0.0	0.0	0.0	0.0	0.0	0.0	0.0	0.0	0.0	0.0	0.0	0.0	0.0	0.0	0.0	0.0	0.0	0.0	0.0	0.0	0.0	0.0	0.0	0.0	0.0	0.0	0.0	0.0	0.0	0.0	0.0	0.0	0.0	0.0	0.021247	0.031333	0.042915	0.024611	0.0	0.0	0.0	0.0	0.0	0.0
k__Bacteria|p__Firmicutes|c__Erysipelotrichia|o__Erysipelotrichales|f__Coprobacillaceae|g__Thomasclavelia|s__Thomasclavelia_spiroformis	0.0	0.0	0.0	0.0	0.0	0.0	0.0	0.0	0.0	0.0	0.0	0.0	0.0	0.0	0.0	0.0	0.0	0.0	0.0	0.0	0.0	0.0	0.0	0.0	0.0	0.0	0.0	0.0	0.0	0.0	0.0	0.0	0.0	0.0	0.018101	0.0	0.0	0.0	0.0	0.0	0.0	0.0	0.0	0.0
k__Bacteria|p__Bacteria_unclassified|c__Bacteria_unclassified|o__Bacteria_unclassified|f__Bacteria_unclassified|g__Bacteria_unclassified|s__bacterium_210917_SL_2_15	0.0	0.0	0.0	0.0	0.0	0.0	0.0	0.0	0.0	0.0	0.0	0.0	0.0	0.0	0.0	0.0	0.0	0.0	0.0	0.0	0.0	0.0	0.0	0.0	0.0	0.0	0.0	0.0	0.0	0.0	0.0	0.0	0.0	0.0	0.012222	0.004813	0.011903	0.011724	0.0	0.0	0.0	0.0	0.0	0.0
k__Bacteria|p__Firmicutes|c__CFGB3057|o__OFGB3057|f__FGB3057|g__GGB9719|s__GGB9719_SGB15272	0.0	0.0	0.0	0.0	0.0	0.0	0.0	0.0	0.0	0.0	0.0	0.0	0.0	0.0	0.0	0.0	0.0	0.0	0.0	0.0	0.0	0.0	0.0	0.0	0.0	0.0	0.0	0.0	0.0	0.0	0.0	0.0	0.0	0.0	0.002373	0.0	0.0	0.012619	0.0	0.0	0.0	0.058514	0.036343	0.048584
k__Bacteria|p__Bacteroidota|c__Bacteroidia|o__Bacteroidales|f__Bacteroidaceae|g__Phocaeicola|s__Phocaeicola_plebeius	0.0	0.0	0.0	0.0	0.0	0.0	0.0	0.0	0.0	0.0	0.0	0.0	0.0	0.0	0.0	0.0	0.0	0.0	0.0	0.0	0.0	0.0	0.0	0.0	0.0	0.0	0.0	0.0	0.0	0.0	0.0	0.0	0.0	0.0	0.001802	0.004441	0.0	0.000955	0.0	0.0	0.0	0.0	0.0	0.0
k__Bacteria|p__Bacteroidota|c__Bacteroidia|o__Bacteroidales|f__Bacteroidaceae|g__Bacteroides|s__Bacteroides_congonensis|t__SGB1878	0.0	0.0	0.0	0.0	0.0	0.0	0.0	0.0	0.0	0.0	0.0	0.0	0.0	0.0	0.0	0.0	0.0	0.0	0.0	0.0	0.0	0.0	0.0	0.0	0.0	0.0	0.0	0.0	0.0	0.0	0.0	0.0	0.0	0.0	1.714643	1.688378	1.660135	1.656781	0.0	0.0	0.0	0.0	0.0	0.0
k__Bacteria|p__Firmicutes|c__Clostridia|o__Lachnospirales|f__Lachnospiraceae|g__Lachnoclostridium|s__Clostridium_scindens|t__SGB4630	0.0	0.0	0.0	0.0	0.0	0.0	0.0	0.0	0.0	0.0	0.0	0.0	0.0	0.0	0.0	0.0	0.0	0.0	0.0	0.0	0.0	0.0	0.0	0.0	0.0	0.0	0.0	0.0	0.0	0.0	0.0	0.0	0.0	0.0	0.688909	0.675956	0.613788	0.571723	0.0	0.0	0.0	0.0	0.0	0.0
k__Bacteria|p__Firmicutes|c__Clostridia|o__Lachnospirales|f__Lachnospiraceae|g__Roseburia|s__Roseburia_yibonii|t__SGB4953	0.0	0.0	0.0	0.0	0.0	0.0	0.0	0.0	0.0	0.0	0.0	0.0	0.0	0.0	0.0	0.0	0.0	0.0	0.0	0.0	0.0	0.0	0.0	0.0	0.0	0.0	0.0	0.0	0.0	0.0	0.0	0.0	0.0	0.0	0.567522	0.495328	0.540237	0.547922	0.0	0.0	0.0	0.0	0.0	0.0
k__Bacteria|p__Firmicutes|c__Clostridia|o__Lachnospirales|f__Lachnospiraceae|g__Blautia|s__Blautia_hansenii|t__SGB4798	0.0	0.0	0.0	0.0	0.0	0.0	0.0	0.0	0.0	0.0	0.0	0.0	0.0	0.0	0.0	0.0	0.0	0.0	0.0	0.0	0.0	0.0	0.0	0.0	0.0	0.0	0.0	0.0	0.0	0.0	0.0	0.0	0.0	0.0	0.42898	0.426523	0.40905	0.37045	0.0	0.0	0.0	0.0	0.0	0.0
k__Bacteria|p__Actinomycetota|c__Coriobacteriia|o__Coriobacteriales|f__Coriobacteriaceae|g__Collinsella|s__Collinsella_intestinalis|t__SGB14741	0.0	0.0	0.0	0.0	0.0	0.0	0.0	0.0	0.0	0.0	0.0	0.0	0.0	0.0	0.0	0.0	0.0	0.0	0.0	0.0	0.0	0.0	0.0	0.0	0.0	0.0	0.0	0.0	0.0	0.0	0.0	0.0	0.0	0.0	0.195513	0.203196	0.184218	0.155208	0.0	0.0	0.0	0.0	0.0	0.0
k__Bacteria|p__Firmicutes|c__Erysipelotrichia|o__Erysipelotrichales|f__Erysipelotrichaceae|g__Massilimicrobiota|s__Massilimicrobiota_timonensis|t__SGB6768	0.0	0.0	0.0	0.0	0.0	0.0	0.0	0.0	0.0	0.0	0.0	0.0	0.0	0.0	0.0	0.0	0.0	0.0	0.0	0.0	0.0	0.0	0.0	0.0	0.0	0.0	0.0	0.0	0.0	0.0	0.0	0.0	0.0	0.0	0.16819	0.198028	0.155984	0.186074	0.0	0.0	0.0	0.0	0.0	0.0
k__Bacteria|p__Firmicutes|c__Bacillota_unclassified|o__Bacillota_unclassified|f__Bacillota_unclassified|g__GGB9513|s__GGB9513_SGB14911|t__SGB14911	0.0	0.0	0.0	0.0	0.0	0.0	0.0	0.0	0.0	0.0	0.0	0.0	0.0	0.0	0.0	0.0	0.0	0.0	0.0	0.0	0.0	0.0	0.0	0.0	0.0	0.0	0.0	0.0	0.0	0.0	0.0	0.0	0.0	0.0	0.143079	0.148083	0.167278	0.162122	0.0	0.0	0.0	0.0	0.0	0.0
k__Bacteria|p__Pseudomonadota|c__Betaproteobacteria|o__Burkholderiales|f__Sutterellaceae|g__Dakarella|s__Dakarella_massiliensis|t__SGB9271	0.0	0.0	0.0	0.0	0.0	0.0	0.0	0.0	0.0	0.0	0.0	0.0	0.0	0.0	0.0	0.0	0.0	0.0	0.0	0.0	0.0	0.0	0.0	0.0	0.0	0.0	0.0	0.0	0.0	0.0	0.0	0.0	0.0	0.0	0.124289	0.073972	0.145039	0.140681	0.0	0.0	0.0	0.0	0.0	0.0
k__Bacteria|p__Firmicutes|c__Clostridia|o__Lachnospirales|f__Lachnospiraceae|g__Eisenbergiella|s__Eisenbergiella_massiliensis|t__SGB4987	0.0	0.0	0.0	0.0	0.0	0.0	0.0	0.0	0.0	0.0	0.0	0.0	0.0	0.0	0.0	0.0	0.0	0.0	0.0	0.0	0.0	0.0	0.0	0.0	0.0	0.0	0.0	0.0	0.0	0.0	0.0	0.0	0.0	0.0	0.061732	0.070868	0.043455	0.076817	0.0	0.0	0.0	0.0	0.0	0.0
k__Bacteria|p__Firmicutes|c__Clostridia|o__Lachnospirales|f__Lachnospiraceae|g__GGB3609|s__GGB3609_SGB4877|t__SGB4877	0.0	0.0	0.0	0.0	0.0	0.0	0.0	0.0	0.0	0.0	0.0	0.0	0.0	0.0	0.0	0.0	0.0	0.0	0.0	0.0	0.0	0.0	0.0	0.0	0.0	0.0	0.0	0.0	0.0	0.0	0.0	0.0	0.0	0.0	0.04644	0.038584	0.05408	0.046931	0.0	0.0	0.0	0.0	0.0	0.0
k__Bacteria|p__Firmicutes|c__Clostridia|o__Eubacteriales|f__Acutalibacteraceae|g__Acutalibacter|s__Acutalibacter_SGB14844|t__SGB14844	0.0	0.0	0.0	0.0	0.0	0.0	0.0	0.0	0.0	0.0	0.0	0.0	0.0	0.0	0.0	0.0	0.0	0.0	0.0	0.0	0.0	0.0	0.0	0.0	0.0	0.0	0.0	0.0	0.0	0.0	0.0	0.0	0.0	0.0	0.038278	0.034861	0.016103	0.009276	0.0	0.0	0.002669	0.0	0.0	0.0
k__Bacteria|p__Firmicutes|c__Clostridia|o__Lachnospirales|f__Lachnospiraceae|g__Coprococcus|s__Coprococcus_sp_AF21_14LB|t__SGB106014	0.0	0.0	0.0	0.0	0.0	0.0	0.0	0.0	0.0	0.0	0.0	0.0	0.0	0.0	0.0	0.0	0.0	0.0	0.0	0.0	0.0	0.0	0.0	0.0	0.0	0.0	0.0	0.0	0.0	0.0	0.0	0.0	0.0	0.0	0.021247	0.031333	0.042915	0.024611	0.0	0.0	0.0	0.0	0.0	0.0
k__Bacteria|p__Firmicutes|c__Erysipelotrichia|o__Erysipelotrichales|f__Coprobacillaceae|g__Thomasclavelia|s__Thomasclavelia_spiroformis|t__SGB6747	0.0	0.0	0.0	0.0	0.0	0.0	0.0	0.0	0.0	0.0	0.0	0.0	0.0	0.0	0.0	0.0	0.0	0.0	0.0	0.0	0.0	0.0	0.0	0.0	0.0	0.0	0.0	0.0	0.0	0.0	0.0	0.0	0.0	0.0	0.018101	0.0	0.0	0.0	0.0	0.0	0.0	0.0	0.0	0.0
k__Bacteria|p__Bacteria_unclassified|c__Bacteria_unclassified|o__Bacteria_unclassified|f__Bacteria_unclassified|g__Bacteria_unclassified|s__bacterium_210917_SL_2_15|t__SGB79823	0.0	0.0	0.0	0.0	0.0	0.0	0.0	0.0	0.0	0.0	0.0	0.0	0.0	0.0	0.0	0.0	0.0	0.0	0.0	0.0	0.0	0.0	0.0	0.0	0.0	0.0	0.0	0.0	0.0	0.0	0.0	0.0	0.0	0.0	0.012222	0.004813	0.011903	0.011724	0.0	0.0	0.0	0.0	0.0	0.0
k__Bacteria|p__Firmicutes|c__Clostridia|o__Lachnospirales|f__Lachnospiraceae|g__Blautia|s__Blautia_glucerasea|t__SGB4816	0.0	0.0	0.0	0.0	0.0	0.0	0.0	0.0	0.0	0.0	0.0	0.0	0.0	0.0	0.0	0.0	0.0	0.0	0.0	0.0	0.0	0.0	0.0	0.0	0.0	0.0	0.0	0.0	0.0	0.0	0.0	0.0	0.0	0.0	0.008575	0.0	0.0	0.012553	0.0	0.0	0.0	0.0	0.0	0.0
k__Bacteria|p__Firmicutes|c__CFGB3057|o__OFGB3057|f__FGB3057|g__GGB9719|s__GGB9719_SGB15272|t__SGB15272	0.0	0.0	0.0	0.0	0.0	0.0	0.0	0.0	0.0	0.0	0.0	0.0	0.0	0.0	0.0	0.0	0.0	0.0	0.0	0.0	0.0	0.0	0.0	0.0	0.0	0.0	0.0	0.0	0.0	0.0	0.0	0.0	0.0	0.0	0.002373	0.0	0.0	0.012619	0.0	0.0	0.0	0.058514	0.036343	0.048584
k__Bacteria|p__Bacteroidota|c__Bacteroidia|o__Bacteroidales|f__Bacteroidaceae|g__Phocaeicola|s__Phocaeicola_plebeius|t__SGB1903	0.0	0.0	0.0	0.0	0.0	0.0	0.0	0.0	0.0	0.0	0.0	0.0	0.0	0.0	0.0	0.0	0.0	0.0	0.0	0.0	0.0	0.0	0.0	0.0	0.0	0.0	0.0	0.0	0.0	0.0	0.0	0.0	0.0	0.0	0.001802	0.004441	0.0	0.000955	0.0	0.0	0.0	0.0	0.0	0.0
k__Bacteria|p__Candidatus_Saccharibacteria|c__Candidatus_Saccharibacteria_unclassified|o__Candidatus_Saccharibacteria_unclassified|f__Candidatus_Saccharibacteria_unclassified|g__Candidatus_Saccharibacteria_unclassified|s__Candidatus_Saccharibacteria_unclassified_SGB19870	0.0	0.0	0.0	0.0	0.0	0.0	0.0	0.0	0.0	0.0	0.0	0.0	0.0	0.0	0.0	0.0	0.0	0.0	0.0	0.0	0.0	0.0	0.0	0.0	0.0	0.0	0.0	0.0	0.0	0.0	0.0	0.0	0.0	0.0	0.0	0.018486	0.0	0.0	0.0	0.0	0.0	0.0	0.0	0.0
k__Bacteria|p__Firmicutes|c__Clostridia|o__Lachnospirales|f__Lachnospiraceae|g__Blautia|s__Blautia_caecimuris	0.0	0.0	0.0	0.0	0.0	0.0	0.0	0.0	0.0	0.0	0.0	0.0	0.0	0.0	0.0	0.0	0.0	0.0	0.0	0.0	0.0	0.0	0.0	0.0	0.0	0.0	0.0	0.0	0.0	0.0	0.0	0.0	0.0	0.0	0.0	0.004886	0.0	0.003347	0.0	0.0	0.0	0.0	0.0	0.0
k__Bacteria|p__Candidatus_Saccharibacteria|c__Candidatus_Saccharibacteria_unclassified|o__Candidatus_Saccharibacteria_unclassified|f__Candidatus_Saccharibacteria_unclassified|g__Candidatus_Saccharibacteria_unclassified|s__Candidatus_Saccharibacteria_unclassified_SGB19870|t__SGB19870_group	0.0	0.0	0.0	0.0	0.0	0.0	0.0	0.0	0.0	0.0	0.0	0.0	0.0	0.0	0.0	0.0	0.0	0.0	0.0	0.0	0.0	0.0	0.0	0.0	0.0	0.0	0.0	0.0	0.0	0.0	0.0	0.0	0.0	0.0	0.0	0.018486	0.0	0.0	0.0	0.0	0.0	0.0	0.0	0.0
k__Bacteria|p__Firmicutes|c__Clostridia|o__Lachnospirales|f__Lachnospiraceae|g__Blautia|s__Blautia_caecimuris|t__SGB4862	0.0	0.0	0.0	0.0	0.0	0.0	0.0	0.0	0.0	0.0	0.0	0.0	0.0	0.0	0.0	0.0	0.0	0.0	0.0	0.0	0.0	0.0	0.0	0.0	0.0	0.0	0.0	0.0	0.0	0.0	0.0	0.0	0.0	0.0	0.0	0.004886	0.0	0.003347	0.0	0.0	0.0	0.0	0.0	0.0
k__Bacteria|p__Bacteroidota|c__CFGB74620	0.0	0.0	0.0	0.0	0.0	0.0	0.0	0.0	0.0	0.0	0.0	0.0	0.0	0.0	0.0	0.0	0.0	0.0	0.0	0.0	0.0	0.0	0.0	0.0	0.0	0.0	0.0	0.0	0.0	0.0	0.0	0.0	0.0	0.0	0.0	0.0	0.0	0.0	2.316455	2.265898	2.174064	0.0	0.0	0.0
k__Bacteria|p__Bacteroidota|c__CFGB94545	0.0	0.0	0.0	0.0	0.0	0.0	0.0	0.0	0.0	0.0	0.0	0.0	0.0	0.0	0.0	0.0	0.0	0.0	0.0	0.0	0.0	0.0	0.0	0.0	0.0	0.0	0.0	0.0	0.0	0.0	0.0	0.0	0.0	0.0	0.0	0.0	0.0	0.0	1.61536	1.577612	1.62329	0.0	0.0	0.0
k__Bacteria|p__Firmicutes|c__CFGB73223	0.0	0.0	0.0	0.0	0.0	0.0	0.0	0.0	0.0	0.0	0.0	0.0	0.0	0.0	0.0	0.0	0.0	0.0	0.0	0.0	0.0	0.0	0.0	0.0	0.0	0.0	0.0	0.0	0.0	0.0	0.0	0.0	0.0	0.0	0.0	0.0	0.0	0.0	0.230864	0.228034	0.236123	0.0	0.0	0.0
k__Bacteria|p__Firmicutes|c__CFGB1320	0.0	0.0	0.0	0.0	0.0	0.0	0.0	0.0	0.0	0.0	0.0	0.0	0.0	0.0	0.0	0.0	0.0	0.0	0.0	0.0	0.0	0.0	0.0	0.0	0.0	0.0	0.0	0.0	0.0	0.0	0.0	0.0	0.0	0.0	0.0	0.0	0.0	0.0	0.1408	0.141728	0.144929	0.0	0.0	0.0
k__Bacteria|p__Firmicutes|c__CFGB2957	0.0	0.0	0.0	0.0	0.0	0.0	0.0	0.0	0.0	0.0	0.0	0.0	0.0	0.0	0.0	0.0	0.0	0.0	0.0	0.0	0.0	0.0	0.0	0.0	0.0	0.0	0.0	0.0	0.0	0.0	0.0	0.0	0.0	0.0	0.0	0.0	0.0	0.0	0.071461	0.078907	0.087006	0.0	0.0	0.0
k__Bacteria|p__Firmicutes|c__CFGB1012	0.0	0.0	0.0	0.0	0.0	0.0	0.0	0.0	0.0	0.0	0.0	0.0	0.0	0.0	0.0	0.0	0.0	0.0	0.0	0.0	0.0	0.0	0.0	0.0	0.0	0.0	0.0	0.0	0.0	0.0	0.0	0.0	0.0	0.0	0.0	0.0	0.0	0.0	0.058334	0.065834	0.066079	0.0	0.0	0.0
k__Bacteria|p__Firmicutes|c__CFGB84123	0.0	0.0	0.0	0.0	0.0	0.0	0.0	0.0	0.0	0.0	0.0	0.0	0.0	0.0	0.0	0.0	0.0	0.0	0.0	0.0	0.0	0.0	0.0	0.0	0.0	0.0	0.0	0.0	0.0	0.0	0.0	0.0	0.0	0.0	0.0	0.0	0.0	0.0	0.054281	0.063747	0.046013	0.0	0.0	0.0
k__Bacteria|p__Firmicutes|c__CFGB2960	0.0	0.0	0.0	0.0	0.0	0.0	0.0	0.0	0.0	0.0	0.0	0.0	0.0	0.0	0.0	0.0	0.0	0.0	0.0	0.0	0.0	0.0	0.0	0.0	0.0	0.0	0.0	0.0	0.0	0.0	0.0	0.0	0.0	0.0	0.0	0.0	0.0	0.0	0.032862	0.029286	0.037741	0.0	0.0	0.0
k__Bacteria|p__Firmicutes|c__CFGB2930	0.0	0.0	0.0	0.0	0.0	0.0	0.0	0.0	0.0	0.0	0.0	0.0	0.0	0.0	0.0	0.0	0.0	0.0	0.0	0.0	0.0	0.0	0.0	0.0	0.0	0.0	0.0	0.0	0.0	0.0	0.0	0.0	0.0	0.0	0.0	0.0	0.0	0.0	0.019463	0.002977	0.006234	0.0	0.0	0.0
k__Bacteria|p__Firmicutes|c__CFGB72728	0.0	0.0	0.0	0.0	0.0	0.0	0.0	0.0	0.0	0.0	0.0	0.0	0.0	0.0	0.0	0.0	0.0	0.0	0.0	0.0	0.0	0.0	0.0	0.0	0.0	0.0	0.0	0.0	0.0	0.0	0.0	0.0	0.0	0.0	0.0	0.0	0.0	0.0	0.001152	0.0	0.0	0.0	0.0	0.0
k__Bacteria|p__Firmicutes|c__CFGB84669	0.0	0.0	0.0	0.0	0.0	0.0	0.0	0.0	0.0	0.0	0.0	0.0	0.0	0.0	0.0	0.0	0.0	0.0	0.0	0.0	0.0	0.0	0.0	0.0	0.0	0.0	0.0	0.0	0.0	0.0	0.0	0.0	0.0	0.0	0.0	0.0	0.0	0.0	0.001039	0.002175	0.0	0.0	0.0	0.0
k__Bacteria|p__Bacteroidota|c__CFGB74620|o__OFGB74620	0.0	0.0	0.0	0.0	0.0	0.0	0.0	0.0	0.0	0.0	0.0	0.0	0.0	0.0	0.0	0.0	0.0	0.0	0.0	0.0	0.0	0.0	0.0	0.0	0.0	0.0	0.0	0.0	0.0	0.0	0.0	0.0	0.0	0.0	0.0	0.0	0.0	0.0	2.316455	2.265898	2.174064	0.0	0.0	0.0
k__Bacteria|p__Bacteroidota|c__CFGB94545|o__OFGB94545	0.0	0.0	0.0	0.0	0.0	0.0	0.0	0.0	0.0	0.0	0.0	0.0	0.0	0.0	0.0	0.0	0.0	0.0	0.0	0.0	0.0	0.0	0.0	0.0	0.0	0.0	0.0	0.0	0.0	0.0	0.0	0.0	0.0	0.0	0.0	0.0	0.0	0.0	1.61536	1.577612	1.62329	0.0	0.0	0.0
k__Bacteria|p__Firmicutes|c__CFGB73223|o__OFGB73223	0.0	0.0	0.0	0.0	0.0	0.0	0.0	0.0	0.0	0.0	0.0	0.0	0.0	0.0	0.0	0.0	0.0	0.0	0.0	0.0	0.0	0.0	0.0	0.0	0.0	0.0	0.0	0.0	0.0	0.0	0.0	0.0	0.0	0.0	0.0	0.0	0.0	0.0	0.230864	0.228034	0.236123	0.0	0.0	0.0
k__Bacteria|p__Firmicutes|c__CFGB1320|o__OFGB1320	0.0	0.0	0.0	0.0	0.0	0.0	0.0	0.0	0.0	0.0	0.0	0.0	0.0	0.0	0.0	0.0	0.0	0.0	0.0	0.0	0.0	0.0	0.0	0.0	0.0	0.0	0.0	0.0	0.0	0.0	0.0	0.0	0.0	0.0	0.0	0.0	0.0	0.0	0.1408	0.141728	0.144929	0.0	0.0	0.0
k__Bacteria|p__Firmicutes|c__CFGB2957|o__OFGB2957	0.0	0.0	0.0	0.0	0.0	0.0	0.0	0.0	0.0	0.0	0.0	0.0	0.0	0.0	0.0	0.0	0.0	0.0	0.0	0.0	0.0	0.0	0.0	0.0	0.0	0.0	0.0	0.0	0.0	0.0	0.0	0.0	0.0	0.0	0.0	0.0	0.0	0.0	0.071461	0.078907	0.087006	0.0	0.0	0.0
k__Bacteria|p__Firmicutes|c__CFGB1012|o__OFGB1012	0.0	0.0	0.0	0.0	0.0	0.0	0.0	0.0	0.0	0.0	0.0	0.0	0.0	0.0	0.0	0.0	0.0	0.0	0.0	0.0	0.0	0.0	0.0	0.0	0.0	0.0	0.0	0.0	0.0	0.0	0.0	0.0	0.0	0.0	0.0	0.0	0.0	0.0	0.058334	0.065834	0.066079	0.0	0.0	0.0
k__Bacteria|p__Firmicutes|c__CFGB84123|o__OFGB84123	0.0	0.0	0.0	0.0	0.0	0.0	0.0	0.0	0.0	0.0	0.0	0.0	0.0	0.0	0.0	0.0	0.0	0.0	0.0	0.0	0.0	0.0	0.0	0.0	0.0	0.0	0.0	0.0	0.0	0.0	0.0	0.0	0.0	0.0	0.0	0.0	0.0	0.0	0.054281	0.063747	0.046013	0.0	0.0	0.0
k__Bacteria|p__Firmicutes|c__CFGB2960|o__OFGB2960	0.0	0.0	0.0	0.0	0.0	0.0	0.0	0.0	0.0	0.0	0.0	0.0	0.0	0.0	0.0	0.0	0.0	0.0	0.0	0.0	0.0	0.0	0.0	0.0	0.0	0.0	0.0	0.0	0.0	0.0	0.0	0.0	0.0	0.0	0.0	0.0	0.0	0.0	0.032862	0.029286	0.037741	0.0	0.0	0.0
k__Bacteria|p__Firmicutes|c__CFGB2930|o__OFGB2930	0.0	0.0	0.0	0.0	0.0	0.0	0.0	0.0	0.0	0.0	0.0	0.0	0.0	0.0	0.0	0.0	0.0	0.0	0.0	0.0	0.0	0.0	0.0	0.0	0.0	0.0	0.0	0.0	0.0	0.0	0.0	0.0	0.0	0.0	0.0	0.0	0.0	0.0	0.019463	0.002977	0.006234	0.0	0.0	0.0
k__Bacteria|p__Firmicutes|c__CFGB72728|o__OFGB72728	0.0	0.0	0.0	0.0	0.0	0.0	0.0	0.0	0.0	0.0	0.0	0.0	0.0	0.0	0.0	0.0	0.0	0.0	0.0	0.0	0.0	0.0	0.0	0.0	0.0	0.0	0.0	0.0	0.0	0.0	0.0	0.0	0.0	0.0	0.0	0.0	0.0	0.0	0.001152	0.0	0.0	0.0	0.0	0.0
k__Bacteria|p__Firmicutes|c__CFGB84669|o__OFGB84669	0.0	0.0	0.0	0.0	0.0	0.0	0.0	0.0	0.0	0.0	0.0	0.0	0.0	0.0	0.0	0.0	0.0	0.0	0.0	0.0	0.0	0.0	0.0	0.0	0.0	0.0	0.0	0.0	0.0	0.0	0.0	0.0	0.0	0.0	0.0	0.0	0.0	0.0	0.001039	0.002175	0.0	0.0	0.0	0.0
k__Bacteria|p__Bacteroidota|c__CFGB74620|o__OFGB74620|f__FGB74620	0.0	0.0	0.0	0.0	0.0	0.0	0.0	0.0	0.0	0.0	0.0	0.0	0.0	0.0	0.0	0.0	0.0	0.0	0.0	0.0	0.0	0.0	0.0	0.0	0.0	0.0	0.0	0.0	0.0	0.0	0.0	0.0	0.0	0.0	0.0	0.0	0.0	0.0	2.316455	2.265898	2.174064	0.0	0.0	0.0
k__Bacteria|p__Bacteroidota|c__CFGB94545|o__OFGB94545|f__FGB94545	0.0	0.0	0.0	0.0	0.0	0.0	0.0	0.0	0.0	0.0	0.0	0.0	0.0	0.0	0.0	0.0	0.0	0.0	0.0	0.0	0.0	0.0	0.0	0.0	0.0	0.0	0.0	0.0	0.0	0.0	0.0	0.0	0.0	0.0	0.0	0.0	0.0	0.0	1.61536	1.577612	1.62329	0.0	0.0	0.0
k__Bacteria|p__Bacteroidota|c__Bacteroidia|o__Bacteroidales|f__Muribaculaceae	0.0	0.0	0.0	0.0	0.0	0.0	0.0	0.0	0.0	0.0	0.0	0.0	0.0	0.0	0.0	0.0	0.0	0.0	0.0	0.0	0.0	0.0	0.0	0.0	0.0	0.0	0.0	0.0	0.0	0.0	0.0	0.0	0.0	0.0	0.0	0.0	0.0	0.0	0.625682	0.580922	0.551188	0.008684	0.006265	0.00154
k__Bacteria|p__Firmicutes|c__CFGB73223|o__OFGB73223|f__FGB73223	0.0	0.0	0.0	0.0	0.0	0.0	0.0	0.0	0.0	0.0	0.0	0.0	0.0	0.0	0.0	0.0	0.0	0.0	0.0	0.0	0.0	0.0	0.0	0.0	0.0	0.0	0.0	0.0	0.0	0.0	0.0	0.0	0.0	0.0	0.0	0.0	0.0	0.0	0.230864	0.228034	0.236123	0.0	0.0	0.0
k__Bacteria|p__Firmicutes|c__CFGB1320|o__OFGB1320|f__FGB1320	0.0	0.0	0.0	0.0	0.0	0.0	0.0	0.0	0.0	0.0	0.0	0.0	0.0	0.0	0.0	0.0	0.0	0.0	0.0	0.0	0.0	0.0	0.0	0.0	0.0	0.0	0.0	0.0	0.0	0.0	0.0	0.0	0.0	0.0	0.0	0.0	0.0	0.0	0.1408	0.141728	0.144929	0.0	0.0	0.0
k__Bacteria|p__Firmicutes|c__CFGB2957|o__OFGB2957|f__FGB2957	0.0	0.0	0.0	0.0	0.0	0.0	0.0	0.0	0.0	0.0	0.0	0.0	0.0	0.0	0.0	0.0	0.0	0.0	0.0	0.0	0.0	0.0	0.0	0.0	0.0	0.0	0.0	0.0	0.0	0.0	0.0	0.0	0.0	0.0	0.0	0.0	0.0	0.0	0.071461	0.078907	0.087006	0.0	0.0	0.0
k__Bacteria|p__Firmicutes|c__CFGB1012|o__OFGB1012|f__FGB1012	0.0	0.0	0.0	0.0	0.0	0.0	0.0	0.0	0.0	0.0	0.0	0.0	0.0	0.0	0.0	0.0	0.0	0.0	0.0	0.0	0.0	0.0	0.0	0.0	0.0	0.0	0.0	0.0	0.0	0.0	0.0	0.0	0.0	0.0	0.0	0.0	0.0	0.0	0.058334	0.065834	0.066079	0.0	0.0	0.0
k__Bacteria|p__Firmicutes|c__CFGB84123|o__OFGB84123|f__FGB84123	0.0	0.0	0.0	0.0	0.0	0.0	0.0	0.0	0.0	0.0	0.0	0.0	0.0	0.0	0.0	0.0	0.0	0.0	0.0	0.0	0.0	0.0	0.0	0.0	0.0	0.0	0.0	0.0	0.0	0.0	0.0	0.0	0.0	0.0	0.0	0.0	0.0	0.0	0.054281	0.063747	0.046013	0.0	0.0	0.0
k__Bacteria|p__Firmicutes|c__CFGB2960|o__OFGB2960|f__FGB2960	0.0	0.0	0.0	0.0	0.0	0.0	0.0	0.0	0.0	0.0	0.0	0.0	0.0	0.0	0.0	0.0	0.0	0.0	0.0	0.0	0.0	0.0	0.0	0.0	0.0	0.0	0.0	0.0	0.0	0.0	0.0	0.0	0.0	0.0	0.0	0.0	0.0	0.0	0.032862	0.029286	0.037741	0.0	0.0	0.0
k__Bacteria|p__Firmicutes|c__CFGB2930|o__OFGB2930|f__FGB2930	0.0	0.0	0.0	0.0	0.0	0.0	0.0	0.0	0.0	0.0	0.0	0.0	0.0	0.0	0.0	0.0	0.0	0.0	0.0	0.0	0.0	0.0	0.0	0.0	0.0	0.0	0.0	0.0	0.0	0.0	0.0	0.0	0.0	0.0	0.0	0.0	0.0	0.0	0.019463	0.002977	0.006234	0.0	0.0	0.0
k__Bacteria|p__Firmicutes|c__CFGB72728|o__OFGB72728|f__FGB72728	0.0	0.0	0.0	0.0	0.0	0.0	0.0	0.0	0.0	0.0	0.0	0.0	0.0	0.0	0.0	0.0	0.0	0.0	0.0	0.0	0.0	0.0	0.0	0.0	0.0	0.0	0.0	0.0	0.0	0.0	0.0	0.0	0.0	0.0	0.0	0.0	0.0	0.0	0.001152	0.0	0.0	0.0	0.0	0.0
k__Bacteria|p__Firmicutes|c__CFGB84669|o__OFGB84669|f__FGB84669	0.0	0.0	0.0	0.0	0.0	0.0	0.0	0.0	0.0	0.0	0.0	0.0	0.0	0.0	0.0	0.0	0.0	0.0	0.0	0.0	0.0	0.0	0.0	0.0	0.0	0.0	0.0	0.0	0.0	0.0	0.0	0.0	0.0	0.0	0.0	0.0	0.0	0.0	0.001039	0.002175	0.0	0.0	0.0	0.0
k__Bacteria|p__Firmicutes|c__CFGB31455|o__OFGB31455|f__FGB31455|g__GGB4700	0.0	0.0	0.0	0.0	0.0	0.0	0.0	0.0	0.0	0.0	0.0	0.0	0.0	0.0	0.0	0.0	0.0	0.0	0.0	0.0	0.0	0.0	0.0	0.0	0.0	0.0	0.0	0.0	0.0	0.0	0.0	0.0	0.0	0.0	0.0	0.0	0.0	0.0	2.613555	2.719769	2.672924	0.0	0.0	0.0
k__Bacteria|p__Bacteroidota|c__CFGB94545|o__OFGB94545|f__FGB94545|g__GGB1567	0.0	0.0	0.0	0.0	0.0	0.0	0.0	0.0	0.0	0.0	0.0	0.0	0.0	0.0	0.0	0.0	0.0	0.0	0.0	0.0	0.0	0.0	0.0	0.0	0.0	0.0	0.0	0.0	0.0	0.0	0.0	0.0	0.0	0.0	0.0	0.0	0.0	0.0	1.61536	1.577612	1.62329	0.0	0.0	0.0
k__Bacteria|p__Pseudomonadota|c__Betaproteobacteria|o__Burkholderiales|f__Sutterellaceae|g__Mesosutterella	0.0	0.0	0.0	0.0	0.0	0.0	0.0	0.0	0.0	0.0	0.0	0.0	0.0	0.0	0.0	0.0	0.0	0.0	0.0	0.0	0.0	0.0	0.0	0.0	0.0	0.0	0.0	0.0	0.0	0.0	0.0	0.0	0.0	0.0	0.0	0.0	0.0	0.0	1.335691	1.521141	1.423214	0.0	0.0	0.0
k__Bacteria|p__Firmicutes|c__CFGB31455|o__OFGB31455|f__FGB31455|g__GGB50742	0.0	0.0	0.0	0.0	0.0	0.0	0.0	0.0	0.0	0.0	0.0	0.0	0.0	0.0	0.0	0.0	0.0	0.0	0.0	0.0	0.0	0.0	0.0	0.0	0.0	0.0	0.0	0.0	0.0	0.0	0.0	0.0	0.0	0.0	0.0	0.0	0.0	0.0	1.251737	1.332266	1.319093	0.0	0.0	0.0
k__Bacteria|p__Bacteroidota|c__CFGB74620|o__OFGB74620|f__FGB74620|g__GGB1620	0.0	0.0	0.0	0.0	0.0	0.0	0.0	0.0	0.0	0.0	0.0	0.0	0.0	0.0	0.0	0.0	0.0	0.0	0.0	0.0	0.0	0.0	0.0	0.0	0.0	0.0	0.0	0.0	0.0	0.0	0.0	0.0	0.0	0.0	0.0	0.0	0.0	0.0	1.224488	1.196779	1.153741	0.0	0.0	0.0
k__Bacteria|p__Bacteroidota|c__CFGB74620|o__OFGB74620|f__FGB74620|g__GGB1621	0.0	0.0	0.0	0.0	0.0	0.0	0.0	0.0	0.0	0.0	0.0	0.0	0.0	0.0	0.0	0.0	0.0	0.0	0.0	0.0	0.0	0.0	0.0	0.0	0.0	0.0	0.0	0.0	0.0	0.0	0.0	0.0	0.0	0.0	0.0	0.0	0.0	0.0	1.091967	1.069119	1.020324	0.0	0.0	0.0
k__Bacteria|p__Firmicutes|c__CFGB1765|o__OFGB1765|f__FGB1765|g__GGB4572	0.0	0.0	0.0	0.0	0.0	0.0	0.0	0.0	0.0	0.0	0.0	0.0	0.0	0.0	0.0	0.0	0.0	0.0	0.0	0.0	0.0	0.0	0.0	0.0	0.0	0.0	0.0	0.0	0.0	0.0	0.0	0.0	0.0	0.0	0.0	0.0	0.0	0.0	1.074984	1.097309	1.10653	0.0	0.0	0.0
k__Bacteria|p__Firmicutes|c__CFGB1776|o__OFGB1776|f__FGB1776|g__GGB4686	0.0	0.0	0.0	0.0	0.0	0.0	0.0	0.0	0.0	0.0	0.0	0.0	0.0	0.0	0.0	0.0	0.0	0.0	0.0	0.0	0.0	0.0	0.0	0.0	0.0	0.0	0.0	0.0	0.0	0.0	0.0	0.0	0.0	0.0	0.0	0.0	0.0	0.0	0.95153	1.002667	1.000059	0.0	0.0	0.0
k__Bacteria|p__Bacteroidota|c__Bacteroidia|o__Bacteroidales|f__Muribaculaceae|g__GGB1582	0.0	0.0	0.0	0.0	0.0	0.0	0.0	0.0	0.0	0.0	0.0	0.0	0.0	0.0	0.0	0.0	0.0	0.0	0.0	0.0	0.0	0.0	0.0	0.0	0.0	0.0	0.0	0.0	0.0	0.0	0.0	0.0	0.0	0.0	0.0	0.0	0.0	0.0	0.625682	0.580922	0.551188	0.0	0.0	0.0
k__Bacteria|p__Bacteroidota|c__Bacteroidia|o__Bacteroidales|f__Rikenellaceae|g__GGB1689	0.0	0.0	0.0	0.0	0.0	0.0	0.0	0.0	0.0	0.0	0.0	0.0	0.0	0.0	0.0	0.0	0.0	0.0	0.0	0.0	0.0	0.0	0.0	0.0	0.0	0.0	0.0	0.0	0.0	0.0	0.0	0.0	0.0	0.0	0.0	0.0	0.0	0.0	0.40631	0.388138	0.363662	0.0	0.0	0.0
k__Bacteria|p__Firmicutes|c__Negativicutes|o__Veillonellales|f__Veillonellaceae|g__Megasphaera	0.0	0.0	0.0	0.0	0.0	0.0	0.0	0.0	0.0	0.0	0.0	0.0	0.0	0.0	0.0	0.0	0.0	0.0	0.0	0.0	0.0	0.0	0.0	0.0	0.0	0.0	0.0	0.0	0.0	0.0	0.0	0.0	0.0	0.0	0.0	0.0	0.0	0.0	0.357957	0.382183	0.422275	0.0	0.0	0.0
k__Bacteria|p__Firmicutes|c__CFGB1765|o__OFGB1765|f__FGB1765|g__GGB4579	0.0	0.0	0.0	0.0	0.0	0.0	0.0	0.0	0.0	0.0	0.0	0.0	0.0	0.0	0.0	0.0	0.0	0.0	0.0	0.0	0.0	0.0	0.0	0.0	0.0	0.0	0.0	0.0	0.0	0.0	0.0	0.0	0.0	0.0	0.0	0.0	0.0	0.0	0.308502	0.339426	0.36437	0.0	0.0	0.0
k__Bacteria|p__Firmicutes|c__CFGB73223|o__OFGB73223|f__FGB73223|g__GGB9249	0.0	0.0	0.0	0.0	0.0	0.0	0.0	0.0	0.0	0.0	0.0	0.0	0.0	0.0	0.0	0.0	0.0	0.0	0.0	0.0	0.0	0.0	0.0	0.0	0.0	0.0	0.0	0.0	0.0	0.0	0.0	0.0	0.0	0.0	0.0	0.0	0.0	0.0	0.230864	0.228034	0.236123	0.0	0.0	0.0
k__Bacteria|p__Firmicutes|c__CFGB1776|o__OFGB1776|f__FGB1776|g__GGB4683	0.0	0.0	0.0	0.0	0.0	0.0	0.0	0.0	0.0	0.0	0.0	0.0	0.0	0.0	0.0	0.0	0.0	0.0	0.0	0.0	0.0	0.0	0.0	0.0	0.0	0.0	0.0	0.0	0.0	0.0	0.0	0.0	0.0	0.0	0.0	0.0	0.0	0.0	0.213497	0.190971	0.181656	0.0	0.0	0.0
k__Bacteria|p__Firmicutes|c__CFGB1320|o__OFGB1320|f__FGB1320|g__GGB25653	0.0	0.0	0.0	0.0	0.0	0.0	0.0	0.0	0.0	0.0	0.0	0.0	0.0	0.0	0.0	0.0	0.0	0.0	0.0	0.0	0.0	0.0	0.0	0.0	0.0	0.0	0.0	0.0	0.0	0.0	0.0	0.0	0.0	0.0	0.0	0.0	0.0	0.0	0.1408	0.141728	0.144929	0.0	0.0	0.0
k__Bacteria|p__Firmicutes|c__Clostridia|o__Eubacteriales|f__Oscillospiraceae|g__GGB9621	0.0	0.0	0.0	0.0	0.0	0.0	0.0	0.0	0.0	0.0	0.0	0.0	0.0	0.0	0.0	0.0	0.0	0.0	0.0	0.0	0.0	0.0	0.0	0.0	0.0	0.0	0.0	0.0	0.0	0.0	0.0	0.0	0.0	0.0	0.0	0.0	0.0	0.0	0.107178	0.089342	0.092804	0.0	0.0	0.0
k__Bacteria|p__Firmicutes|c__Clostridia|o__Eubacteriales|f__Acutalibacteraceae|g__Pseudoruminococcus	0.0	0.0	0.0	0.0	0.0	0.0	0.0	0.0	0.0	0.0	0.0	0.0	0.0	0.0	0.0	0.0	0.0	0.0	0.0	0.0	0.0	0.0	0.0	0.0	0.0	0.0	0.0	0.0	0.0	0.0	0.0	0.0	0.0	0.0	0.0	0.0	0.0	0.0	0.074325	0.094333	0.102225	0.0	0.0	0.0
k__Bacteria|p__Firmicutes|c__CFGB2957|o__OFGB2957|f__FGB2957|g__GGB9299	0.0	0.0	0.0	0.0	0.0	0.0	0.0	0.0	0.0	0.0	0.0	0.0	0.0	0.0	0.0	0.0	0.0	0.0	0.0	0.0	0.0	0.0	0.0	0.0	0.0	0.0	0.0	0.0	0.0	0.0	0.0	0.0	0.0	0.0	0.0	0.0	0.0	0.0	0.071461	0.078907	0.087006	0.0	0.0	0.0
k__Bacteria|p__Firmicutes|c__CFGB2881|o__OFGB2881|f__FGB2881|g__GGB9189	0.0	0.0	0.0	0.0	0.0	0.0	0.0	0.0	0.0	0.0	0.0	0.0	0.0	0.0	0.0	0.0	0.0	0.0	0.0	0.0	0.0	0.0	0.0	0.0	0.0	0.0	0.0	0.0	0.0	0.0	0.0	0.0	0.0	0.0	0.0	0.0	0.0	0.0	0.067244	0.06228	0.045462	0.0	0.0	0.0
k__Bacteria|p__Firmicutes|c__CFGB1012|o__OFGB1012|f__FGB1012|g__GGB2657	0.0	0.0	0.0	0.0	0.0	0.0	0.0	0.0	0.0	0.0	0.0	0.0	0.0	0.0	0.0	0.0	0.0	0.0	0.0	0.0	0.0	0.0	0.0	0.0	0.0	0.0	0.0	0.0	0.0	0.0	0.0	0.0	0.0	0.0	0.0	0.0	0.0	0.0	0.058334	0.065834	0.066079	0.0	0.0	0.0
k__Bacteria|p__Firmicutes|c__CFGB84123|o__OFGB84123|f__FGB84123|g__GGB3142	0.0	0.0	0.0	0.0	0.0	0.0	0.0	0.0	0.0	0.0	0.0	0.0	0.0	0.0	0.0	0.0	0.0	0.0	0.0	0.0	0.0	0.0	0.0	0.0	0.0	0.0	0.0	0.0	0.0	0.0	0.0	0.0	0.0	0.0	0.0	0.0	0.0	0.0	0.054281	0.063747	0.046013	0.0	0.0	0.0
k__Bacteria|p__Firmicutes|c__CFGB3070|o__OFGB3070|f__FGB3070|g__GGB33544	0.0	0.0	0.0	0.0	0.0	0.0	0.0	0.0	0.0	0.0	0.0	0.0	0.0	0.0	0.0	0.0	0.0	0.0	0.0	0.0	0.0	0.0	0.0	0.0	0.0	0.0	0.0	0.0	0.0	0.0	0.0	0.0	0.0	0.0	0.0	0.0	0.0	0.0	0.049106	0.061328	0.039843	0.0	0.0	0.0
k__Bacteria|p__Thermodesulfobacteriota|c__Desulfovibrionia|o__Desulfovibrionales|f__Desulfovibrionaceae|g__GGB28319	0.0	0.0	0.0	0.0	0.0	0.0	0.0	0.0	0.0	0.0	0.0	0.0	0.0	0.0	0.0	0.0	0.0	0.0	0.0	0.0	0.0	0.0	0.0	0.0	0.0	0.0	0.0	0.0	0.0	0.0	0.0	0.0	0.0	0.0	0.0	0.0	0.0	0.0	0.035709	0.038847	0.047467	0.0	0.0	0.0
k__Bacteria|p__Firmicutes|c__CFGB2960|o__OFGB2960|f__FGB2960|g__GGB9302	0.0	0.0	0.0	0.0	0.0	0.0	0.0	0.0	0.0	0.0	0.0	0.0	0.0	0.0	0.0	0.0	0.0	0.0	0.0	0.0	0.0	0.0	0.0	0.0	0.0	0.0	0.0	0.0	0.0	0.0	0.0	0.0	0.0	0.0	0.0	0.0	0.0	0.0	0.032862	0.029286	0.037741	0.0	0.0	0.0
k__Bacteria|p__Firmicutes|c__CFGB3038|o__OFGB3038|f__FGB3038|g__GGB71570	0.0	0.0	0.0	0.0	0.0	0.0	0.0	0.0	0.0	0.0	0.0	0.0	0.0	0.0	0.0	0.0	0.0	0.0	0.0	0.0	0.0	0.0	0.0	0.0	0.0	0.0	0.0	0.0	0.0	0.0	0.0	0.0	0.0	0.0	0.0	0.0	0.0	0.0	0.022599	0.011993	0.019834	0.0	0.0	0.0
k__Bacteria|p__Bacteroidota|c__Bacteroidia|o__Bacteroidales|f__Odoribacteraceae|g__GGB86486	0.0	0.0	0.0	0.0	0.0	0.0	0.0	0.0	0.0	0.0	0.0	0.0	0.0	0.0	0.0	0.0	0.0	0.0	0.0	0.0	0.0	0.0	0.0	0.0	0.0	0.0	0.0	0.0	0.0	0.0	0.0	0.0	0.0	0.0	0.0	0.0	0.0	0.0	0.019591	0.017084	0.019068	0.0	0.0	0.0
k__Bacteria|p__Firmicutes|c__CFGB2930|o__OFGB2930|f__FGB2930|g__GGB9253	0.0	0.0	0.0	0.0	0.0	0.0	0.0	0.0	0.0	0.0	0.0	0.0	0.0	0.0	0.0	0.0	0.0	0.0	0.0	0.0	0.0	0.0	0.0	0.0	0.0	0.0	0.0	0.0	0.0	0.0	0.0	0.0	0.0	0.0	0.0	0.0	0.0	0.0	0.019463	0.002977	0.006234	0.0	0.0	0.0
k__Bacteria|p__Firmicutes|c__CFGB2844|o__OFGB2844|f__FGB2844|g__GGB9112	0.0	0.0	0.0	0.0	0.0	0.0	0.0	0.0	0.0	0.0	0.0	0.0	0.0	0.0	0.0	0.0	0.0	0.0	0.0	0.0	0.0	0.0	0.0	0.0	0.0	0.0	0.0	0.0	0.0	0.0	0.0	0.0	0.0	0.0	0.0	0.0	0.0	0.0	0.017734	0.024365	0.007676	0.0	0.0	0.0
k__Bacteria|p__Pseudomonadota|c__Betaproteobacteria|o__Burkholderiales|f__Sutterellaceae|g__GGB53102	0.0	0.0	0.0	0.0	0.0	0.0	0.0	0.0	0.0	0.0	0.0	0.0	0.0	0.0	0.0	0.0	0.0	0.0	0.0	0.0	0.0	0.0	0.0	0.0	0.0	0.0	0.0	0.0	0.0	0.0	0.0	0.0	0.0	0.0	0.0	0.0	0.0	0.0	0.016413	0.0127	0.012367	0.0	0.0	0.0
k__Bacteria|p__Firmicutes|c__Clostridia|o__Eubacteriales|f__Oscillospiraceae|g__Pseudoflavonifractor	0.0	0.0	0.0	0.0	0.0	0.0	0.0	0.0	0.0	0.0	0.0	0.0	0.0	0.0	0.0	0.0	0.0	0.0	0.0	0.0	0.0	0.0	0.0	0.0	0.0	0.0	0.0	0.0	0.0	0.0	0.0	0.0	0.0	0.0	0.0	0.0	0.0	0.0	0.015595	0.010318	0.0	0.043274	0.027255	0.0252
k__Bacteria|p__Firmicutes|c__Clostridia|o__Lachnospirales|f__Lachnospiraceae|g__GGB13229	0.0	0.0	0.0	0.0	0.0	0.0	0.0	0.0	0.0	0.0	0.0	0.0	0.0	0.0	0.0	0.0	0.0	0.0	0.0	0.0	0.0	0.0	0.0	0.0	0.0	0.0	0.0	0.0	0.0	0.0	0.0	0.0	0.0	0.0	0.0	0.0	0.0	0.0	0.010679	0.007728	0.014391	0.0	0.0	0.0
k__Bacteria|p__Firmicutes|c__CFGB38642|o__OFGB38642|f__FGB38642|g__GGB9767	0.0	0.0	0.0	0.0	0.0	0.0	0.0	0.0	0.0	0.0	0.0	0.0	0.0	0.0	0.0	0.0	0.0	0.0	0.0	0.0	0.0	0.0	0.0	0.0	0.0	0.0	0.0	0.0	0.0	0.0	0.0	0.0	0.0	0.0	0.0	0.0	0.0	0.0	0.008507	0.015363	0.007767	0.0	0.0	0.0
k__Bacteria|p__Firmicutes|c__Bacillota_unclassified|o__Bacillota_unclassified|f__Bacillota_unclassified|g__Bacillota_unclassified	0.0	0.0	0.0	0.0	0.0	0.0	0.0	0.0	0.0	0.0	0.0	0.0	0.0	0.0	0.0	0.0	0.0	0.0	0.0	0.0	0.0	0.0	0.0	0.0	0.0	0.0	0.0	0.0	0.0	0.0	0.0	0.0	0.0	0.0	0.0	0.0	0.0	0.0	0.00621	0.006934	0.010269	0.0	0.0	0.0
k__Bacteria|p__Firmicutes|c__CFGB2890|o__OFGB2890|f__FGB2890|g__GGB9199	0.0	0.0	0.0	0.0	0.0	0.0	0.0	0.0	0.0	0.0	0.0	0.0	0.0	0.0	0.0	0.0	0.0	0.0	0.0	0.0	0.0	0.0	0.0	0.0	0.0	0.0	0.0	0.0	0.0	0.0	0.0	0.0	0.0	0.0	0.0	0.0	0.0	0.0	0.005922	0.008427	0.008581	0.0	0.0	0.0
k__Bacteria|p__Firmicutes|c__CFGB3054|o__OFGB3054|f__FGB3054|g__GGB35551	0.0	0.0	0.0	0.0	0.0	0.0	0.0	0.0	0.0	0.0	0.0	0.0	0.0	0.0	0.0	0.0	0.0	0.0	0.0	0.0	0.0	0.0	0.0	0.0	0.0	0.0	0.0	0.0	0.0	0.0	0.0	0.0	0.0	0.0	0.0	0.0	0.0	0.0	0.004125	0.004202	0.008851	0.0	0.0	0.0
k__Bacteria|p__Firmicutes|c__CFGB1258|o__OFGB1258|f__FGB1258|g__GGB3052	0.0	0.0	0.0	0.0	0.0	0.0	0.0	0.0	0.0	0.0	0.0	0.0	0.0	0.0	0.0	0.0	0.0	0.0	0.0	0.0	0.0	0.0	0.0	0.0	0.0	0.0	0.0	0.0	0.0	0.0	0.0	0.0	0.0	0.0	0.0	0.0	0.0	0.0	0.001597	0.00059	0.0	0.0	0.0	0.0
k__Bacteria|p__Firmicutes|c__CFGB72728|o__OFGB72728|f__FGB72728|g__GGB74463	0.0	0.0	0.0	0.0	0.0	0.0	0.0	0.0	0.0	0.0	0.0	0.0	0.0	0.0	0.0	0.0	0.0	0.0	0.0	0.0	0.0	0.0	0.0	0.0	0.0	0.0	0.0	0.0	0.0	0.0	0.0	0.0	0.0	0.0	0.0	0.0	0.0	0.0	0.001152	0.0	0.0	0.0	0.0	0.0
k__Bacteria|p__Firmicutes|c__CFGB84669|o__OFGB84669|f__FGB84669|g__GGB100505	0.0	0.0	0.0	0.0	0.0	0.0	0.0	0.0	0.0	0.0	0.0	0.0	0.0	0.0	0.0	0.0	0.0	0.0	0.0	0.0	0.0	0.0	0.0	0.0	0.0	0.0	0.0	0.0	0.0	0.0	0.0	0.0	0.0	0.0	0.0	0.0	0.0	0.0	0.001039	0.002175	0.0	0.0	0.0	0.0
k__Bacteria|p__Firmicutes|c__Clostridia|o__Eubacteriales|f__Oscillospiraceae|g__GGB45523	0.0	0.0	0.0	0.0	0.0	0.0	0.0	0.0	0.0	0.0	0.0	0.0	0.0	0.0	0.0	0.0	0.0	0.0	0.0	0.0	0.0	0.0	0.0	0.0	0.0	0.0	0.0	0.0	0.0	0.0	0.0	0.0	0.0	0.0	0.0	0.0	0.0	0.0	0.000547	0.0	0.0	0.0	0.0	0.0
k__Bacteria|p__Bacteroidota|c__Bacteroidia|o__Bacteroidales|f__Prevotellaceae|g__Leyella|s__Leyella_lascolaii	0.0	0.0	0.0	0.0	0.0	0.0	0.0	0.0	0.0	0.0	0.0	0.0	0.0	0.0	0.0	0.0	0.0	0.0	0.0	0.0	0.0	0.0	0.0	0.0	0.0	0.0	0.0	0.0	0.0	0.0	0.0	0.0	0.0	0.0	0.0	0.0	0.0	0.0	2.662225	2.645292	2.61028	0.0	0.0	0.0
k__Bacteria|p__Firmicutes|c__CFGB31455|o__OFGB31455|f__FGB31455|g__GGB4700|s__GGB4700_SGB6506	0.0	0.0	0.0	0.0	0.0	0.0	0.0	0.0	0.0	0.0	0.0	0.0	0.0	0.0	0.0	0.0	0.0	0.0	0.0	0.0	0.0	0.0	0.0	0.0	0.0	0.0	0.0	0.0	0.0	0.0	0.0	0.0	0.0	0.0	0.0	0.0	0.0	0.0	2.613555	2.719769	2.672924	0.0	0.0	0.0
k__Bacteria|p__Bacteroidota|c__CFGB94545|o__OFGB94545|f__FGB94545|g__GGB1567|s__GGB1567_SGB2154	0.0	0.0	0.0	0.0	0.0	0.0	0.0	0.0	0.0	0.0	0.0	0.0	0.0	0.0	0.0	0.0	0.0	0.0	0.0	0.0	0.0	0.0	0.0	0.0	0.0	0.0	0.0	0.0	0.0	0.0	0.0	0.0	0.0	0.0	0.0	0.0	0.0	0.0	1.61536	1.577612	1.62329	0.0	0.0	0.0
k__Bacteria|p__Bacteroidota|c__Bacteroidia|o__Bacteroidales|f__Bacteroidaceae|g__Bacteroides|s__Bacteroides_sp_Marseille_P3684	0.0	0.0	0.0	0.0	0.0	0.0	0.0	0.0	0.0	0.0	0.0	0.0	0.0	0.0	0.0	0.0	0.0	0.0	0.0	0.0	0.0	0.0	0.0	0.0	0.0	0.0	0.0	0.0	0.0	0.0	0.0	0.0	0.0	0.0	0.0	0.0	0.0	0.0	1.519847	1.521745	1.513529	0.0	0.0	0.0
k__Bacteria|p__Pseudomonadota|c__Betaproteobacteria|o__Burkholderiales|f__Sutterellaceae|g__Mesosutterella|s__Mesosutterella_multiformis	0.0	0.0	0.0	0.0	0.0	0.0	0.0	0.0	0.0	0.0	0.0	0.0	0.0	0.0	0.0	0.0	0.0	0.0	0.0	0.0	0.0	0.0	0.0	0.0	0.0	0.0	0.0	0.0	0.0	0.0	0.0	0.0	0.0	0.0	0.0	0.0	0.0	0.0	1.335691	1.521141	1.423214	0.0	0.0	0.0
k__Bacteria|p__Firmicutes|c__CFGB31455|o__OFGB31455|f__FGB31455|g__GGB50742|s__GGB50742_SGB70902	0.0	0.0	0.0	0.0	0.0	0.0	0.0	0.0	0.0	0.0	0.0	0.0	0.0	0.0	0.0	0.0	0.0	0.0	0.0	0.0	0.0	0.0	0.0	0.0	0.0	0.0	0.0	0.0	0.0	0.0	0.0	0.0	0.0	0.0	0.0	0.0	0.0	0.0	1.251737	1.332266	1.319093	0.0	0.0	0.0
k__Bacteria|p__Bacteroidota|c__CFGB74620|o__OFGB74620|f__FGB74620|g__GGB1620|s__GGB1620_SGB2218	0.0	0.0	0.0	0.0	0.0	0.0	0.0	0.0	0.0	0.0	0.0	0.0	0.0	0.0	0.0	0.0	0.0	0.0	0.0	0.0	0.0	0.0	0.0	0.0	0.0	0.0	0.0	0.0	0.0	0.0	0.0	0.0	0.0	0.0	0.0	0.0	0.0	0.0	1.224488	1.196779	1.153741	0.0	0.0	0.0
k__Bacteria|p__Bacteroidota|c__CFGB74620|o__OFGB74620|f__FGB74620|g__GGB1621|s__GGB1621_SGB2219	0.0	0.0	0.0	0.0	0.0	0.0	0.0	0.0	0.0	0.0	0.0	0.0	0.0	0.0	0.0	0.0	0.0	0.0	0.0	0.0	0.0	0.0	0.0	0.0	0.0	0.0	0.0	0.0	0.0	0.0	0.0	0.0	0.0	0.0	0.0	0.0	0.0	0.0	1.091967	1.069119	1.020324	0.0	0.0	0.0
k__Bacteria|p__Firmicutes|c__CFGB1765|o__OFGB1765|f__FGB1765|g__GGB4572|s__GGB4572_SGB6322	0.0	0.0	0.0	0.0	0.0	0.0	0.0	0.0	0.0	0.0	0.0	0.0	0.0	0.0	0.0	0.0	0.0	0.0	0.0	0.0	0.0	0.0	0.0	0.0	0.0	0.0	0.0	0.0	0.0	0.0	0.0	0.0	0.0	0.0	0.0	0.0	0.0	0.0	1.074984	1.097309	1.10653	0.0	0.0	0.0
k__Bacteria|p__Firmicutes|c__Clostridia|o__Eubacteriales|f__Oscillospiraceae|g__Vescimonas|s__Vescimonas_SGB15087	0.0	0.0	0.0	0.0	0.0	0.0	0.0	0.0	0.0	0.0	0.0	0.0	0.0	0.0	0.0	0.0	0.0	0.0	0.0	0.0	0.0	0.0	0.0	0.0	0.0	0.0	0.0	0.0	0.0	0.0	0.0	0.0	0.0	0.0	0.0	0.0	0.0	0.0	1.05062	1.065097	1.113789	0.0	0.0	0.0
k__Bacteria|p__Firmicutes|c__CFGB1776|o__OFGB1776|f__FGB1776|g__GGB4686|s__GGB4686_SGB6483	0.0	0.0	0.0	0.0	0.0	0.0	0.0	0.0	0.0	0.0	0.0	0.0	0.0	0.0	0.0	0.0	0.0	0.0	0.0	0.0	0.0	0.0	0.0	0.0	0.0	0.0	0.0	0.0	0.0	0.0	0.0	0.0	0.0	0.0	0.0	0.0	0.0	0.0	0.95153	1.002667	1.000059	0.0	0.0	0.0
k__Bacteria|p__Pseudomonadota|c__Betaproteobacteria|o__Burkholderiales|f__Sutterellaceae|g__Parasutterella|s__Parasutterella_secunda	0.0	0.0	0.0	0.0	0.0	0.0	0.0	0.0	0.0	0.0	0.0	0.0	0.0	0.0	0.0	0.0	0.0	0.0	0.0	0.0	0.0	0.0	0.0	0.0	0.0	0.0	0.0	0.0	0.0	0.0	0.0	0.0	0.0	0.0	0.0	0.0	0.0	0.0	0.674641	0.662459	0.692145	0.0	0.0	0.0
k__Bacteria|p__Bacteroidota|c__Bacteroidia|o__Bacteroidales|f__Muribaculaceae|g__GGB1582|s__GGB1582_SGB2173	0.0	0.0	0.0	0.0	0.0	0.0	0.0	0.0	0.0	0.0	0.0	0.0	0.0	0.0	0.0	0.0	0.0	0.0	0.0	0.0	0.0	0.0	0.0	0.0	0.0	0.0	0.0	0.0	0.0	0.0	0.0	0.0	0.0	0.0	0.0	0.0	0.0	0.0	0.625682	0.580922	0.551188	0.0	0.0	0.0
k__Bacteria|p__Bacteroidota|c__Bacteroidia|o__Bacteroidales|f__Rikenellaceae|g__GGB1689|s__GGB1689_SGB2321	0.0	0.0	0.0	0.0	0.0	0.0	0.0	0.0	0.0	0.0	0.0	0.0	0.0	0.0	0.0	0.0	0.0	0.0	0.0	0.0	0.0	0.0	0.0	0.0	0.0	0.0	0.0	0.0	0.0	0.0	0.0	0.0	0.0	0.0	0.0	0.0	0.0	0.0	0.40631	0.388138	0.363662	0.0	0.0	0.0
k__Bacteria|p__Firmicutes|c__Negativicutes|o__Veillonellales|f__Veillonellaceae|g__Megasphaera|s__Megasphaera_sp_NM10	0.0	0.0	0.0	0.0	0.0	0.0	0.0	0.0	0.0	0.0	0.0	0.0	0.0	0.0	0.0	0.0	0.0	0.0	0.0	0.0	0.0	0.0	0.0	0.0	0.0	0.0	0.0	0.0	0.0	0.0	0.0	0.0	0.0	0.0	0.0	0.0	0.0	0.0	0.357957	0.382183	0.422275	0.0	0.0	0.0
k__Bacteria|p__Firmicutes|c__CFGB1765|o__OFGB1765|f__FGB1765|g__GGB4579|s__GGB4579_SGB6329	0.0	0.0	0.0	0.0	0.0	0.0	0.0	0.0	0.0	0.0	0.0	0.0	0.0	0.0	0.0	0.0	0.0	0.0	0.0	0.0	0.0	0.0	0.0	0.0	0.0	0.0	0.0	0.0	0.0	0.0	0.0	0.0	0.0	0.0	0.0	0.0	0.0	0.0	0.308502	0.339426	0.36437	0.0	0.0	0.0
k__Bacteria|p__Firmicutes|c__CFGB73223|o__OFGB73223|f__FGB73223|g__GGB9249|s__GGB9249_SGB14193	0.0	0.0	0.0	0.0	0.0	0.0	0.0	0.0	0.0	0.0	0.0	0.0	0.0	0.0	0.0	0.0	0.0	0.0	0.0	0.0	0.0	0.0	0.0	0.0	0.0	0.0	0.0	0.0	0.0	0.0	0.0	0.0	0.0	0.0	0.0	0.0	0.0	0.0	0.230864	0.228034	0.236123	0.0	0.0	0.0
k__Bacteria|p__Firmicutes|c__CFGB1776|o__OFGB1776|f__FGB1776|g__GGB4683|s__GGB4683_SGB6473	0.0	0.0	0.0	0.0	0.0	0.0	0.0	0.0	0.0	0.0	0.0	0.0	0.0	0.0	0.0	0.0	0.0	0.0	0.0	0.0	0.0	0.0	0.0	0.0	0.0	0.0	0.0	0.0	0.0	0.0	0.0	0.0	0.0	0.0	0.0	0.0	0.0	0.0	0.213497	0.190971	0.181656	0.0	0.0	0.0
k__Bacteria|p__Firmicutes|c__Clostridia|o__Eubacteriales|f__Oscillospiraceae|g__Ruminococcus|s__Ruminococcus_champanellensis	0.0	0.0	0.0	0.0	0.0	0.0	0.0	0.0	0.0	0.0	0.0	0.0	0.0	0.0	0.0	0.0	0.0	0.0	0.0	0.0	0.0	0.0	0.0	0.0	0.0	0.0	0.0	0.0	0.0	0.0	0.0	0.0	0.0	0.0	0.0	0.0	0.0	0.0	0.193492	0.184721	0.208826	0.0	0.0	0.0
k__Bacteria|p__Firmicutes|c__CFGB1320|o__OFGB1320|f__FGB1320|g__GGB25653|s__GGB25653_SGB37624	0.0	0.0	0.0	0.0	0.0	0.0	0.0	0.0	0.0	0.0	0.0	0.0	0.0	0.0	0.0	0.0	0.0	0.0	0.0	0.0	0.0	0.0	0.0	0.0	0.0	0.0	0.0	0.0	0.0	0.0	0.0	0.0	0.0	0.0	0.0	0.0	0.0	0.0	0.1408	0.141728	0.144929	0.0	0.0	0.0
k__Bacteria|p__Firmicutes|c__Clostridia|o__Eubacteriales|f__Oscillospiraceae|g__GGB9621|s__GGB9621_SGB15073	0.0	0.0	0.0	0.0	0.0	0.0	0.0	0.0	0.0	0.0	0.0	0.0	0.0	0.0	0.0	0.0	0.0	0.0	0.0	0.0	0.0	0.0	0.0	0.0	0.0	0.0	0.0	0.0	0.0	0.0	0.0	0.0	0.0	0.0	0.0	0.0	0.0	0.0	0.107178	0.089342	0.092804	0.0	0.0	0.0
k__Bacteria|p__Firmicutes|c__CFGB3054|o__OFGB3054|f__FGB3054|g__GGB33512|s__GGB33512_SGB15202	0.0	0.0	0.0	0.0	0.0	0.0	0.0	0.0	0.0	0.0	0.0	0.0	0.0	0.0	0.0	0.0	0.0	0.0	0.0	0.0	0.0	0.0	0.0	0.0	0.0	0.0	0.0	0.0	0.0	0.0	0.0	0.0	0.0	0.0	0.0	0.0	0.0	0.0	0.10565	0.112621	0.114373	0.0	0.0	0.0
k__Bacteria|p__Pseudomonadota|c__Betaproteobacteria|o__Burkholderiales|f__Oxalobacteraceae|g__Oxalobacter|s__Oxalobacter_formigenes	0.0	0.0	0.0	0.0	0.0	0.0	0.0	0.0	0.0	0.0	0.0	0.0	0.0	0.0	0.0	0.0	0.0	0.0	0.0	0.0	0.0	0.0	0.0	0.0	0.0	0.0	0.0	0.0	0.0	0.0	0.0	0.0	0.0	0.0	0.0	0.0	0.0	0.0	0.080714	0.088939	0.066118	0.0	0.0	0.0
k__Bacteria|p__Firmicutes|c__Clostridia|o__Eubacteriales|f__Acutalibacteraceae|g__Pseudoruminococcus|s__Pseudoruminococcus_massiliensis	0.0	0.0	0.0	0.0	0.0	0.0	0.0	0.0	0.0	0.0	0.0	0.0	0.0	0.0	0.0	0.0	0.0	0.0	0.0	0.0	0.0	0.0	0.0	0.0	0.0	0.0	0.0	0.0	0.0	0.0	0.0	0.0	0.0	0.0	0.0	0.0	0.0	0.0	0.074325	0.094333	0.102225	0.0	0.0	0.0
k__Bacteria|p__Firmicutes|c__CFGB2957|o__OFGB2957|f__FGB2957|g__GGB9299|s__GGB9299_SGB14259	0.0	0.0	0.0	0.0	0.0	0.0	0.0	0.0	0.0	0.0	0.0	0.0	0.0	0.0	0.0	0.0	0.0	0.0	0.0	0.0	0.0	0.0	0.0	0.0	0.0	0.0	0.0	0.0	0.0	0.0	0.0	0.0	0.0	0.0	0.0	0.0	0.0	0.0	0.071461	0.078907	0.087006	0.0	0.0	0.0
k__Bacteria|p__Firmicutes|c__CFGB2881|o__OFGB2881|f__FGB2881|g__GGB9189|s__GGB9189_SGB14128	0.0	0.0	0.0	0.0	0.0	0.0	0.0	0.0	0.0	0.0	0.0	0.0	0.0	0.0	0.0	0.0	0.0	0.0	0.0	0.0	0.0	0.0	0.0	0.0	0.0	0.0	0.0	0.0	0.0	0.0	0.0	0.0	0.0	0.0	0.0	0.0	0.0	0.0	0.067244	0.06228	0.045462	0.0	0.0	0.0
k__Bacteria|p__Firmicutes|c__Clostridia|o__Eubacteriales|f__Oscillospiraceae|g__Oscillospiraceae_unclassified|s__Oscillospiraceae_unclassified_SGB15257	0.0	0.0	0.0	0.0	0.0	0.0	0.0	0.0	0.0	0.0	0.0	0.0	0.0	0.0	0.0	0.0	0.0	0.0	0.0	0.0	0.0	0.0	0.0	0.0	0.0	0.0	0.0	0.0	0.0	0.0	0.0	0.0	0.0	0.0	0.0	0.0	0.0	0.0	0.065815	0.066374	0.059071	0.0	0.0	0.0
k__Bacteria|p__Firmicutes|c__CFGB1012|o__OFGB1012|f__FGB1012|g__GGB2657|s__GGB2657_SGB3578	0.0	0.0	0.0	0.0	0.0	0.0	0.0	0.0	0.0	0.0	0.0	0.0	0.0	0.0	0.0	0.0	0.0	0.0	0.0	0.0	0.0	0.0	0.0	0.0	0.0	0.0	0.0	0.0	0.0	0.0	0.0	0.0	0.0	0.0	0.0	0.0	0.0	0.0	0.058334	0.065834	0.066079	0.0	0.0	0.0
k__Bacteria|p__Firmicutes|c__CFGB84123|o__OFGB84123|f__FGB84123|g__GGB3142|s__GGB3142_SGB4155	0.0	0.0	0.0	0.0	0.0	0.0	0.0	0.0	0.0	0.0	0.0	0.0	0.0	0.0	0.0	0.0	0.0	0.0	0.0	0.0	0.0	0.0	0.0	0.0	0.0	0.0	0.0	0.0	0.0	0.0	0.0	0.0	0.0	0.0	0.0	0.0	0.0	0.0	0.054281	0.063747	0.046013	0.0	0.0	0.0
k__Bacteria|p__Firmicutes|c__Clostridia|o__Lachnospirales|f__Lachnospiraceae|g__Blautia|s__Blautia_faecicola	0.0	0.0	0.0	0.0	0.0	0.0	0.0	0.0	0.0	0.0	0.0	0.0	0.0	0.0	0.0	0.0	0.0	0.0	0.0	0.0	0.0	0.0	0.0	0.0	0.0	0.0	0.0	0.0	0.0	0.0	0.0	0.0	0.0	0.0	0.0	0.0	0.0	0.0	0.052961	0.03853	0.036999	0.0	0.0	0.0
k__Bacteria|p__Firmicutes|c__CFGB3070|o__OFGB3070|f__FGB3070|g__GGB33544|s__GGB33544_SGB53490	0.0	0.0	0.0	0.0	0.0	0.0	0.0	0.0	0.0	0.0	0.0	0.0	0.0	0.0	0.0	0.0	0.0	0.0	0.0	0.0	0.0	0.0	0.0	0.0	0.0	0.0	0.0	0.0	0.0	0.0	0.0	0.0	0.0	0.0	0.0	0.0	0.0	0.0	0.049106	0.061328	0.039843	0.0	0.0	0.0
k__Bacteria|p__Firmicutes|c__Clostridia|o__Eubacteriales|f__Butyricicoccaceae|g__Butyricicoccus|s__Butyricicoccus_intestinisimiae	0.0	0.0	0.0	0.0	0.0	0.0	0.0	0.0	0.0	0.0	0.0	0.0	0.0	0.0	0.0	0.0	0.0	0.0	0.0	0.0	0.0	0.0	0.0	0.0	0.0	0.0	0.0	0.0	0.0	0.0	0.0	0.0	0.0	0.0	0.0	0.0	0.0	0.0	0.042058	0.044535	0.043513	0.0	0.0	0.0
k__Bacteria|p__Thermodesulfobacteriota|c__Desulfovibrionia|o__Desulfovibrionales|f__Desulfovibrionaceae|g__GGB28319|s__GGB28319_SGB40892	0.0	0.0	0.0	0.0	0.0	0.0	0.0	0.0	0.0	0.0	0.0	0.0	0.0	0.0	0.0	0.0	0.0	0.0	0.0	0.0	0.0	0.0	0.0	0.0	0.0	0.0	0.0	0.0	0.0	0.0	0.0	0.0	0.0	0.0	0.0	0.0	0.0	0.0	0.035709	0.038847	0.047467	0.0	0.0	0.0
k__Bacteria|p__Firmicutes|c__CFGB2960|o__OFGB2960|f__FGB2960|g__GGB9302|s__GGB9302_SGB14263	0.0	0.0	0.0	0.0	0.0	0.0	0.0	0.0	0.0	0.0	0.0	0.0	0.0	0.0	0.0	0.0	0.0	0.0	0.0	0.0	0.0	0.0	0.0	0.0	0.0	0.0	0.0	0.0	0.0	0.0	0.0	0.0	0.0	0.0	0.0	0.0	0.0	0.0	0.032862	0.029286	0.037741	0.0	0.0	0.0
k__Bacteria|p__Firmicutes|c__CFGB3054|o__OFGB3054|f__FGB3054|g__GGB9582|s__GGB9582_SGB15003	0.0	0.0	0.0	0.0	0.0	0.0	0.0	0.0	0.0	0.0	0.0	0.0	0.0	0.0	0.0	0.0	0.0	0.0	0.0	0.0	0.0	0.0	0.0	0.0	0.0	0.0	0.0	0.0	0.0	0.0	0.0	0.0	0.0	0.0	0.0	0.0	0.0	0.0	0.023052	0.01151	0.010858	0.0	0.0	0.0
k__Bacteria|p__Firmicutes|c__CFGB3038|o__OFGB3038|f__FGB3038|g__GGB71570|s__GGB71570_SGB98315	0.0	0.0	0.0	0.0	0.0	0.0	0.0	0.0	0.0	0.0	0.0	0.0	0.0	0.0	0.0	0.0	0.0	0.0	0.0	0.0	0.0	0.0	0.0	0.0	0.0	0.0	0.0	0.0	0.0	0.0	0.0	0.0	0.0	0.0	0.0	0.0	0.0	0.0	0.022599	0.011993	0.019834	0.0	0.0	0.0
k__Bacteria|p__Bacteroidota|c__Bacteroidia|o__Bacteroidales|f__Odoribacteraceae|g__GGB86486|s__GGB86486_SGB116769	0.0	0.0	0.0	0.0	0.0	0.0	0.0	0.0	0.0	0.0	0.0	0.0	0.0	0.0	0.0	0.0	0.0	0.0	0.0	0.0	0.0	0.0	0.0	0.0	0.0	0.0	0.0	0.0	0.0	0.0	0.0	0.0	0.0	0.0	0.0	0.0	0.0	0.0	0.019591	0.017084	0.019068	0.0	0.0	0.0
k__Bacteria|p__Firmicutes|c__CFGB2930|o__OFGB2930|f__FGB2930|g__GGB9253|s__GGB9253_SGB14198	0.0	0.0	0.0	0.0	0.0	0.0	0.0	0.0	0.0	0.0	0.0	0.0	0.0	0.0	0.0	0.0	0.0	0.0	0.0	0.0	0.0	0.0	0.0	0.0	0.0	0.0	0.0	0.0	0.0	0.0	0.0	0.0	0.0	0.0	0.0	0.0	0.0	0.0	0.019463	0.002977	0.006234	0.0	0.0	0.0
k__Bacteria|p__Firmicutes|c__CFGB2844|o__OFGB2844|f__FGB2844|g__GGB9112|s__GGB9112_SGB14045	0.0	0.0	0.0	0.0	0.0	0.0	0.0	0.0	0.0	0.0	0.0	0.0	0.0	0.0	0.0	0.0	0.0	0.0	0.0	0.0	0.0	0.0	0.0	0.0	0.0	0.0	0.0	0.0	0.0	0.0	0.0	0.0	0.0	0.0	0.0	0.0	0.0	0.0	0.017734	0.024365	0.007676	0.0	0.0	0.0
k__Bacteria|p__Firmicutes|c__Erysipelotrichia|o__Erysipelotrichales|f__Coprobacillaceae|g__Faecalibacillus|s__Faecalibacillus_faecis	0.0	0.0	0.0	0.0	0.0	0.0	0.0	0.0	0.0	0.0	0.0	0.0	0.0	0.0	0.0	0.0	0.0	0.0	0.0	0.0	0.0	0.0	0.0	0.0	0.0	0.0	0.0	0.0	0.0	0.0	0.0	0.0	0.0	0.0	0.0	0.0	0.0	0.0	0.01772	0.018408	0.021568	0.0	0.0	0.0
k__Bacteria|p__Thermodesulfobacteriota|c__Desulfovibrionia|o__Desulfovibrionales|f__Desulfovibrionaceae|g__Desulfovibrio|s__Desulfovibrio_desulfuricans	0.0	0.0	0.0	0.0	0.0	0.0	0.0	0.0	0.0	0.0	0.0	0.0	0.0	0.0	0.0	0.0	0.0	0.0	0.0	0.0	0.0	0.0	0.0	0.0	0.0	0.0	0.0	0.0	0.0	0.0	0.0	0.0	0.0	0.0	0.0	0.0	0.0	0.0	0.017557	0.01632	0.022512	0.0	0.0	0.0
k__Bacteria|p__Bacteroidota|c__Bacteroidia|o__Bacteroidales|f__Tannerellaceae|g__Parabacteroides|s__Parabacteroides_faecalis	0.0	0.0	0.0	0.0	0.0	0.0	0.0	0.0	0.0	0.0	0.0	0.0	0.0	0.0	0.0	0.0	0.0	0.0	0.0	0.0	0.0	0.0	0.0	0.0	0.0	0.0	0.0	0.0	0.0	0.0	0.0	0.0	0.0	0.0	0.0	0.0	0.0	0.0	0.016422	0.023077	0.029776	0.0	0.0	0.0
k__Bacteria|p__Pseudomonadota|c__Betaproteobacteria|o__Burkholderiales|f__Sutterellaceae|g__GGB53102|s__GGB53102_SGB74049	0.0	0.0	0.0	0.0	0.0	0.0	0.0	0.0	0.0	0.0	0.0	0.0	0.0	0.0	0.0	0.0	0.0	0.0	0.0	0.0	0.0	0.0	0.0	0.0	0.0	0.0	0.0	0.0	0.0	0.0	0.0	0.0	0.0	0.0	0.0	0.0	0.0	0.0	0.016413	0.0127	0.012367	0.0	0.0	0.0
k__Bacteria|p__Firmicutes|c__Clostridia|o__Eubacteriales|f__Oscillospiraceae|g__Pseudoflavonifractor|s__Pseudoflavonifractor_capillosus	0.0	0.0	0.0	0.0	0.0	0.0	0.0	0.0	0.0	0.0	0.0	0.0	0.0	0.0	0.0	0.0	0.0	0.0	0.0	0.0	0.0	0.0	0.0	0.0	0.0	0.0	0.0	0.0	0.0	0.0	0.0	0.0	0.0	0.0	0.0	0.0	0.0	0.0	0.015595	0.010318	0.0	0.0	0.0	0.0
k__Bacteria|p__Firmicutes|c__Clostridia|o__Eubacteriales|f__Clostridiaceae|g__Clostridium|s__Clostridium_SGB6173	0.0	0.0	0.0	0.0	0.0	0.0	0.0	0.0	0.0	0.0	0.0	0.0	0.0	0.0	0.0	0.0	0.0	0.0	0.0	0.0	0.0	0.0	0.0	0.0	0.0	0.0	0.0	0.0	0.0	0.0	0.0	0.0	0.0	0.0	0.0	0.0	0.0	0.0	0.015308	0.017798	0.016929	0.0	0.0	0.0
k__Bacteria|p__Firmicutes|c__Clostridia|o__Eubacteriales|f__Oscillospiraceae|g__GGB9608|s__GGB9608_SGB15042	0.0	0.0	0.0	0.0	0.0	0.0	0.0	0.0	0.0	0.0	0.0	0.0	0.0	0.0	0.0	0.0	0.0	0.0	0.0	0.0	0.0	0.0	0.0	0.0	0.0	0.0	0.0	0.0	0.0	0.0	0.0	0.0	0.0	0.0	0.0	0.0	0.0	0.0	0.014979	0.030042	0.024239	0.0	0.0	0.0
k__Bacteria|p__Firmicutes|c__Clostridia|o__Lachnospirales|f__Lachnospiraceae|g__GGB13229|s__GGB13229_SGB20451	0.0	0.0	0.0	0.0	0.0	0.0	0.0	0.0	0.0	0.0	0.0	0.0	0.0	0.0	0.0	0.0	0.0	0.0	0.0	0.0	0.0	0.0	0.0	0.0	0.0	0.0	0.0	0.0	0.0	0.0	0.0	0.0	0.0	0.0	0.0	0.0	0.0	0.0	0.010679	0.007728	0.014391	0.0	0.0	0.0
k__Bacteria|p__Firmicutes|c__CFGB38642|o__OFGB38642|f__FGB38642|g__GGB9767|s__GGB9767_SGB143996	0.0	0.0	0.0	0.0	0.0	0.0	0.0	0.0	0.0	0.0	0.0	0.0	0.0	0.0	0.0	0.0	0.0	0.0	0.0	0.0	0.0	0.0	0.0	0.0	0.0	0.0	0.0	0.0	0.0	0.0	0.0	0.0	0.0	0.0	0.0	0.0	0.0	0.0	0.008507	0.015363	0.007767	0.0	0.0	0.0
k__Bacteria|p__Firmicutes|c__Bacillota_unclassified|o__Bacillota_unclassified|f__Bacillota_unclassified|g__Bacillota_unclassified|s__Firmicutes_bacterium_AF54_29pH10A	0.0	0.0	0.0	0.0	0.0	0.0	0.0	0.0	0.0	0.0	0.0	0.0	0.0	0.0	0.0	0.0	0.0	0.0	0.0	0.0	0.0	0.0	0.0	0.0	0.0	0.0	0.0	0.0	0.0	0.0	0.0	0.0	0.0	0.0	0.0	0.0	0.0	0.0	0.00621	0.006934	0.010269	0.0	0.0	0.0
k__Bacteria|p__Firmicutes|c__CFGB2890|o__OFGB2890|f__FGB2890|g__GGB9199|s__GGB9199_SGB14138	0.0	0.0	0.0	0.0	0.0	0.0	0.0	0.0	0.0	0.0	0.0	0.0	0.0	0.0	0.0	0.0	0.0	0.0	0.0	0.0	0.0	0.0	0.0	0.0	0.0	0.0	0.0	0.0	0.0	0.0	0.0	0.0	0.0	0.0	0.0	0.0	0.0	0.0	0.005922	0.008427	0.008581	0.0	0.0	0.0
k__Bacteria|p__Firmicutes|c__CFGB92044|o__OFGB92044|f__FGB92044|g__GGB9547|s__GGB9547_SGB14953	0.0	0.0	0.0	0.0	0.0	0.0	0.0	0.0	0.0	0.0	0.0	0.0	0.0	0.0	0.0	0.0	0.0	0.0	0.0	0.0	0.0	0.0	0.0	0.0	0.0	0.0	0.0	0.0	0.0	0.0	0.0	0.0	0.0	0.0	0.0	0.0	0.0	0.0	0.004249	0.002564	0.0	0.0	0.0	0.0
k__Bacteria|p__Firmicutes|c__CFGB3054|o__OFGB3054|f__FGB3054|g__GGB35551|s__GGB35551_SGB53794	0.0	0.0	0.0	0.0	0.0	0.0	0.0	0.0	0.0	0.0	0.0	0.0	0.0	0.0	0.0	0.0	0.0	0.0	0.0	0.0	0.0	0.0	0.0	0.0	0.0	0.0	0.0	0.0	0.0	0.0	0.0	0.0	0.0	0.0	0.0	0.0	0.0	0.0	0.004125	0.004202	0.008851	0.0	0.0	0.0
k__Bacteria|p__Firmicutes|c__CFGB1258|o__OFGB1258|f__FGB1258|g__GGB3052|s__GGB3052_SGB4053	0.0	0.0	0.0	0.0	0.0	0.0	0.0	0.0	0.0	0.0	0.0	0.0	0.0	0.0	0.0	0.0	0.0	0.0	0.0	0.0	0.0	0.0	0.0	0.0	0.0	0.0	0.0	0.0	0.0	0.0	0.0	0.0	0.0	0.0	0.0	0.0	0.0	0.0	0.001597	0.00059	0.0	0.0	0.0	0.0
k__Bacteria|p__Firmicutes|c__CFGB72728|o__OFGB72728|f__FGB72728|g__GGB74463|s__GGB74463_SGB54347	0.0	0.0	0.0	0.0	0.0	0.0	0.0	0.0	0.0	0.0	0.0	0.0	0.0	0.0	0.0	0.0	0.0	0.0	0.0	0.0	0.0	0.0	0.0	0.0	0.0	0.0	0.0	0.0	0.0	0.0	0.0	0.0	0.0	0.0	0.0	0.0	0.0	0.0	0.001152	0.0	0.0	0.0	0.0	0.0
k__Bacteria|p__Firmicutes|c__CFGB84669|o__OFGB84669|f__FGB84669|g__GGB100505|s__GGB100505_SGB209407	0.0	0.0	0.0	0.0	0.0	0.0	0.0	0.0	0.0	0.0	0.0	0.0	0.0	0.0	0.0	0.0	0.0	0.0	0.0	0.0	0.0	0.0	0.0	0.0	0.0	0.0	0.0	0.0	0.0	0.0	0.0	0.0	0.0	0.0	0.0	0.0	0.0	0.0	0.001039	0.002175	0.0	0.0	0.0	0.0
k__Bacteria|p__Firmicutes|c__Clostridia|o__Eubacteriales|f__Oscillospiraceae|g__GGB45523|s__GGB45523_SGB63197	0.0	0.0	0.0	0.0	0.0	0.0	0.0	0.0	0.0	0.0	0.0	0.0	0.0	0.0	0.0	0.0	0.0	0.0	0.0	0.0	0.0	0.0	0.0	0.0	0.0	0.0	0.0	0.0	0.0	0.0	0.0	0.0	0.0	0.0	0.0	0.0	0.0	0.0	0.000547	0.0	0.0	0.0	0.0	0.0
k__Bacteria|p__Bacteroidota|c__Bacteroidia|o__Bacteroidales|f__Prevotellaceae|g__Leyella|s__Leyella_lascolaii|t__SGB1585	0.0	0.0	0.0	0.0	0.0	0.0	0.0	0.0	0.0	0.0	0.0	0.0	0.0	0.0	0.0	0.0	0.0	0.0	0.0	0.0	0.0	0.0	0.0	0.0	0.0	0.0	0.0	0.0	0.0	0.0	0.0	0.0	0.0	0.0	0.0	0.0	0.0	0.0	2.662225	2.645292	2.61028	0.0	0.0	0.0
k__Bacteria|p__Firmicutes|c__CFGB31455|o__OFGB31455|f__FGB31455|g__GGB4700|s__GGB4700_SGB6506|t__SGB6506	0.0	0.0	0.0	0.0	0.0	0.0	0.0	0.0	0.0	0.0	0.0	0.0	0.0	0.0	0.0	0.0	0.0	0.0	0.0	0.0	0.0	0.0	0.0	0.0	0.0	0.0	0.0	0.0	0.0	0.0	0.0	0.0	0.0	0.0	0.0	0.0	0.0	0.0	2.613555	2.719769	2.672924	0.0	0.0	0.0
k__Bacteria|p__Bacteroidota|c__CFGB94545|o__OFGB94545|f__FGB94545|g__GGB1567|s__GGB1567_SGB2154|t__SGB2154	0.0	0.0	0.0	0.0	0.0	0.0	0.0	0.0	0.0	0.0	0.0	0.0	0.0	0.0	0.0	0.0	0.0	0.0	0.0	0.0	0.0	0.0	0.0	0.0	0.0	0.0	0.0	0.0	0.0	0.0	0.0	0.0	0.0	0.0	0.0	0.0	0.0	0.0	1.61536	1.577612	1.62329	0.0	0.0	0.0
k__Bacteria|p__Bacteroidota|c__Bacteroidia|o__Bacteroidales|f__Bacteroidaceae|g__Bacteroides|s__Bacteroides_sp_Marseille_P3684|t__SGB1429	0.0	0.0	0.0	0.0	0.0	0.0	0.0	0.0	0.0	0.0	0.0	0.0	0.0	0.0	0.0	0.0	0.0	0.0	0.0	0.0	0.0	0.0	0.0	0.0	0.0	0.0	0.0	0.0	0.0	0.0	0.0	0.0	0.0	0.0	0.0	0.0	0.0	0.0	1.519847	1.521745	1.513529	0.0	0.0	0.0
k__Bacteria|p__Pseudomonadota|c__Betaproteobacteria|o__Burkholderiales|f__Sutterellaceae|g__Mesosutterella|s__Mesosutterella_multiformis|t__SGB9272	0.0	0.0	0.0	0.0	0.0	0.0	0.0	0.0	0.0	0.0	0.0	0.0	0.0	0.0	0.0	0.0	0.0	0.0	0.0	0.0	0.0	0.0	0.0	0.0	0.0	0.0	0.0	0.0	0.0	0.0	0.0	0.0	0.0	0.0	0.0	0.0	0.0	0.0	1.335691	1.521141	1.423214	0.0	0.0	0.0
k__Bacteria|p__Firmicutes|c__CFGB31455|o__OFGB31455|f__FGB31455|g__GGB50742|s__GGB50742_SGB70902|t__SGB70902	0.0	0.0	0.0	0.0	0.0	0.0	0.0	0.0	0.0	0.0	0.0	0.0	0.0	0.0	0.0	0.0	0.0	0.0	0.0	0.0	0.0	0.0	0.0	0.0	0.0	0.0	0.0	0.0	0.0	0.0	0.0	0.0	0.0	0.0	0.0	0.0	0.0	0.0	1.251737	1.332266	1.319093	0.0	0.0	0.0
k__Bacteria|p__Bacteroidota|c__CFGB74620|o__OFGB74620|f__FGB74620|g__GGB1620|s__GGB1620_SGB2218|t__SGB2218	0.0	0.0	0.0	0.0	0.0	0.0	0.0	0.0	0.0	0.0	0.0	0.0	0.0	0.0	0.0	0.0	0.0	0.0	0.0	0.0	0.0	0.0	0.0	0.0	0.0	0.0	0.0	0.0	0.0	0.0	0.0	0.0	0.0	0.0	0.0	0.0	0.0	0.0	1.224488	1.196779	1.153741	0.0	0.0	0.0
k__Bacteria|p__Bacteroidota|c__CFGB74620|o__OFGB74620|f__FGB74620|g__GGB1621|s__GGB1621_SGB2219|t__SGB2219	0.0	0.0	0.0	0.0	0.0	0.0	0.0	0.0	0.0	0.0	0.0	0.0	0.0	0.0	0.0	0.0	0.0	0.0	0.0	0.0	0.0	0.0	0.0	0.0	0.0	0.0	0.0	0.0	0.0	0.0	0.0	0.0	0.0	0.0	0.0	0.0	0.0	0.0	1.091967	1.069119	1.020324	0.0	0.0	0.0
k__Bacteria|p__Firmicutes|c__CFGB1765|o__OFGB1765|f__FGB1765|g__GGB4572|s__GGB4572_SGB6322|t__SGB6322	0.0	0.0	0.0	0.0	0.0	0.0	0.0	0.0	0.0	0.0	0.0	0.0	0.0	0.0	0.0	0.0	0.0	0.0	0.0	0.0	0.0	0.0	0.0	0.0	0.0	0.0	0.0	0.0	0.0	0.0	0.0	0.0	0.0	0.0	0.0	0.0	0.0	0.0	1.074984	1.097309	1.10653	0.0	0.0	0.0
k__Bacteria|p__Firmicutes|c__Clostridia|o__Eubacteriales|f__Oscillospiraceae|g__Vescimonas|s__Vescimonas_SGB15087|t__SGB15087	0.0	0.0	0.0	0.0	0.0	0.0	0.0	0.0	0.0	0.0	0.0	0.0	0.0	0.0	0.0	0.0	0.0	0.0	0.0	0.0	0.0	0.0	0.0	0.0	0.0	0.0	0.0	0.0	0.0	0.0	0.0	0.0	0.0	0.0	0.0	0.0	0.0	0.0	1.05062	1.065097	1.113789	0.0	0.0	0.0
k__Bacteria|p__Firmicutes|c__CFGB1776|o__OFGB1776|f__FGB1776|g__GGB4686|s__GGB4686_SGB6483|t__SGB6483	0.0	0.0	0.0	0.0	0.0	0.0	0.0	0.0	0.0	0.0	0.0	0.0	0.0	0.0	0.0	0.0	0.0	0.0	0.0	0.0	0.0	0.0	0.0	0.0	0.0	0.0	0.0	0.0	0.0	0.0	0.0	0.0	0.0	0.0	0.0	0.0	0.0	0.0	0.95153	1.002667	1.000059	0.0	0.0	0.0
k__Bacteria|p__Firmicutes|c__Negativicutes|o__Acidaminococcales|f__Acidaminococcaceae|g__Phascolarctobacterium|s__Phascolarctobacterium_faecium|t__SGB5785	0.0	0.0	0.0	0.0	0.0	0.0	0.0	0.0	0.0	0.0	0.0	0.0	0.0	0.0	0.0	0.0	0.0	0.0	0.0	0.0	0.0	0.0	0.0	0.0	0.0	0.0	0.0	0.0	0.0	0.0	0.0	0.0	0.0	0.0	0.0	0.0	0.0	0.0	0.751792	0.705628	0.722706	0.0	0.0	0.0
k__Bacteria|p__Pseudomonadota|c__Betaproteobacteria|o__Burkholderiales|f__Sutterellaceae|g__Parasutterella|s__Parasutterella_secunda|t__SGB9247	0.0	0.0	0.0	0.0	0.0	0.0	0.0	0.0	0.0	0.0	0.0	0.0	0.0	0.0	0.0	0.0	0.0	0.0	0.0	0.0	0.0	0.0	0.0	0.0	0.0	0.0	0.0	0.0	0.0	0.0	0.0	0.0	0.0	0.0	0.0	0.0	0.0	0.0	0.674641	0.662459	0.692145	0.0	0.0	0.0
k__Bacteria|p__Bacteroidota|c__Bacteroidia|o__Bacteroidales|f__Muribaculaceae|g__GGB1582|s__GGB1582_SGB2173|t__SGB2173	0.0	0.0	0.0	0.0	0.0	0.0	0.0	0.0	0.0	0.0	0.0	0.0	0.0	0.0	0.0	0.0	0.0	0.0	0.0	0.0	0.0	0.0	0.0	0.0	0.0	0.0	0.0	0.0	0.0	0.0	0.0	0.0	0.0	0.0	0.0	0.0	0.0	0.0	0.625682	0.580922	0.551188	0.0	0.0	0.0
k__Bacteria|p__Bacteroidota|c__Bacteroidia|o__Bacteroidales|f__Rikenellaceae|g__GGB1689|s__GGB1689_SGB2321|t__SGB2321	0.0	0.0	0.0	0.0	0.0	0.0	0.0	0.0	0.0	0.0	0.0	0.0	0.0	0.0	0.0	0.0	0.0	0.0	0.0	0.0	0.0	0.0	0.0	0.0	0.0	0.0	0.0	0.0	0.0	0.0	0.0	0.0	0.0	0.0	0.0	0.0	0.0	0.0	0.40631	0.388138	0.363662	0.0	0.0	0.0
k__Bacteria|p__Firmicutes|c__Negativicutes|o__Veillonellales|f__Veillonellaceae|g__Megasphaera|s__Megasphaera_sp_NM10|t__SGB5858	0.0	0.0	0.0	0.0	0.0	0.0	0.0	0.0	0.0	0.0	0.0	0.0	0.0	0.0	0.0	0.0	0.0	0.0	0.0	0.0	0.0	0.0	0.0	0.0	0.0	0.0	0.0	0.0	0.0	0.0	0.0	0.0	0.0	0.0	0.0	0.0	0.0	0.0	0.357957	0.382183	0.422275	0.0	0.0	0.0
k__Bacteria|p__Firmicutes|c__CFGB1765|o__OFGB1765|f__FGB1765|g__GGB4579|s__GGB4579_SGB6329|t__SGB6329	0.0	0.0	0.0	0.0	0.0	0.0	0.0	0.0	0.0	0.0	0.0	0.0	0.0	0.0	0.0	0.0	0.0	0.0	0.0	0.0	0.0	0.0	0.0	0.0	0.0	0.0	0.0	0.0	0.0	0.0	0.0	0.0	0.0	0.0	0.0	0.0	0.0	0.0	0.308502	0.339426	0.36437	0.0	0.0	0.0
k__Bacteria|p__Firmicutes|c__CFGB73223|o__OFGB73223|f__FGB73223|g__GGB9249|s__GGB9249_SGB14193|t__SGB14193	0.0	0.0	0.0	0.0	0.0	0.0	0.0	0.0	0.0	0.0	0.0	0.0	0.0	0.0	0.0	0.0	0.0	0.0	0.0	0.0	0.0	0.0	0.0	0.0	0.0	0.0	0.0	0.0	0.0	0.0	0.0	0.0	0.0	0.0	0.0	0.0	0.0	0.0	0.230864	0.228034	0.236123	0.0	0.0	0.0
k__Bacteria|p__Firmicutes|c__CFGB1776|o__OFGB1776|f__FGB1776|g__GGB4683|s__GGB4683_SGB6473|t__SGB6473	0.0	0.0	0.0	0.0	0.0	0.0	0.0	0.0	0.0	0.0	0.0	0.0	0.0	0.0	0.0	0.0	0.0	0.0	0.0	0.0	0.0	0.0	0.0	0.0	0.0	0.0	0.0	0.0	0.0	0.0	0.0	0.0	0.0	0.0	0.0	0.0	0.0	0.0	0.213497	0.190971	0.181656	0.0	0.0	0.0
k__Bacteria|p__Firmicutes|c__Clostridia|o__Eubacteriales|f__Oscillospiraceae|g__Ruminococcus|s__Ruminococcus_champanellensis|t__SGB4418	0.0	0.0	0.0	0.0	0.0	0.0	0.0	0.0	0.0	0.0	0.0	0.0	0.0	0.0	0.0	0.0	0.0	0.0	0.0	0.0	0.0	0.0	0.0	0.0	0.0	0.0	0.0	0.0	0.0	0.0	0.0	0.0	0.0	0.0	0.0	0.0	0.0	0.0	0.193492	0.184721	0.208826	0.0	0.0	0.0
k__Bacteria|p__Firmicutes|c__CFGB1320|o__OFGB1320|f__FGB1320|g__GGB25653|s__GGB25653_SGB37624|t__SGB37624	0.0	0.0	0.0	0.0	0.0	0.0	0.0	0.0	0.0	0.0	0.0	0.0	0.0	0.0	0.0	0.0	0.0	0.0	0.0	0.0	0.0	0.0	0.0	0.0	0.0	0.0	0.0	0.0	0.0	0.0	0.0	0.0	0.0	0.0	0.0	0.0	0.0	0.0	0.1408	0.141728	0.144929	0.0	0.0	0.0
k__Bacteria|p__Firmicutes|c__Clostridia|o__Eubacteriales|f__Oscillospiraceae|g__GGB9621|s__GGB9621_SGB15073|t__SGB15073	0.0	0.0	0.0	0.0	0.0	0.0	0.0	0.0	0.0	0.0	0.0	0.0	0.0	0.0	0.0	0.0	0.0	0.0	0.0	0.0	0.0	0.0	0.0	0.0	0.0	0.0	0.0	0.0	0.0	0.0	0.0	0.0	0.0	0.0	0.0	0.0	0.0	0.0	0.107178	0.089342	0.092804	0.0	0.0	0.0
k__Bacteria|p__Firmicutes|c__CFGB3054|o__OFGB3054|f__FGB3054|g__GGB33512|s__GGB33512_SGB15202|t__SGB15202	0.0	0.0	0.0	0.0	0.0	0.0	0.0	0.0	0.0	0.0	0.0	0.0	0.0	0.0	0.0	0.0	0.0	0.0	0.0	0.0	0.0	0.0	0.0	0.0	0.0	0.0	0.0	0.0	0.0	0.0	0.0	0.0	0.0	0.0	0.0	0.0	0.0	0.0	0.10565	0.112621	0.114373	0.0	0.0	0.0
k__Bacteria|p__Pseudomonadota|c__Betaproteobacteria|o__Burkholderiales|f__Oxalobacteraceae|g__Oxalobacter|s__Oxalobacter_formigenes|t__SGB9387	0.0	0.0	0.0	0.0	0.0	0.0	0.0	0.0	0.0	0.0	0.0	0.0	0.0	0.0	0.0	0.0	0.0	0.0	0.0	0.0	0.0	0.0	0.0	0.0	0.0	0.0	0.0	0.0	0.0	0.0	0.0	0.0	0.0	0.0	0.0	0.0	0.0	0.0	0.080714	0.088939	0.066118	0.0	0.0	0.0
k__Bacteria|p__Firmicutes|c__Clostridia|o__Eubacteriales|f__Acutalibacteraceae|g__Pseudoruminococcus|s__Pseudoruminococcus_massiliensis|t__SGB4280	0.0	0.0	0.0	0.0	0.0	0.0	0.0	0.0	0.0	0.0	0.0	0.0	0.0	0.0	0.0	0.0	0.0	0.0	0.0	0.0	0.0	0.0	0.0	0.0	0.0	0.0	0.0	0.0	0.0	0.0	0.0	0.0	0.0	0.0	0.0	0.0	0.0	0.0	0.074325	0.094333	0.102225	0.0	0.0	0.0
k__Bacteria|p__Firmicutes|c__CFGB2957|o__OFGB2957|f__FGB2957|g__GGB9299|s__GGB9299_SGB14259|t__SGB14259	0.0	0.0	0.0	0.0	0.0	0.0	0.0	0.0	0.0	0.0	0.0	0.0	0.0	0.0	0.0	0.0	0.0	0.0	0.0	0.0	0.0	0.0	0.0	0.0	0.0	0.0	0.0	0.0	0.0	0.0	0.0	0.0	0.0	0.0	0.0	0.0	0.0	0.0	0.071461	0.078907	0.087006	0.0	0.0	0.0
k__Bacteria|p__Firmicutes|c__CFGB2881|o__OFGB2881|f__FGB2881|g__GGB9189|s__GGB9189_SGB14128|t__SGB14128	0.0	0.0	0.0	0.0	0.0	0.0	0.0	0.0	0.0	0.0	0.0	0.0	0.0	0.0	0.0	0.0	0.0	0.0	0.0	0.0	0.0	0.0	0.0	0.0	0.0	0.0	0.0	0.0	0.0	0.0	0.0	0.0	0.0	0.0	0.0	0.0	0.0	0.0	0.067244	0.06228	0.045462	0.0	0.0	0.0
k__Bacteria|p__Firmicutes|c__Clostridia|o__Eubacteriales|f__Oscillospiraceae|g__Oscillospiraceae_unclassified|s__Oscillospiraceae_unclassified_SGB15257|t__SGB15257	0.0	0.0	0.0	0.0	0.0	0.0	0.0	0.0	0.0	0.0	0.0	0.0	0.0	0.0	0.0	0.0	0.0	0.0	0.0	0.0	0.0	0.0	0.0	0.0	0.0	0.0	0.0	0.0	0.0	0.0	0.0	0.0	0.0	0.0	0.0	0.0	0.0	0.0	0.065815	0.066374	0.059071	0.0	0.0	0.0
k__Bacteria|p__Firmicutes|c__CFGB1012|o__OFGB1012|f__FGB1012|g__GGB2657|s__GGB2657_SGB3578|t__SGB3578	0.0	0.0	0.0	0.0	0.0	0.0	0.0	0.0	0.0	0.0	0.0	0.0	0.0	0.0	0.0	0.0	0.0	0.0	0.0	0.0	0.0	0.0	0.0	0.0	0.0	0.0	0.0	0.0	0.0	0.0	0.0	0.0	0.0	0.0	0.0	0.0	0.0	0.0	0.058334	0.065834	0.066079	0.0	0.0	0.0
k__Bacteria|p__Firmicutes|c__CFGB84123|o__OFGB84123|f__FGB84123|g__GGB3142|s__GGB3142_SGB4155|t__SGB4155	0.0	0.0	0.0	0.0	0.0	0.0	0.0	0.0	0.0	0.0	0.0	0.0	0.0	0.0	0.0	0.0	0.0	0.0	0.0	0.0	0.0	0.0	0.0	0.0	0.0	0.0	0.0	0.0	0.0	0.0	0.0	0.0	0.0	0.0	0.0	0.0	0.0	0.0	0.054281	0.063747	0.046013	0.0	0.0	0.0
k__Bacteria|p__Firmicutes|c__Clostridia|o__Lachnospirales|f__Lachnospiraceae|g__Blautia|s__Blautia_faecicola|t__SGB4867	0.0	0.0	0.0	0.0	0.0	0.0	0.0	0.0	0.0	0.0	0.0	0.0	0.0	0.0	0.0	0.0	0.0	0.0	0.0	0.0	0.0	0.0	0.0	0.0	0.0	0.0	0.0	0.0	0.0	0.0	0.0	0.0	0.0	0.0	0.0	0.0	0.0	0.0	0.052961	0.03853	0.036999	0.0	0.0	0.0
k__Bacteria|p__Firmicutes|c__CFGB3070|o__OFGB3070|f__FGB3070|g__GGB33544|s__GGB33544_SGB53490|t__SGB53490	0.0	0.0	0.0	0.0	0.0	0.0	0.0	0.0	0.0	0.0	0.0	0.0	0.0	0.0	0.0	0.0	0.0	0.0	0.0	0.0	0.0	0.0	0.0	0.0	0.0	0.0	0.0	0.0	0.0	0.0	0.0	0.0	0.0	0.0	0.0	0.0	0.0	0.0	0.049106	0.061328	0.039843	0.0	0.0	0.0
k__Bacteria|p__Firmicutes|c__Clostridia|o__Eubacteriales|f__Butyricicoccaceae|g__Butyricicoccus|s__Butyricicoccus_intestinisimiae|t__SGB14980	0.0	0.0	0.0	0.0	0.0	0.0	0.0	0.0	0.0	0.0	0.0	0.0	0.0	0.0	0.0	0.0	0.0	0.0	0.0	0.0	0.0	0.0	0.0	0.0	0.0	0.0	0.0	0.0	0.0	0.0	0.0	0.0	0.0	0.0	0.0	0.0	0.0	0.0	0.042058	0.044535	0.043513	0.0	0.0	0.0
k__Bacteria|p__Thermodesulfobacteriota|c__Desulfovibrionia|o__Desulfovibrionales|f__Desulfovibrionaceae|g__GGB28319|s__GGB28319_SGB40892|t__SGB40892	0.0	0.0	0.0	0.0	0.0	0.0	0.0	0.0	0.0	0.0	0.0	0.0	0.0	0.0	0.0	0.0	0.0	0.0	0.0	0.0	0.0	0.0	0.0	0.0	0.0	0.0	0.0	0.0	0.0	0.0	0.0	0.0	0.0	0.0	0.0	0.0	0.0	0.0	0.035709	0.038847	0.047467	0.0	0.0	0.0
k__Bacteria|p__Firmicutes|c__CFGB2960|o__OFGB2960|f__FGB2960|g__GGB9302|s__GGB9302_SGB14263|t__SGB14263	0.0	0.0	0.0	0.0	0.0	0.0	0.0	0.0	0.0	0.0	0.0	0.0	0.0	0.0	0.0	0.0	0.0	0.0	0.0	0.0	0.0	0.0	0.0	0.0	0.0	0.0	0.0	0.0	0.0	0.0	0.0	0.0	0.0	0.0	0.0	0.0	0.0	0.0	0.032862	0.029286	0.037741	0.0	0.0	0.0
k__Bacteria|p__Firmicutes|c__CFGB3054|o__OFGB3054|f__FGB3054|g__GGB9582|s__GGB9582_SGB15003|t__SGB15003	0.0	0.0	0.0	0.0	0.0	0.0	0.0	0.0	0.0	0.0	0.0	0.0	0.0	0.0	0.0	0.0	0.0	0.0	0.0	0.0	0.0	0.0	0.0	0.0	0.0	0.0	0.0	0.0	0.0	0.0	0.0	0.0	0.0	0.0	0.0	0.0	0.0	0.0	0.023052	0.01151	0.010858	0.0	0.0	0.0
k__Bacteria|p__Firmicutes|c__CFGB3038|o__OFGB3038|f__FGB3038|g__GGB71570|s__GGB71570_SGB98315|t__SGB98315	0.0	0.0	0.0	0.0	0.0	0.0	0.0	0.0	0.0	0.0	0.0	0.0	0.0	0.0	0.0	0.0	0.0	0.0	0.0	0.0	0.0	0.0	0.0	0.0	0.0	0.0	0.0	0.0	0.0	0.0	0.0	0.0	0.0	0.0	0.0	0.0	0.0	0.0	0.022599	0.011993	0.019834	0.0	0.0	0.0
k__Bacteria|p__Bacteroidota|c__Bacteroidia|o__Bacteroidales|f__Odoribacteraceae|g__GGB86486|s__GGB86486_SGB116769|t__SGB116769	0.0	0.0	0.0	0.0	0.0	0.0	0.0	0.0	0.0	0.0	0.0	0.0	0.0	0.0	0.0	0.0	0.0	0.0	0.0	0.0	0.0	0.0	0.0	0.0	0.0	0.0	0.0	0.0	0.0	0.0	0.0	0.0	0.0	0.0	0.0	0.0	0.0	0.0	0.019591	0.017084	0.019068	0.0	0.0	0.0
k__Bacteria|p__Firmicutes|c__CFGB2930|o__OFGB2930|f__FGB2930|g__GGB9253|s__GGB9253_SGB14198|t__SGB14198	0.0	0.0	0.0	0.0	0.0	0.0	0.0	0.0	0.0	0.0	0.0	0.0	0.0	0.0	0.0	0.0	0.0	0.0	0.0	0.0	0.0	0.0	0.0	0.0	0.0	0.0	0.0	0.0	0.0	0.0	0.0	0.0	0.0	0.0	0.0	0.0	0.0	0.0	0.019463	0.002977	0.006234	0.0	0.0	0.0
k__Bacteria|p__Firmicutes|c__CFGB2844|o__OFGB2844|f__FGB2844|g__GGB9112|s__GGB9112_SGB14045|t__SGB14045	0.0	0.0	0.0	0.0	0.0	0.0	0.0	0.0	0.0	0.0	0.0	0.0	0.0	0.0	0.0	0.0	0.0	0.0	0.0	0.0	0.0	0.0	0.0	0.0	0.0	0.0	0.0	0.0	0.0	0.0	0.0	0.0	0.0	0.0	0.0	0.0	0.0	0.0	0.017734	0.024365	0.007676	0.0	0.0	0.0
k__Bacteria|p__Firmicutes|c__Erysipelotrichia|o__Erysipelotrichales|f__Coprobacillaceae|g__Faecalibacillus|s__Faecalibacillus_faecis|t__SGB6750	0.0	0.0	0.0	0.0	0.0	0.0	0.0	0.0	0.0	0.0	0.0	0.0	0.0	0.0	0.0	0.0	0.0	0.0	0.0	0.0	0.0	0.0	0.0	0.0	0.0	0.0	0.0	0.0	0.0	0.0	0.0	0.0	0.0	0.0	0.0	0.0	0.0	0.0	0.01772	0.018408	0.021568	0.0	0.0	0.0
k__Bacteria|p__Thermodesulfobacteriota|c__Desulfovibrionia|o__Desulfovibrionales|f__Desulfovibrionaceae|g__Desulfovibrio|s__Desulfovibrio_desulfuricans|t__SGB15463	0.0	0.0	0.0	0.0	0.0	0.0	0.0	0.0	0.0	0.0	0.0	0.0	0.0	0.0	0.0	0.0	0.0	0.0	0.0	0.0	0.0	0.0	0.0	0.0	0.0	0.0	0.0	0.0	0.0	0.0	0.0	0.0	0.0	0.0	0.0	0.0	0.0	0.0	0.017557	0.01632	0.022512	0.0	0.0	0.0
k__Bacteria|p__Bacteroidota|c__Bacteroidia|o__Bacteroidales|f__Tannerellaceae|g__Parabacteroides|s__Parabacteroides_faecalis|t__SGB1930	0.0	0.0	0.0	0.0	0.0	0.0	0.0	0.0	0.0	0.0	0.0	0.0	0.0	0.0	0.0	0.0	0.0	0.0	0.0	0.0	0.0	0.0	0.0	0.0	0.0	0.0	0.0	0.0	0.0	0.0	0.0	0.0	0.0	0.0	0.0	0.0	0.0	0.0	0.016422	0.023077	0.029776	0.0	0.0	0.0
k__Bacteria|p__Pseudomonadota|c__Betaproteobacteria|o__Burkholderiales|f__Sutterellaceae|g__GGB53102|s__GGB53102_SGB74049|t__SGB74049	0.0	0.0	0.0	0.0	0.0	0.0	0.0	0.0	0.0	0.0	0.0	0.0	0.0	0.0	0.0	0.0	0.0	0.0	0.0	0.0	0.0	0.0	0.0	0.0	0.0	0.0	0.0	0.0	0.0	0.0	0.0	0.0	0.0	0.0	0.0	0.0	0.0	0.0	0.016413	0.0127	0.012367	0.0	0.0	0.0
k__Bacteria|p__Firmicutes|c__Clostridia|o__Eubacteriales|f__Oscillospiraceae|g__Pseudoflavonifractor|s__Pseudoflavonifractor_capillosus|t__SGB15156	0.0	0.0	0.0	0.0	0.0	0.0	0.0	0.0	0.0	0.0	0.0	0.0	0.0	0.0	0.0	0.0	0.0	0.0	0.0	0.0	0.0	0.0	0.0	0.0	0.0	0.0	0.0	0.0	0.0	0.0	0.0	0.0	0.0	0.0	0.0	0.0	0.0	0.0	0.015595	0.010318	0.0	0.0	0.0	0.0
k__Bacteria|p__Firmicutes|c__Clostridia|o__Eubacteriales|f__Clostridiaceae|g__Clostridium|s__Clostridium_SGB6173|t__SGB6173	0.0	0.0	0.0	0.0	0.0	0.0	0.0	0.0	0.0	0.0	0.0	0.0	0.0	0.0	0.0	0.0	0.0	0.0	0.0	0.0	0.0	0.0	0.0	0.0	0.0	0.0	0.0	0.0	0.0	0.0	0.0	0.0	0.0	0.0	0.0	0.0	0.0	0.0	0.015308	0.017798	0.016929	0.0	0.0	0.0
k__Bacteria|p__Firmicutes|c__Clostridia|o__Eubacteriales|f__Oscillospiraceae|g__GGB9608|s__GGB9608_SGB15042|t__SGB15042	0.0	0.0	0.0	0.0	0.0	0.0	0.0	0.0	0.0	0.0	0.0	0.0	0.0	0.0	0.0	0.0	0.0	0.0	0.0	0.0	0.0	0.0	0.0	0.0	0.0	0.0	0.0	0.0	0.0	0.0	0.0	0.0	0.0	0.0	0.0	0.0	0.0	0.0	0.014979	0.030042	0.024239	0.0	0.0	0.0
k__Bacteria|p__Firmicutes|c__Clostridia|o__Lachnospirales|f__Lachnospiraceae|g__GGB13229|s__GGB13229_SGB20451|t__SGB20451	0.0	0.0	0.0	0.0	0.0	0.0	0.0	0.0	0.0	0.0	0.0	0.0	0.0	0.0	0.0	0.0	0.0	0.0	0.0	0.0	0.0	0.0	0.0	0.0	0.0	0.0	0.0	0.0	0.0	0.0	0.0	0.0	0.0	0.0	0.0	0.0	0.0	0.0	0.010679	0.007728	0.014391	0.0	0.0	0.0
k__Bacteria|p__Firmicutes|c__CFGB38642|o__OFGB38642|f__FGB38642|g__GGB9767|s__GGB9767_SGB143996|t__SGB143996	0.0	0.0	0.0	0.0	0.0	0.0	0.0	0.0	0.0	0.0	0.0	0.0	0.0	0.0	0.0	0.0	0.0	0.0	0.0	0.0	0.0	0.0	0.0	0.0	0.0	0.0	0.0	0.0	0.0	0.0	0.0	0.0	0.0	0.0	0.0	0.0	0.0	0.0	0.008507	0.015363	0.007767	0.0	0.0	0.0
k__Bacteria|p__Firmicutes|c__Bacillota_unclassified|o__Bacillota_unclassified|f__Bacillota_unclassified|g__Bacillota_unclassified|s__Firmicutes_bacterium_AF54_29pH10A|t__SGB3986	0.0	0.0	0.0	0.0	0.0	0.0	0.0	0.0	0.0	0.0	0.0	0.0	0.0	0.0	0.0	0.0	0.0	0.0	0.0	0.0	0.0	0.0	0.0	0.0	0.0	0.0	0.0	0.0	0.0	0.0	0.0	0.0	0.0	0.0	0.0	0.0	0.0	0.0	0.00621	0.006934	0.010269	0.0	0.0	0.0
k__Bacteria|p__Firmicutes|c__CFGB2890|o__OFGB2890|f__FGB2890|g__GGB9199|s__GGB9199_SGB14138|t__SGB14138	0.0	0.0	0.0	0.0	0.0	0.0	0.0	0.0	0.0	0.0	0.0	0.0	0.0	0.0	0.0	0.0	0.0	0.0	0.0	0.0	0.0	0.0	0.0	0.0	0.0	0.0	0.0	0.0	0.0	0.0	0.0	0.0	0.0	0.0	0.0	0.0	0.0	0.0	0.005922	0.008427	0.008581	0.0	0.0	0.0
k__Bacteria|p__Firmicutes|c__CFGB92044|o__OFGB92044|f__FGB92044|g__GGB9547|s__GGB9547_SGB14953|t__SGB14953	0.0	0.0	0.0	0.0	0.0	0.0	0.0	0.0	0.0	0.0	0.0	0.0	0.0	0.0	0.0	0.0	0.0	0.0	0.0	0.0	0.0	0.0	0.0	0.0	0.0	0.0	0.0	0.0	0.0	0.0	0.0	0.0	0.0	0.0	0.0	0.0	0.0	0.0	0.004249	0.002564	0.0	0.0	0.0	0.0
k__Bacteria|p__Firmicutes|c__CFGB3054|o__OFGB3054|f__FGB3054|g__GGB35551|s__GGB35551_SGB53794|t__SGB53794	0.0	0.0	0.0	0.0	0.0	0.0	0.0	0.0	0.0	0.0	0.0	0.0	0.0	0.0	0.0	0.0	0.0	0.0	0.0	0.0	0.0	0.0	0.0	0.0	0.0	0.0	0.0	0.0	0.0	0.0	0.0	0.0	0.0	0.0	0.0	0.0	0.0	0.0	0.004125	0.004202	0.008851	0.0	0.0	0.0
k__Bacteria|p__Firmicutes|c__CFGB1258|o__OFGB1258|f__FGB1258|g__GGB3052|s__GGB3052_SGB4053|t__SGB4053	0.0	0.0	0.0	0.0	0.0	0.0	0.0	0.0	0.0	0.0	0.0	0.0	0.0	0.0	0.0	0.0	0.0	0.0	0.0	0.0	0.0	0.0	0.0	0.0	0.0	0.0	0.0	0.0	0.0	0.0	0.0	0.0	0.0	0.0	0.0	0.0	0.0	0.0	0.001597	0.00059	0.0	0.0	0.0	0.0
k__Bacteria|p__Firmicutes|c__CFGB72728|o__OFGB72728|f__FGB72728|g__GGB74463|s__GGB74463_SGB54347|t__SGB54347	0.0	0.0	0.0	0.0	0.0	0.0	0.0	0.0	0.0	0.0	0.0	0.0	0.0	0.0	0.0	0.0	0.0	0.0	0.0	0.0	0.0	0.0	0.0	0.0	0.0	0.0	0.0	0.0	0.0	0.0	0.0	0.0	0.0	0.0	0.0	0.0	0.0	0.0	0.001152	0.0	0.0	0.0	0.0	0.0
k__Bacteria|p__Firmicutes|c__CFGB84669|o__OFGB84669|f__FGB84669|g__GGB100505|s__GGB100505_SGB209407|t__SGB209407	0.0	0.0	0.0	0.0	0.0	0.0	0.0	0.0	0.0	0.0	0.0	0.0	0.0	0.0	0.0	0.0	0.0	0.0	0.0	0.0	0.0	0.0	0.0	0.0	0.0	0.0	0.0	0.0	0.0	0.0	0.0	0.0	0.0	0.0	0.0	0.0	0.0	0.0	0.001039	0.002175	0.0	0.0	0.0	0.0
k__Bacteria|p__Firmicutes|c__Clostridia|o__Eubacteriales|f__Oscillospiraceae|g__GGB45523|s__GGB45523_SGB63197|t__SGB63197	0.0	0.0	0.0	0.0	0.0	0.0	0.0	0.0	0.0	0.0	0.0	0.0	0.0	0.0	0.0	0.0	0.0	0.0	0.0	0.0	0.0	0.0	0.0	0.0	0.0	0.0	0.0	0.0	0.0	0.0	0.0	0.0	0.0	0.0	0.0	0.0	0.0	0.0	0.000547	0.0	0.0	0.0	0.0	0.0
k__Bacteria|p__Actinomycetota|c__Coriobacteriia|o__Coriobacteriales|f__Atopobiaceae	0.0	0.0	0.0	0.0	0.0	0.0	0.0	0.0	0.0	0.0	0.0	0.0	0.0	0.0	0.0	0.0	0.0	0.0	0.0	0.0	0.0	0.0	0.0	0.0	0.0	0.0	0.0	0.0	0.0	0.0	0.0	0.0	0.0	0.0	0.0	0.0	0.0	0.0	0.0	0.009327	0.0	0.0	0.0	0.0
k__Bacteria|p__Actinomycetota|c__Coriobacteriia|o__Coriobacteriales|f__Atopobiaceae|g__Tractidigestivibacter	0.0	0.0	0.0	0.0	0.0	0.0	0.0	0.0	0.0	0.0	0.0	0.0	0.0	0.0	0.0	0.0	0.0	0.0	0.0	0.0	0.0	0.0	0.0	0.0	0.0	0.0	0.0	0.0	0.0	0.0	0.0	0.0	0.0	0.0	0.0	0.0	0.0	0.0	0.0	0.009327	0.0	0.0	0.0	0.0
k__Bacteria|p__Actinomycetota|c__Coriobacteriia|o__Coriobacteriales|f__Atopobiaceae|g__Tractidigestivibacter|s__Tractidigestivibacter_montrealensis	0.0	0.0	0.0	0.0	0.0	0.0	0.0	0.0	0.0	0.0	0.0	0.0	0.0	0.0	0.0	0.0	0.0	0.0	0.0	0.0	0.0	0.0	0.0	0.0	0.0	0.0	0.0	0.0	0.0	0.0	0.0	0.0	0.0	0.0	0.0	0.0	0.0	0.0	0.0	0.009327	0.0	0.0	0.0	0.0
k__Bacteria|p__Pseudomonadota|c__Betaproteobacteria|o__Burkholderiales|f__Sutterellaceae|g__Sutterella|s__Sutterella_SGB9281	0.0	0.0	0.0	0.0	0.0	0.0	0.0	0.0	0.0	0.0	0.0	0.0	0.0	0.0	0.0	0.0	0.0	0.0	0.0	0.0	0.0	0.0	0.0	0.0	0.0	0.0	0.0	0.0	0.0	0.0	0.0	0.0	0.0	0.0	0.0	0.0	0.0	0.0	0.0	0.000618	0.0	0.0	0.0	0.0
k__Bacteria|p__Actinomycetota|c__Coriobacteriia|o__Coriobacteriales|f__Atopobiaceae|g__Tractidigestivibacter|s__Tractidigestivibacter_montrealensis|t__SGB72492	0.0	0.0	0.0	0.0	0.0	0.0	0.0	0.0	0.0	0.0	0.0	0.0	0.0	0.0	0.0	0.0	0.0	0.0	0.0	0.0	0.0	0.0	0.0	0.0	0.0	0.0	0.0	0.0	0.0	0.0	0.0	0.0	0.0	0.0	0.0	0.0	0.0	0.0	0.0	0.009327	0.0	0.0	0.0	0.0
k__Bacteria|p__Pseudomonadota|c__Betaproteobacteria|o__Burkholderiales|f__Sutterellaceae|g__Sutterella|s__Sutterella_SGB9281|t__SGB9281	0.0	0.0	0.0	0.0	0.0	0.0	0.0	0.0	0.0	0.0	0.0	0.0	0.0	0.0	0.0	0.0	0.0	0.0	0.0	0.0	0.0	0.0	0.0	0.0	0.0	0.0	0.0	0.0	0.0	0.0	0.0	0.0	0.0	0.0	0.0	0.0	0.0	0.0	0.0	0.000618	0.0	0.0	0.0	0.0
k__Bacteria|p__Firmicutes|c__CFGB3034	0.0	0.0	0.0	0.0	0.0	0.0	0.0	0.0	0.0	0.0	0.0	0.0	0.0	0.0	0.0	0.0	0.0	0.0	0.0	0.0	0.0	0.0	0.0	0.0	0.0	0.0	0.0	0.0	0.0	0.0	0.0	0.0	0.0	0.0	0.0	0.0	0.0	0.0	0.0	0.0	0.0	0.001268	0.000951	0.002299
k__Bacteria|p__Firmicutes|c__CFGB3034|o__OFGB3034	0.0	0.0	0.0	0.0	0.0	0.0	0.0	0.0	0.0	0.0	0.0	0.0	0.0	0.0	0.0	0.0	0.0	0.0	0.0	0.0	0.0	0.0	0.0	0.0	0.0	0.0	0.0	0.0	0.0	0.0	0.0	0.0	0.0	0.0	0.0	0.0	0.0	0.0	0.0	0.0	0.0	0.001268	0.000951	0.002299
k__Bacteria|p__Firmicutes|c__CFGB3034|o__OFGB3034|f__FGB3034	0.0	0.0	0.0	0.0	0.0	0.0	0.0	0.0	0.0	0.0	0.0	0.0	0.0	0.0	0.0	0.0	0.0	0.0	0.0	0.0	0.0	0.0	0.0	0.0	0.0	0.0	0.0	0.0	0.0	0.0	0.0	0.0	0.0	0.0	0.0	0.0	0.0	0.0	0.0	0.0	0.0	0.001268	0.000951	0.002299
k__Bacteria|p__Pseudomonadota|c__CFGB2403|o__OFGB2403|f__FGB2403|g__GGB123576	0.0	0.0	0.0	0.0	0.0	0.0	0.0	0.0	0.0	0.0	0.0	0.0	0.0	0.0	0.0	0.0	0.0	0.0	0.0	0.0	0.0	0.0	0.0	0.0	0.0	0.0	0.0	0.0	0.0	0.0	0.0	0.0	0.0	0.0	0.0	0.0	0.0	0.0	0.0	0.0	0.0	2.799411	2.96712	3.001816
k__Bacteria|p__Pseudomonadota|c__CFGB2404|o__OFGB2404|f__FGB2404|g__GGB6613	0.0	0.0	0.0	0.0	0.0	0.0	0.0	0.0	0.0	0.0	0.0	0.0	0.0	0.0	0.0	0.0	0.0	0.0	0.0	0.0	0.0	0.0	0.0	0.0	0.0	0.0	0.0	0.0	0.0	0.0	0.0	0.0	0.0	0.0	0.0	0.0	0.0	0.0	0.0	0.0	0.0	2.068017	2.068738	2.168507
k__Bacteria|p__Bacteroidota|c__Bacteroidia|o__Bacteroidales|f__Barnesiellaceae|g__GGB1420	0.0	0.0	0.0	0.0	0.0	0.0	0.0	0.0	0.0	0.0	0.0	0.0	0.0	0.0	0.0	0.0	0.0	0.0	0.0	0.0	0.0	0.0	0.0	0.0	0.0	0.0	0.0	0.0	0.0	0.0	0.0	0.0	0.0	0.0	0.0	0.0	0.0	0.0	0.0	0.0	0.0	0.057337	0.047962	0.038156
k__Bacteria|p__Actinomycetota|c__Coriobacteriia|o__Coriobacteriales|f__Coriobacteriaceae|g__Enorma	0.0	0.0	0.0	0.0	0.0	0.0	0.0	0.0	0.0	0.0	0.0	0.0	0.0	0.0	0.0	0.0	0.0	0.0	0.0	0.0	0.0	0.0	0.0	0.0	0.0	0.0	0.0	0.0	0.0	0.0	0.0	0.0	0.0	0.0	0.0	0.0	0.0	0.0	0.0	0.0	0.0	0.023353	0.027192	0.021976
k__Bacteria|p__Bacteroidota|c__Bacteroidia|o__Bacteroidales|f__Odoribacteraceae|g__GGB1331	0.0	0.0	0.0	0.0	0.0	0.0	0.0	0.0	0.0	0.0	0.0	0.0	0.0	0.0	0.0	0.0	0.0	0.0	0.0	0.0	0.0	0.0	0.0	0.0	0.0	0.0	0.0	0.0	0.0	0.0	0.0	0.0	0.0	0.0	0.0	0.0	0.0	0.0	0.0	0.0	0.0	0.013286	0.007595	0.012386
k__Bacteria|p__Firmicutes|c__Clostridia|o__Eubacteriales|f__Oscillospiraceae|g__Ligaoa	0.0	0.0	0.0	0.0	0.0	0.0	0.0	0.0	0.0	0.0	0.0	0.0	0.0	0.0	0.0	0.0	0.0	0.0	0.0	0.0	0.0	0.0	0.0	0.0	0.0	0.0	0.0	0.0	0.0	0.0	0.0	0.0	0.0	0.0	0.0	0.0	0.0	0.0	0.0	0.0	0.0	0.008747	0.007784	0.003776
k__Bacteria|p__Bacteroidota|c__Bacteroidia|o__Bacteroidales|f__Muribaculaceae|g__GGB1575	0.0	0.0	0.0	0.0	0.0	0.0	0.0	0.0	0.0	0.0	0.0	0.0	0.0	0.0	0.0	0.0	0.0	0.0	0.0	0.0	0.0	0.0	0.0	0.0	0.0	0.0	0.0	0.0	0.0	0.0	0.0	0.0	0.0	0.0	0.0	0.0	0.0	0.0	0.0	0.0	0.0	0.008684	0.006265	0.00154
k__Bacteria|p__Firmicutes|c__Clostridia|o__Eubacteriales|f__Acutalibacteraceae|g__GGB9495	0.0	0.0	0.0	0.0	0.0	0.0	0.0	0.0	0.0	0.0	0.0	0.0	0.0	0.0	0.0	0.0	0.0	0.0	0.0	0.0	0.0	0.0	0.0	0.0	0.0	0.0	0.0	0.0	0.0	0.0	0.0	0.0	0.0	0.0	0.0	0.0	0.0	0.0	0.0	0.0	0.0	0.00796	0.0	0.0
k__Bacteria|p__Pseudomonadota|c__Gammaproteobacteria|o__Enterobacterales|f__Enterobacteriaceae|g__Kluyvera	0.0	0.0	0.0	0.0	0.0	0.0	0.0	0.0	0.0	0.0	0.0	0.0	0.0	0.0	0.0	0.0	0.0	0.0	0.0	0.0	0.0	0.0	0.0	0.0	0.0	0.0	0.0	0.0	0.0	0.0	0.0	0.0	0.0	0.0	0.0	0.0	0.0	0.0	0.0	0.0	0.0	0.00726	0.008034	0.0
k__Bacteria|p__Firmicutes|c__Clostridia|o__Eubacteriales|f__Eubacteriales_Family_XIII_Incertae_Sedis|g__GGB32387	0.0	0.0	0.0	0.0	0.0	0.0	0.0	0.0	0.0	0.0	0.0	0.0	0.0	0.0	0.0	0.0	0.0	0.0	0.0	0.0	0.0	0.0	0.0	0.0	0.0	0.0	0.0	0.0	0.0	0.0	0.0	0.0	0.0	0.0	0.0	0.0	0.0	0.0	0.0	0.0	0.0	0.001971	0.009458	0.0
k__Bacteria|p__Firmicutes|c__Clostridia|o__Lachnospirales|f__Lachnospiraceae|g__Lachnotalea	0.0	0.0	0.0	0.0	0.0	0.0	0.0	0.0	0.0	0.0	0.0	0.0	0.0	0.0	0.0	0.0	0.0	0.0	0.0	0.0	0.0	0.0	0.0	0.0	0.0	0.0	0.0	0.0	0.0	0.0	0.0	0.0	0.0	0.0	0.0	0.0	0.0	0.0	0.0	0.0	0.0	0.001428	0.000614	0.001265
k__Bacteria|p__Firmicutes|c__CFGB3034|o__OFGB3034|f__FGB3034|g__GGB45614	0.0	0.0	0.0	0.0	0.0	0.0	0.0	0.0	0.0	0.0	0.0	0.0	0.0	0.0	0.0	0.0	0.0	0.0	0.0	0.0	0.0	0.0	0.0	0.0	0.0	0.0	0.0	0.0	0.0	0.0	0.0	0.0	0.0	0.0	0.0	0.0	0.0	0.0	0.0	0.0	0.0	0.001268	0.000951	0.002299
k__Bacteria|p__Pseudomonadota|c__CFGB2403|o__OFGB2403|f__FGB2403|g__GGB123576|s__GGB123576_SGB163863	0.0	0.0	0.0	0.0	0.0	0.0	0.0	0.0	0.0	0.0	0.0	0.0	0.0	0.0	0.0	0.0	0.0	0.0	0.0	0.0	0.0	0.0	0.0	0.0	0.0	0.0	0.0	0.0	0.0	0.0	0.0	0.0	0.0	0.0	0.0	0.0	0.0	0.0	0.0	0.0	0.0	2.799411	2.96712	3.001816
k__Bacteria|p__Pseudomonadota|c__CFGB2404|o__OFGB2404|f__FGB2404|g__GGB6613|s__GGB6613_SGB9347	0.0	0.0	0.0	0.0	0.0	0.0	0.0	0.0	0.0	0.0	0.0	0.0	0.0	0.0	0.0	0.0	0.0	0.0	0.0	0.0	0.0	0.0	0.0	0.0	0.0	0.0	0.0	0.0	0.0	0.0	0.0	0.0	0.0	0.0	0.0	0.0	0.0	0.0	0.0	0.0	0.0	2.068017	2.068738	2.168507
k__Bacteria|p__Firmicutes|c__Clostridia|o__Eubacteriales|f__Oscillospiraceae|g__GGB9634|s__GGB9634_SGB15103	0.0	0.0	0.0	0.0	0.0	0.0	0.0	0.0	0.0	0.0	0.0	0.0	0.0	0.0	0.0	0.0	0.0	0.0	0.0	0.0	0.0	0.0	0.0	0.0	0.0	0.0	0.0	0.0	0.0	0.0	0.0	0.0	0.0	0.0	0.0	0.0	0.0	0.0	0.0	0.0	0.0	0.418322	0.353958	0.335151
k__Bacteria|p__Bacteroidota|c__Bacteroidia|o__Bacteroidales|f__Barnesiellaceae|g__GGB1420|s__GGB1420_SGB1957	0.0	0.0	0.0	0.0	0.0	0.0	0.0	0.0	0.0	0.0	0.0	0.0	0.0	0.0	0.0	0.0	0.0	0.0	0.0	0.0	0.0	0.0	0.0	0.0	0.0	0.0	0.0	0.0	0.0	0.0	0.0	0.0	0.0	0.0	0.0	0.0	0.0	0.0	0.0	0.0	0.0	0.057337	0.047962	0.038156
k__Bacteria|p__Firmicutes|c__Clostridia|o__Eubacteriales|f__Oscillospiraceae|g__Pseudoflavonifractor|s__Pseudoflavonifractor_phocaeensis	0.0	0.0	0.0	0.0	0.0	0.0	0.0	0.0	0.0	0.0	0.0	0.0	0.0	0.0	0.0	0.0	0.0	0.0	0.0	0.0	0.0	0.0	0.0	0.0	0.0	0.0	0.0	0.0	0.0	0.0	0.0	0.0	0.0	0.0	0.0	0.0	0.0	0.0	0.0	0.0	0.0	0.043274	0.027255	0.0252
k__Bacteria|p__Firmicutes|c__Clostridia|o__Lachnospirales|f__Lachnospiraceae|g__Lachnospiraceae_unclassified|s__Lachnospiraceae_unclassified_SGB4708	0.0	0.0	0.0	0.0	0.0	0.0	0.0	0.0	0.0	0.0	0.0	0.0	0.0	0.0	0.0	0.0	0.0	0.0	0.0	0.0	0.0	0.0	0.0	0.0	0.0	0.0	0.0	0.0	0.0	0.0	0.0	0.0	0.0	0.0	0.0	0.0	0.0	0.0	0.0	0.0	0.0	0.032738	0.03668	0.032064
k__Bacteria|p__Actinomycetota|c__Coriobacteriia|o__Coriobacteriales|f__Coriobacteriaceae|g__Enorma|s__Enorma_massiliensis	0.0	0.0	0.0	0.0	0.0	0.0	0.0	0.0	0.0	0.0	0.0	0.0	0.0	0.0	0.0	0.0	0.0	0.0	0.0	0.0	0.0	0.0	0.0	0.0	0.0	0.0	0.0	0.0	0.0	0.0	0.0	0.0	0.0	0.0	0.0	0.0	0.0	0.0	0.0	0.0	0.0	0.023353	0.027192	0.021976
k__Bacteria|p__Bacteroidota|c__Bacteroidia|o__Bacteroidales|f__Odoribacteraceae|g__GGB1331|s__GGB1331_SGB1787	0.0	0.0	0.0	0.0	0.0	0.0	0.0	0.0	0.0	0.0	0.0	0.0	0.0	0.0	0.0	0.0	0.0	0.0	0.0	0.0	0.0	0.0	0.0	0.0	0.0	0.0	0.0	0.0	0.0	0.0	0.0	0.0	0.0	0.0	0.0	0.0	0.0	0.0	0.0	0.0	0.0	0.013286	0.007595	0.012386
k__Bacteria|p__Firmicutes|c__Clostridia|o__Eubacteriales|f__Oscillospiraceae|g__Ligaoa|s__Ligaoa_zhengdingensis	0.0	0.0	0.0	0.0	0.0	0.0	0.0	0.0	0.0	0.0	0.0	0.0	0.0	0.0	0.0	0.0	0.0	0.0	0.0	0.0	0.0	0.0	0.0	0.0	0.0	0.0	0.0	0.0	0.0	0.0	0.0	0.0	0.0	0.0	0.0	0.0	0.0	0.0	0.0	0.0	0.0	0.008747	0.007784	0.003776
k__Bacteria|p__Bacteroidota|c__Bacteroidia|o__Bacteroidales|f__Muribaculaceae|g__GGB1575|s__GGB1575_SGB2166	0.0	0.0	0.0	0.0	0.0	0.0	0.0	0.0	0.0	0.0	0.0	0.0	0.0	0.0	0.0	0.0	0.0	0.0	0.0	0.0	0.0	0.0	0.0	0.0	0.0	0.0	0.0	0.0	0.0	0.0	0.0	0.0	0.0	0.0	0.0	0.0	0.0	0.0	0.0	0.0	0.0	0.008684	0.006265	0.00154
k__Bacteria|p__Firmicutes|c__Clostridia|o__Eubacteriales|f__Acutalibacteraceae|g__GGB9495|s__GGB9495_SGB14892	0.0	0.0	0.0	0.0	0.0	0.0	0.0	0.0	0.0	0.0	0.0	0.0	0.0	0.0	0.0	0.0	0.0	0.0	0.0	0.0	0.0	0.0	0.0	0.0	0.0	0.0	0.0	0.0	0.0	0.0	0.0	0.0	0.0	0.0	0.0	0.0	0.0	0.0	0.0	0.0	0.0	0.00796	0.0	0.0
k__Bacteria|p__Pseudomonadota|c__Gammaproteobacteria|o__Enterobacterales|f__Enterobacteriaceae|g__Kluyvera|s__Kluyvera_ascorbata	0.0	0.0	0.0	0.0	0.0	0.0	0.0	0.0	0.0	0.0	0.0	0.0	0.0	0.0	0.0	0.0	0.0	0.0	0.0	0.0	0.0	0.0	0.0	0.0	0.0	0.0	0.0	0.0	0.0	0.0	0.0	0.0	0.0	0.0	0.0	0.0	0.0	0.0	0.0	0.0	0.0	0.00726	0.008034	0.0
k__Bacteria|p__Firmicutes|c__Clostridia|o__Eubacteriales|f__Eubacteriales_Family_XIII_Incertae_Sedis|g__GGB32387|s__GGB32387_SGB47381	0.0	0.0	0.0	0.0	0.0	0.0	0.0	0.0	0.0	0.0	0.0	0.0	0.0	0.0	0.0	0.0	0.0	0.0	0.0	0.0	0.0	0.0	0.0	0.0	0.0	0.0	0.0	0.0	0.0	0.0	0.0	0.0	0.0	0.0	0.0	0.0	0.0	0.0	0.0	0.0	0.0	0.001971	0.009458	0.0
k__Bacteria|p__Firmicutes|c__Clostridia|o__Lachnospirales|f__Lachnospiraceae|g__Lachnotalea|s__Lachnotalea_sp_AF33_28	0.0	0.0	0.0	0.0	0.0	0.0	0.0	0.0	0.0	0.0	0.0	0.0	0.0	0.0	0.0	0.0	0.0	0.0	0.0	0.0	0.0	0.0	0.0	0.0	0.0	0.0	0.0	0.0	0.0	0.0	0.0	0.0	0.0	0.0	0.0	0.0	0.0	0.0	0.0	0.0	0.0	0.001428	0.000614	0.001265
k__Bacteria|p__Firmicutes|c__CFGB3034|o__OFGB3034|f__FGB3034|g__GGB45614|s__GGB45614_SGB63327	0.0	0.0	0.0	0.0	0.0	0.0	0.0	0.0	0.0	0.0	0.0	0.0	0.0	0.0	0.0	0.0	0.0	0.0	0.0	0.0	0.0	0.0	0.0	0.0	0.0	0.0	0.0	0.0	0.0	0.0	0.0	0.0	0.0	0.0	0.0	0.0	0.0	0.0	0.0	0.0	0.0	0.001268	0.000951	0.002299
k__Bacteria|p__Firmicutes|c__Clostridia|o__Lachnospirales|f__Lachnospiraceae|g__Enterocloster|s__Enterocloster_hominis_ex_Hitch_et_al_2024	0.0	0.0	0.0	0.0	0.0	0.0	0.0	0.0	0.0	0.0	0.0	0.0	0.0	0.0	0.0	0.0	0.0	0.0	0.0	0.0	0.0	0.0	0.0	0.0	0.0	0.0	0.0	0.0	0.0	0.0	0.0	0.0	0.0	0.0	0.0	0.0	0.0	0.0	0.0	0.0	0.0	0.000762	0.0	0.0
k__Bacteria|p__Pseudomonadota|c__CFGB2403|o__OFGB2403|f__FGB2403|g__GGB123576|s__GGB123576_SGB163863|t__SGB163863	0.0	0.0	0.0	0.0	0.0	0.0	0.0	0.0	0.0	0.0	0.0	0.0	0.0	0.0	0.0	0.0	0.0	0.0	0.0	0.0	0.0	0.0	0.0	0.0	0.0	0.0	0.0	0.0	0.0	0.0	0.0	0.0	0.0	0.0	0.0	0.0	0.0	0.0	0.0	0.0	0.0	2.799411	2.96712	3.001816
k__Bacteria|p__Pseudomonadota|c__CFGB2404|o__OFGB2404|f__FGB2404|g__GGB6613|s__GGB6613_SGB9347|t__SGB9347	0.0	0.0	0.0	0.0	0.0	0.0	0.0	0.0	0.0	0.0	0.0	0.0	0.0	0.0	0.0	0.0	0.0	0.0	0.0	0.0	0.0	0.0	0.0	0.0	0.0	0.0	0.0	0.0	0.0	0.0	0.0	0.0	0.0	0.0	0.0	0.0	0.0	0.0	0.0	0.0	0.0	2.068017	2.068738	2.168507
k__Bacteria|p__Firmicutes|c__Clostridia|o__Eubacteriales|f__Oscillospiraceae|g__GGB9634|s__GGB9634_SGB15103|t__SGB15103	0.0	0.0	0.0	0.0	0.0	0.0	0.0	0.0	0.0	0.0	0.0	0.0	0.0	0.0	0.0	0.0	0.0	0.0	0.0	0.0	0.0	0.0	0.0	0.0	0.0	0.0	0.0	0.0	0.0	0.0	0.0	0.0	0.0	0.0	0.0	0.0	0.0	0.0	0.0	0.0	0.0	0.418322	0.353958	0.335151
k__Bacteria|p__Bacteroidota|c__Bacteroidia|o__Bacteroidales|f__Barnesiellaceae|g__GGB1420|s__GGB1420_SGB1957|t__SGB1957	0.0	0.0	0.0	0.0	0.0	0.0	0.0	0.0	0.0	0.0	0.0	0.0	0.0	0.0	0.0	0.0	0.0	0.0	0.0	0.0	0.0	0.0	0.0	0.0	0.0	0.0	0.0	0.0	0.0	0.0	0.0	0.0	0.0	0.0	0.0	0.0	0.0	0.0	0.0	0.0	0.0	0.057337	0.047962	0.038156
k__Bacteria|p__Firmicutes|c__Clostridia|o__Eubacteriales|f__Oscillospiraceae|g__Pseudoflavonifractor|s__Pseudoflavonifractor_phocaeensis|t__SGB15149	0.0	0.0	0.0	0.0	0.0	0.0	0.0	0.0	0.0	0.0	0.0	0.0	0.0	0.0	0.0	0.0	0.0	0.0	0.0	0.0	0.0	0.0	0.0	0.0	0.0	0.0	0.0	0.0	0.0	0.0	0.0	0.0	0.0	0.0	0.0	0.0	0.0	0.0	0.0	0.0	0.0	0.043274	0.027255	0.0252
k__Bacteria|p__Firmicutes|c__Clostridia|o__Lachnospirales|f__Lachnospiraceae|g__Lachnospiraceae_unclassified|s__Lachnospiraceae_unclassified_SGB4708|t__SGB4708	0.0	0.0	0.0	0.0	0.0	0.0	0.0	0.0	0.0	0.0	0.0	0.0	0.0	0.0	0.0	0.0	0.0	0.0	0.0	0.0	0.0	0.0	0.0	0.0	0.0	0.0	0.0	0.0	0.0	0.0	0.0	0.0	0.0	0.0	0.0	0.0	0.0	0.0	0.0	0.0	0.0	0.032738	0.03668	0.032064
k__Bacteria|p__Actinomycetota|c__Coriobacteriia|o__Coriobacteriales|f__Coriobacteriaceae|g__Enorma|s__Enorma_massiliensis|t__SGB14749	0.0	0.0	0.0	0.0	0.0	0.0	0.0	0.0	0.0	0.0	0.0	0.0	0.0	0.0	0.0	0.0	0.0	0.0	0.0	0.0	0.0	0.0	0.0	0.0	0.0	0.0	0.0	0.0	0.0	0.0	0.0	0.0	0.0	0.0	0.0	0.0	0.0	0.0	0.0	0.0	0.0	0.023353	0.027192	0.021976
k__Bacteria|p__Firmicutes|c__Clostridia|o__Lachnospirales|f__Lachnospiraceae|g__Blautia|s__Blautia_obeum|t__SGB4810	0.0	0.0	0.0	0.0	0.0	0.0	0.0	0.0	0.0	0.0	0.0	0.0	0.0	0.0	0.0	0.0	0.0	0.0	0.0	0.0	0.0	0.0	0.0	0.0	0.0	0.0	0.0	0.0	0.0	0.0	0.0	0.0	0.0	0.0	0.0	0.0	0.0	0.0	0.0	0.0	0.0	0.021757	0.032546	0.03407
k__Bacteria|p__Firmicutes|c__Clostridia|o__Lachnospirales|f__Lachnospiraceae|g__Blautia|s__Blautia_luti|t__SGB4832	0.0	0.0	0.0	0.0	0.0	0.0	0.0	0.0	0.0	0.0	0.0	0.0	0.0	0.0	0.0	0.0	0.0	0.0	0.0	0.0	0.0	0.0	0.0	0.0	0.0	0.0	0.0	0.0	0.0	0.0	0.0	0.0	0.0	0.0	0.0	0.0	0.0	0.0	0.0	0.0	0.0	0.021651	0.017053	0.016083
k__Bacteria|p__Bacteroidota|c__Bacteroidia|o__Bacteroidales|f__Odoribacteraceae|g__GGB1331|s__GGB1331_SGB1787|t__SGB1787	0.0	0.0	0.0	0.0	0.0	0.0	0.0	0.0	0.0	0.0	0.0	0.0	0.0	0.0	0.0	0.0	0.0	0.0	0.0	0.0	0.0	0.0	0.0	0.0	0.0	0.0	0.0	0.0	0.0	0.0	0.0	0.0	0.0	0.0	0.0	0.0	0.0	0.0	0.0	0.0	0.0	0.013286	0.007595	0.012386
k__Bacteria|p__Firmicutes|c__Clostridia|o__Eubacteriales|f__Oscillospiraceae|g__Ligaoa|s__Ligaoa_zhengdingensis|t__SGB14839	0.0	0.0	0.0	0.0	0.0	0.0	0.0	0.0	0.0	0.0	0.0	0.0	0.0	0.0	0.0	0.0	0.0	0.0	0.0	0.0	0.0	0.0	0.0	0.0	0.0	0.0	0.0	0.0	0.0	0.0	0.0	0.0	0.0	0.0	0.0	0.0	0.0	0.0	0.0	0.0	0.0	0.008747	0.007784	0.003776
k__Bacteria|p__Bacteroidota|c__Bacteroidia|o__Bacteroidales|f__Muribaculaceae|g__GGB1575|s__GGB1575_SGB2166|t__SGB2166	0.0	0.0	0.0	0.0	0.0	0.0	0.0	0.0	0.0	0.0	0.0	0.0	0.0	0.0	0.0	0.0	0.0	0.0	0.0	0.0	0.0	0.0	0.0	0.0	0.0	0.0	0.0	0.0	0.0	0.0	0.0	0.0	0.0	0.0	0.0	0.0	0.0	0.0	0.0	0.0	0.0	0.008684	0.006265	0.00154
k__Bacteria|p__Firmicutes|c__Clostridia|o__Eubacteriales|f__Acutalibacteraceae|g__GGB9495|s__GGB9495_SGB14892|t__SGB14892	0.0	0.0	0.0	0.0	0.0	0.0	0.0	0.0	0.0	0.0	0.0	0.0	0.0	0.0	0.0	0.0	0.0	0.0	0.0	0.0	0.0	0.0	0.0	0.0	0.0	0.0	0.0	0.0	0.0	0.0	0.0	0.0	0.0	0.0	0.0	0.0	0.0	0.0	0.0	0.0	0.0	0.00796	0.0	0.0
k__Bacteria|p__Pseudomonadota|c__Gammaproteobacteria|o__Enterobacterales|f__Enterobacteriaceae|g__Kluyvera|s__Kluyvera_ascorbata|t__SGB10107	0.0	0.0	0.0	0.0	0.0	0.0	0.0	0.0	0.0	0.0	0.0	0.0	0.0	0.0	0.0	0.0	0.0	0.0	0.0	0.0	0.0	0.0	0.0	0.0	0.0	0.0	0.0	0.0	0.0	0.0	0.0	0.0	0.0	0.0	0.0	0.0	0.0	0.0	0.0	0.0	0.0	0.00726	0.008034	0.0
k__Bacteria|p__Firmicutes|c__Clostridia|o__Eubacteriales|f__Eubacteriales_Family_XIII_Incertae_Sedis|g__GGB32387|s__GGB32387_SGB47381|t__SGB47381	0.0	0.0	0.0	0.0	0.0	0.0	0.0	0.0	0.0	0.0	0.0	0.0	0.0	0.0	0.0	0.0	0.0	0.0	0.0	0.0	0.0	0.0	0.0	0.0	0.0	0.0	0.0	0.0	0.0	0.0	0.0	0.0	0.0	0.0	0.0	0.0	0.0	0.0	0.0	0.0	0.0	0.001971	0.009458	0.0
k__Bacteria|p__Firmicutes|c__Clostridia|o__Lachnospirales|f__Lachnospiraceae|g__Lachnotalea|s__Lachnotalea_sp_AF33_28|t__SGB5200	0.0	0.0	0.0	0.0	0.0	0.0	0.0	0.0	0.0	0.0	0.0	0.0	0.0	0.0	0.0	0.0	0.0	0.0	0.0	0.0	0.0	0.0	0.0	0.0	0.0	0.0	0.0	0.0	0.0	0.0	0.0	0.0	0.0	0.0	0.0	0.0	0.0	0.0	0.0	0.0	0.0	0.001428	0.000614	0.001265
k__Bacteria|p__Firmicutes|c__CFGB3034|o__OFGB3034|f__FGB3034|g__GGB45614|s__GGB45614_SGB63327|t__SGB63327	0.0	0.0	0.0	0.0	0.0	0.0	0.0	0.0	0.0	0.0	0.0	0.0	0.0	0.0	0.0	0.0	0.0	0.0	0.0	0.0	0.0	0.0	0.0	0.0	0.0	0.0	0.0	0.0	0.0	0.0	0.0	0.0	0.0	0.0	0.0	0.0	0.0	0.0	0.0	0.0	0.0	0.001268	0.000951	0.002299
k__Bacteria|p__Firmicutes|c__Clostridia|o__Lachnospirales|f__Lachnospiraceae|g__Enterocloster|s__Enterocloster_hominis_ex_Hitch_et_al_2024|t__SGB4763	0.0	0.0	0.0	0.0	0.0	0.0	0.0	0.0	0.0	0.0	0.0	0.0	0.0	0.0	0.0	0.0	0.0	0.0	0.0	0.0	0.0	0.0	0.0	0.0	0.0	0.0	0.0	0.0	0.0	0.0	0.0	0.0	0.0	0.0	0.0	0.0	0.0	0.0	0.0	0.0	0.0	0.000762	0.0	0.0
k__Bacteria|p__Pseudomonadota|c__Gammaproteobacteria|o__Enterobacterales|f__Enterobacteriaceae|g__Citrobacter	0.0	0.0	0.0	0.0	0.0	0.0	0.0	0.0	0.0	0.0	0.0	0.0	0.0	0.0	0.0	0.0	0.0	0.0	0.0	0.0	0.0	0.0	0.0	0.0	0.0	0.0	0.0	0.0	0.0	0.0	0.0	0.0	0.0	0.0	0.0	0.0	0.0	0.0	0.0	0.0	0.0	0.0	0.025762	0.025689
k__Bacteria|p__Pseudomonadota|c__Gammaproteobacteria|o__Enterobacterales|f__Enterobacteriaceae|g__Citrobacter|s__Citrobacter_freundii	0.0	0.0	0.0	0.0	0.0	0.0	0.0	0.0	0.0	0.0	0.0	0.0	0.0	0.0	0.0	0.0	0.0	0.0	0.0	0.0	0.0	0.0	0.0	0.0	0.0	0.0	0.0	0.0	0.0	0.0	0.0	0.0	0.0	0.0	0.0	0.0	0.0	0.0	0.0	0.0	0.0	0.0	0.025762	0.025689
k__Bacteria|p__Pseudomonadota|c__Gammaproteobacteria|o__Enterobacterales|f__Enterobacteriaceae|g__Citrobacter|s__Citrobacter_freundii|t__SGB10083	0.0	0.0	0.0	0.0	0.0	0.0	0.0	0.0	0.0	0.0	0.0	0.0	0.0	0.0	0.0	0.0	0.0	0.0	0.0	0.0	0.0	0.0	0.0	0.0	0.0	0.0	0.0	0.0	0.0	0.0	0.0	0.0	0.0	0.0	0.0	0.0	0.0	0.0	0.0	0.0	0.0	0.0	0.025762	0.025689
